time,ur20-shoulder_pan_joint,ur20-shoulder_lift_joint,ur20-elbow_joint,ur20-wrist_1_joint,ur20-wrist_2_joint,ur20-wrist_3_joint,target-POS_X,target-POS_Y,target-POS_Z,target-ROT_X,target-ROT_Y,target-ROT_Z,target-ROT_W
0.0,0.2892645041095179,-1.6156747976886194,-2.8541228771209717,-1.7679284811019897,-1.5748112201690674,-4.725488726292745,-0.5515122413635254,0.0443391427397728,0.24435321986675262,0.5573663711547852,-0.40819254517555237,-0.43489301204681396,0.5775721669197083
0.16257748007774353,0.3085394115878548,-1.6460602054287066,-2.863537296466288,-1.727321421891184,-1.5469461723365054,-4.7269386142920045,-0.5527581572532654,0.04217945411801338,0.23661616444587708,0.5554044842720032,-0.4103749096393585,-0.43759122490882874,0.5758751630783081
0.3252003341913223,0.3288326020230212,-1.6780508578566253,-2.873449074503393,-1.684569113663344,-1.5176090290694504,-4.728465099091564,-0.5536662936210632,0.040044307708740234,0.22882309556007385,0.5533308386802673,-0.41268494725227356,-0.4404033422470093,0.5740740299224854
0.4877639003098011,0.35029450125183864,-1.7118838897234296,-2.883931683538694,-1.6393546495347657,-1.4865823250886008,-4.730079495952775,-0.5542101860046387,0.037953075021505356,0.22098739445209503,0.5511296987533569,-0.4151419401168823,-0.4433452785015106,0.5721522569656372
0.7961365373500249,0.3731039206134241,-1.7478411833392542,-2.8950724601745605,-1.5913013219833374,-1.4536075592041016,-4.73179525533785,-0.5543600916862488,0.03593025729060173,0.21313054859638214,0.5487819910049438,-0.4177688658237457,-0.44643548130989075,0.5700902342796326
0.9613995087694795,0.37130983634151876,-1.7451689983044982,-2.879425106128643,-1.5846641840651519,-1.4040286677782652,-4.735739931143271,-0.5711944103240967,0.04589615762233734,0.22197815775871277,0.5303560495376587,-0.42697182297706604,-0.4655701816082001,0.5653864741325378
1.126667645924814,0.3695161115907341,-1.7424972125690241,-2.8637805865794204,-1.5780283522608642,-1.3544482266316649,-4.739682802142082,-0.587095320224762,0.05614200234413147,0.23097346723079681,0.5113417506217957,-0.43625813722610474,-0.4839315712451935,0.5603737235069275
1.291935783080149,0.36772263174038083,-1.739826010696624,-2.84813892410183,-1.5713936949930398,-1.3048677854850643,-4.74362536873771,-0.6020583510398865,0.06662575900554657,0.24005895853042603,0.49176836013793945,-0.44562241435050964,-0.5014954209327698,0.5550557374954224
1.4572039202354834,0.36592935006677035,-1.7371550309904262,-2.8324988143631353,-1.5647599361108557,-1.255287344338464,-4.747567241178405,-0.6160843372344971,0.07730433344841003,0.24917927384376526,0.47166478633880615,-0.455059289932251,-0.5182392001152039,0.5494374632835388
1.6224720573908185,0.3641362384236256,-1.7344843561168064,-2.8168592166167925,-1.5581263953321263,-1.2057069031918635,-4.751509356115881,-0.6291788220405579,0.08813335746526718,0.25828102231025696,0.4510606527328491,-0.46456292271614075,-0.5341415405273438,0.5435240268707275
1.7877401945461535,0.3623431386358803,-1.7318137123257762,-2.8012207386136425,-1.551493054954197,-1.156126462045263,-4.755450431846034,-0.6413501501083374,0.09906846284866333,0.26731133460998535,0.4299865663051605,-0.47412818670272827,-0.5491815209388733,0.5373207330703735
1.953008331701488,0.3605501069714382,-1.7291432886807827,-2.7855823553473704,-1.5448599252268889,-1.1065460208986626,-4.759391977238984,-0.6526118516921997,0.11006385833024979,0.2762203514575958,0.40847423672676086,-0.4837489128112793,-0.5633402466773987,0.5308329463005066
2.1182764688568225,0.3587571234232907,-1.7264728602454162,-2.769944038525403,-1.5382269602817495,-1.0569655797520623,-4.763333547485723,-0.6629810929298401,0.121073417365551,0.2849601209163666,0.3865552842617035,-0.49341902136802673,-0.5765992403030396,0.5240667462348938
2.283544606012158,0.35696415083750177,-1.723802475582324,-2.7543061441291874,-1.5315940578764233,-1.0073851386054617,-4.767275083717518,-0.6724788546562195,0.13205084204673767,0.2934858500957489,0.36426249146461487,-0.5031323432922363,-0.5889414548873901,0.5170286893844604
2.4488127431674926,0.3551711718799208,-1.7211320724088484,-2.7386686303404395,-1.524961183167868,-0.9578046974588613,-4.771216272766865,-0.6811298131942749,0.14294953644275665,0.30175530910491943,0.3416289687156677,-0.51288241147995,-0.6003511548042297,0.5097252130508423
2.6140808803228275,0.3533781948412595,-1.7184617221474991,-2.723030758008841,-1.5183283703310024,-0.9082242563122609,-4.775157513848086,-0.6889632344245911,0.15372255444526672,0.3097299039363861,0.3186875879764557,-0.5226622819900513,-0.6108138561248779,0.5021640658378601
2.7793490174781628,0.35158520683638644,-1.7157914253977338,-2.707392981270546,-1.5116955628909663,-0.8586438151656604,-4.779098742356221,-0.696010410785675,0.16432353854179382,0.31737422943115234,0.2954726219177246,-0.5324651002883911,-0.6203164458274841,0.4943523108959198
2.9446171546334976,0.3497922173709848,-1.7131211136656765,-2.6917550308279186,-1.5050626983989628,-0.8090633740190599,-4.78304031698109,-0.7023063898086548,0.17470642924308777,0.32465651631355286,0.2720186412334442,-0.5422835946083069,-0.6288473010063171,0.4862975478172302
3.1098852917888324,0.3479992269072563,-1.710450797242926,-2.676117039411825,-1.4984298315772262,-0.7594829328724595,-4.786981830715104,-0.7078892588615417,0.1848255842924118,0.33154892921447754,0.24835969507694244,-0.5521104335784912,-0.6363956332206726,0.47800835967063904
3.2751534289441673,0.34620623295959296,-1.707780440023071,-2.6604791212868157,-1.4917969442963546,-0.7099024917258591,-4.79092298910229,-0.7127990126609802,0.19463622570037842,0.3380269408226013,0.2245309054851532,-0.5619382262229919,-0.6429522633552551,0.46949291229248047
3.440421566099502,0.34441323291671205,-1.705110090848694,-2.6448410957290136,-1.4851640364714627,-0.6603220505792586,-4.79486417843528,-0.7170788049697876,0.20409446954727173,0.34407123923301697,0.20056717097759247,-0.5717589855194092,-0.6485095024108887,0.4607599973678589
3.605689703254837,0.3426202196534995,-1.702439888398032,-2.6292029441706846,-1.4785311690238743,-0.6107416094326582,-4.798805733415969,-0.7207736968994141,0.21315738558769226,0.3496659994125366,0.17650386691093445,-0.5815647840499878,-0.6530612707138062,0.4518183171749115
3.770957840410172,0.34082719534812983,-1.699769623743511,-2.6135650207761474,-1.4718981255322208,-0.5611611682860578,-4.802746848873161,-0.723929762840271,0.22178377211093903,0.3547995686531067,0.15237614512443542,-0.5913476347923279,-0.6566022038459778,0.4426771402359009
3.9362259775655066,0.3390341307267662,-1.6970991692397943,-2.5979266452336227,-1.4652651363807336,-0.5115807271394573,-4.806688624424296,-0.7265956997871399,0.22993335127830505,0.35946545004844666,0.1282195895910263,-0.6010990142822266,-0.6591290235519409,0.4333457350730896
4.101493987415218,0.33724107157236477,-1.694428776258035,-2.582288291027117,-1.458632015729168,-0.4620003241845442,-4.810629995758033,-0.7288206219673157,0.23756778240203857,0.36366066336631775,0.10406909883022308,-0.6108107566833496,-0.6606393456459045,0.42383426427841187
4.266761961770165,0.33544798754781163,-1.6917583990596239,-2.566649894763766,-1.451998837905958,-0.41241993187806,-4.814571568974821,-0.7306544780731201,0.2446504533290863,0.36738690733909607,0.07996048778295517,-0.6204742193222046,-0.6611325144767761,0.4141519069671631
4.432029964595213,0.3336548658024281,-1.6890880045039331,-2.5510112853324984,-1.4453655754228418,-0.36283953103054567,-4.818513356733878,-0.7321480512619019,0.25114673376083374,0.3706503212451935,0.055928900837898254,-0.6300806999206543,-0.6606093645095825,0.40430864691734314
4.597298029481474,0.33186170984468555,-1.6864175765061404,-2.5353723210387957,-1.4387321654350107,-0.31325911156466746,-4.822455071417281,-0.7333524823188782,0.2570239305496216,0.37346163392066956,0.0320090614259243,-0.6396214365959167,-0.6590715646743774,0.39431509375572205
4.762566166636809,0.33006854709191596,-1.683747106391339,-2.51973321653431,-1.4320986623628391,-0.2636786704180669,-4.826396744428009,-0.7343178987503052,0.2622518837451935,0.3758354187011719,0.00823631975799799,-0.6490875482559204,-0.6565229892730713,0.3841809630393982
4.927834337255279,0.32827537330381457,-1.681076593871355,-2.5040939535272173,-1.4254651574096382,-0.21409821923252587,-4.83033810413565,-0.7350948452949524,0.26680248975753784,0.3777904510498047,-0.015355047769844532,-0.658470094203949,-0.652968168258667,0.37391695380210876
5.093102444395152,0.3264821808449685,-1.6784060542443247,-2.4884547144400453,-1.4188315723474314,-0.164517787090564,-4.834279650874851,-0.7357324361801147,0.2706504464149475,0.37934964895248413,-0.0387301929295063,-0.6677598357200623,-0.6484137773513794,0.36353299021720886
5.258370528432275,0.32468896287663446,-1.6757355184427587,-2.4728153379136066,-1.4121979324464111,-0.11493736187942694,-4.838221473295638,-0.7362797260284424,0.273772656917572,0.38054004311561584,-0.06185513734817505,-0.676947832107544,-0.642867386341095,0.3530397117137909
5.423638657266235,0.3228957159782203,-1.6730650082225846,-2.4571756009298955,-1.4055642894765197,-0.06535692322923901,-4.842163510274987,-0.7367835640907288,0.27614912390708923,0.3813922703266144,-0.08469624072313309,-0.6860249042510986,-0.6363379955291748,0.34244757890701294
5.5889066325192855,0.3211024716770218,-1.6703942954195952,-2.4415359396638725,-1.3989305593556909,-0.015776530653323795,-4.846105398979619,-0.7372888922691345,0.27776235342025757,0.3819405734539032,-0.1072203516960144,-0.6949816942214966,-0.6288360357284546,0.33176711201667786
5.754174745722796,0.319309189575978,-1.6677236411148004,-2.425895924020401,-1.3922966753165482,0.03380390330772953,-4.85004737797699,-0.737839937210083,0.2785978615283966,0.38222259283065796,-0.1293947845697403,-0.7038090825080872,-0.6203733086585999,0.32100895047187805
5.919442915072364,0.3175158832393769,-1.6650530011567497,-2.410255698296527,-1.385662740682584,0.08338435411259965,-4.853989386702039,-0.738477885723114,0.27864396572113037,0.3822792172431946,-0.15118719637393951,-0.7124977111816406,-0.6109628677368164,0.3101835250854492
6.08471110303456,0.31572255724805,-1.662382339670449,-2.394615327928249,-1.3790287759348976,0.13296481050125852,-4.8579313765713215,-0.7392414212226868,0.2778920531272888,0.38215383887290955,-0.17256586253643036,-0.7210384011268616,-0.6006191968917847,0.2993011772632599
6.249979298621125,0.31392920931274115,-1.6597116117595956,-2.3789748302710176,-1.3723947278180442,0.18254526917722802,-4.8618732875746895,-0.7401667833328247,0.2763366103172302,0.38189300894737244,-0.19350004196166992,-0.7294217944145203,-0.5893579721450806,0.2883725166320801
6.4152473278218105,0.3121358330904952,-1.657040903711216,-2.3633340491096493,-1.3657604875503964,0.23212567793743366,-4.865815709076437,-0.7412877678871155,0.2739748954772949,0.3815456032752991,-0.2139587700366974,-0.7376388907432556,-0.5771962404251099,0.2774074971675873
6.580515506532381,0.3103424157113125,-1.6543700255603937,-2.347693063933961,-1.3591261525611815,0.2817061315506047,-4.8697579479781385,-0.742634117603302,0.270807683467865,0.3811623156070709,-0.2339126467704773,-0.7456804513931274,-0.5641523599624634,0.26641643047332764
6.745783680836332,0.30854896962194767,-1.6516991534220704,-2.3320519355362204,-1.3524917482618768,0.3312865838417901,-4.873700231059941,-0.7442330121994019,0.26683831214904785,0.3807958662509918,-0.25333282351493835,-0.7535371780395508,-0.550245463848114,0.25540950894355774
6.9110517509740115,0.306755506541802,-1.6490283852735093,-2.316410661718653,-1.3458572689290669,0.380867004883094,-4.877642667869795,-0.7461079955101013,0.26207348704338074,0.3805001974105835,-0.27219074964523315,-0.7612001895904541,-0.5354965925216675,0.24439643323421478
7.076319888129346,0.3049620266740969,-1.6463574874992113,-2.300768997899235,-1.339222602088246,0.4304474460296943,-4.881584790544274,-0.7482793927192688,0.2565227746963501,0.38033097982406616,-0.29045969247817993,-0.7686604857444763,-0.5199272036552429,0.23338744044303894
7.241588025284681,0.3031685231884565,-1.6436866191081254,-2.2851270529525447,-1.332587909303305,0.48002788717629485,-4.885527318602461,-0.7507634162902832,0.2501988708972931,0.38034430146217346,-0.30811259150505066,-0.7759093046188354,-0.5035606622695923,0.22239163517951965
7.406856108898488,0.3013749792255208,-1.6410156443382982,-2.2694848408292136,-1.3259531320198172,0.5296083122604368,-4.889469975896884,-0.7535724639892578,0.2431173324584961,0.38059693574905396,-0.3251238465309143,-0.7829377055168152,-0.48642057180404663,0.21141858398914337
7.572124271458032,0.2995814088546207,-1.6383445641742764,-2.253842408260743,-1.319318262033808,0.5791887610282999,-4.8934126115102865,-0.7567152976989746,0.23529672622680664,0.3811453878879547,-0.3414691984653473,-0.7897372841835022,-0.4685323238372803,0.20047757029533386
7.737392499175383,0.297787819954797,-1.6356734200317427,-2.238199820178274,-1.3126832683949552,0.6287692293435052,-4.897355111144391,-0.7601965665817261,0.22675825655460358,0.38204658031463623,-0.3571246862411499,-0.796299159526825,-0.44992193579673767,0.18957741558551788
7.902660479007915,0.29599419672112404,-1.633002275351583,-2.2225571279110135,-1.306048070438714,0.6783496232932651,-4.901297456306559,-0.7640173435211182,0.21752606332302094,0.3833564221858978,-0.37206757068634033,-0.8026154637336731,-0.4306168258190155,0.17872686684131622
8.067928784887535,0.2942005225877041,-1.630331099954562,-2.2069139570230702,-1.2994127517006582,0.727930115057151,-4.905240745325917,-0.7681748867034912,0.20762662589550018,0.3851306736469269,-0.38627612590789795,-0.8086777925491333,-0.4106447398662567,0.16793422400951385
8.233196656131108,0.2924068077077014,-1.627659800676904,-2.1912704941298506,-1.292777231187615,0.7775104764302229,-4.909183453040973,-0.7726619839668274,0.19708923995494843,0.3874236047267914,-0.39972984790802,-0.8144780397415161,-0.3900347352027893,0.15720796585083008
8.398464808376088,0.2906130443345464,-1.6249884419772629,-2.1756267256379087,-1.2861416874629483,0.8270909221037169,-4.913126513336504,-0.7774680852890015,0.18594548106193542,0.3902878761291504,-0.412409245967865,-0.8200086355209351,-0.36881667375564575,0.14655578136444092
8.563732923680675,0.2888192423954973,-1.6223170620489726,-2.1599825947891893,-1.2795059432335756,0.8766713566950929,-4.9170697246772015,-0.7825785279273987,0.17422924935817719,0.39377400279045105,-0.4242956042289734,-0.8252619504928589,-0.34702134132385254,0.1359851360321045
8.729001043280464,0.2870253873567742,-1.6196456490965803,-2.1443381395153316,-1.2728699573454478,0.9262517925750293,-4.921012955250769,-0.7879753708839417,0.16197657585144043,0.3979315161705017,-0.43537232279777527,-0.8302304744720459,-0.32468003034591675,0.12550370395183563
8.894269433370711,0.2852314845416538,-1.6169741212120643,-2.1286933780717905,-1.2662338292242417,0.9758323096021038,-4.92495622552673,-0.7936363816261292,0.1492256224155426,0.4028061628341675,-0.44562259316444397,-0.834907054901123,-0.30182501673698425,0.11511793732643127
9.059537950275269,0.28343757517094936,-1.6143025001947682,-2.113048232886723,-1.2595975928907484,1.025412864673471,-4.928899486450001,-0.7995365262031555,0.13601619005203247,0.4084418714046478,-0.4550320506095886,-0.8392848968505859,-0.27848920226097107,0.10483460873365402
9.224806366536221,0.28164363023651234,-1.6116309444503318,-2.097402644794603,-1.2529612069793472,1.0749933895517567,-4.932842825769676,-0.8056475520133972,0.12239007651805878,0.414879709482193,-0.46358659863471985,-0.8433573246002197,-0.25470614433288574,0.09466001391410828
9.39007462298331,0.27984961987150786,-1.6089592512950557,-2.081756558820062,-1.2463245318886482,1.1245738664858835,-4.936786195373915,-0.8119375705718994,0.10839050263166428,0.4221567213535309,-0.47127392888069153,-0.8471180200576782,-0.2305099219083786,0.08459995687007904
9.555343180751896,0.2780555817716629,-1.6062874709388542,-2.066110144760936,-1.2396876575766234,1.1741544338164596,-4.940730011205387,-0.8183723092079163,0.0940619707107544,0.43030744791030884,-0.47808265686035156,-0.8505607843399048,-0.20593516528606415,0.07465984672307968
9.72061157273082,0.2762614293118475,-1.6036156861885706,-2.050463297531259,-1.2330505788470736,1.2237349514101372,-4.9446741638867175,-0.824914276599884,0.07945049554109573,0.43936190009117126,-0.484002947807312,-0.8536797761917114,-0.18101699650287628,0.06484490633010864
9.885879709886154,0.2744671747778898,-1.6009436958135457,-2.0348158622511825,-1.226413222357571,1.2733153925567375,-4.948618431736784,-0.831524133682251,0.06460294127464294,0.44934695959091187,-0.48902595043182373,-0.8564695715904236,-0.15579107403755188,0.05515984445810318
10.05114784704149,0.27267287434169235,-1.5982715563770076,-2.0191674506721187,-1.2197755433079058,1.3228958337033383,-4.952562141181332,-0.8381600379943848,0.04956682026386261,0.4602854251861572,-0.4931447207927704,-0.8589248061180115,-0.13029316067695618,0.045609232038259506
10.216416292651262,0.2708784497045274,-1.595599327466969,-2.0035185816105154,-1.2131374384711606,1.3724763673862699,-4.956506611328901,-0.8447780013084412,0.03439079970121384,0.47219520807266235,-0.4963526129722595,-0.8610406517982483,-0.10455965995788574,0.03619682416319847
10.381684121352158,0.2690839817277776,-1.5929270151343529,-1.9878685427324625,-1.206499060992142,1.422056715996539,-4.960451590028884,-0.8513326048851013,0.019123736768960953,0.4850907325744629,-0.49864494800567627,-0.8628127574920654,-0.07862719148397446,0.02692623995244503
10.546951861143196,0.26728933579910774,-1.5902542915294904,-1.972216780063236,-1.1998599460078994,1.4716370379338501,-4.964396316136619,-0.8577773571014404,0.003814809024333954,0.49898195266723633,-0.500018298625946,-0.8642366528511047,-0.05253196135163307,0.01780110038816929
10.712219372070066,0.2654943236497243,-1.5875812611625173,-1.9565620038850116,-1.1932194866819386,1.521217291211911,-4.968342187334866,-0.8640648126602173,-0.011486575938761234,0.513875424861908,-0.5004703402519226,-0.8653087615966797,-0.026310503482818604,0.00882461853325367
10.877483367082284,0.26369887590408325,-1.5849074125289917,-1.9409037828445435,-1.1865776777267456,1.5707964897155762,-4.972289085388184,-0.8701464533805847,-0.02673063799738884,0.5297720432281494,0.49999991059303284,0.866025447845459,-9.884444551744309e-08,2.0976033354713763e-08
10.927483367082285,0.2723103991441576,-1.57919112744515,-1.9534906538161396,-1.1797070910923189,1.5707963705062866,-4.963677455590615,-0.8633157014846802,-0.03238862380385399,0.5251926779747009,-0.5,-0.8660253882408142,1.0296480468241498e-07,6.93962434183959e-08
11.12705327784698,0.2809352168467747,-1.5734660149268114,-1.966096962198115,-1.1728259502030438,1.5707963705062866,-4.955052582913636,-0.8564108610153198,-0.03793063759803772,0.5205905437469482,0.5000000596046448,0.8660253286361694,-5.667317726221199e-09,1.520228032347859e-08
11.326541437116074,0.2895734760081841,-1.56773198003276,-1.9787229170445706,-1.165934085310677,1.5707963705062866,-4.946414268692188,-0.8494336605072021,-0.043355315923690796,0.5159666538238525,0.49999985098838806,0.866025447845459,-2.3285714689791348e-08,1.2212789002319369e-08
11.599221748294049,0.2982335889856315,-1.5619834386807074,-1.9913808141249139,-1.1590247847817194,1.5707963705062866,-4.9377541005154075,-0.842379093170166,-0.048666391521692276,0.5113164186477661,0.5,0.8660253882408142,3.3989127956601806e-08,5.2667328276356784e-08
11.796252963853117,0.30534512600157715,-1.5656948928682604,-1.989989719772041,-1.1567043919304398,1.5707963705062866,-4.930642596516062,-0.8444157838821411,-0.05541347712278366,0.5097898244857788,0.5,0.8660253882408142,2.587108838270069e-08,5.0267264128933675e-08
12.020142628498016,0.3105845779786921,-1.5744881644743285,-1.9812035950820457,-1.156697186996544,1.570796368200824,-4.925403212436389,-0.85132896900177,-0.062152888625860214,0.5097905397415161,-0.5,-0.8660253882408142,6.278347797206152e-08,2.3082748157321475e-08
12.251514838287626,0.3073534456878211,-1.586288175883801,-1.9691176424820425,-1.1569832138435163,1.5707963482124279,-4.92863434472726,-0.8612996339797974,-0.06250427663326263,0.5098837018013,0.5,0.8660253882408142,2.7693186410715498e-08,5.8827641424841204e-08
12.4510614101086,0.3041245192563304,-1.598080131551969,-1.9570399408323296,-1.157269045423026,1.5707963282376778,-4.9318632711587505,-0.8712728023529053,-0.0627911239862442,0.5098569393157959,0.4999999701976776,0.8660253882408142,1.4425703298570625e-08,4.2404170841336963e-08
12.647358727851902,0.29962948993136723,-1.6094660301480195,-1.945226211869561,-1.1576969330742983,1.5707963204885644,-4.936358300483714,-0.8810380697250366,-0.06180639937520027,0.5098187923431396,0.49999991059303284,0.866025447845459,6.613632308472006e-08,9.215026608444532e-08
12.846923870245014,0.29256911459645984,-1.6200359630048273,-1.9339406012932532,-1.1584126107937982,1.5707963374837053,-4.943418675818621,-0.8903683423995972,-0.05827006697654724,0.5098961591720581,0.5,0.8660253286361694,6.19088567077597e-08,8.960875419461445e-08
13.04639481867293,0.2855375998456972,-1.6305626893149365,-1.922701122728094,-1.1591253630488483,1.5707963544093755,-4.950450190569383,-0.899649441242218,-0.05461869388818741,0.5098779201507568,0.49999991059303284,0.866025447845459,2.1123742754980412e-08,5.212301346091408e-08
13.3243782983503,0.27917971284288184,-1.640913774652894,-1.911638349237546,-1.1598370484982716,1.5707963705062866,-4.956808077572199,-0.9087367653846741,-0.05140851065516472,0.5097742080688477,0.5,0.8660253882408142,2.942588395171697e-08,5.895234522768078e-08
13.61180582827921,0.28615140675425094,-1.6481069820182892,-1.9037288711658618,-1.1605532619807286,1.5707963705062866,-4.94983638366083,-0.9144883751869202,-0.05954688787460327,0.509796142578125,0.5,0.8660253882408142,-1.8242165111814757e-08,8.653644023581819e-09
13.974777774623972,0.29312310066562036,-1.6553001893836847,-1.8958193930941771,-1.1612694754631856,1.5707963705062866,-4.94286468974946,-0.9201667904853821,-0.06776674091815948,0.5097737908363342,-0.49999985098838806,-0.866025447845459,2.8553539976883258e-08,4.3973280572373596e-10
14.348136395303648,0.30353206962654117,-1.6565800835875284,-1.894397387550505,-1.1614116010783506,1.5707963705062866,-5.004198099771748,-0.9205000400543213,-0.07768178731203079,0.509774923324585,0.46861961483955383,0.883400022983551,2.0568014846844562e-08,4.9027260473621936e-08
14.561128321955332,0.31405963167932216,-1.6576383548491436,-1.8932185400264891,-1.1615321942684869,1.5707963705062866,-5.068021664777299,-0.920528769493103,-0.08765950798988342,0.5097768306732178,0.43546241521835327,0.9002068638801575,-1.65812163999135e-08,2.4595792069703748e-08
14.77391799741518,0.32457718217587606,-1.658695619710399,-1.8920408135690805,-1.161652672776278,1.5707963705062866,-5.131784534513948,-0.9204494953155518,-0.09763681888580322,0.5097779035568237,0.4017360806465149,0.9157555103302002,2.3135527271733736e-08,6.17329263263855e-08
14.986514435512563,0.3350847618743913,-1.6597518822684652,-1.8908642036142882,-1.1617730370686092,1.5707963705062866,-5.195486956079066,-0.9202620983123779,-0.10761267691850662,0.5097776651382446,0.36748814582824707,0.9300282001495361,6.064805546657226e-08,1.0308035314210429e-07
15.198899031051623,0.34558240465107887,-1.6608071459287101,-1.889688706368748,-1.161893287533532,1.5707963705062866,-5.259129134847889,-0.9199671149253845,-0.11758583784103394,0.5097770690917969,0.3327676057815552,0.9430088400840759,1.371712876618858e-08,5.652261236832601e-08
15.41109924384236,0.3560705717979632,-1.6618614570619923,-1.8885142701782436,-1.1620134294551454,1.5707963705062866,-5.3227138674129595,-0.9195642471313477,-0.12755563855171204,0.5097751021385193,0.29762163758277893,0.9546838402748108,1.72430087985731e-08,5.856822582472887e-08
15.759648730292284,0.36654883199632565,-1.6629147723104856,-1.887340943340662,-1.1621334578926945,1.5707963705062866,-5.386238538895527,-0.9190536737442017,-0.13752038776874542,0.5097723007202148,0.26210126280784607,0.9650403261184692,6.058156643007351e-09,5.580499262691774e-08
16.086540664637603,0.3758990353624764,-1.6665778054861837,-1.8832125819630252,-1.1625987876426698,1.5707963705062866,-5.383687708417123,-0.9207770824432373,-0.14731107652187347,0.5097873210906982,0.25881901383399963,0.9659257531166077,1.903116064738697e-08,5.8720956985780504e-08
16.286225742751874,0.3851280194854747,-1.670501866314301,-1.878788639023284,-1.163098669754294,1.5707963705062866,-5.37445870710896,-0.9226321578025818,-0.157121479511261,0.5097916722297668,0.25881892442703247,0.9659258723258972,1.4844090401311405e-08,5.826404247954997e-08
16.534443758339194,0.39432197630858085,-1.6744110339262646,-1.8743814865313309,-1.1635966546342835,1.5707963705062866,-5.365264733165911,-0.9243762493133545,-0.16694049537181854,0.5097826719284058,0.2588188946247101,0.9659258127212524,4.532422082093035e-08,1.0084276169664008e-07
16.63699400063818,0.3975047009378826,-1.6726820749954854,-1.8763109110516083,-1.1633961453110495,1.5707963705062866,-5.362081955121514,-0.9224202036857605,-0.1692853420972824,0.5098016262054443,0.25881895422935486,0.9659258127212524,1.3415776045633265e-08,5.0658076844456446e-08
16.972065108611666,0.39286252909171326,-1.6636126336152324,-1.8864901524722084,-1.1622862445903033,1.5707963705062866,-5.366724026287285,-0.9157116413116455,-0.16189992427825928,0.5098191499710083,0.25881901383399963,0.9659257531166077,-1.6167639671493816e-08,5.592988738811755e-09
17.171281228556715,0.3880622621836463,-1.6546600584013833,-1.8965265750457507,-1.1612023068086557,1.5707963705062866,-5.371524200982152,-0.9090720415115356,-0.1544748693704605,0.5097752809524536,0.25881898403167725,0.9659257531166077,-1.8179640903781547e-08,1.7368599003475538e-08
17.37111189101585,0.38111429706183864,-1.6474346597693064,-1.9044623594637031,-1.160491974447296,1.5707963705062866,-5.378472192816218,-0.9041690826416016,-0.14576905965805054,0.5097997188568115,0.25881898403167725,0.9659258723258972,-1.6010170966751502e-08,2.5510981771503793e-08
17.75107445205562,0.37416633194003096,-1.6402092611372292,-1.9123981438816555,-1.1597816420859361,1.5707963705062866,-5.385420184650283,-0.8991857767105103,-0.13713757693767548,0.5097795128822327,0.25881898403167725,0.9659257531166077,9.996052874328143e-09,5.4099164259469035e-08
18.033065869214692,0.38244161191373943,-1.6372128499264185,-1.915664622262813,-1.1595115836933576,1.5707963705062866,-5.377144973678881,-0.8955562710762024,-0.1435827761888504,0.5097744464874268,0.2588190734386444,0.9659257531166077,1.9786288163459176e-08,6.904949145791761e-08
18.310177254722404,0.3937290433786905,-1.6350441917722875,-1.9180170912599683,-1.1593277728503333,1.5707963705062866,-5.365857619662319,-0.8921065330505371,-0.15294571220874786,0.5097737312316895,0.25881898403167725,0.9659257531166077,1.0878530964930633e-08,4.9893657205757336e-08
18.438494671306852,0.3958250757620511,-1.629764458815139,-1.9236907817352258,-1.1589337805671243,1.5707963705062866,-5.363761658796181,-0.8874866962432861,-0.15301959216594696,0.5097908973693848,0.258819043636322,0.9659257531166077,-2.7279330794272028e-08,1.7352221881594687e-09
18.692602674926984,0.38962499719360305,-1.6216810187817796,-1.9323575369019763,-1.1583503993207178,1.5707963705062866,-5.369961803477644,-0.8818248510360718,-0.14480677247047424,0.5097839832305908,-0.25881898403167725,-0.9659258723258972,5.778289491331634e-08,4.4715225300251404e-08
18.90525560682302,0.39271030235682425,-1.6116060305351965,-1.9429864205851874,-1.1577963910338782,1.5707963705062866,-5.366876374867042,-0.8732092380523682,-0.14414477348327637,0.5098123550415039,-0.2588188648223877,-0.9659258723258972,8.353779179515186e-08,7.311122374176193e-08
19.25470472444134,0.3993740447118658,-1.6007406432734481,-1.9543957359805393,-1.1572523318016643,1.5707963705062866,-5.360212435864084,-0.8634594082832336,-0.14625892043113708,0.5097805261611938,-0.2588191628456116,-0.9659257531166077,8.679683105583536e-08,8.028268894122448e-08
19.55888852809828,0.4058424069180637,-1.6069045508258024,-1.947942999796202,-1.1575412031153864,1.5707963150236164,-5.353744026715154,-0.8674519658088684,-0.153970867395401,0.5097979307174683,-0.2588191032409668,-0.9659257531166077,1.2717519837224245e-07,1.2411759087171959e-07
19.8783595088024,0.41228923355371067,-1.6149107008872263,-1.9395579320519034,-1.157920182280929,1.5707962535409485,-5.347297169338174,-0.8728607892990112,-0.16236750781536102,0.509773850440979,-0.2588191032409668,-0.9659257531166077,1.776965063982061e-08,8.347875279923755e-08
20.187301396828378,0.4221387016381624,-1.6073796020322713,-1.9474568379013457,-1.1575524477745431,1.5707963215411471,-5.337447700131746,-0.865203857421875,-0.1682550609111786,0.509790301322937,-0.2588191628456116,-0.9659257531166077,6.211531200506215e-08,3.762088596204194e-08
20.38586305819689,0.42809762175070576,-1.5984008298865209,-1.9567972964474638,-1.1571908518759182,1.5707963705062866,-5.331488780019203,-0.8570520877838135,-0.17015238106250763,0.5097973942756653,-0.25881919264793396,-0.9659256935119629,5.231295929775115e-08,3.301751760886873e-08
20.680511606861646,0.42583530832824956,-1.5876643285771077,-1.9678251256372123,-1.1568996504948794,1.5707963705062866,-5.333751093441659,-0.8489306569099426,-0.16435565054416656,0.5098085403442383,0.25881901383399963,0.9659257531166077,5.712974626703726e-08,9.945460988092236e-08
20.908524321271493,0.4214359995221208,-1.5793494079734673,-1.9812610824635135,-1.1377757457212527,1.565101488356647,-5.29329056384679,-0.846174955368042,-0.15722060203552246,0.5087514519691467,-0.2804289162158966,-0.9598450064659119,0.0023732646368443966,0.00717582693323493
21.265741276313406,0.41432430256503355,-1.574047739813415,-1.9977920323570024,-1.0948375119505926,1.5522057137056073,-5.198819409447077,-0.8499624729156494,-0.14822250604629517,0.5066969394683838,-0.32888925075531006,-0.9440462589263916,0.00876291561871767,0.02306125871837139
21.582226556327733,0.4071768910070533,-1.568719446930242,-2.014405999887687,-1.0516836444301507,1.5392451770930207,-5.10387382544278,-0.8534387350082397,-0.13902869820594788,0.5049866437911987,-0.3767848610877991,-0.9253546595573425,0.01657421700656414,0.03843564912676811
21.8996573823445,0.40000812551303494,-1.5633752349937866,-2.0310696040731395,-1.0084008484270894,1.5262459189841835,-5.0086445776377495,-0.8565770387649536,-0.12965722382068634,0.503623366355896,-0.42382925748825073,-0.903813362121582,0.025765737518668175,0.05316198617219925
22.217364054687692,0.3928331303857722,-1.5580263789550277,-2.0477476888749115,-0.9650804398190245,1.5132353645635146,-4.913332575934792,-0.8593538403511047,-0.12012898176908493,0.5026055574417114,-0.46973875164985657,-0.8795032501220703,0.03627603128552437,0.067108154296875
22.663735081312634,0.3837211505848953,-1.5560317919571613,-2.056540840252703,-0.9377552107848344,1.5057445571487071,-4.77942126794731,-0.8626425862312317,-0.11081292480230331,0.5024406909942627,-0.5314114689826965,-0.8426188230514526,0.046489935368299484,0.07371561229228973
23.330659445951728,0.3712926785553913,-1.5598088963366055,-2.051759795840812,-0.9379814889273818,1.5077583359173174,-4.579343958555581,-0.8672784566879272,-0.10201483219861984,0.5032564997673035,-0.6177228689193726,-0.7815521955490112,0.054037876427173615,0.06836946308612823
24.4565737299848,0.3589221177077673,-1.5635684010804565,-2.047001028980968,-0.9382067127138797,1.509762731367668,-4.38019892092073,-0.8718065023422241,-0.09315981715917587,0.5040576457977295,-0.6967225074768066,-0.7120265960693359,0.06095451861619949,0.062293391674757004
24.752604857172866,0.35939484128397325,-1.5542440718592054,-2.058337194740637,-0.9362207447548607,1.5096846671288753,-4.358005390941147,-0.8636188507080078,-0.09048773348331451,0.5026513338088989,-0.7044159770011902,-0.704416036605835,0.06162860617041588,0.061628613620996475
24.97657575905853,0.3627254226366799,-1.5437245702205775,-2.0711178713434335,-0.9341634819890916,1.5091432600793078,-4.3547129659188535,-0.854141116142273,-0.08971208333969116,0.5009537935256958,-0.7044159770011902,-0.7044160962104797,0.06162786856293678,0.06162792444229126
25.201122347559675,0.37201099015674466,-1.5344630434014939,-2.0822402029016382,-0.9328776790584249,1.5076364597699328,-4.345532278510718,-0.8452761173248291,-0.0940430611371994,0.4994039535522461,-0.7044161558151245,-0.7044160962104797,0.061626993119716644,0.061627015471458435
25.38407841788845,0.372642761567041,-1.5274176195739717,-2.0906074418828626,-0.9315957812229553,1.5075342799437126,-4.344907451044459,-0.8391547799110413,-0.09217512607574463,0.498299241065979,-0.7044163942337036,-0.7044159173965454,0.06162678450345993,0.06162676587700844
25.76525040466961,0.3622006942702858,-1.523208034120209,-2.0954491239369895,-0.9303188805463972,1.509229524100884,-4.35523113817164,-0.8364713788032532,-0.08257795870304108,0.4978264272212982,-0.7044162154197693,-0.704416036605835,0.061627116054296494,0.06162705644965172
26.717905248376006,0.35239140850217476,-1.521092034288343,-2.103447352465128,-0.9111454527034963,1.548520360435538,-4.2056273923025005,-0.8330402374267578,-0.08517465740442276,0.49620676040649414,-0.7571552395820618,-0.6471537947654724,0.07884001731872559,0.04113582521677017
28.232497110894514,0.34276172344739003,-1.520056261905571,-2.1132535010358318,-0.8821410370510052,1.6084475352424226,-3.9685198819277976,-0.829156219959259,-0.09427005797624588,0.49492505192756653,-0.8285900950431824,-0.5508410930633545,0.09991724044084549,0.005376129411160946
28.56167493826026,0.3494546738638703,-1.5090097159224223,-2.1208977914432627,-0.8871625784542464,1.6038092767375929,-3.976925706891919,-0.8207550048828125,-0.09553579241037369,0.4961835443973541,-0.8246423006057739,-0.5569475293159485,0.09857983142137527,0.007507414557039738
28.88531204634858,0.3611607012633631,-1.494885971329167,-2.1278813762177156,-0.9026309101288179,1.5793497364990778,-4.060699440492916,-0.8110424280166626,-0.09419259428977966,0.49803268909454346,-0.7982672452926636,-0.5950087904930115,0.09092158079147339,0.021614575758576393
29.167812817346206,0.3729106214369537,-1.4807092685196281,-2.134891146554395,-0.9181572416665958,1.5547984830740489,-4.144787291038869,-0.8013759255409241,-0.09260394424200058,0.4999260902404785,-0.7698333859443665,-0.6319314241409302,0.08233215659856796,0.035220447927713394
29.45210258543283,0.3847100041726628,-1.4664728873435136,-2.141930425278842,-0.9337489329793183,1.5301438784875072,-4.229229118502927,-0.7917611002922058,-0.09077384322881699,0.5018661022186279,-0.7393683791160583,-0.6676074266433716,0.0728302150964737,0.04827575013041496
29.930870541130815,0.39656316978023015,-1.4521716151911783,-2.1490017898025284,-0.9494116929195026,1.505376895527546,-4.314055841015116,-0.7822049856185913,-0.08870669454336166,0.5038544535636902,-0.7069072723388672,-0.7019228339195251,0.062437016516923904,0.06072929874062538
30.24364525608505,0.41047709692920653,-1.4486778917165155,-2.152221680688948,-0.9512047564708005,1.5014504099220995,-4.307482800279536,-0.7783154845237732,-0.09719696640968323,0.5034380555152893,-0.7044165730476379,-0.7044159770011902,0.0616254024207592,0.06162532791495323
30.466716868585735,0.4188674201670635,-1.4447473800030317,-2.1564233564617417,-0.9515065194559971,1.5001102642697257,-4.29918040267962,-0.7743387818336487,-0.10189639776945114,0.5027520656585693,-0.704416036605835,-0.7044159770011902,0.0616285614669323,0.06162843853235245
30.826587299841737,0.41087326788138134,-1.437095006689721,-2.164301618868799,-0.9507315486790425,1.501385737516158,-4.307091306585351,-0.7690525054931641,-0.09346573799848557,0.5018362998962402,-0.7044163346290588,-0.7044159173965454,0.06162663921713829,0.06162665784358978
31.035550264063986,0.40287911559569883,-1.42944263337641,-2.172179881275857,-0.949956577902088,1.5026612107625903,-4.315002210491082,-0.7636874914169312,-0.08512885123491287,0.5008711814880371,-0.7044159173965454,-0.7044160962104797,0.06162874028086662,0.06162877008318901
31.238774248264235,0.3902628025225262,-1.4273999204684655,-2.174230835347309,-0.949120474723947,1.5046902215725273,-4.32748176332363,-0.7630680799484253,-0.075462207198143,0.5007455945014954,-0.7044165134429932,-0.7044160962104797,0.06162531301379204,0.06162532418966293
31.436048821411532,0.3767061925715319,-1.4266006577448511,-2.1744090789579804,-0.9488638711542603,1.5068751595797927,-4.3408898577478885,-0.7635592222213745,-0.0656207725405693,0.5011906623840332,-0.7044161558151245,-0.704416036605835,0.061627693474292755,0.0616278201341629
31.635484696231288,0.36403018507086593,-1.4260459724478838,-2.1676922619275545,-0.9553908911228175,1.5089468679093934,-4.353417530984211,-0.7660399079322815,-0.057241834700107574,0.505994439125061,-0.7044185400009155,-0.7044163942337036,0.06161152198910713,0.06161169335246086
31.835026052645844,0.3513893778193213,-1.4254928274671899,-2.160994096955575,-0.9618997860840409,1.511012823272273,-4.365910415883685,-0.7683911919593811,-0.048821937292814255,0.5108026266098022,-0.7044194340705872,-0.7044166922569275,0.06160520762205124,0.06160509213805199
32.03475004141728,0.33877813716217514,-1.4249409762815015,-2.1543115988570003,-0.9683934568706155,1.5130739464070326,-4.378374080176173,-0.7706139087677002,-0.04035994037985802,0.5156170129776001,-0.7044190168380737,-0.7044165730476379,0.06160866096615791,0.061608124524354935
32.30368400212463,0.3262276521904564,-1.4243917836841276,-2.147661294240683,-0.974855843865983,1.51512513991217,-4.390777699744465,-0.7727022767066956,-0.03187962993979454,0.5204257965087891,-0.7044172286987305,-0.7044159770011902,0.06162147596478462,0.061620984226465225
32.395095637438146,0.3249893915574094,-1.4265164898025458,-2.1454741084611806,-0.9748634111363095,1.5153861138616298,-4.392276210940082,-0.7744664549827576,-0.031585242599248886,0.5207391977310181,-0.704319417476654,-0.7045157551765442,0.06161975860595703,0.061601169407367706
32.759956113860014,0.3361308915997132,-1.431567340707116,-2.148171290076737,-0.9678070424289944,1.5136879225381044,-4.381840485653793,-0.7758808732032776,-0.040315452963113785,0.5161182284355164,-0.704116702079773,-0.7047251462936401,0.06159935146570206,0.06154311075806618
32.959503896400335,0.3472676628344105,-1.436616047869633,-2.1508673269224787,-0.9607536686693874,1.5119904519810843,-4.371409189621817,-0.7771615386009216,-0.0490647628903389,0.5114967823028564,-0.7039132118225098,-0.7049340605735779,0.06158474087715149,0.061492618173360825
33.28254571990652,0.3584015716599404,-1.441663457397013,-2.1535626708240607,-0.9537021077908467,1.5102934177134681,-4.360980574675477,-0.7783085703849792,-0.0578325018286705,0.5068744421005249,-0.703708827495575,-0.7051427364349365,0.061576150357723236,0.06144944205880165
33.58920324260923,0.36797630171032664,-1.4483344216610552,-2.1535859503604406,-0.9475946307413239,1.508790716285622,-4.3801190701215775,-0.781044065952301,-0.06608906388282776,0.5031249523162842,-0.6935514211654663,-0.7151369452476501,0.06069905310869217,0.06229851767420769
33.89886330771149,0.3736419393751539,-1.4590452335616377,-2.1469401426903407,-0.9438546826602479,1.5077758057354098,-4.473017089652255,-0.7879898548126221,-0.07306664437055588,0.5015041828155518,-0.6575058102607727,-0.7484087347984314,0.057546887546777725,0.06525971740484238
34.20744104807958,0.3792877744872127,-1.4697186090022127,-2.14031756346598,-0.9401278064562683,1.5067644425034195,-4.565590411762683,-0.7948576807975769,-0.08010029047727585,0.4997972846031189,-0.6200001835823059,-0.7797586917877197,0.05426453799009323,0.06805431842803955
34.51495345231871,0.3849141178753517,-1.4803551356005438,-2.1337178480843133,-0.936413796947934,1.5057565709095142,-4.657844133034421,-0.8016468286514282,-0.08718879520893097,0.49800485372543335,-0.5811388492584229,-0.8091325163841248,0.050860803574323654,0.07067744433879852
34.82141158391971,0.3905211719606689,-1.490955196030998,-2.1271407591048677,-0.9327125205149114,1.5047521546931144,-4.749781572514721,-0.8083563446998596,-0.09433072805404663,0.4961274266242981,-0.5410280227661133,-0.8364806771278381,0.047344647347927094,0.07312469929456711
35.258221768190296,0.39610934229459693,-1.5015195569831101,-2.1205858208147617,-0.9290237094483573,1.503751121206011,-4.841409379927257,-0.8149857521057129,-0.10152505338191986,0.49416613578796387,-0.49977394938468933,-0.8617598414421082,0.04372524842619896,0.07539217919111252
35.54227975392137,0.39728218585710123,-1.5120542968080468,-2.1086272850600745,-0.9305234375207679,1.503558697813843,-4.844138226820153,-0.8236669898033142,-0.10611213743686676,0.49565553665161133,-0.49809736013412476,-0.8627299070358276,0.04357803240418434,0.07547924667596817
35.79007695313049,0.39827175701947903,-1.5225968404518457,-2.0964329619437603,-0.9322410023109572,1.5033998575899237,-4.843159112981864,-0.8324382901191711,-0.11061131954193115,0.49719950556755066,-0.49809733033180237,-0.8627299070358276,0.04357805475592613,0.07547935098409653
36.178939700448176,0.40072439811269034,-1.5312463358897204,-2.0861532966745644,-0.9360918795991032,1.498736167756123,-4.8594324694039495,-0.8395040035247803,-0.11426997184753418,0.4982234239578247,-0.49013030529022217,-0.8672900795936584,0.040752001106739044,0.07693744450807571
37.605664109525605,0.4167812566663589,-1.52237850928546,-2.0935799071506955,-0.9597811363607881,1.4522053251897509,-5.036035349050018,-0.8309418559074402,-0.10984667390584946,0.49564632773399353,-0.40541231632232666,-0.9096707105636597,0.010566930286586285,0.08960156887769699
38.41536444376155,0.43326278363926035,-1.513276148267542,-2.101202935059329,-0.9840969216048758,1.4044438446818295,-5.217308984527969,-0.822390615940094,-0.10507942736148834,0.49373412132263184,-0.3139723539352417,-0.9441020488739014,-0.022098055109381676,0.09800111502408981
38.64253668678405,0.4409404324008435,-1.504518429161294,-2.1076175420190326,-0.9849811232356604,1.4073260073628437,-5.268167724028464,-0.8154610991477966,-0.1094406396150589,0.494928777217865,-0.28621023893356323,-0.9529658555984497,-0.022648265585303307,0.09709179401397705
38.90683918985678,0.4456910438325531,-1.4959378962771788,-2.1135907014650783,-0.9782197092382693,1.4266974718563747,-5.27613265183325,-0.8089958429336548,-0.11674205213785172,0.4970408082008362,-0.2800627648830414,-0.9552717804908752,-0.012455645948648453,0.09415727108716965
39.10637415739848,0.45042899390946406,-1.4873802322748413,-2.1195479412148703,-0.9714763157973456,1.4460173074199363,-5.2840763514701825,-0.8024766445159912,-0.12397289276123047,0.4992203712463379,-0.27379584312438965,-0.9574455618858337,-0.0022792767267674208,0.09126128256320953
39.305919145971075,0.4551557144172795,-1.4788428510694207,-2.12549106151758,-0.9647489050918571,1.4652913524148226,-5.292001223487047,-0.7959006428718567,-0.13113203644752502,0.501467227935791,-0.2674102187156677,-0.9594866633415222,0.007881578989326954,0.08840248733758926
39.569666544849795,0.4598716001330307,-1.470325039616428,-2.131420558744293,-0.958036915246562,1.4845212166147135,-5.2999079297713925,-0.7892671227455139,-0.1382168084383011,0.5037816166877747,-0.260908305644989,-0.9613936543464661,0.0180257186293602,0.08558061718940735
39.72681379046211,0.45767226742238004,-1.4623315939707937,-2.1384294527654037,-0.9545969846294486,1.4938883422679727,-5.307811218161198,-0.783577024936676,-0.13660232722759247,0.504380464553833,-0.25790756940841675,-0.9622222781181335,0.022573841735720634,0.08427473902702332
40.01544483542471,0.4498270987623976,-1.4547584484625038,-2.146325986105282,-0.9538241932865869,1.4952151383725663,-5.315719282347583,-0.7786306738853455,-0.12799061834812164,0.5034998059272766,-0.2578372657299042,-0.9622488021850586,0.02255859225988388,0.08419083803892136
40.29809115149024,0.4562146817319219,-1.4435533101170623,-2.158150807783248,-0.9537094400430961,1.494227880067346,-5.3093964979065555,-0.7690148949623108,-0.1283278465270996,0.5018423795700073,-0.25783461332321167,-0.9622507691383362,0.022555431351065636,0.0841776579618454
40.504482067139776,0.46491818148421704,-1.4364093161131584,-2.165785547908302,-0.9539001706840974,1.4928779656979783,-5.30077239704228,-0.7622814178466797,-0.13176879286766052,0.5006104707717896,-0.25783491134643555,-0.9622514843940735,0.02255314216017723,0.08416911959648132
40.7732923460742,0.47753712477916155,-1.4390248918970097,-2.163332477991894,-0.9547307802877112,1.4909235105533956,-5.288266374213521,-0.7625194787979126,-0.14174437522888184,0.5006470084190369,-0.2578352093696594,-0.9622518420219421,0.02255200780928135,0.08416508883237839
41.03431116189836,0.4890390437737881,-1.4424474447947033,-2.1600026905311425,-0.9555433794643748,1.4891418471856075,-5.276865846152055,-0.7634223103523254,-0.15128609538078308,0.5008273720741272,-0.2578350007534027,-0.9622511267662048,0.022554002702236176,0.08417300134897232
41.30599196168547,0.49049426713375543,-1.4533639506933738,-2.1485391208149753,-0.9562065988115352,1.4889142517264111,-5.27540796687937,-0.7715991139411926,-0.15680555999279022,0.5023199915885925,-0.2578425407409668,-0.9622489213943481,0.02255384251475334,0.08417478203773499
41.61082818124307,0.49194977461476913,-1.4642825879549428,-2.1370733129259527,-0.9568699476471164,1.488686611830971,-5.273949802967093,-0.7797735333442688,-0.16235579550266266,0.5037107467651367,-0.2578499913215637,-0.962246835231781,0.02255362458527088,0.0841766893863678
41.961084775692605,0.5103711045132759,-1.4771647404459478,-2.1272915819864258,-0.9982385084547191,1.4489729135881493,-5.308005389769892,-0.7804921269416809,-0.16547301411628723,0.4952402114868164,-0.23279257118701935,-0.9690815806388855,-0.007764431182295084,0.08141420036554337
42.25173461907536,0.5331704156257461,-1.4918572426109933,-2.1165364480475723,-1.0497678868316032,1.3994531512471138,-5.350678888574458,-0.7801984548568726,-0.16859973967075348,0.48576366901397705,-0.19981753826141357,-0.9757186770439148,-0.04550674930214882,0.07729832082986832
42.59627201092856,0.5597202212960032,-1.5089666664601389,-2.104012090858641,-1.1097738657608145,1.3417873708862018,-5.400372192680978,-0.7797949314117432,-0.17228461802005768,0.4765086770057678,-0.15920504927635193,-0.9805985689163208,-0.08919979631900787,0.07157950103282928
43.02579521596736,0.5921769304503319,-1.529882661121899,-2.0887012662268263,-1.1831302070393508,1.271291884607435,-5.4611214553435605,-0.7794684767723083,-0.1771032214164734,0.46778661012649536,-0.1066766157746315,-0.9820675849914551,-0.1419895440340042,0.06326333433389664
43.57271888777947,0.6326136530615787,-1.5559411955917466,-2.0696260246290943,-1.274522406105241,1.1834639285923918,-5.536806919062145,-0.7797245383262634,-0.18410155177116394,0.4607928991317749,-0.037536706775426865,-0.9764319658279419,-0.2063412368297577,0.05093911662697792
44.15879558314824,0.6750072687016951,-1.5832608056669757,-2.0496276566033016,-1.3703374353535993,1.0913856302210194,-5.6161551018829075,-0.7812078595161438,-0.19337722659111023,0.4577687382698059,0.038236502557992935,-0.961010217666626,-0.2715036869049072,0.03581947088241577
44.60793989690768,0.7041313603266889,-1.6054295991710126,-2.035536649874909,-1.4359463189543762,1.029257439884555,-5.64773760164698,-0.783661961555481,-0.20219376683235168,0.45561450719833374,0.08098810911178589,-0.9453817009925842,-0.31463950872421265,0.026384688913822174
44.85448209625462,0.7196773939539967,-1.6253041793722571,-2.027182010779228,-1.470458262434084,0.9987638542398114,-5.610374158777501,-0.7865134477615356,-0.20952388644218445,0.44948118925094604,0.07950092852115631,-0.9376273155212402,-0.3373425304889679,0.027100780978798866
45.05396097955087,0.7349931950051667,-1.644884422386983,-2.018951101641156,-1.5044590933145696,0.9687218703956926,-5.573564058446153,-0.7894042730331421,-0.21718603372573853,0.4437878429889679,0.07880304753780365,-0.9293988943099976,-0.3593951165676117,0.02903066948056221
45.27037634709867,0.7499783851237734,-1.664042001096963,-2.0108978670848368,-1.5377259732663529,0.9393283807610227,-5.5375485506769335,-0.7923139333724976,-0.22513875365257263,0.4385150074958801,0.07886317372322083,-0.9208163022994995,-0.3805910646915436,0.032069191336631775
45.53517311000651,0.7513718314164627,-1.6767439601429535,-2.0015673241406353,-1.5433977029217227,0.9292285800268737,-5.5326743693637574,-0.7994265556335449,-0.22989872097969055,0.4366423189640045,0.0798272117972374,-0.9183484315872192,-0.38619381189346313,0.0334380678832531
45.836856405219685,0.7449325301343274,-1.6858254543084699,-1.9914222385086586,-1.533190270096603,0.9301801460969399,-5.545732593218871,-0.8090433478355408,-0.23257091641426086,0.43658316135406494,0.08103935420513153,-0.9195640087127686,-0.38303327560424805,0.03346845135092735
46.03641422741736,0.7385129435057857,-1.6948791444462292,-1.981308213210738,-1.5230140884885655,0.9311287988392054,-5.558750837835777,-0.8186909556388855,-0.2351151406764984,0.4364888072013855,0.08225884288549423,-0.9207490086555481,-0.3799055814743042,0.033562369644641876
46.23590819813932,0.7321124969765054,-1.7039058408633727,-1.971224343039516,-1.51286824732725,0.9320746231582868,-5.571730268350062,-0.8283677697181702,-0.2375311553478241,0.4363594055175781,0.0834856927394867,-0.9219036102294922,-0.3768114447593689,0.033718738704919815
46.435500702789675,0.7257256851641877,-1.7129133079267218,-1.9611619542938543,-1.5027440196068012,0.9330184326106198,-5.584682049096384,-0.8380797505378723,-0.23982100188732147,0.4361952543258667,0.08472060412168503,-0.9230288863182068,-0.3737489581108093,0.03393680229783058
46.63512628801788,0.7193542441009485,-1.721899097270399,-1.9511237820833098,-1.4926441572455456,0.9339599706545105,-5.597602659584709,-0.8478219509124756,-0.24198341369628906,0.4359966516494751,0.08596300333738327,-0.9241245985031128,-0.370719850063324,0.03421561419963837
46.99277382545418,0.7130040521026186,-1.730854918570877,-1.9411190876638578,-1.4825779784150264,0.9348983686233678,-5.610480179210509,-0.8575830459594727,-0.2440163791179657,0.4357646107673645,0.08721121400594711,-0.9251900315284729,-0.3677275776863098,0.034554194658994675
47.11200571058589,0.7068595925859766,-1.7356034084972838,-1.9305482937308371,-1.499477864857591,0.9429280251187482,-5.591819461527389,-0.8596678972244263,-0.24177245795726776,0.4370580315589905,0.07656116038560867,-0.9262416958808899,-0.36784541606903076,0.030073346570134163
47.411201379982636,0.7011020828379034,-1.7356612221602956,-1.9196451435178825,-1.5451800945453296,0.9584362596506857,-5.539443441266621,-0.853124737739563,-0.23500952124595642,0.4403896927833557,0.05309179425239563,-0.9265800714492798,-0.37176382541656494,0.020549116656184196
47.610618069557354,0.6955615782142641,-1.7357168567803385,-1.9091529417135646,-1.5891597708246952,0.9733599764811156,-5.489041514892159,-0.8465807437896729,-0.2284628450870514,0.4440957307815552,0.030302133411169052,-0.9260087609291077,-0.376106321811676,0.011555741541087627
47.950054698789266,0.6902036528794694,-1.7357706580422212,-1.8990064951921994,-1.631690160700716,0.9877919038824395,-5.440300510852207,-0.8400357961654663,-0.22211052477359772,0.44815099239349365,0.00811152532696724,-0.9246028065681458,-0.38083380460739136,0.0030473326332867146
48.10060799642989,0.6843151528132962,-1.7422905606552967,-1.8883395568524102,-1.6454669709780052,0.9909467702848144,-5.426530883539537,-0.8438329100608826,-0.22020752727985382,0.4494004249572754,1.7815825685829623e-06,-0.9238815903663635,-0.38267838954925537,7.330171580832712e-09
48.397057523221775,0.6780414431217437,-1.7526486474921235,-1.8772305405539462,-1.642737450266954,0.9875983959769283,-5.43287618443365,-0.8537828326225281,-0.22076305747032166,0.4487854540348053,3.0109788440313423e-07,-0.9238797426223755,-0.3826827108860016,3.018654126663023e-08
48.65618050093314,0.6810481481279849,-1.7628237992054954,-1.8740564261759645,-1.6374083910122645,0.9892007740204319,-5.429831729986376,-0.8572015166282654,-0.22714932262897491,0.44243180751800537,9.404615752828249e-07,-0.9238806962966919,-0.38268059492111206,1.0436475861297367e-07
48.92953414011164,0.6846168510929646,-1.7729740510768308,-1.8713705875572784,-1.6319279699838556,0.9911029589890302,-5.426218659332953,-0.8601396083831787,-0.23387782275676727,0.4356759786605835,2.694166028049949e-07,-0.9238799810409546,-0.3826823830604553,1.7886814873691037e-07
49.16163769017621,0.6795705740378082,-1.7817393100169077,-1.861640583739285,-1.6300611754629768,0.98842778732752,-5.43134956994632,-0.8685662150382996,-0.23454904556274414,0.4351181983947754,5.005953880754532e-06,-0.9238854050636292,-0.3826692998409271,1.2765920587298751e-07
49.3611888627307,0.6722849380963327,-1.7901301829841987,-1.8500879463035,-1.6291396781032548,0.9845627786193308,-5.438753358131123,-0.878436267375946,-0.23351255059242249,0.4361474812030792,4.624604571290547e-06,-0.9238850474357605,-0.3826701045036316,3.0296928343886975e-07
49.56063600655361,0.6649872986868283,-1.798315271564541,-1.83848677783321,-1.6284287152215824,0.9807126155468838,-5.446200804198039,-0.8882608413696289,-0.23227977752685547,0.43733319640159607,3.201519120921148e-06,-0.9238831996917725,-0.3826743960380554,1.5169166545092594e-07
49.76018146078749,0.6576338828031406,-1.8060008412393316,-1.8267214433173553,-1.6282550571475476,0.9768873201428242,-5.453785691459304,-0.8979799151420593,-0.23076295852661133,0.43900197744369507,9.606197636458091e-06,-0.9238908290863037,-0.3826560974121094,3.799134731252707e-07
49.959698938091236,0.650296832890451,-1.8136693056922237,-1.8149822940637674,-1.6280817855718488,0.9730705384247347,-5.461353697580305,-0.907680869102478,-0.22910602390766144,0.44063419103622437,8.50041578814853e-06,-0.9238895177841187,-0.38265904784202576,4.4397975784704613e-07
50.246585370940096,0.642968945991921,-1.8213281932376124,-1.803257805469724,-1.627908730389649,0.9692585233669981,-5.468912252253099,-0.9173712730407715,-0.22730755805969238,0.4422321319580078,-2.5701714090331507e-09,-0.9238796234130859,-0.3826831877231598,1.311038460016789e-07
50.533247772021376,0.6343216615761477,-1.8404263695247884,-1.7773845016354617,-1.6531765169108943,0.9808449042409989,-5.441649427852981,-0.9271218180656433,-0.2286354899406433,0.4405890703201294,0.015404772013425827,0.9230886101722717,0.3842121958732605,0.0071549927815794945
50.732754818512284,0.6256252150830213,-1.8596666970656772,-1.7513239288492135,-1.6786729623375887,0.9925508346186684,-5.414110859895444,-0.9368718266487122,-0.22975432872772217,0.4388021230697632,0.03101465292274952,0.9218994975090027,0.38591915369033813,0.014347109943628311
50.932347285909735,0.6168769973279942,-1.8790215651878213,-1.72510821352974,-1.7043211919619747,1.004326452171192,-5.386408350675779,-0.9466240406036377,-0.23064962029457092,0.4368823170661926,0.04677245765924454,0.92030268907547,0.38780251145362854,0.021549254655838013
51.13186386914381,0.6080848469653957,-1.8984736313735726,-1.6987608457107992,-1.7300982242337728,1.0161612056070843,-5.358566722437777,-0.9563639760017395,-0.23131796717643738,0.4348319172859192,0.06265328079462051,0.9182891249656677,0.38986295461654663,0.0287493709474802
51.33144633413681,0.5992433875086749,-1.9180347907530106,-1.672265713717444,-1.7560198220621264,1.028062331994646,-5.330568949751524,-0.9660917520523071,-0.23175761103630066,0.4326501786708832,0.07865507900714874,0.9158470630645752,0.3921037018299103,0.03594604879617691
51.53097053558954,0.5903593580342992,-1.9376901335536594,-1.6456430124871038,-1.7820662276648744,1.0400207601391076,-5.302436372886913,-0.9757943749427795,-0.23196612298488617,0.4303392469882965,0.09475317597389221,0.9129686951637268,0.3945249021053314,0.04312806949019432
51.73054992721804,0.5814284872198583,-1.9574491098011444,-1.6188799421815168,-1.8082499638050586,1.0520422394925928,-5.274155466077694,-0.9854702949523926,-0.231941819190979,0.4278987944126129,0.11094257980585098,0.9096431136131287,0.39712953567504883,0.05029293894767761
51.93006686435469,0.5724571716870474,-1.977297567382109,-1.591995671506591,-1.8345522767174376,1.0641181598246727,-5.245746485160708,-0.99510657787323,-0.2316831648349762,0.425331175327301,0.12719833850860596,0.9058634638786316,0.3999171257019043,0.05742929130792618
52.12964983226188,0.5634410563052679,-1.9972451417423949,-1.564977149476726,-1.8609859348758613,1.0762543833982403,-5.2171956389788345,-1.004702091217041,-0.23118874430656433,0.4226357936859131,0.1435144543647766,0.9016197919845581,0.40289032459259033,0.06453442573547363
52.35553573459124,0.5563888967100156,-2.010632711408028,-1.5472922726992944,-1.8710752376169886,1.0784097575518814,-5.209603026815748,-1.0143390893936157,-0.22975298762321472,0.42071422934532166,0.14963701367378235,0.8999109268188477,0.40404847264289856,0.06718579679727554
52.58255428926656,0.5505507124505962,-2.0200802916239393,-1.535228065927535,-1.8713231462661335,1.0745779565568445,-5.214603923622035,-1.0240124464035034,-0.227783665060997,0.41924282908439636,0.1496378481388092,0.899909496307373,0.4040510654449463,0.06718605011701584
52.78210445599267,0.545042779808294,-2.029850991178182,-1.5229407103298502,-1.8715648655872534,1.0709828355273001,-5.219349804981847,-1.0337036848068237,-0.22617387771606445,0.41749951243400574,0.1496390551328659,0.8999117016792297,0.4040457606315613,0.06718643009662628
52.97725142271826,0.5402666173066024,-2.040005015420098,-1.5110505468668634,-1.8713255314108492,1.067866027245798,-5.223467701165973,-1.0430880784988403,-0.22528094053268433,0.41498124599456787,0.14964181184768677,0.8999099731445312,0.40404844284057617,0.06718738377094269
53.220129712021944,0.5379698292521959,-2.0514931955108477,-1.5004801527827314,-1.869446851426481,1.06636984642224,-5.2254579192852075,-1.051501750946045,-0.22714708745479584,0.4099554121494293,0.14964163303375244,0.8999100923538208,0.4040481150150299,0.06718741357326508
53.43037646958186,0.541027604427897,-2.0624551051713125,-1.4956364497232015,-1.8749518734923913,1.0580483844247648,-5.221237854990357,-1.0552246570587158,-0.23051443696022034,0.40292802453041077,0.1467207819223404,0.8976895213127136,0.4100807309150696,0.06678470224142075
53.62984320843174,0.5489472272417144,-2.0729583821819957,-1.4959786388359293,-1.887163362854516,1.0435221430457733,-5.211377816278246,-1.0547094345092773,-0.23532208800315857,0.39420515298843384,0.14100971817970276,0.8933746814727783,0.4214969575405121,0.06586582213640213
53.82926572808577,0.5569056089342248,-2.0835130625548226,-1.4963225026327451,-1.8994346156227995,1.0289248097927481,-5.201469522232094,-1.0541777610778809,-0.24019478261470795,0.3855219781398773,0.1350935399532318,0.8889384269714355,0.4328349828720093,0.06474670022726059
54.02892519482924,0.5649095768397951,-2.0941282009361797,-1.4966683361074316,-1.9117761590562983,1.014243861909326,-5.191504472727246,-1.0536305904388428,-0.2451399564743042,0.3768671751022339,0.12896640598773956,0.8843773007392883,0.4440961480140686,0.0634271427989006
54.22850365513517,0.5729419526285117,-2.1047810148322665,-1.4970153970229387,-1.9241615054045318,0.9995108080383647,-5.181504055019373,-1.053070068359375,-0.2501499056816101,0.36825525760650635,0.12264136970043182,0.8797017335891724,0.4552479684352875,0.06191132962703705
54.4280296633537,0.5809993020319012,-2.115466949597747,-1.4973635369922402,-1.9365853592722622,0.9847319473451125,-5.171472544819693,-1.0524969100952148,-0.2552252411842346,0.35968559980392456,0.11612194031476974,0.8749150633811951,0.4662778973579407,0.06020205467939377
54.62753689610912,0.5890779489560699,-2.126181129870071,-1.4977125971795762,-1.949042052386829,0.9699140225531164,-5.161414518915378,-1.051911473274231,-0.26036638021469116,0.35115718841552734,0.10941167920827866,0.8700202703475952,0.4771732687950134,0.05830314755439758
54.827048766850965,0.5971739893231602,-2.1369183779264893,-1.4980624088985117,-1.9615255649406802,0.9550641945561028,-5.151334837936751,-1.0513148307800293,-0.2655733823776245,0.3426693379878998,0.10251548886299133,0.8650216460227966,0.4879216253757477,0.05621856078505516
55.026619888335006,0.6052843772610603,-2.147674654226321,-1.4984128405437545,-1.9740312004178613,0.9401880501193188,-5.141237294036251,-1.050706148147583,-0.27084648609161377,0.334219753742218,0.09543734788894653,0.8599224090576172,0.4985118806362152,0.05395307019352913
55.22616510042502,0.6134004807736915,-2.1584385107185544,-1.4987635191461428,-1.98654564890062,0.9253014221254113,-5.1311326341670425,-1.050086259841919,-0.27618229389190674,0.3258119821548462,0.08818694949150085,0.8547298908233643,0.5089263319969177,0.05151331424713135
55.425692319362895,0.6215176567736631,-2.1692037895805,-1.4991142440883003,-1.9990617510818003,0.910412826965851,-5.121026639036428,-1.049454689025879,-0.2815793454647064,0.3174453377723694,0.08077117055654526,0.8494493961334229,0.5191531181335449,0.04890548810362816
55.630470384932984,0.6300152125595556,-2.178357016087401,-1.4995696960296583,-2.013282533930073,0.8997735736506826,-5.11578271866842,-1.04708993434906,-0.2874768376350403,0.31043657660484314,0.07201463729143143,0.8445847630500793,0.5282913446426392,0.04897482693195343
55.846410785093916,0.639332324013808,-2.1841545417776596,-1.500245884854853,-2.031114055369538,0.8980150041661801,-5.120718070115496,-1.0410977602005005,-0.29428353905677795,0.30627959966659546,0.06073172390460968,0.8405742645263672,0.5354722142219543,0.05491940677165985
56.045924592986715,0.6487376204211327,-2.190006940110952,-1.5009284736979192,-2.049114349275563,0.8962397901059177,-5.125700133865831,-1.0350371599197388,-0.3010863959789276,0.3022170066833496,0.04937925562262535,0.8362874984741211,0.5426582098007202,0.06088437885046005
56.245441772267235,0.6582322285854739,-2.195914912235358,-1.501617544336588,-2.0672855721779677,0.8944477187899201,-5.130729506796848,-1.0289103984832764,-0.3078867793083191,0.2982502281665802,0.03796150162816048,0.8317183256149292,0.5498471856117249,0.06686894595623016
56.44496317975224,0.6678168550668923,-2.2018788978043182,-1.502313148049415,-2.085629076324274,0.8926386568576533,-5.13580656317929,-1.0227197408676147,-0.3146860599517822,0.29438143968582153,0.026484040543437004,0.8268606066703796,0.5570364594459534,0.07287199050188065
56.64449255935849,0.677491893812229,-2.2078991419492717,-1.5030153134270692,-2.104145615668277,0.8908125299531434,-5.140931511690077,-1.0164680480957031,-0.3214857578277588,0.29061177372932434,0.01495235413312912,0.8217083215713501,0.5642231106758118,0.07889261096715927
56.844023540839565,0.6872572302262661,-2.2139755733639204,-1.5037240321528096,-2.1228349708923164,0.8889693597058036,-5.146104291627167,-1.0101581811904907,-0.3282868564128876,0.2869426906108856,0.0033733246382325888,0.8162557482719421,0.5714036226272583,0.08492903411388397
57.04356988914312,0.6971136663695082,-2.220108691126375,-1.504439362436131,-2.1416986770171076,0.8871089947297529,-5.151325327848683,-1.003792643547058,-0.335091769695282,0.28337618708610535,-0.00824702624231577,0.8104971051216125,0.5785748958587646,0.0909801572561264
57.243121452853096,0.7070605339410344,-2.226298079389752,-1.5051612557751322,-2.16073545501725,0.8852315611642578,-5.1565942663500675,-0.9973748922348022,-0.3419015109539032,0.2799132466316223,-0.019900893792510033,0.8044271469116211,0.5857331156730652,0.09704434871673584
57.44267802707852,0.7170974421214357,-2.232543494968642,-1.5058896838061178,-2.1799445569243745,0.8833371327750009,-5.161910900111026,-0.9909083247184753,-0.3487180173397064,0.27655529975891113,-0.03158031031489372,0.7980408668518066,0.5928741097450256,0.10311955958604813
57.642247062399996,0.727223815830803,-2.2388445800224677,-1.5066246047926959,-2.1993248821237907,0.8814258181061362,-5.16727492450695,-0.9843958616256714,-0.3555430769920349,0.27330324053764343,-0.04327690601348877,0.7913336157798767,0.5999939441680908,0.10920396447181702
57.841812782213104,0.7374384117265247,-2.2452005608875494,-1.507365928499349,-2.2188740510485547,0.8794978518338704,-5.172685680928913,-0.9778415560722351,-0.36237800121307373,0.27015823125839233,-0.0549812987446785,0.7843011021614075,0.6070878505706787,0.11529526859521866
58.041391000375164,0.7477402407131886,-2.2516108221042463,-1.5081135831425347,-2.238590170721842,0.8775534206462151,-5.178142645444845,-0.97124844789505,-0.36922532320022583,0.26712116599082947,-0.06668418645858765,0.776939868927002,0.6141512989997864,0.12139137834310532
58.24096981458367,0.7581275458647878,-2.2580742704341974,-1.508867441213449,-2.2584698786569093,0.8755928561562969,-5.1836448873964285,-0.96462082862854,-0.3760864734649658,0.26419225335121155,-0.07837511599063873,0.7692463994026184,0.6211791634559631,0.12748956680297852
58.44054335750641,0.7685979396396305,-2.264589420241606,-1.5096273294363924,-2.2785086054653703,0.873616609003564,-5.189191142082963,-0.9579623341560364,-0.38296300172805786,0.2613723576068878,-0.09004296362400055,0.7612187266349792,0.6281660795211792,0.1335873007774353
58.64011758960785,0.7791494118476953,-2.271155020695853,-1.51039310192194,-2.298702503952026,0.871625058603766,-5.194780344690073,-0.9512770175933838,-0.3898572325706482,0.2586611211299896,-0.10167639702558517,0.7528549432754517,0.6351066827774048,0.1396813541650772
58.83968511618675,0.789779163636331,-2.277769330224968,-1.5111645555435222,-2.319046217542437,0.8696187332297364,-5.200411012642226,-0.9445688724517822,-0.39677077531814575,0.25605887174606323,-0.11326348036527634,0.7441539764404297,0.6419951319694519,0.14576879143714905
59.03924413047732,0.8004840787792764,-2.284430409772851,-1.5119414641411988,-2.339533782257783,0.8675982210573742,-5.206081495248445,-0.937842071056366,-0.4037054181098938,0.2535648047924042,-0.12479189783334732,0.7351155877113342,0.6488255858421326,0.15184663236141205
59.23880074195565,0.8112608937920242,-2.2911362286526993,-1.5127235908677696,-2.3601589522895585,0.865564138057015,-5.21179006381384,-0.9311004281044006,-0.41066330671310425,0.2511783540248871,-0.1362489014863968,0.7257404327392578,0.6555920243263245,0.15791143476963043
59.438346941247595,0.8221057311212031,-2.2978843740764505,-1.5135106543100232,-2.3809143065956944,0.8635172161021658,-5.217534664366132,-0.9243480563163757,-0.41764575242996216,0.24889852106571198,-0.14762111008167267,0.7160302400588989,0.6622883677482605,0.16395963728427887
59.63788850255312,0.8330146786341894,-2.3046724117392774,-1.5143023705451608,-2.4017923579547378,0.8614581935930361,-5.223313224616122,-0.9175891280174255,-0.424655020236969,0.24672386050224304,-0.15889541804790497,0.7059873342514038,0.6689082384109497,0.16998788714408875
59.83741985656322,0.8439830367295242,-2.3114974173378355,-1.5150983984998778,-2.422784112050738,0.8593879575615946,-5.229123255145825,-0.9108275771141052,-0.43169230222702026,0.2446526288986206,-0.1700574904680252,0.6956153512001038,0.6754453182220459,0.1759922206401825
60.165185249981135,0.8550063911002472,-2.318356644091845,-1.515898417806102,-2.4438811205776303,0.857307341191554,-5.234962417660118,-0.9040670990943909,-0.4387592673301697,0.24268268048763275,-0.18109408020973206,0.6849187016487122,0.6818932890892029,0.1819692701101303
60.47886444778219,0.8621295947535926,-2.3162097472158023,-1.5277833383021064,-2.439192460080257,0.8621295947535926,-5.235987771481107,-0.8951188921928406,-0.44007956981658936,0.23962615430355072,-0.1830127090215683,0.6830126047134399,0.6830127835273743,0.18301276862621307
60.67842603252307,0.8684229582123251,-2.312144069359576,-1.5420311899806387,-2.429010286257951,0.8684229582123251,-5.235987825635269,-0.8856908679008484,-0.4400480091571808,0.2363591343164444,-0.1830127239227295,0.6830126047134399,0.6830127835273743,0.18301273882389069
60.87752756253854,0.8750356640150448,-2.3074930796166258,-1.5560328232655685,-2.419659642715971,0.8750356640150448,-5.2359878298724105,-0.8760389089584351,-0.44017642736434937,0.23392464220523834,-0.18301266431808472,0.6830127239227295,0.6830126643180847,0.18301266431808472
61.07708056048528,0.881844165898304,-2.302486021351206,-1.56989065340481,-2.410808870842149,0.881844165898304,-5.235987803893298,-0.8662511110305786,-0.4403441548347473,0.23199477791786194,-0.1830126792192459,0.6830126643180847,0.6830126643180847,0.18301266431808472
61.276637879768764,0.8886582672848344,-2.2974748451403686,-1.5837598806129702,-2.4019508198448265,0.8886582672848344,-5.23598777789282,-0.8564577102661133,-0.4403684437274933,0.23008519411087036,-0.1830126941204071,0.6830126047134399,0.6830127835273743,0.18301273882389069
61.476186668137466,0.8954778348637877,-2.2924596490225935,-1.597640233552959,-2.393085663022613,0.8954778348637877,-5.235987751871484,-0.846661388874054,-0.4402496814727783,0.22819647192955017,-0.18301266431808472,0.6830125451087952,0.6830127835273743,0.18301275372505188
61.67474195883647,0.9023045581491782,-2.2873023277241202,-1.6114421955942841,-2.3844410207232705,0.9023045581491782,-5.235987726842062,-0.8368778228759766,-0.4400075674057007,0.22652801871299744,-0.18301266431808472,0.6830126047134399,0.6830127239227295,0.1830127239227295
61.8743990227677,0.9091788601602143,-2.2787246319019445,-1.623041688964455,-2.381419183118042,0.9091788601602143,-5.235987726842062,-0.8274340629577637,-0.4401322901248932,0.2297617793083191,-0.1830126792192459,0.6830126047134399,0.6830127239227295,0.1830126941204071
62.07397077755109,0.91606692496788,-2.270129762978709,-1.6346644052695511,-2.37839129559875,0.91606692496788,-5.235987726842062,-0.8179814219474792,-0.4401252865791321,0.2329586148262024,-0.18301266431808472,0.6830126643180847,0.6830126643180847,0.18301266431808472
62.46347511290847,0.9220209203385517,-2.262364171034382,-1.6446047421615149,-2.3762165131929787,0.9220209203385517,-5.235987726842062,-0.8098204135894775,-0.4400135576725006,0.23610353469848633,-0.18301266431808472,0.6830127835273743,0.6830126047134399,0.18301264941692352
62.90770065600111,0.9150740372237252,-2.2661072458516758,-1.6313263553961619,-2.385751825141038,0.9150740372237252,-5.235987726842062,-0.8193424940109253,-0.44013339281082153,0.23907455801963806,-0.18301266431808472,0.6830127239227295,0.6830126643180847,0.18301266431808472
63.107240242902776,0.9081373446921961,-2.2698448298445117,-1.6180674470795104,-2.3952731494648534,0.9081373446921961,-5.235987726842062,-0.8288567662239075,-0.4401121735572815,0.24207760393619537,-0.18301266431808472,0.6830126643180847,0.6830126643180847,0.1830126792192459
63.31602669315792,0.9015160142777517,-2.2750200747946883,-1.6057860744544172,-2.4023792539194613,0.9015160142777517,-5.235987726842062,-0.8379946947097778,-0.4400269091129303,0.24301233887672424,-0.18301264941692352,0.6830126047134399,0.6830127239227295,0.1830126792192459
63.542869230202484,0.8959319155375165,-2.285010422141776,-1.5967400240807028,-2.4014348561027545,0.8959319155375165,-5.235987726842062,-0.8458811044692993,-0.4400763511657715,0.23689588904380798,-0.18301266431808472,0.6830126643180847,0.6830126643180847,0.18301266431808472
63.742396784416485,0.8903682095927122,-2.294964285336414,-1.5877270093432319,-2.4004939071705285,0.8903682095927122,-5.235987726842062,-0.8537294268608093,-0.44001689553260803,0.23073728382587433,-0.18301266431808472,0.6830127239227295,0.6830127239227295,0.18301263451576233
63.94179533182745,0.8850568001773123,-2.3050389226882486,-1.57884096920057,-2.3993054950838038,0.8850568001773123,-5.235987726842062,-0.8613532781600952,-0.4400312304496765,0.22431263327598572,-0.18301266431808472,0.6830126047134399,0.6830127239227295,0.1830126941204071
64.13123520969515,0.879322592466254,-2.31410921158444,-1.5683702433654494,-2.4007060906482764,0.879322592466254,-5.235987726842062,-0.8696812391281128,-0.4400634169578552,0.21980012953281403,-0.1830126792192459,0.6830126643180847,0.6830127239227295,0.1830127239227295
64.33078880368834,0.8725725281719411,-2.3209318230156444,-1.554378566274149,-2.4078751563083722,0.8725725281719411,-5.235987726842062,-0.879657506942749,-0.44017282128334045,0.21967285871505737,-0.18301266431808472,0.6830126047134399,0.6830127239227295,0.1830126941204071
64.53034580632215,0.8658255784569656,-2.3277512863931906,-1.540393345149261,-2.415040914055713,0.8658255784569656,-5.235987726842062,-0.8896344304084778,-0.440138578414917,0.2195412814617157,-0.1830126792192459,0.6830126047134399,0.6830127239227295,0.18301279842853546
64.72979885473018,0.8591190041391183,-2.334493279711732,-1.5263161402851986,-2.4223760972492574,0.8591190041391183,-5.235987736292721,-0.8996064066886902,-0.44002246856689453,0.2195444405078888,-0.1830127090215683,0.6830126047134399,0.6830127835273743,0.18301276862621307
64.9293566955543,0.8526049890790026,-2.3408530744884173,-1.5117392599046486,-2.430593009442009,0.8526049890790026,-5.235987794096426,-0.9095583558082581,-0.44007566571235657,0.22026152908802032,-0.18301264941692352,0.6830126643180847,0.6830127239227295,0.1830126792192459
65.12814779050424,0.8461924985295257,-2.3475710693475533,-1.4974621523743505,-2.4381519728768524,0.8461924985295257,-5.235987839422892,-0.9193739295005798,-0.4400104582309723,0.22040319442749023,-0.1830126792192459,0.6830126643180847,0.6830126643180847,0.1830126792192459
65.33018506878103,0.8406895104708348,-2.3574572148706805,-1.4858640751523657,-2.439863969994018,0.8406895104708348,-5.235987774004584,-0.9279776811599731,-0.440047025680542,0.21535176038742065,-0.18301263451576233,0.6830127239227295,0.6830127239227295,0.18301261961460114
65.54537604989055,0.835993069473963,-2.363552586640019,-1.4751727175044536,-2.444460030476952,0.835993069473963,-5.235987726842062,-0.9353466033935547,-0.44002512097358704,0.21418321132659912,-0.18301263451576233,0.6830126643180847,0.6830126047134399,0.18301261961460114
65.83323261099954,0.8333717645425549,-2.359842705170667,-1.4667965778248746,-2.4565461502824477,0.8333717645425549,-5.235987726842062,-0.9395331740379333,-0.4400612711906433,0.22324307262897491,-0.18301266431808472,0.6830127239227295,0.6830127239227295,0.1830126941204071
66.09660128394945,0.8307595650411677,-2.35614571043788,-1.4584495337124628,-2.4685902874415158,0.8307595650411677,-5.235987726842062,-0.9436509013175964,-0.4400138258934021,0.23233042657375336,-0.1830126792192459,0.6830127239227295,0.6830126047134399,0.1830126792192459
66.3375178664174,0.8251118887635377,-2.362439628529015,-1.4444103471597687,-2.476335451819918,0.8251118887635377,-5.235987726842062,-0.9527587890625,-0.4400539994239807,0.2329091578722,-0.18301266431808472,0.6830126643180847,0.6830126643180847,0.1830126792192459
66.6222627650717,0.8196758616230457,-2.370376479329191,-1.4314616948236218,-2.4813471330267736,0.8196758616230457,-5.235987726842062,-0.9615432620048523,-0.44000616669654846,0.23090101778507233,-0.1830126792192459,0.6830127239227295,0.6830126643180847,0.18301264941692352
66.93757209819532,0.8191992574123195,-2.3781580639560884,-1.4326056591544605,-2.4724215840690373,0.8191992574123195,-5.235987726842062,-0.9623336791992188,-0.4400187134742737,0.22095391154289246,-0.18301266431808472,0.6830127239227295,0.6830126643180847,0.18301266431808472
67.12769381594634,0.8171965057158512,-2.3871182582414074,-1.4294472423372957,-2.4666198462237063,0.8171965057158512,-5.235987707030651,-0.9656403064727783,-0.4400463402271271,0.21204149723052979,-0.18301266431808472,0.6830126643180847,0.6830126643180847,0.1830126792192459
67.32732904967642,0.813381559346161,-2.397475836768359,-1.4211793294173525,-2.464530267292446,0.813381559346161,-5.235987663692776,-0.9719620943069458,-0.4400835335254669,0.2043169140815735,-0.18301263451576233,0.6830127239227295,0.6830126643180847,0.18301266431808472
67.58384934744119,0.8095788972145561,-2.4078000635916994,-1.4129380394170878,-2.4624474168660195,0.8095788972145561,-5.235987620494452,-0.978229284286499,-0.4400325119495392,0.1965566724538803,-0.1830126792192459,0.6830126643180847,0.6830126643180847,0.1830126941204071
67.80142457895275,0.7992599051988456,-2.4142389377710107,-1.3988268122711907,-2.4647839425987095,0.8193176805921247,-5.2247094852394635,-0.9854562878608704,-0.4357304573059082,0.19563741981983185,-0.1713753342628479,0.6874443888664246,0.6812092661857605,0.1844034045934677
68.00097759552594,0.7862067582400726,-2.4190201036393697,-1.382263154121629,-2.468984943867271,0.8347637904711911,-5.208684871321253,-0.9930433630943298,-0.4295680522918701,0.197641059756279,-0.1547393649816513,0.6934279203414917,0.6785801649093628,0.18639303743839264
68.20056134574409,0.7731987021137414,-2.42378475343312,-1.3657567135255513,-2.473171433183665,0.8501565432590796,-5.192715612880416,-1.0005570650100708,-0.42331576347351074,0.199650377035141,-0.13805031776428223,0.6990227699279785,0.675882875919342,0.18839216232299805
68.400178791213,0.7602357024512202,-2.42853289974096,-1.3493074468712312,-2.4773434216090315,0.8654959796250381,-5.1768016677245186,-1.0079972743988037,-0.41697537899017334,0.2016654759645462,-0.12131767719984055,0.7042308449745178,0.6731184720993042,0.19040067493915558
68.59972586594816,0.7473245413543002,-2.433262058383887,-1.3329239602377976,-2.481498726403965,0.8807740741411899,-5.160951361858245,-1.0153597593307495,-0.41055193543434143,0.20368556678295135,-0.10455980151891708,0.7090514302253723,0.6702900528907776,0.19241772592067719
68.7992182720482,0.7344649203094092,-2.4379723387028056,-1.3166058748294875,-2.4856374436415343,0.8959911800459875,-5.145164328813285,-1.022645115852356,-0.40404707193374634,0.2057112455368042,-0.08778578788042068,0.7134875655174255,0.6673986315727234,0.19444352388381958
68.9987415980577,0.7216514673500067,-2.442665708365984,-1.3003463739439645,-2.4897613022257605,0.9111536541195794,-5.129433973728639,-1.0298562049865723,-0.39745959639549255,0.207743301987648,-0.0709974467754364,0.7175436019897461,0.6644445657730103,0.1964787095785141
69.19830359258052,0.7088841897632387,-2.4473421647042537,-1.2841454668281784,-2.4938702998113604,0.9262614877389057,-5.113760305550325,-1.0369929075241089,-0.3907909095287323,0.20978255569934845,-0.054203812032938004,0.7212226390838623,0.6614290475845337,0.19852332770824432
69.39790345467921,0.6961630469315175,-2.4520017225952087,-1.2680031019408546,-2.4979644494706266,0.9413147289677575,-5.098143274414417,-1.0440551042556763,-0.3840426802635193,0.2118287831544876,-0.03741353377699852,0.7245272397994995,0.6583534479141235,0.2005774974822998
69.59754569195505,0.6834885216652221,-2.456644205192873,-1.2519198919393153,-2.502043595816737,0.9563128064847369,-5.082583473040045,-1.0510425567626953,-0.37721627950668335,0.21388264000415802,-0.020636186003684998,0.7274604439735413,0.6552189588546753,0.20264121890068054
69.79700982310172,0.6708743782249327,-2.4612645708614567,-1.2359133028421119,-2.506103308984897,0.9712394327017245,-5.067097799035301,-1.0579472780227661,-0.37032079696655273,0.21594224870204926,-0.003898204304277897,0.7300230264663696,0.6520307660102844,0.2047121822834015
69.99651539810296,0.6583072655874205,-2.4658677098742996,-1.21996639300403,-2.5101478858443382,0.986110406212917,-5.0516698621003355,-1.064777135848999,-0.363350510597229,0.21800969541072845,0.01280944887548685,0.7322216629981995,0.6487866044044495,0.20679274201393127
70.19606215618845,0.6457871733313089,-2.47045362604859,-1.2040791492009693,-2.514177329749057,1.0009257393501856,-5.036299649441409,-1.0715314149856567,-0.3563065230846405,0.22008556127548218,0.02947916090488434,0.7340602874755859,0.6454877853393555,0.20888254046440125
70.39566686116453,0.6333139390692606,-2.475022378864298,-1.188251365373169,-2.5181916929615014,1.015685624270461,-5.020986961704725,-1.078210711479187,-0.3491899371147156,0.22217033803462982,0.04610297083854675,0.7355426549911499,0.6421356201171875,0.2109818011522293
70.59533215798731,0.6208873910282338,-2.4795740312392334,-1.1724828235509737,-2.5221910307647963,1.030390264237009,-5.00573158801419,-1.0848146677017212,-0.3420017957687378,0.22426412999629974,0.06267333030700684,0.7366726994514465,0.6387314200401306,0.21309061348438263
70.79477991648312,0.6085248245770479,-2.4841022481472645,-1.1567954705168415,-2.526169776848644,1.045019193214472,-4.990554760920758,-1.0913339853286743,-0.3347536027431488,0.22636429965496063,0.079159677028656,0.737453818321228,0.6352810859680176,0.21520587801933289
70.99427995942827,0.596209861049786,-2.4886130288404256,-1.1411685227291442,-2.530133202493334,1.0595917924811136,-4.975436373258035,-1.0977774858474731,-0.3274371027946472,0.2284739911556244,0.09557659178972244,0.7378919720649719,0.6317815780639648,0.21733026206493378
71.19384046383496,0.5839422881172445,-2.4931064510916205,-1.1256017107548975,-2.5340813760345147,1.0741083132913034,-4.96037616436141,-1.1041446924209595,-0.32005295157432556,0.23059388995170593,0.11191698908805847,0.7379918694496155,0.6282340884208679,0.2194640338420868
71.39346925281282,0.5717219129752813,-2.497582585522025,-1.1100947899372444,-2.5380143595239235,1.0885689837949255,-4.945373897536087,-1.1104360818862915,-0.31260234117507935,0.232723668217659,0.12817423045635223,0.7377579212188721,0.6246398687362671,0.22160682082176208
71.59306419752832,0.5595552455965654,-2.5020390476293253,-1.094656021039831,-2.5419300578037003,1.1029661005811875,-4.9304375647091465,-1.1166479587554932,-0.3050903081893921,0.23486313223838806,0.1443331092596054,0.7371954321861267,0.6210018396377563,0.2237575501203537
71.79252253584858,0.5474486090454312,-2.5064735213728393,-1.0792934276508706,-2.5458264358702283,1.1172921814125274,-4.915574928350821,-1.122776985168457,-0.2975218892097473,0.23701095581054688,0.1603783369064331,0.7363100647926331,0.6173237562179565,0.22591519355773926
71.99204371981617,0.5353895831548747,-2.510890556067667,-1.0639912493256931,-2.5497074910076476,1.1315619233780734,-4.900770740921062,-1.1288288831710815,-0.28989067673683167,0.2391698658466339,0.17632031440734863,0.7351064682006836,0.6136027574539185,0.2280815690755844
72.19164643176194,0.523377883078269,-2.5152902560487225,-1.0487491246110672,-2.553573314890484,1.1457756635438456,-4.886024652729695,-1.1348040103912354,-0.28219708800315857,0.2413400411605835,0.1921531707048416,0.7335897088050842,0.6098401546478271,0.23025697469711304
72.39133463912006,0.5114131912695578,-2.5196727376282158,-1.033566650560152,-2.5574240097171868,1.159933777669904,-4.871336273943297,-1.140702247619629,-0.274442195892334,0.24352198839187622,0.2078709900379181,0.7317649126052856,0.606036901473999,0.23244118690490723
72.59075641371604,0.4995167787362367,-2.5240302095650504,-1.018470818801692,-2.5612527296650778,1.174011095249852,-4.856731717780685,-1.1465129852294922,-0.2666407525539398,0.24571183323860168,0.22344064712524414,0.7296413779258728,0.6022012829780579,0.23463019728660583
72.79025509693022,0.48766780401489024,-2.528370305764969,-1.0034351827725372,-2.5650661823131435,1.1880322785000097,-4.842185398350136,-1.1522457599639893,-0.258780300617218,0.24791362881660461,0.23888376355171204,0.7272214293479919,0.5983277559280396,0.23682764172554016
72.98984963186379,0.47586584016178834,-2.532693182610857,-0.9884592007067811,-2.5688645050681838,1.201997832633395,-4.82769679151686,-1.1579010486602783,-0.25086143612861633,0.2501281797885895,0.25419554114341736,0.7245104312896729,0.5944175124168396,0.23903369903564453
73.18930336945053,0.46402470469565965,-2.5372708727822983,-0.9732883816557063,-2.5731336487856007,1.2162165066699377,-4.813621311999005,-1.1634531021118164,-0.242857426404953,0.25226476788520813,0.2692622244358063,0.7214013338088989,0.590507447719574,0.2416171282529831
73.38884139173027,0.45002080434810465,-2.5488953535151366,-0.9515982383598266,-2.5900171886534378,1.2383725327821198,-4.808887148348344,-1.1682569980621338,-0.23411564528942108,0.25205886363983154,0.28132644295692444,0.7150917053222656,0.5874618887901306,0.25374725461006165
73.58838082962032,0.4360450049987634,-2.5604965079242934,-0.9299516197008613,-2.606866849079698,1.260484099391253,-4.804162484531371,-1.1729909181594849,-0.22533512115478516,0.251878947019577,0.2932787239551544,0.7085021734237671,0.5842794179916382,0.265762597322464
73.78792287521358,0.42210167753505834,-2.5720707077851053,-0.9083552955909184,-2.623677360385919,1.2825442911742153,-4.79944879817188,-1.1776562929153442,-0.2165173888206482,0.2517226040363312,0.3051098883152008,0.7016385793685913,0.5809630155563354,0.2776566445827484
73.98747263215776,0.40819477690418554,-2.5836146701402285,-0.8868153917070797,-2.6404439543641733,1.304546850880443,-4.79474742628076,-1.1822535991668701,-0.20766319334506989,0.251587450504303,0.31681138277053833,0.694506824016571,0.5775159001350403,0.28942379355430603
74.18703328557606,0.39432809009727837,-2.595125251450766,-0.865337773585253,-2.6571620652996097,1.3264857869881201,-4.7900596490896135,-1.1867834329605103,-0.19877341389656067,0.25147098302841187,0.3283747732639313,0.6871139407157898,0.5739409327507019,0.30105844140052795
74.38660531975623,0.3805058624294393,-2.606598927728229,-0.8439290166430453,-2.673826574907679,1.348354382846176,-4.785386901771208,-1.1912463903427124,-0.18984903395175934,0.25137123465538025,0.33979156613349915,0.6794669032096863,0.5702417492866516,0.3125552833080292
74.58618350066538,0.3667320621355881,-2.618032404985284,-0.8225952671384208,-2.6904326989603584,1.3701463601811068,-4.780730525828488,-1.195642113685608,-0.18089085817337036,0.25128570199012756,0.35105395317077637,0.6715730428695679,0.5664218068122864,0.3239089846611023
74.78572873138185,0.353013702440823,-2.629419861622376,-0.8013473876063567,-2.706971982094313,1.3918506231414323,-4.776092892154881,-1.1999702453613281,-0.17190155386924744,0.2512119710445404,0.3621520400047302,0.6634423732757568,0.5624857544898987,0.3351118266582489
74.98525360338684,0.33935322982889216,-2.6407592668407642,-0.7801891673185388,-2.7234414747522844,1.41346330106566,-4.771474827809575,-1.2042311429977417,-0.16288124024868011,0.2511477470397949,0.37307965755462646,0.6550818681716919,0.5584371089935303,0.3461606502532959
75.18478326238986,0.3257525223302302,-2.6520490617084325,-0.7591235150895276,-2.7398389127220955,1.434981422660771,-4.766876967680223,-1.2084249258041382,-0.15382921695709229,0.2510906159877777,0.3838314712047577,0.6464992761611938,0.5542793273925781,0.3570525646209717
75.3843182858109,0.3122148179047632,-2.663286558431135,-0.7381554460803167,-2.7561603922180753,1.456399865045076,-4.762300406392736,-1.212551474571228,-0.14474602043628693,0.2510386109352112,0.39440152049064636,0.6377025842666626,0.550016462802887,0.3677835464477539
75.58386292048093,0.2987432198469619,-2.6744691809989103,-0.7172897668733648,-2.772402171811435,1.4777137183954805,-4.757746193047974,-1.2166105508804321,-0.13563193380832672,0.25098884105682373,0.4047842025756836,0.6287004947662354,0.5456523299217224,0.3783503770828247
75.7834156762838,0.2853406538961959,-2.685594500788299,-0.6965310090423474,-2.788560724139364,1.4989183538045907,-4.753215316722452,-1.2206015586853027,-0.1264873892068863,0.25093966722488403,0.4149743318557739,0.6195016503334045,0.5411909818649292,0.3887496888637543
75.98297515623565,0.2720099865916148,-2.6966601383172772,-0.6758836124678247,-2.8046325932126868,1.5200092360276052,-4.748708746479439,-1.2245237827301025,-0.11731277406215668,0.2508890628814697,0.42496705055236816,0.6101147532463074,0.5366365313529968,0.3989787697792053
76.18254434056874,0.25875382310504325,-2.707663931061911,-0.6553516122078011,-2.8206146381548423,1.5409822433374663,-4.744227363024271,-1.2283767461776733,-0.10810835659503937,0.25083404779434204,0.4347580373287201,0.6005486249923706,0.5319933891296387,0.4090350866317749
76.38211739920374,0.24557455496096858,-2.7186038938445263,-0.6349387124095165,-2.836503975669176,1.5618335920255157,-4.739771974836588,-1.23215913772583,-0.0988745391368866,0.25077372789382935,0.4443436861038208,0.590812087059021,0.5272654294967651,0.41891637444496155
76.58169520758386,0.23247454203312287,-2.7294780677603856,-0.6146485681974819,-2.8522977606181725,1.5825595484587855,-4.735343379696161,-1.2358704805374146,-0.08961173892021179,0.2507050633430481,0.4537200927734375,0.5809139609336853,0.5224568247795105,0.42862075567245483
76.781275698173,0.21945583115066936,-2.7402847537595396,-0.5944843498326071,-2.867993525280631,1.603156874282298,-4.730942269554804,-1.2395094633102417,-0.08032020181417465,0.2506271302700043,0.4628848731517792,0.5708629488945007,0.5175718069076538,0.43814659118652344
76.98085885234471,0.2065201186655689,-2.751022543719237,-0.574448684734125,-2.883589224481618,1.6236228856424548,-4.7265692178818774,-1.243074893951416,-0.07100015878677368,0.2505372166633606,0.47183510661125183,0.5606677532196045,0.5126142501831055,0.4474928081035614
77.18039206899996,0.1936724783220591,-2.76168722598125,-0.5545494314440723,-2.899078741156531,1.6439495552035124,-4.722225939909207,-1.2465651035308838,-0.06165448576211929,0.2504342496395111,0.48056671023368835,0.5503396987915039,0.5075894594192505,0.4566561281681061
77.37992495037909,0.18091089102712005,-2.772280476572065,-0.5347834626610658,-2.91446450958701,1.6641400774381931,-4.71791175306147,-1.2499794960021973,-0.05228104069828987,0.25031641125679016,0.4890804886817932,0.5398843288421631,0.5025001168251038,0.46563804149627686
77.5794638667285,0.16823631583626963,-2.782801499390445,-0.5151522638320949,-2.929745373505752,1.6841929349935763,-4.713626981557325,-1.25331711769104,-0.04287988692522049,0.2501821219921112,0.4973749816417694,0.5293096899986267,0.49734997749328613,0.4744388163089752
77.77900470160242,0.15564978008168914,-2.793249441659461,-0.495657426155445,-2.9449200943289777,1.704106502494011,-4.7093719726970615,-1.2565762996673584,-0.03345142677426338,0.25002968311309814,0.5054497122764587,0.5186240077018738,0.49214261770248413,0.48305821418762207
78.09654057081967,0.14595732177993948,-2.8020973053161247,-0.4797018381855104,-2.95719824215247,1.7218107739159128,-4.705736870383509,-1.2592154741287231,-0.02685060165822506,0.24948115646839142,0.5121281743049622,0.5094704627990723,0.4876869320869446,0.4902305006980896
78.54103814565416,0.15224537883215875,-2.802228771019436,-0.48314945922971464,-2.953569935328423,1.7276669769339272,-4.705471634083761,-1.2587053775787354,-0.03644832596182823,0.24679034948349,0.5120221376419067,0.5095813870429993,0.48778945207595825,0.4901239275932312
78.74059203767057,0.15853343588437802,-2.8023602367227474,-0.4865970802739189,-2.949941628504376,1.7335231799519417,-4.705206397784012,-1.2581251859664917,-0.046039216220378876,0.24410100281238556,0.5119156837463379,0.5096918940544128,0.48789238929748535,0.4900178611278534
78.94009116791959,0.16482188341942663,-2.8024917105899636,-0.490044915412367,-2.946313096365657,1.7393797466350285,-4.704941145013322,-1.2574750185012817,-0.05562331900000572,0.24141362309455872,0.5118086934089661,0.5098021030426025,0.4879954755306244,0.4899123013019562
79.13971772172327,0.1711164868299898,-2.8026233131593363,-0.4934961256992581,-2.942681012190919,1.7452420464176195,-4.704675632581877,-1.2567545175552368,-0.06520877033472061,0.23872533440589905,0.511701226234436,0.5099120140075684,0.4880990982055664,0.4898069500923157
79.33927630760546,0.17741109024055285,-2.802754915728709,-0.49694733598614915,-2.939048928016181,1.7511043462002103,-4.704410120150431,-1.2559642791748047,-0.07478572428226471,0.2360389679670334,0.5115931630134583,0.5100215673446655,0.4882029891014099,0.48970210552215576
79.53876361005779,0.18370569365111603,-2.802886518298082,-0.5003985462730403,-2.935416843841443,1.756966645982801,-4.704144607718987,-1.2551041841506958,-0.08435351401567459,0.23335464298725128,0.5114846229553223,0.5101309418678284,0.4883072078227997,0.4895976185798645
79.73839536064143,0.1900069859085584,-2.803018260712554,-0.5038534239263486,-2.9317809000979107,1.7628351752326115,-4.703878813145541,-1.2541733980178833,-0.09392188489437103,0.23066912591457367,0.5113755464553833,0.5102400183677673,0.4884118437767029,0.4894936680793762
79.93795899429198,0.19630846669475985,-2.803150007068635,-0.5073084049463584,-2.9281448475703487,1.7687038800633172,-4.70361301061977,-1.2531731128692627,-0.10348034650087357,0.22798596322536469,0.5112659335136414,0.5103486180305481,0.48851683735847473,0.4893900752067566
80.13744989164944,0.20260994748096145,-2.803281753424716,-0.5107633859663684,-2.9245087950427866,1.774572584894023,-4.703347208094,-1.252103328704834,-0.11302798986434937,0.22530461847782135,0.5111558437347412,0.5104569792747498,0.4886220693588257,0.48928695917129517
80.337070540868,0.2089178376586259,-2.8034136337832645,-0.5142218811327521,-2.920869044196557,1.780447258929098,-4.703081135213927,-1.2509626150131226,-0.12257403880357742,0.22262269258499146,0.5110450387001038,0.5105652213096619,0.488727867603302,0.4891842305660248
80.53664169960494,0.21522652896436673,-2.803545530891162,-0.5176808155422903,-2.9172288310869527,1.786322679072012,-4.702815028541502,-1.249752402305603,-0.13210944831371307,0.2199425846338272,0.5109338760375977,0.510672926902771,0.4888339042663574,0.48908188939094543
80.92448425664345,0.22153522027010772,-2.8036774279990597,-0.5211397499518285,-2.913588617977349,1.792198099214926,-4.7025489218690755,-1.248473048210144,-0.14163236320018768,0.21726462244987488,0.5108221769332886,0.5107804536819458,0.48894020915031433,0.4889799654483795
81.19028178899568,0.22036074556374335,-2.78359926713464,-0.5439894161646855,-2.8821952408218405,1.7899117235428748,-4.697072152122617,-1.247435212135315,-0.1392212212085724,0.2235763967037201,0.5172398686408997,0.5179322957992554,0.4817740023136139,0.48177051544189453
81.38983685447853,0.2174289493992599,-2.758847031796466,-0.5713084003236811,-2.8443995312470958,1.7857129402744434,-4.690391565890705,-1.246316909790039,-0.1339873969554901,0.2319973260164261,0.5251476168632507,0.5264801383018494,0.47278305888175964,0.47277355194091797
81.58938731922787,0.21451221941606957,-2.734221995500822,-0.5984869951974089,-2.806798049708888,1.7815357340960902,-4.683745310464097,-1.2450368404388428,-0.12875477969646454,0.2403956651687622,0.5329882502555847,0.5347258448600769,0.4636841416358948,0.4636686444282532
81.7889420494346,0.21161108593901665,-2.70972863561401,-0.6255202591271696,-2.7693976329730323,1.7773808645146019,-4.677134594276345,-1.2435942888259888,-0.12352555245161057,0.24876999855041504,0.5407567620277405,0.5426692366600037,0.4544829726219177,0.4544639587402344
81.98850097059291,0.2087260869279089,-2.6853714939619335,-0.6524031793103526,-2.7322052162326735,1.7732491019712073,-4.670560643158539,-1.241990327835083,-0.11830196529626846,0.25711870193481445,0.5484476685523987,0.5503102540969849,0.4451848268508911,0.4451676309108734
82.18806497677248,0.20585767342831104,-2.661154378580807,-0.6791315528263093,-2.6952266142123724,1.7691410924325646,-4.664024484893178,-1.2402245998382568,-0.11308599263429642,0.2654397785663605,0.5560562610626221,0.5576490163803101,0.4357961118221283,0.43578749895095825
82.38764120190423,0.2030062244553944,-2.6370804893768276,-0.7057018479460654,-2.6584667130455903,1.7650573787067236,-4.657526983129502,-1.238297700881958,-0.10787954181432724,0.2737317383289337,0.5635777711868286,0.5646870136260986,0.4263215959072113,0.4263313412666321
82.58718211128395,0.20017283329206367,-2.6131590565946063,-0.7321038772702659,-2.621939606960176,1.7609995265430447,-4.651070629094841,-1.2362103462219238,-0.10268586128950119,0.2819906771183014,0.5710061192512512,0.5714238882064819,0.416769415140152,0.41680917143821716
82.77144474833291,0.19601952273141476,-2.5965693319736167,-0.74893407589358,-2.595456000222585,1.7558874152921078,-4.647182386661296,-1.2357406616210938,-0.09586267918348312,0.2881636321544647,0.5765737891197205,0.5766185522079468,0.4092214107513428,0.40940362215042114
82.97107810079139,0.18991538206807776,-2.5905348695271586,-0.7519497655633383,-2.583405128633649,1.7492044041721233,-4.647005005241925,-1.2378004789352417,-0.0866292268037796,0.29134705662727356,0.5795427560806274,0.5798496007919312,0.4047057628631592,0.40511468052864075
83.17055728211086,0.1838289078083713,-2.5845178718239223,-0.7549567273229992,-2.5713891342818753,1.7425407348036523,-4.646828137194039,-1.2398195266723633,-0.07740451395511627,0.2945576608181,0.582521915435791,0.5829936861991882,0.4002193510532379,0.40076303482055664
83.3700902007429,0.17775395773184652,-2.5785122667563525,-0.7579579956751702,-2.5593958911180823,1.735889682484591,-4.64665160402965,-1.2417988777160645,-0.06817925721406937,0.29779961705207825,0.5855136513710022,0.5860543251037598,0.3957580626010895,0.39634519815444946
83.56969220488351,0.1716902980758359,-2.5725178232301613,-0.7609536861079599,-2.547424937645059,1.7292509912839913,-4.646475398955801,-1.2437381744384766,-0.05895312502980232,0.30107375979423523,0.5885173082351685,0.5890310406684875,0.3913227319717407,0.3918624520301819
83.7692558199076,0.165641613856526,-2.566538184197408,-0.7639419780759615,-2.5354835488683003,1.7226286956770578,-4.646299629056103,-1.245635747909546,-0.04973161593079567,0.3043793737888336,0.5915301442146301,0.5919223427772522,0.3869161605834961,0.3873186409473419
83.98533877409454,0.1596089412397279,-2.560574373996163,-0.7669223596718152,-2.5235737703994365,1.716023930091717,-4.646124324440698,-1.2474901676177979,-0.040516383945941925,0.3077164590358734,0.5945510864257812,0.5947274565696716,0.3825400471687317,0.38271573185920715
84.1573287195169,0.15762075176023785,-2.5462655120688664,-0.7826163324781289,-2.5005143682097724,1.7121658220237892,-4.643327815244935,-1.2464187145233154,-0.036711595952510834,0.3126726448535919,0.598709225654602,0.5987885594367981,0.37635770440101624,0.3759711682796478
84.42803199732364,0.16156818881669727,-2.519828883350187,-0.816826386059407,-2.4612768914100975,1.7123549224017591,-4.636710936295172,-1.2408612966537476,-0.040806856006383896,0.3198769986629486,0.604393482208252,0.6046419143676758,0.3674173653125763,0.36622554063796997
84.62757452720464,0.16547035913950986,-2.4936954133174125,-0.8506441401913567,-2.4224893653976953,1.7125418542951352,-4.630169935565304,-1.2350152730941772,-0.04475586488842964,0.3269319534301758,0.6098800301551819,0.610268771648407,0.35839831829071045,0.3566076159477234
84.82712216073335,0.16932679948045715,-2.467868204419292,-0.8840655801813692,-2.3841563948542785,1.7127265955121986,-4.6237055895737,-1.2288947105407715,-0.048557769507169724,0.33383357524871826,0.6151708960533142,0.615673303604126,0.3493100702762604,0.34712183475494385
85.02665668124021,0.17313728515653679,-2.4423487613944754,-0.9170887588375221,-2.3462802131261844,1.712909135289601,-4.617318274944537,-1.2225141525268555,-0.052212316542863846,0.34057655930519104,0.6202687621116638,0.6208599209785461,0.3401614725589752,0.33777183294296265
85.22619252422513,0.17690195407125064,-2.4171361606807578,-0.9497148712862026,-2.308859449454265,1.713089480233554,-4.611007760517503,-1.215887427330017,-0.055719826370477676,0.34715837240219116,0.6251769065856934,0.6258333325386047,0.33096036314964294,0.3285600244998932
85.4257303416139,0.18062084135282794,-2.3922301670186674,-0.9819442219625637,-2.2718937546643456,1.7132676320268607,-4.604773987409014,-1.2090275287628174,-0.05908084288239479,0.35357582569122314,0.629898726940155,0.6305983066558838,0.32171469926834106,0.3194887042045593
85.62527136275233,0.18429430633273444,-2.3676283739068698,-1.0137799249754618,-2.2353795570059836,1.7134436078831503,-4.598616353290831,-1.2019479274749756,-0.06229633092880249,0.35982733964920044,0.6344379186630249,0.6351600885391235,0.3124311566352844,0.310558944940567
85.82482033738555,0.18792285212415363,-2.343327411914453,-1.045226340503088,-2.199311855540195,1.7136174319038564,-4.592534014821062,-1.1946601867675781,-0.06536754965782166,0.3659105896949768,0.6387980580329895,0.6395240426063538,0.30311650037765503,0.30177199840545654
86.02439397344054,0.19150715260267617,-2.3193227679868627,-1.076289308618313,-2.163683951951724,1.7137891363707174,-4.58652584241787,-1.1871763467788696,-0.06829620897769928,0.3718257546424866,0.6429836750030518,0.643695592880249,0.29377588629722595,0.2931273579597473
86.21775609770478,0.1939473381672532,-2.2970767905036027,-1.102390812935675,-2.1332453181923916,1.7097410137279243,-4.58139336994318,-1.1806894540786743,-0.06874599307775497,0.37898048758506775,0.6463931798934937,0.6479828357696533,0.2859402000904083,0.2837820053100586
86.4173119454986,0.19560675830713828,-2.2759678051579297,-1.1251595160700396,-2.1062817938863225,1.7027686465562097,-4.576847343349606,-1.1748775243759155,-0.06749682873487473,0.38699406385421753,0.6493085622787476,0.6522950530052185,0.27910900115966797,0.2738751769065857
86.61685045206607,0.19726111084847367,-2.254923283211821,-1.1478586872973195,-2.0794006117872588,1.6958175718570392,-4.57231519958005,-1.168926477432251,-0.0661977082490921,0.3948957324028015,0.6521776914596558,0.6564214825630188,0.27220767736434937,0.26396602392196655
86.8164369776255,0.1989107950421328,-2.2339381459147947,-1.1704938046904831,-2.052595284562445,1.6888861121024517,-4.567795844875887,-1.162837266921997,-0.06484821438789368,0.4026859402656555,0.6550006866455078,0.660363495349884,0.26523557305336,0.25405552983283997
87.01596328386725,0.20055474857164338,-2.213025906675725,-1.1930502923336366,-2.0258830735403004,1.6819787308157703,-4.563292189481978,-1.1566156148910522,-0.0634492039680481,0.4103580117225647,0.6577751040458679,0.6641194224357605,0.25819844007492065,0.2441532164812088
87.21551449367465,0.20219366099590028,-2.192177793822957,-1.2155376115810164,-1.9992527742418775,1.6750925306850457,-4.558802344332983,-1.1502615213394165,-0.062000077217817307,0.41791296005249023,0.6605016589164734,0.667691171169281,0.2510952353477478,0.23425869643688202
87.41510126137794,0.20382740872630503,-2.1713953794899425,-1.237954066688404,-1.9727063948290031,1.6682280309911186,-4.554326648003224,-1.1437777280807495,-0.0605008602142334,0.4253493547439575,0.6631795763969421,0.6710795760154724,0.24392731487751007,0.22437551617622375
87.61461097145141,0.20545507877143357,-2.150690277566454,-1.2602871306108396,-1.9462587702828023,1.661389067839916,-4.549867601657535,-1.137170433998108,-0.05895252525806427,0.4326607584953308,0.6658071875572205,0.6742833256721497,0.23670047521591187,0.21451276540756226
87.81417641186775,0.20707755399719374,-2.130051257380366,-1.2825489170447157,-1.9198955551245187,1.6545719317035583,-4.5454227866607555,-1.1304380893707275,-0.057354241609573364,0.4398501217365265,0.66838538646698,0.6773050427436829,0.229412242770195,0.2046678066253662
88.01374922835888,0.20869435918070775,-2.109484364099217,-1.304732905514376,-1.8936244711379897,1.647778619320733,-4.54099350489888,-1.1235851049423218,-0.055706627666950226,0.44691377878189087,0.6709126830101013,0.6801451444625854,0.2220660299062729,0.19484694302082062
88.21327057996453,0.21030497171353466,-2.0889962456680666,-1.3268319253725798,-1.8674540100638304,1.641011326529522,-4.536581188071942,-1.1166166067123413,-0.054010264575481415,0.45384806394577026,0.6733886003494263,0.6828033924102783,0.21466608345508575,0.18505623936653137
88.41284425327243,0.211910119144196,-2.068577647160626,-1.3488559592246383,-1.8413723501386599,1.6342669963973833,-4.532183843040985,-1.1095315217971802,-0.05226459354162216,0.4606545567512512,0.6758133172988892,0.6852824091911316,0.2072104513645172,0.1752942055463791
88.61241138869585,0.21350928234974856,-2.0482351721839835,-1.3707978842474038,-1.8153879264680672,1.6275478101174212,-4.527802891957428,-1.10233473777771,-0.050470322370529175,0.4673294723033905,0.678185760974884,0.687582790851593,0.19970327615737915,0.16556714475154877
88.8119334294802,0.21510207904243353,-2.0279736837059343,-1.3926524551167523,-1.7895069507551817,1.6208553739438663,-4.523439382108981,-1.0950309038162231,-0.04862811788916588,0.47387033700942993,0.6805053353309631,0.6897050142288208,0.19214797019958496,0.15587995946407318
89.01149847874106,0.21668914035392184,-2.0077851532899955,-1.4144283315140433,-1.7637191678911626,1.6141870360577866,-4.519091584493268,-1.0876193046569824,-0.04673745483160019,0.4802780747413635,0.6827724575996399,0.691651463508606,0.1845431625843048,0.1462317705154419
89.21107911834181,0.218270125118647,-1.9876739208009,-1.4361208323477825,-1.7380301213943878,1.6075442299307536,-4.514760433742637,-1.080103874206543,-0.044799044728279114,0.48655039072036743,0.6849864721298218,0.6934231519699097,0.17689217627048492,0.13662731647491455
89.59506203856907,0.21984442928981296,-1.967647670136571,-1.457721669564904,-1.7124496262779916,1.6009294935794813,-4.51044758465971,-1.0724906921386719,-0.04281384125351906,0.49268341064453125,0.6871463060379028,0.6950207948684692,0.16919972002506256,0.1270730197429657
89.76298011631322,0.21887294160577786,-1.9607164925982432,-1.470467646543764,-1.6862748974009714,1.6034608835445125,-4.509582459988193,-1.0724672079086304,-0.04252295196056366,0.4914742708206177,0.6893167495727539,0.695797860622406,0.16013777256011963,0.12273400276899338
89.99655412418632,0.2156864509946658,-1.9650407605998947,-1.4756960278564335,-1.6592827092167262,1.613938890975899,-4.511691827417901,-1.0790563821792603,-0.04368579760193825,0.4840724468231201,0.6914467811584473,0.6959699392318726,0.1498129963874817,0.12281345576047897
90.19613839594511,0.21245261531302542,-1.9694292788374665,-1.4810020927753669,-1.6318894694653308,1.6245725812764282,-4.513832535956659,-1.085689902305603,-0.044806286692619324,0.47670185565948486,0.693470299243927,0.6961328983306885,0.1393115520477295,0.12284212559461594
90.39565117938308,0.20917005072174427,-1.973883925267596,-1.486388111898359,-1.6040834558948474,1.6353665048679513,-4.516005501667155,-1.0923641920089722,-0.045881740748882294,0.46936628222465515,0.6953814625740051,0.6962864398956299,0.12863017618656158,0.12281712889671326
90.59333541487283,0.20975209831939337,-1.9787134163180793,-1.4905453930544086,-1.5851009104487304,1.6420644226142256,-4.514947307172976,-1.0969167947769165,-0.049510035663843155,0.4621365964412689,0.6963664293289185,0.6963661313056946,0.12277616560459137,0.12277598679065704
90.80584269979157,0.2149271184205162,-1.9839234866798166,-1.4931833023621615,-1.57688101501719,1.6437948841564836,-4.510056751273066,-1.0988737344741821,-0.05619388446211815,0.4549908936023712,0.6963678598403931,0.6963671445846558,0.12276928126811981,0.12276895344257355
91.00539320179381,0.22010488546423226,-1.9891363225891094,-1.4958226118935452,-1.5686567563985643,1.645526264241747,-4.505163599426464,-1.1007416248321533,-0.06289160251617432,0.4478352963924408,0.6963686943054199,0.6963677406311035,0.1227654367685318,0.12276510894298553
91.20755605832167,0.22528668641002159,-1.9943532197219769,-1.4984639776619322,-1.560426090412899,1.6472589932130564,-4.5002666354161995,-1.1025205850601196,-0.06960377842187881,0.44066905975341797,0.6963686943054199,0.6963680386543274,0.12276444584131241,0.1227642297744751
91.40048277339945,0.2306484534891081,-1.9942740671608838,-1.5038929581832776,-1.5546928789884813,1.6490523840220974,-4.495199011848093,-1.1007717847824097,-0.07573723793029785,0.4370986819267273,0.6963678598403931,0.6963678002357483,0.12276729196310043,0.12276730686426163
91.6638407997147,0.23634467046511198,-1.984501272733916,-1.514429333377741,-1.553525455786943,1.6509584959594974,-4.489814249658543,-1.0926636457443237,-0.08073875308036804,0.4400644898414612,0.696366548538208,0.6963663697242737,0.12277521193027496,0.12277527153491974
91.88848126148481,0.23833480543464225,-1.9762689718741793,-1.5206359333879107,-1.5554111484502169,1.6516555479819026,-4.487849917586498,-1.0866776704788208,-0.08170956373214722,0.444296658039093,0.6963961720466614,0.6963344216346741,0.1227763369679451,0.12278706580400467
92.19154921781431,0.2328201554737008,-1.9711833580624538,-1.5180605172096555,-1.5634664262601565,1.649904088263773,-4.492812396435847,-1.0850366353988647,-0.07469382137060165,0.4511975049972534,0.6964892148971558,0.6962416172027588,0.12275917083024979,0.12280254065990448
92.39114276554595,0.22730673952712865,-1.966098882259589,-1.5154856773328145,-1.5715199015389043,1.6481530204701489,-4.497773764830271,-1.0833046436309814,-0.06768926978111267,0.45809173583984375,0.6965817213058472,0.6961482763290405,0.12274511903524399,0.12282109260559082
92.59066674348126,0.2217981382312868,-1.9610188465307865,-1.5129130859630358,-1.5795663440323502,1.6464034818156126,-4.502730800655523,-1.0814824104309082,-0.060701362788677216,0.4649745523929596,0.6966731548309326,0.6960549354553223,0.1227341890335083,0.12284284085035324
92.90454092322301,0.21721134126821967,-1.9556796620772576,-1.5111905973820552,-1.5869581347405748,1.6449391083848173,-4.506880295371342,-1.0791867971420288,-0.05473305284976959,0.47153645753860474,0.6967405080795288,0.695984959602356,0.12272898852825165,0.12286224961280823
93.24673621693572,0.2240767219842629,-1.9471209036476027,-1.5200294913382117,-1.5862167584677613,1.64701752890071,-4.500997179109329,-1.0720713138580322,-0.06123824045062065,0.47415077686309814,0.6965184807777405,0.6962096095085144,0.1227615475654602,0.12281591445207596
93.45066406745026,0.22709666795167013,-1.9388564237076102,-1.5285690762559982,-1.585757793167514,1.647811139731443,-4.4987458371554805,-1.0653656721115112,-0.06320971995592117,0.4765780568122864,0.6962966918945312,0.696432888507843,0.12279660999774933,0.12277266383171082
93.7256990956623,0.22154840273804835,-1.9312476408240709,-1.536441755292712,-1.5859280822977686,1.6457419999424219,-4.504586638552973,-1.0596399307250977,-0.05530830845236778,0.4786663055419922,0.6960771083831787,0.6966535449028015,0.12283210456371307,0.12273047119379044
93.91834745430536,0.2172786395324696,-1.92288646978123,-1.5417415047588103,-1.5892971654355759,1.6442626337468997,-4.508760475875784,-1.0539491176605225,-0.04903097823262215,0.48324814438819885,0.6960257291793823,0.6967050433158875,0.12284058332443237,0.12272071838378906
94.11783596747703,0.21398244486271606,-1.9139523614774265,-1.5450819899773067,-1.5951021033305506,1.6432323751869378,-4.511664934063285,-1.0482724905014038,-0.043978650122880936,0.48970872163772583,0.6961030960083008,0.6966279149055481,0.12282687425613403,0.12273412197828293
94.31747107082195,0.21067926534687997,-1.9049993212300826,-1.5484295538963746,-1.6009193422580121,1.6421999334435817,-4.514575546982355,-1.0425177812576294,-0.038944344967603683,0.4961254596710205,0.6961801648139954,0.6965504884719849,0.12281427532434464,0.12274869531393051
94.51698307194896,0.2073734195263671,-1.8960390541478152,-1.5517798199469162,-1.6067412768222937,1.641166658320073,-4.517488509328941,-1.0366933345794678,-0.03393539413809776,0.5024893283843994,0.6962571740150452,0.6964728832244873,0.12280257046222687,0.12276437133550644
94.83186458202232,0.2040618269564117,-1.8870632108975545,-1.555135909965242,-1.6125733320035152,1.640131586992639,-4.5204065354521346,-1.0307940244674683,-0.02894778549671173,0.5088058114051819,0.6963338851928711,0.6963950395584106,0.12279199808835983,0.1227811798453331
94.98231810837046,0.20726924596480878,-1.8832920120937113,-1.5616682163882163,-1.6095837889796507,1.6412353388055665,-4.517293196137214,-1.027099609375,-0.0318298414349556,0.5079234838485718,0.6963655352592468,0.6963648200035095,0.1227826178073883,0.12278244644403458
95.20185782262044,0.21472722628055482,-1.8829143738069125,-1.570271496668362,-1.6008423396201643,1.6437336576896544,-4.510247253197709,-1.0247857570648193,-0.03979550674557686,0.5023866295814514,0.6963664293289185,0.696365237236023,0.1227787658572197,0.1227784976363182
95.40152488895612,0.2222067416517072,-1.882535645082611,-1.5788996190786375,-1.592075649164789,1.6462391905154952,-4.503180964968304,-1.0223579406738281,-0.0477408729493618,0.4968509078025818,0.6963657736778259,0.6963650584220886,0.12278101593255997,0.12278090417385101
95.6270049916307,0.22983321857893824,-1.8832401982983653,-1.5841320610728546,-1.5855959727622406,1.6487906687958378,-4.495973503120813,-1.0212129354476929,-0.05613217130303383,0.49264413118362427,0.6963649392127991,0.6963646411895752,0.12278443574905396,0.12278443574905396
95.8647495004021,0.23783390145388064,-1.8867292449015671,-1.5806326611032058,-1.5849986440751818,1.6514590585336804,-4.48840651717015,-1.0235438346862793,-0.0657908022403717,0.4918122887611389,0.6963656544685364,0.6963650584220886,0.12278156727552414,0.12278149276971817
96.21844024171304,0.2458345843288231,-1.8902182915047687,-1.577133261133557,-1.5844013153881227,1.654127448271523,-4.4808395312194875,-1.0257829427719116,-0.07548939436674118,0.49097248911857605,0.6963644623756409,0.6963646411895752,0.12278591096401215,0.12278591841459274
96.53623140331675,0.24025856251819366,-1.8989308982721311,-1.5686430343064606,-1.5846094405869058,1.6522692479178798,-4.486114472393284,-1.0330301523208618,-0.07088173925876617,0.4883645474910736,0.6963648796081543,0.6963647603988647,0.12278462201356888,0.12278453260660172
96.77704667037005,0.23528058012748168,-1.9081361320720094,-1.559622059720278,-1.5848094091256777,1.6506103323373589,-4.4908236108442425,-1.0405988693237305,-0.06696923822164536,0.4855883717536926,0.6963643431663513,0.6963646411895752,0.12278632819652557,0.12278631329536438
97.04513711528178,0.23909395020119947,-1.9177288132125847,-1.5499175640041727,-1.5846303420388146,1.6518819726321996,-4.487216513541734,-1.0479438304901123,-0.07317662984132767,0.4829350411891937,0.6963646411895752,0.6963644623756409,0.12278599292039871,0.12278589606285095
97.2445508059978,0.24259652865558265,-1.9275585596648674,-1.5398888888662918,-1.5845597852569044,1.6530494203904391,-4.483903195316486,-1.0554605722427368,-0.07912584394216537,0.48019278049468994,0.6963644623756409,0.6963645815849304,0.12278624624013901,0.12278623133897781
97.495405856714,0.24567627637973108,-1.9377108325066232,-1.5294191689475696,-1.5846368563022166,1.6540751146276846,-4.480989562327386,-1.0632340908050537,-0.08469872176647186,0.4773501753807068,0.6963644623756409,0.6963644623756409,0.12278645485639572,0.12278643250465393
97.7297369826218,0.25319782106827377,-1.9399780548685484,-1.5268868339916675,-1.584289740869699,1.6565742226261784,-4.473868979165546,-1.06442391872406,-0.09393344819545746,0.47692084312438965,0.696365475654602,0.6963648200035095,0.12278249859809875,0.12278236448764801
97.99194838651786,0.2616213163353016,-1.940644140145938,-1.5259662631520141,-1.5838564901990937,1.6593725217864828,-4.465894133377032,-1.0641988515853882,-0.10391014069318771,0.47699326276779175,0.6963647603988647,0.69636470079422,0.12278485298156738,0.12278483808040619
98.22171978562803,0.26713172670790086,-1.9324677061952409,-1.534184290022701,-1.5833500904575388,1.661199397144101,-4.460674556703705,-1.0572739839553833,-0.10859574377536774,0.47955527901649475,0.6963646411895752,0.6963646411895752,0.12278543412685394,0.12278547883033752
98.44700972329447,0.2717899684030412,-1.9216603953201221,-1.545120873031376,-1.5828211488910104,1.6627420816452654,-4.456260969003448,-1.0483360290527344,-0.11164380609989166,0.48277556896209717,0.6963644623756409,0.6963645815849304,0.12278622388839722,0.1227862611413002
98.66100618985159,0.2798402775445462,-1.9171509647575227,-1.5494168880955963,-1.5823180853687628,1.6654014445562513,-4.448628668471873,-1.04397451877594,-0.11990766227245331,0.4843578636646271,0.6963650584220886,0.69636470079422,0.12278421223163605,0.12278420478105545
98.86008713763816,0.2884649291388153,-1.9132895662190819,-1.5529821292977852,-1.5818315990968708,1.668246426530528,-4.440449104169984,-1.039999008178711,-0.12891800701618195,0.4858042597770691,0.6963649988174438,0.6963645815849304,0.12278479337692261,0.12278474122285843
99.05960267779095,0.2969531179911955,-1.9083885355443566,-1.5575545975741105,-1.5813668206687914,1.671040014570356,-4.432394772387755,-1.0351675748825073,-0.1374673992395401,0.48755961656570435,0.6963647603988647,0.6963645815849304,0.1227853074669838,0.12278532236814499
99.25935266908867,0.30544458536309055,-1.9033248642372225,-1.5622152472030673,-1.5809446942557805,1.6738257251344608,-4.424331023729232,-1.0301604270935059,-0.14591152966022491,0.4893968105316162,0.6963654160499573,0.6963648200035095,0.12278277426958084,0.12278268486261368
99.67491124295782,0.31393693180670623,-1.8982175839840587,-1.566899540959514,-1.5805340041572722,1.6766093235055144,-4.416264750117111,-1.0250515937805176,-0.15426981449127197,0.4912416338920593,0.6963648200035095,0.6963644623756409,0.12278540432453156,0.1227852925658226
99.97178824828859,0.30820920293006393,-1.895931281001366,-1.5694028284625468,-1.580859565511537,1.674726240309852,-4.421701268289281,-1.0240709781646729,-0.14722754061222076,0.4916388988494873,0.6963673830032349,0.6963654160499573,0.12277565151453018,0.12277548015117645
100.17126752274032,0.2997586066647517,-1.8941851402077583,-1.5714884957583615,-1.5813261046753748,1.6719495785103398,-4.429723308027085,-1.0238004922866821,-0.13725799322128296,0.4917610287666321,0.696368932723999,0.6963658332824707,0.12277031689882278,0.122769795358181
100.3709022163033,0.2912914501261201,-1.8924355775764614,-1.5735782502474804,-1.581793558096127,1.6691674754050458,-4.437761068214246,-1.023434042930603,-0.1272837370634079,0.49188336730003357,0.6963682770729065,0.6963655352592468,0.12277289479970932,0.12277226895093918
100.57859529979835,0.2828205540092344,-1.8906852422387264,-1.5756689276911247,-1.5822612179709163,1.6663841435646713,-4.445802378333793,-1.0229718685150146,-0.11732089519500732,0.49200552701950073,0.6963652968406677,0.69636470079422,0.12278350442647934,0.12278318405151367
100.78064941581984,0.2742364688722429,-1.8942156432843924,-1.5724600310383354,-1.5826936394435112,1.6635461832444878,-4.453938790199317,-1.0266097784042358,-0.10841937363147736,0.4907069206237793,0.6963663101196289,0.6963651776313782,0.12277945131063461,0.1227792277932167
100.98025548052688,0.26563615878849944,-1.8990829298535679,-1.5679089917577185,-1.5831164737069732,1.6606984857679523,-4.462087484346756,-1.0312284231185913,-0.0997316986322403,0.48903393745422363,0.6963667273521423,0.6963652968406677,0.12277800589799881,0.12277772277593613
101.27500429650921,0.25706163416429856,-1.9039356233185776,-1.563371597408285,-1.5835380402282624,1.6578593262612522,-4.470211747070071,-1.0357542037963867,-0.09099724888801575,0.48734918236732483,0.6963648796081543,0.69636470079422,0.12278474122285843,0.12278471142053604
101.53156021217399,0.2574220290714595,-1.913925123411557,-1.5533252205033796,-1.5835696587651298,1.6579800021675772,-4.469871369780271,-1.0435899496078491,-0.0934787169098854,0.48453623056411743,0.6963644623756409,0.6963645815849304,0.12278630584478378,0.1227862760424614
101.77521820007019,0.25933183235048723,-1.924804572821422,-1.5423243586259772,-1.5835336522476413,1.6586139443410195,-4.468063135410523,-1.0519638061523438,-0.09793403744697571,0.48144078254699707,0.6963643431663513,0.6963645815849304,0.1227865219116211,0.12278644740581512
102.01811576605878,0.2669436313576747,-1.928669159619096,-1.538082026766761,-1.583245281064441,1.6611313657176199,-4.460848770543123,-1.054322600364685,-0.10756339877843857,0.48063814640045166,0.6963667869567871,0.696365237236023,0.12277787178754807,0.12277745455503464
102.21778137953125,0.27459045984167857,-1.932483400767897,-1.5338884852990087,-1.5829553329180948,1.663660356308653,-4.453601192453422,-1.056549072265625,-0.11726265400648117,0.4798424243927002,0.6963673233985901,0.696365475654602,0.12277553975582123,0.12277524173259735
102.41723977373086,0.28221499545775114,-1.9362865222251338,-1.5297071693004558,-1.58266623006019,1.666181974110645,-4.446374743293383,-1.0586787462234497,-0.12697237730026245,0.47903937101364136,0.6963661909103394,0.6963651180267334,0.12277986109256744,0.12277967482805252
102.61086701836156,0.29015052866481117,-1.9379859783329645,-1.5276513434252823,-1.5823068975484107,1.6688006863947904,-4.438849501769135,-1.059057354927063,-0.13659659028053284,0.4788696765899658,0.696365237236023,0.6963646411895752,0.12278372049331665,0.1227836161851883
102.81139249886336,0.29875751022296343,-1.935155153058042,-1.5301727282491784,-1.5817962373309127,1.6716290565725132,-4.430679183798888,-1.055773377418518,-0.14593903720378876,0.48007866740226746,0.6963661313056946,0.6963649392127991,0.12278039008378983,0.12278024852275848
103.12171174534411,0.3073801419724382,-1.9323191804551216,-1.532698697741303,-1.581284648573014,1.6744625696140976,-4.422494009628643,-1.052398920059204,-0.15525110065937042,0.4812858998775482,0.6963648796081543,0.6963644623756409,0.12278545647859573,0.12278544157743454
103.40928664802249,0.3109907201888098,-1.941102985457409,-1.5233358738723721,-1.5815084403910022,1.6756458882324325,-4.419064430278267,-1.0587067604064941,-0.16162477433681488,0.47903043031692505,0.6963645219802856,0.6963645219802856,0.12278596311807632,0.12278611958026886
103.73490588641849,0.3135686715379898,-1.9510534353851445,-1.5128055121264932,-1.5818314246381868,1.6764898449330736,-4.416615072355055,-1.0660173892974854,-0.16712091863155365,0.4763261079788208,0.6963645815849304,0.6963644623756409,0.12278617173433304,0.12278630584478378
104.07529221622885,0.3051200928636203,-1.9544768838665185,-1.5096360678835832,-1.5824044509910578,1.6737197359838059,-4.424639348939883,-1.0699050426483154,-0.15804745256900787,0.4749252200126648,0.696365475654602,0.6963646411895752,0.12278314679861069,0.12278309464454651
104.30690070304861,0.2980756432557106,-1.958951801289168,-1.5069163106498418,-1.581337850199613,1.6714096504908627,-4.431330045944075,-1.0739798545837402,-0.15071479976177216,0.4721578359603882,0.6963644027709961,0.6963645815849304,0.12278635799884796,0.12278630584478378
104.5684689606984,0.29697148352003294,-1.9678750493190404,-1.5060989933342301,-1.5733346644799935,1.6710457341527847,-4.432378918798407,-1.079115390777588,-0.15093782544136047,0.4636079967021942,0.6963643431663513,0.6963649392127991,0.1227855458855629,0.12278537452220917
104.76806113007262,0.29586762308322584,-1.9767958785702064,-1.5052818975645974,-1.565333648142547,1.6706819164596267,-4.433427507340198,-1.0841825008392334,-0.15112879872322083,0.45501261949539185,0.6963639855384827,0.696365475654602,0.12278489023447037,0.1227845698595047
104.96758816274598,0.2947647824862213,-1.985708466003441,-1.5044655566972696,-1.557340023821926,1.6703184348920805,-4.434475127107046,-1.0891777276992798,-0.15128757059574127,0.4463783800601959,0.6963638067245483,0.696366012096405,0.12278437614440918,0.12278393656015396
105.18903892083492,0.2922114968116511,-1.9908478483450316,-1.505526412482352,-1.5513740854582792,1.6694767439952178,-4.436897621410552,-1.09193754196167,-0.14896288514137268,0.44030481576919556,0.6963639855384827,0.6963664293289185,0.122782401740551,0.122781902551651
105.50224212774575,0.28553530637438457,-1.985261857155707,-1.5119232186859977,-1.5511718648793091,1.6672757382563805,-4.443228210451998,-1.088456153869629,-0.13968874514102936,0.44161009788513184,0.6963654160499573,0.6963661313056946,0.12277935445308685,0.12277891486883163
105.7117516341559,0.2788591159371181,-1.9796758659663825,-1.5183200248896433,-1.5509696443003391,1.6650747325175432,-4.449558799493443,-1.084889531135559,-0.13046464323997498,0.44289183616638184,0.6963654160499573,0.6963653564453125,0.1227814108133316,0.12278104573488235
105.92294523570499,0.2723309979733862,-1.9790579287400236,-1.5192800575654881,-1.5512114346437074,1.6629191505308654,-4.455748272311203,-1.0851293802261353,-0.12255721539258957,0.4427828788757324,0.6963647603988647,0.6963650584220886,0.12278425693511963,0.12278401106595993
106.18929471245517,0.26609471995944917,-1.988231660312868,-1.5095246096693948,-1.5523283378435728,1.660853095417301,-4.4616596154357655,-1.09297513961792,-0.11709384620189667,0.4399266839027405,0.6963639259338379,0.6963661313056946,0.12278340756893158,0.12278295308351517
106.3771742338549,0.2584063158261187,-1.99243365579022,-1.5051968728823812,-1.5530940618929703,1.6583018627184725,-4.468941457397052,-1.0970383882522583,-0.10875551402568817,0.4384404122829437,0.6963641047477722,0.6963667273521423,0.12278144061565399,0.12278085947036743
106.77026690276075,0.2500270048724573,-1.994270149861471,-1.5034515857696533,-1.5536926984786987,1.6555197874652308,-4.4768753687488,-1.0992462635040283,-0.09905564785003662,0.4376261234283447,0.6963635087013245,0.6963663697242737,0.12278410792350769,0.12278366088867188
106.93529763816613,0.24474862728068913,-1.9957062672057382,-1.506244998063607,-1.5599358477322887,1.6650021265438186,-4.427366148127188,-1.0958468914031982,-0.09515084326267242,0.43393468856811523,0.715100884437561,0.6755145788192749,0.12760819494724274,0.12659704685211182
107.10032975111864,0.23944638319370942,-1.9971490205044617,-1.5090510169357734,-1.56620725434338,1.6745273421804514,-4.377856514241436,-1.0924180746078491,-0.09126385301351547,0.4302893877029419,0.7332225441932678,0.6540753841400146,0.13266438245773315,0.13027003407478333
107.26536186407114,0.23410777193880494,-1.9986016021858795,-1.5118763771277268,-1.5725216488052725,1.684117940995291,-4.328346880355684,-1.0889531373977661,-0.08738614618778229,0.4266819655895233,0.7507115006446838,0.6320570707321167,0.13795340061187744,0.1338093876838684
107.43039397702364,0.2287351792113625,-2.0000634264491053,-1.5147196894070087,-1.5788761137901686,1.6937695372370063,-4.278837246469932,-1.0854545831680298,-0.08352023363113403,0.4231153130531311,0.7675458192825317,0.6094791889190674,0.1434706151485443,0.13720250129699707
107.59542608997614,0.22332686304793986,-2.00153494122166,-1.5175817315096825,-1.5852727659475458,1.7034851950683974,-4.22932761258418,-1.0819231271743774,-0.07966563105583191,0.41958922147750854,0.7837060689926147,0.5863586068153381,0.14921273291110992,0.14044207334518433
107.76045820292865,0.21788116158374418,-2.0030168452583825,-1.5204638696487245,-1.5917138202244008,1.7132681506439258,-4.179817978698428,-1.07835853099823,-0.07582179456949234,0.41610267758369446,0.7991722226142883,0.5627127289772034,0.15517662465572357,0.14352113008499146
107.92549031588115,0.21240109736255638,-2.0045082161412737,-1.5233639733481823,-1.5981955901937095,1.7231128637982922,-4.1303083448126765,-1.074764370918274,-0.0719916820526123,0.4126594662666321,0.8139241933822632,0.5385635495185852,0.16135600209236145,0.14642639458179474
108.09052242883365,0.20688790587331973,-2.006008254943698,-1.52628175527422,-1.6047163741733559,1.7330169621265854,-4.080798710926924,-1.0711424350738525,-0.06817664951086044,0.40926116704940796,0.827942967414856,0.5139330625534058,0.1677449494600296,0.14914733171463013
108.25555454178615,0.20133926047852255,-2.0075179364797564,-1.529218214243535,-1.611279289251052,1.7429848205130505,-4.031289077041173,-1.067492961883545,-0.0643758550286293,0.40590640902519226,0.841210126876831,0.4888404309749603,0.17433948814868927,0.1516779363155365
108.42058665473866,0.19575471730521568,-2.0090371382247185,-1.532173413955728,-1.6178843019316924,1.753016838211233,-3.9817794431554208,-1.0638175010681152,-0.060589440166950226,0.4025963544845581,0.8537082672119141,0.46330735087394714,0.18113356828689575,0.1540096253156662
108.58561876769116,0.19013476250706107,-2.0105662955464623,-1.535147573223319,-1.6245314431226097,1.7631126708896212,-3.932269809269669,-1.0601173639297485,-0.056818392127752304,0.3993314802646637,0.8654196858406067,0.4373570680618286,0.18812152743339539,0.15613359212875366
108.75065088064366,0.18447929477288655,-2.0121051493099236,-1.538140556942412,-1.6312206034977452,1.7732723130275623,-3.8827601753839174,-1.056394338607788,-0.05306319147348404,0.3961123824119568,0.8763276934623718,0.41101306676864624,0.195296972990036,0.15804144740104675
108.91568299359616,0.17878832041776857,-2.0136536127078677,-1.5411523393451843,-1.6379517190541415,1.7834956814111593,-3.833250541498165,-1.0526498556137085,-0.04932427406311035,0.39293983578681946,0.8864163756370544,0.3842993378639221,0.20265279710292816,0.15972469747066498
109.08071510654867,0.17306198320121066,-2.015211690767654,-1.544182905470617,-1.6447246564103268,1.7937825459658037,-3.7837409076124136,-1.0488859415054321,-0.0456022210419178,0.38981467485427856,0.8956699967384338,0.3572412431240082,0.21018198132514954,0.1611752212047577
109.24574721950117,0.16728964645916175,-2.0167823465417523,-1.5472378970686465,-1.6515519216603778,1.8041521432133893,-3.7342312737266616,-1.0450971126556396,-0.04189065098762512,0.3867313861846924,0.9040738344192505,0.3298546373844147,0.2178841084241867,0.16239704191684723
109.41077933245367,0.1614751382360011,-2.018364554819275,-1.550315001475742,-1.658429092920766,1.8145973142924272,-3.6847216398409097,-1.041287899017334,-0.038192540407180786,0.38369297981262207,0.9116131663322449,0.3021693527698517,0.22574938833713531,0.1633777916431427
109.57581144540617,0.1556240011500128,-2.0199567398350027,-1.5534115260520183,-1.6653495707757167,1.8251083532685692,-3.635212005955158,-1.0374635457992554,-0.03451187163591385,0.3807033598423004,0.9182747006416321,0.2742169201374054,0.2337660938501358,0.1641036719083786
109.74084355835868,0.14973696331363068,-2.021558685062621,-1.5565271353370511,-1.6723124901759976,1.8356840001350854,-3.585702372069406,-1.0336261987686157,-0.03084932081401348,0.3777627646923065,0.924045979976654,0.24602574110031128,0.24192562699317932,0.16456671059131622
109.90587567131118,0.143799144886931,-2.023174468037314,-1.5596695128371367,-1.6793355177186247,1.8463507654898812,-3.5361927381836544,-1.029768705368042,-0.02719610370695591,0.37486493587493896,0.9289132356643677,0.21761023998260498,0.2502298951148987,0.16477569937705994
110.07090778426368,0.13781693178541943,-2.024802269720613,-1.5628354291236608,-1.6864110507675358,1.8570973691241088,-3.486683104297902,-1.0258965492248535,-0.023556549102067947,0.3720134198665619,0.9328651428222656,0.1890050321817398,0.25866585969924927,0.16471652686595917
110.23593989721618,0.1317978193767615,-2.026440069088406,-1.5660208800715985,-1.6935302531712508,1.8679103040979692,-3.4371734704121506,-1.0220168828964233,-0.01993541792035103,0.36921200156211853,0.9358930587768555,0.160246342420578,0.26721930503845215,0.16437481343746185
110.40097201016869,0.12573790863175965,-2.028088929209747,-1.569227905421602,-1.70069776264974,1.878796557043048,-3.3876638365263987,-1.018128752708435,-0.016330469399690628,0.366459459066391,0.9379867315292358,0.13136063516139984,0.27588340640068054,0.1637483537197113
110.56600412312119,0.11962140042459303,-2.029753057525077,-1.5724647559302287,-1.707932110872723,1.8897843776924867,-3.3381542026406468,-1.0142247676849365,-0.012732625007629395,0.363749623298645,0.9391331076622009,0.10236361622810364,0.28466060757637024,0.1628464013338089
110.73103623607369,0.1134710032847822,-2.0314264436693215,-1.5757195996232538,-1.7152066001386808,1.900833133938916,-3.288644568754895,-1.0103211402893066,-0.00915534421801567,0.36109188199043274,0.939330518245697,0.07330742478370667,0.29352420568466187,0.16164074838161469
110.8960683490262,0.10728774308933027,-2.033108817573582,-1.5789919011423412,-1.7225200177739755,1.9119409851387925,-3.239134934869143,-1.006420373916626,-0.005599059164524078,0.35848724842071533,0.9385735988616943,0.04422491043806076,0.3024623692035675,0.16012537479400635
111.0611004619787,0.10104983897324735,-2.034806034332781,-1.582293072894591,-1.7298979323486765,1.923146889905954,-3.189625300983391,-1.0025116205215454,-0.00205124169588089,0.35592660307884216,0.9368488788604736,0.015127344988286495,0.3114824593067169,0.15831568837165833
111.2261325749312,0.09477809543446855,-2.036512483842121,-1.5856121873789055,-1.7373159335065813,1.9344136150719002,-3.140115667097639,-0.9986092448234558,0.0014763474464416504,0.3534187078475952,0.9341598153114319,-0.013932999223470688,0.32055678963661194,0.15618763864040375
111.3911646878837,0.08847638240258293,-2.038227112602931,-1.588947183119568,-1.7447694185320304,1.9457342039423124,-3.0906060332118876,-0.9947183132171631,0.004981964826583862,0.3509644865989685,0.930505633354187,-0.04291991516947746,0.32967111468315125,0.1537337601184845
111.5561968008362,0.08212685862899531,-2.039954801624676,-1.5923074671685478,-1.752279420292142,1.9571407164647088,-3.0410963993261353,-0.9908297657966614,0.008475836366415024,0.3485569655895233,0.9258760213851929,-0.07181671261787415,0.3388289511203766,0.15096619725227356
111.7212289137887,0.07574309775580451,-2.041691771759353,-1.5956858064008215,-1.7598298564298944,1.9686086715168138,-2.991586765440384,-0.9869536757469177,0.011950865387916565,0.3462015390396118,0.920276939868927,-0.10057739913463593,0.3480072617530823,0.1478695124387741
111.88626102674121,0.06933295765509345,-2.0434359225480727,-1.599078099437049,-1.7674114652397235,1.980123999763116,-2.942077131554632,-0.9830977320671082,0.01540333777666092,0.343900203704834,0.9137139320373535,-0.12916097044944763,0.35718750953674316,0.14443476498126984
112.05129313969371,0.0628823287326174,-2.0451911908278926,-1.602491947489749,-1.775040980179344,1.9917121453106639,-2.89256749766888,-0.9792543649673462,0.018841490149497986,0.3416469693183899,0.9061806201934814,-0.15754683315753937,0.3663702607154846,0.14067107439041138
112.21632525264621,0.05640039848625873,-2.0469548450103803,-1.6059222984597952,-1.7827075287974368,2.0033564654696177,-2.843057863783128,-0.9754319787025452,0.022261086851358414,0.33944523334503174,0.8976861238479614,-0.18569235503673553,0.3755350708961487,0.1365693211555481
112.38135736559872,0.04989595308933932,-2.048724621579335,-1.6093645531640708,-1.790400713124143,2.0150412212208804,-2.793548229897376,-0.9716372489929199,0.025658413767814636,0.33729690313339233,0.8882415294647217,-0.2135559618473053,0.3846619129180908,0.13212139904499054
112.54638947855122,0.043356613511781064,-2.050504142623921,-1.6128253502009235,-1.7981351699368646,2.02678872653983,-2.7440385960116247,-0.9678650498390198,0.029040701687335968,0.335196316242218,0.8778440952301025,-0.24111486971378326,0.39374950528144836,0.12733615934848785
112.71142159150372,0.03679004350788142,-2.052290842191915,-1.6163004347643557,-1.8059018401546727,2.038585119175195,-2.6945289621258723,-0.9641214609146118,0.03240501880645752,0.33314621448516846,0.8665071725845337,-0.2683282196521759,0.40277835726737976,0.12220761179924011
112.87645370445622,0.03020449026881663,-2.0540826081861274,-1.6197855256897302,-1.8136909747887031,2.0504156127967668,-2.645019328240121,-0.9604131579399109,0.03574828803539276,0.3311474323272705,0.8542464375495911,-0.2951555848121643,0.41172826290130615,0.11673016846179962
113.04148581740873,0.02358925368424515,-2.0558824878924415,-1.6232864053552518,-1.8215152589434447,2.062299490591105,-2.595509694354369,-0.9567357897758484,0.039076969027519226,0.32919561862945557,0.8410636782646179,-0.3215724229812622,0.4205963611602783,0.11091255396604538
113.20651793036123,0.016952558797782732,-2.0576881777354132,-1.6267985808448233,-1.8293648931573716,2.0742218552120977,-2.546000060468617,-0.9530953168869019,0.0423881933093071,0.3272918164730072,0.8269774317741394,-0.34753909707069397,0.4293627440929413,0.10475019365549088
113.37155004331373,0.010300799469167114,-2.0594979529207897,-1.6303187095420535,-1.8372323177680694,2.0861712373773367,-2.496490426582865,-0.949496865272522,0.04568015784025192,0.32543644309043884,0.812006950378418,-0.3730173707008362,0.43800827860832214,0.09824124723672867
113.53658215626623,0.003625003105896075,-2.0613142722682856,-1.6338516204224043,-1.845128104422718,2.0981637232040864,-2.446980792697113,-0.945936918258667,0.04895859956741333,0.323625773191452,0.796159029006958,-0.3979824185371399,0.44652873277664185,0.0913941040635109
113.70161426921874,-0.0030664391080608326,-2.0631348856253457,-1.6373927688042176,-1.8530424903806482,2.110184484955569,-2.3974711588113613,-0.942421555519104,0.05222079157829285,0.3218604028224945,0.7794572114944458,-0.4223957657814026,0.45490384101867676,0.08420667052268982
113.86664638217124,-0.00976927338745859,-2.064958631790025,-1.6409399322384952,-1.860970398112172,2.1222258017725033,-2.3479615249256094,-0.9389541149139404,0.055466145277023315,0.32013967633247375,0.7619234323501587,-0.44622349739074707,0.4631168842315674,0.07668028026819229
114.03167849512374,-0.01649048369971372,-2.066787468813183,-1.6444969011264823,-1.868919992777842,2.1343000759619057,-2.298451891039858,-0.9355318546295166,0.05869971960783005,0.31846004724502563,0.7435696721076965,-0.46943986415863037,0.47116202116012573,0.06882313638925552
114.19671060807624,-0.0232216398574877,-2.068618979837829,-1.648059136243103,-1.8768813624894642,2.1463921826495818,-2.248942257154106,-0.9321600198745728,0.06191899627447128,0.3168220520019531,0.7244247198104858,-0.4920091927051544,0.47901880741119385,0.06063547730445862
114.36174272102875,-0.02996047353484401,-2.0704525666904887,-1.651625432916506,-1.8848518160753787,2.1584980513258034,-2.199432623268354,-0.928840696811676,0.06512454152107239,0.31522437930107117,0.7045127153396606,-0.51390141248703,0.48667287826538086,0.05212155357003212
114.52677483398125,-0.03671094807993273,-2.072289432707729,-1.6551978470579662,-1.8928359789963833,2.170624746910614,-2.149922989382602,-0.9255726933479309,0.06831996142864227,0.31366363167762756,0.6838518977165222,-0.5350905656814575,0.49411603808403015,0.04328923672437668
114.69180694693375,-0.04346603537194957,-2.0741275281654086,-1.658772704038287,-1.9008256632963703,2.18275981340687,-2.1004133554968503,-0.9223601222038269,0.07150355726480484,0.3121401071548462,0.6624743342399597,-0.5555453896522522,0.5013296008110046,0.03414175659418106
114.85683905988625,-0.050225019694842846,-2.075966661752439,-1.6623496246820981,-1.908820007885901,2.1949019463099155,-2.0509037216110984,-0.9192036986351013,0.07467678934335709,0.31065183877944946,0.6404061317443848,-0.5752392411231995,0.5083014369010925,0.024685895070433617
115.02187117283876,-0.05698819428977845,-2.0778068901587416,-1.6659287586969065,-1.9168191925923042,2.2070514566674793,-2.0013940877253464,-0.9161032438278198,0.0778416097164154,0.309196412563324,0.6176732182502747,-0.594147264957428,0.5150202512741089,0.014929138123989105
115.18690328579126,-0.06375146500043119,-2.0796471214687107,-1.6695079764795975,-1.9248184680409144,2.219201142436406,-1.9518844538395945,-0.913061261177063,0.08099779486656189,0.3077728748321533,0.5943081974983215,-0.6122430562973022,0.5214712619781494,0.004877899773418903
115.35193539874376,-0.07051483197688312,-2.0814873556868796,-1.6730872781609722,-1.932817834373423,2.2313510038905964,-1.9023748199538426,-0.910077691078186,0.08414718508720398,0.30637890100479126,-0.5703394412994385,0.6295042037963867,-0.5276433825492859,0.005459209438413382
115.51696776580232,-0.07727432474289578,-2.0833266427538635,-1.6766645097108146,-1.9408125685395983,2.2434937613473576,-1.8528651098362745,-0.9071541428565979,0.08728959411382675,0.3050132095813751,-0.5458014607429504,0.6459071040153503,-0.5335226058959961,0.016074690967798233
115.68200002201307,-0.08403005433752157,-2.0851648989974256,-1.6802397585752293,-1.9488028745286392,2.255629835065033,-1.8033554329730497,-0.9042903184890747,0.0904269814491272,0.30367350578308105,-0.5207246541976929,0.6614314317703247,-0.5390987396240234,0.026959072798490524
115.84703213496557,-0.0907813142605883,-2.0870019272961158,-1.6838126534353774,-1.9567879233017484,2.2677579772605077,-1.7538457990872978,-0.9014862775802612,0.09356066584587097,0.30235761404037476,-0.49514108896255493,0.6760578155517578,-0.544361412525177,0.03810259327292442
116.01206448978165,-0.09752119886384095,-2.0888358404925316,-1.6873793950104181,-1.964759417318635,2.2798654171945674,-1.7043360926424742,-0.8987444639205933,0.09668920189142227,0.3010651469230652,-0.46909216046333313,0.6897666454315186,-0.5492945909500122,0.049497008323669434
116.1770968638194,-0.10425353208791133,-2.0906676913751996,-1.6909421685136141,-1.9727220642905665,2.291959362697936,-1.6548263804311496,-0.8960625529289246,0.09981614351272583,0.2997928559780121,-0.44260579347610474,0.7025424242019653,-0.5538927912712097,0.061130400747060776
116.34212923800779,-0.11097605879252999,-2.0924968650409292,-1.6944998094114634,-1.9806732486706127,2.304035827430025,-1.6053166681746323,-0.8934407234191895,0.10294191539287567,0.29853904247283936,-0.415718138217926,0.7143697738647461,-0.5581454634666443,0.0729922354221344
116.50716138150419,-0.1176803941679433,-2.0943212295345752,-1.6980478614576928,-1.9886029041099367,2.3160797797952823,-1.555807025125711,-0.8908814787864685,0.10606442391872406,0.29730290174484253,-0.3884751498699188,0.7252338528633118,-0.5620368123054504,0.08507321774959564
116.67219349445669,-0.1243734320700877,-2.0961424988943214,-1.701589899031568,-1.9965192030404575,2.328103409684999,-1.5062973912399595,-0.8883808851242065,0.10918840020895004,0.2960811257362366,-0.36090198159217834,0.7351238131523132,-0.5655651092529297,0.0973595380783081
116.8372256074092,-0.1310509286507816,-2.0979594700165065,-1.7051236406625823,-2.0044171332682352,2.340099034172372,-1.4567877573542076,-0.8859398365020752,0.11231337487697601,0.29487261176109314,-0.33303961157798767,0.7440285682678223,-0.5687190890312195,0.10983982682228088
117.00225794266109,-0.13770453306874395,-2.099769913046997,-1.7086448307733169,-2.012286836816403,2.3520516591355234,-1.4072780567786416,-0.8835600018501282,0.11543701589107513,0.29367661476135254,-0.30493566393852234,0.7519388794898987,-0.5714849233627319,0.12250357866287231
117.16729031827374,-0.144343149173614,-2.1015762773767936,-1.7121580638570717,-2.0201387903902885,2.3639773619570095,-1.3577683440948454,-0.8812370300292969,0.11856483668088913,0.29248934984207153,-0.27661293745040894,0.7588478326797485,-0.5738636255264282,0.13533589243888855
117.33232269428096,-0.15096038927569547,-2.1033768343174364,-1.7156599008874054,-2.02796540483389,2.375864699486942,-1.3082586312926778,-0.8789718151092529,0.12169523537158966,0.29131019115448,-0.2481168508529663,0.76474928855896,-0.5758439302444458,0.14832478761672974
117.49735485394781,-0.15754802092807724,-2.105169405692793,-1.719146074672711,-2.0357569898192516,2.38769889764661,-1.2587489833926209,-0.8767649531364441,0.12482552230358124,0.29013851284980774,-0.21949553489685059,0.769640326499939,-0.5774137377738953,0.16145847737789154
117.66238688337084,-0.16411671019082888,-2.106956837561784,-1.7226222679822578,-2.043526133971288,2.3994990440872113,-1.2092393745657097,-0.8746121525764465,0.12796205282211304,0.28897029161453247,-0.190769761800766,0.773516833782196,-0.5785767436027527,0.17472128570079803
117.82741873179201,-0.17065820665667278,-2.1087368689917025,-1.726084163259446,-2.0512630409782244,2.4112502671820213,-1.1597298200393618,-0.8725141286849976,0.13110190629959106,0.287805438041687,-0.16198775172233582,0.776378870010376,-0.5793219208717346,0.18810071051120758
117.99245057944664,-0.17716484333579163,-2.1105074139776203,-1.7295275787694138,-2.058958735180142,2.422938862565533,-1.1102202657429727,-0.870471715927124,0.13424262404441833,0.2866433262825012,-0.1331970989704132,0.7782291769981384,-0.5796393752098083,0.20158396661281586
118.15748251102924,-0.18364897568935706,-2.112271846229646,-1.7329590818382283,-2.0666278126081687,2.4345869821882324,-1.0607106862681928,-0.8684788942337036,0.13739100098609924,0.28548046946525574,-0.10441574454307556,0.7790664434432983,-0.5795353651046753,0.21515487134456635
118.32251462398175,-0.19010179816510323,-2.114027782665085,-1.7363740247145827,-2.074259850048227,2.4461787538600017,-1.0112010523824408,-0.8665367960929871,0.14054378867149353,0.2843163013458252,-0.07569243013858795,0.7788963913917542,-0.5790002942085266,0.2288007289171219
118.48754673693425,-0.19651415368022418,-2.115772615806098,-1.739767505728018,-2.0818440412970998,2.457697864884176,-0.9616914184966889,-0.864646315574646,0.14369717240333557,0.28315120935440063,-0.047075916081666946,0.7777280807495117,-0.5780248641967773,0.24250759184360504
118.65257894219859,-0.2029001068905695,-2.117510268977043,-1.7431469924872944,-2.089396979070149,2.4691695920242696,-0.9121817569173885,-0.8628012537956238,0.1468588411808014,0.28198137879371643,-0.01858123578131199,0.7755624651908875,-0.5766180753707886,0.2562595307826996
118.81761132446728,-0.20925175415356262,-2.1192386325518284,-1.7465083009110878,-2.0969092848472397,2.480579764868579,-0.8626720422367798,-0.8610020875930786,0.1500256508588791,0.28080645203590393,0.009745542891323566,0.7724103927612305,-0.574772834777832,0.2700430154800415
118.98264347315606,-0.21555550763989545,-2.120954077606731,-1.7498443208537535,-2.1043652145908704,2.4919040144948426,-0.8131623976301436,-0.859250545501709,0.1531912088394165,0.2796275019645691,0.037850577384233475,0.7682891488075256,-0.5724784135818481,0.2838442623615265
119.14767558610856,-0.22182923307089977,-2.122661296161982,-1.7531644185988955,-2.111785631591122,2.503174373435156,-0.7636527637443917,-0.8575394153594971,0.15636500716209412,0.27844029664993286,0.0657259002327919,0.7631993889808655,-0.569747805595398,0.2976475656032562
119.31270769906106,-0.22806903084004054,-2.124359173580307,-1.7564665019576062,-2.1191658632280497,2.514383836136195,-0.7141431298586403,-0.8558682799339294,0.15954549610614777,0.2772444486618042,0.09333231300115585,0.7571552395820618,-0.5665783286094666,0.3114384412765503
119.47773955191319,-0.2342540697466824,-2.1260420644217852,-1.7597396580668192,-2.1264813349928113,2.525494696090762,-0.6646335740030052,-0.8542401790618896,0.1627223938703537,0.27604272961616516,0.12060833722352982,0.7501842379570007,-0.5629565119743347,0.32520321011543274
119.64277159726144,-0.24040615457882109,-2.12771604768559,-1.7629953201874555,-2.133757800096123,2.5365465015505486,-0.61512396039853,-0.8526475429534912,0.16590707004070282,0.27482983469963074,0.1475526988506317,0.7422863245010376,-0.5588988065719604,0.3389267921447754
119.80780384425852,-0.24652425746059395,-2.1293808502969838,-1.7662329462872324,-2.140994047993232,2.54753740250849,-0.56561428629941,-0.85108882188797,0.16909921169281006,0.27360495924949646,0.17413285374641418,0.733476996421814,-0.5544062256813049,0.3525947332382202
119.97283602745252,-0.25258559981648615,-2.1310302330001276,-1.7694405944254241,-2.14816323219362,2.558426126770424,-0.5161046313412094,-0.8495674133300781,0.1722869575023651,0.27237191796302795,0.20028749108314514,0.7237917184829712,-0.5494660139083862,0.3661932945251465
120.13786835143972,-0.2586060210438998,-2.132668446673216,-1.7726266164708377,-2.155284009344632,2.5692412705288543,-0.4665949341450485,-0.848077654838562,0.1754787564277649,0.27112704515457153,0.2260088324546814,0.7132364511489868,-0.5440916419029236,0.3797076940536499
120.30290076873165,-0.264589406626148,-2.134296603464606,-1.775793071048808,-2.162360940236934,2.5799899043712355,-0.41708520895747064,-0.8466163873672485,0.17867645621299744,0.269868403673172,0.25127357244491577,0.7018260955810547,-0.5382888913154602,0.39312446117401123
120.46793324248011,-0.2705282091482329,-2.135912738455343,-1.7789359790869446,-2.1693850314381016,2.590658612040476,-0.36757546683293124,-0.8451839685440063,0.18187597393989563,0.26859715580940247,0.2760438323020935,0.6895874738693237,-0.5320565700531006,0.4064292311668396
120.63296513798619,-0.27641598842791415,-2.1375148867749796,-1.7820518182915634,-2.176348881018905,2.601235539323454,-0.3180658981811087,-0.8437797427177429,0.18507380783557892,0.26731422543525696,0.3002850413322449,0.6765482425689697,-0.5253950953483582,0.4196085035800934
120.7979968749342,-0.2822677176204457,-2.139107262080516,-1.7851485448734257,-2.1832700166270596,2.611747721367427,-0.26855637709670754,-0.8423985242843628,0.1882777214050293,0.26601558923721313,0.32398998737335205,0.6627153158187866,-0.5183181762695312,0.4326487183570862
120.96302865318405,-0.2880826509834751,-2.140689704263143,-1.788225786582088,-2.190147563224545,2.6221938239561995,-0.21904684362175147,-0.8410385251045227,0.1914871335029602,0.2647011876106262,0.34713247418403625,0.6481111645698547,-0.5108302235603333,0.44553712010383606
121.12806088092415,-0.29385513540484537,-2.1422607331840204,-1.791280605852716,-2.1969749456309855,2.632563643330828,-0.16953717529972193,-0.8396995067596436,0.19469872117042542,0.2633714973926544,0.3696814775466919,0.6327647566795349,-0.5029330253601074,0.4582604169845581
121.29309247232833,-0.29958137921760525,-2.143819022772159,-1.7943109107388207,-2.2037477477519,2.642850565599965,-0.12002769787846945,-0.8383806347846985,0.19790998101234436,0.2620275914669037,0.391609787940979,0.6167046427726746,-0.4946306049823761,0.47080540657043457
121.45812466308053,-0.30527206355131725,-2.1453675671037433,-1.7973223685008985,-2.2104786036789257,2.6530734617654246,-0.07051804065280977,-0.8370778560638428,0.20112663507461548,0.26066669821739197,0.41290709376335144,0.5999429225921631,-0.48593467473983765,0.4831600785255432
121.62315705087455,-0.31092703722403997,-2.146906435240879,-1.8003149048978626,-2.217167146110361,2.6632320679701187,-0.021008324314600525,-0.8357895612716675,0.20434817671775818,0.2592884600162506,0.433551549911499,0.5825043320655823,-0.47685161232948303,0.4953121840953827
121.78818925136811,-0.31654629221307623,-2.1484356506654967,-1.8032885498123055,-2.2238132962355395,2.6733265092306198,0.028501335833466604,-0.8345141410827637,0.2075742930173874,0.2578922510147095,0.45352238416671753,0.5644141435623169,-0.46738821268081665,0.507249653339386
121.95322163709272,-0.3221299519116286,-2.149955079156303,-1.8062434374382395,-2.2304175169760474,2.6833572443121,0.07801105155085039,-0.8332502245903015,0.21080465614795685,0.25647827982902527,0.47280028462409973,0.5456979274749756,-0.45755159854888916,0.51896071434021
122.11825318337884,-0.327677606854399,-2.1514650048330752,-1.809179186432067,-2.2369792418330965,2.6933233195385244,0.1275205154366842,-0.8319963216781616,0.21403850615024567,0.2550460398197174,0.49136582016944885,0.5263824462890625,-0.4473487436771393,0.5304338932037354
122.28328561193797,-0.3331896871453379,-2.1529650790994137,-1.8120962297368481,-2.2434986792675486,2.7032253445044487,0.17703024400442213,-0.8307510018348694,0.2172757238149643,0.2535956799983978,0.5092018246650696,0.5064944624900818,-0.4367876946926117,0.5416579842567444
122.44831835844882,-0.33866848523815046,-2.154456043232416,-1.8149954674773432,-2.249978745246712,2.7130673887785903,0.22654006795767545,-0.8295124769210815,0.22051717340946198,0.25212645530700684,0.5262934565544128,0.4860578775405884,-0.4258774220943451,0.5526221990585327
122.61335116113132,-0.34411279110609566,-2.1559374972612257,-1.8178766816187135,-2.256418210708239,2.7228476054628437,0.2760499087624246,-0.8282793164253235,0.22376155853271484,0.2506389617919922,0.5426240563392639,0.4651018977165222,-0.41462600231170654,0.563315749168396
122.77838381477535,-0.3495194282255795,-2.1574090221858992,-1.8207377204377881,-2.262812786558063,2.7325602512065927,0.3255597048556357,-0.8270514011383057,0.22700665891170502,0.24913325905799866,0.5581762790679932,0.4436595141887665,-0.4030402600765228,0.5737281441688538
122.94341626216134,-0.35489007272015066,-2.158870725428753,-1.8235799593548696,-2.269164906703273,2.7422081603682344,0.375069439071431,-0.8258269429206848,0.23025256395339966,0.24760942161083221,0.5729382038116455,0.4217567443847656,-0.3911302387714386,0.5838494300842285
123.1084485719329,-0.3602264108255784,-2.1603230668652116,-1.8264038897830128,-2.2754765220626063,2.7517943609933226,0.4245791320029014,-0.824604332447052,0.23350003361701965,0.2460668832063675,0.5868985652923584,0.3994200825691223,-0.37890559434890747,0.593670129776001
123.27348168650701,-0.3655259922134561,-2.1617653087840067,-1.82920841929802,-2.2817447394067165,2.7613144556663554,0.474089066375137,-0.8233829140663147,0.23674672842025757,0.24450702965259552,0.6000441312789917,0.3766823410987854,-0.3663749098777771,0.6031806468963623
123.43851370178812,-0.37080147862434387,-2.163201093673706,-1.8320002555847168,-2.2879843711853027,2.770791530609131,0.5235986709594727,-0.8221588730812073,0.24000000953674316,0.24292558431625366,0.6123724579811096,0.3535531759262085,-0.3535534739494324,0.6123723983764648
123.48851370178812,-0.3678173894285534,-2.173886035220093,-1.8225559476474391,-2.286743405284425,2.773775361962712,0.5235988646183211,-0.8302204608917236,0.24003678560256958,0.2371482402086258,0.6123724579811096,0.3535533547401428,-0.3535533845424652,0.6123724579811096
123.76174205126092,-0.36483633838627905,-2.184560034731909,-1.813121374213535,-2.285503702832683,2.7767563300928373,0.5235990580800021,-0.8382287621498108,0.24000990390777588,0.2312968373298645,0.6123724579811096,0.3535534143447876,-0.35355332493782043,0.6123723983764648
124.00492932510491,-0.3621255673625103,-2.1855212977755683,-1.8015436731204533,-2.296119959353981,2.7794670535837187,0.5235992497881581,-0.8457488417625427,0.2400360107421875,0.23592042922973633,0.6123725175857544,0.35355332493782043,-0.35355329513549805,0.6123724579811096
124.20329563182707,-0.35946633605807565,-2.1846926437537455,-1.7895786281884987,-2.3089134943693472,2.7821262439035506,0.5235994410496376,-0.8531159162521362,0.2400197982788086,0.24256113171577454,0.6123724579811096,0.3535533845424652,-0.35355323553085327,0.6123723983764648
124.39097411793585,-0.35628605515971407,-2.188792719494285,-1.776252179917465,-2.318140000360136,2.7853065204392364,0.5235993167857521,-0.862159252166748,0.24003750085830688,0.24506628513336182,0.6123725175857544,0.3535533845424652,-0.35355323553085327,0.6123724579811096
124.69223564726346,-0.3528329760137578,-2.1954095332781502,-1.7622006574316076,-2.325574994102526,2.7887596138372124,0.523599031745354,-0.8720707893371582,0.2400282621383667,0.24544332921504974,0.6123724579811096,0.35355323553085327,-0.35355326533317566,0.6123724579811096
124.84534996375412,-0.35230547355573977,-2.2006157702711278,-1.7613602600133003,-2.3212092768951584,2.7892871793772414,0.5235989093780518,-0.8735840320587158,0.240020751953125,0.24063469469547272,0.6123723983764648,0.3535533547401428,-0.3535533547401428,0.6123724579811096
125.0887017647854,-0.35397951343383194,-2.204763014578167,-1.770462216112444,-2.3079600764889756,2.787613239362619,0.5235989093780518,-0.8687279224395752,0.24001950025558472,0.2319863736629486,0.6123725175857544,0.3535533845424652,-0.35355332493782043,0.6123723983764648
125.27363416710043,-0.35430497790545945,-2.211989250096361,-1.7740252305609563,-2.297170902657468,2.787287750544934,0.5235988522766528,-0.8677620887756348,0.2400093674659729,0.22302521765232086,0.6123723983764648,0.3535533845424652,-0.3535533845424652,0.6123723983764648
125.64252840076239,-0.3531794090902225,-2.2225160345378527,-1.7716250277001817,-2.289044478984833,2.788413161452088,0.5235987338455905,-0.8709912300109863,0.24000078439712524,0.21364426612854004,0.6123723983764648,0.3535534143447876,-0.3535533547401428,0.6123725175857544
125.99644635365482,-0.35088196002572875,-2.2211671515666986,-1.7605189362883482,-2.3014993091418683,2.790710661866753,0.5235988048647426,-0.8777326345443726,0.24001657962799072,0.22036387026309967,0.6123724579811096,0.3535533845424652,-0.3535534143447876,0.6123724579811096
126.14038026254349,-0.3494407884870307,-2.223918436175071,-1.7544409674988946,-2.304825944473068,2.79215187220788,0.5235987985640979,-0.8819683194160461,0.2400137186050415,0.2205462008714676,0.6123723983764648,0.35355326533317566,-0.35355332493782043,0.6123724579811096
126.47709055547168,-0.34926734943475923,-2.2330101603053882,-1.7558852024357752,-2.2942900849190613,2.7923253236993006,0.5235986741726095,-0.88250732421875,0.24002330005168915,0.2106429785490036,0.6123723983764648,0.3535534143447876,-0.3535533845424652,0.6123723983764648
126.86510984203487,-0.3490575073748257,-2.2419353682776,-1.7571132203615258,-2.284136954882762,2.792535177741942,0.5235985538264606,-0.8830671310424805,0.2400009036064148,0.20101571083068848,0.6123723983764648,0.3535533845424652,-0.3535533845424652,0.6123724579811096
127.26417866093942,-0.34670786020851496,-2.240579049517681,-1.745508246010528,-2.297098123377843,2.7948848093312733,0.5235986784422967,-0.8901402354240417,0.24002647399902344,0.20796845853328705,0.6123724579811096,0.35355332493782043,-0.35355344414711,0.6123724579811096
127.4957253914307,-0.34465206557350536,-2.238389534947529,-1.7350867712435551,-2.309709000988502,2.7969405944654504,0.5235987990987131,-0.8962751030921936,0.24000334739685059,0.21528466045856476,0.6123724579811096,0.3535533845424652,-0.3535533547401428,0.6123723387718201
127.73623937221215,-0.3451481328751893,-2.2288874498248124,-1.7349224372371521,-2.319375420117622,2.7964445707459817,0.5235988862631437,-0.8948119878768921,0.2400173544883728,0.22509388625621796,0.6123725175857544,0.35355326533317566,-0.3535533547401428,0.6123724579811096
127.93430016787694,-0.3456038846471585,-2.219478113845243,-1.7345626795493116,-2.3291445208940518,2.7959888603337886,0.5235989630585132,-0.8933933973312378,0.24000215530395508,0.2348947823047638,0.6123724579811096,0.35355332493782043,-0.35355332493782043,0.6123724579811096
128.1326323695664,-0.3453093609791569,-2.2117948473152027,-1.730566070513893,-2.3408245358679998,2.7962833840017907,0.5235988468847722,-0.8943522572517395,0.24002724885940552,0.24476489424705505,0.6123724579811096,0.35355326533317566,-0.3535533547401428,0.6123723983764648
128.34711668839284,-0.3450154745496558,-2.20412820448565,-1.726578108638027,-2.35247927968028,2.7965772704312917,0.5235987309623876,-0.8952155709266663,0.24001812934875488,0.25464412569999695,0.6123724579811096,0.35355326533317566,-0.3535533547401428,0.6123725175857544
128.516840570073,-0.3433247851416743,-2.2033193912634674,-1.717468482095294,-2.3623977661066906,2.7982679535037724,0.5235986836304741,-0.9003963470458984,0.24003279209136963,0.2601736783981323,0.6123723983764648,0.3535533547401428,-0.35355332493782043,0.6123723983764648
128.73898449182562,-0.3401275550158739,-2.209885082094631,-1.7028277540879453,-2.3704727506208494,2.801465170464066,0.5235987099614874,-0.9102782011032104,0.2400442361831665,0.2610158622264862,0.6123724579811096,0.35355323553085327,-0.3535533845424652,0.6123724579811096
128.99827847497295,-0.33762252196516257,-2.2168186869047255,-1.691961748735812,-2.3744050988204206,2.803970187644859,0.5235987417013243,-0.9180116653442383,0.2400074005126953,0.2594933807849884,0.6123723983764648,0.3535533845424652,-0.3535533845424652,0.6123724579811096
129.32453603799095,-0.3376072114989546,-2.2249819744212735,-1.6946411562418793,-2.3635623531846943,2.803985472804511,0.5235987923144357,-0.9181014895439148,0.24002200365066528,0.24957625567913055,0.6123723983764648,0.3535533845424652,-0.3535533845424652,0.6123725175857544
129.71853362436818,-0.33759187512156663,-2.233159077350709,-1.6973250983329298,-2.3527012574654402,2.804000783832515,0.5235988430132039,-0.9181004762649536,0.24000471830368042,0.23965713381767273,0.6123723983764648,0.35355332493782043,-0.3535533845424652,0.6123723983764648
130.0264663896847,-0.3356164151716496,-2.2340186947410863,-1.686815003296888,-2.362351793822593,2.8059762731381763,0.523598849773407,-0.9243965744972229,0.24001789093017578,0.24418026208877563,0.6123725175857544,0.3535531759262085,-0.35355332493782043,0.6123725175857544
130.2342847657362,-0.3336608500567985,-2.236794441615735,-1.6769624309124016,-2.36942851862249,2.8079318694120357,0.5235989956405269,-0.9306330680847168,0.24000859260559082,0.24638628959655762,0.6123724579811096,0.35355326533317566,-0.3535533845424652,0.6123725175857544
130.54588181769418,-0.33249743246190233,-2.2470664147230326,-1.6737323452861932,-2.36238609609326,2.8090953018693803,0.5235995009637711,-0.9344132542610168,0.24001604318618774,0.2372162938117981,0.6123725771903992,0.35355323553085327,-0.35355329513549805,0.6123723983764648
130.75250591912166,-0.3311888300615936,-2.253679267132298,-1.6684691607812991,-2.3610361796061814,2.8104038956614654,0.5235996704734834,-0.9386519193649292,0.24000976979732513,0.23293466866016388,0.6123725175857544,0.3535533845424652,-0.35355332493782043,0.6123723983764648
131.09266471527778,-0.32951042629962585,-2.25103770201757,-1.6580491473192838,-2.3740982345575077,2.812082231369921,0.5235989899383653,-0.9441712498664856,0.24001413583755493,0.24117563664913177,0.6123724579811096,0.3535534739494324,-0.3535534143447876,0.6123723983764648
131.24909372547762,-0.32763038817241746,-2.2555766679471065,-1.6485066540034183,-2.3791019150741772,2.8139622375992404,0.5235987995767603,-0.9504411220550537,0.24002768099308014,0.24133802950382233,0.6123723983764648,0.35355344414711,-0.3535534143447876,0.6123723983764648
131.48128619028435,-0.3255710936204894,-2.266457798188081,-1.6397325193880714,-2.3769947873126114,2.8160215321511686,0.5235990418259803,-0.9573883414268494,0.24004310369491577,0.23425674438476562,0.6123723983764648,0.3535534143447876,-0.35355332493782043,0.6123725175857544
131.6796596495639,-0.32351468924943433,-2.2773236569689965,-1.6309706991043573,-2.374890616864922,2.8180779365222235,0.5235992837352083,-0.9642656445503235,0.24001067876815796,0.22710959613323212,0.6123725175857544,0.3535533547401428,-0.3535533547401428,0.6123723983764648
131.8761312922667,-0.32103466092824257,-2.287567826120524,-1.6187855545168186,-2.3768317843884312,2.8205580187119295,0.5235990895891034,-0.9728659391403198,0.24003708362579346,0.22236227989196777,0.6123724579811096,0.3535533547401428,-0.3535533547401428,0.6123723983764648
132.1468906748605,-0.3184591893491347,-2.2976945368773514,-1.6058419221302132,-2.379648968335609,2.823133555870387,0.5235988010399636,-0.9818118810653687,0.24002547562122345,0.21807755529880524,0.6123723387718201,0.3535534143447876,-0.3535534143447876,0.6123723983764648
132.33383526403583,-0.318064094252813,-2.30409983000989,-1.605200450415693,-2.3738853007944427,2.8235286181922006,0.5235986709594727,-0.9831685423851013,0.24001462757587433,0.21136467158794403,0.6123724579811096,0.3535533547401428,-0.35355332493782043,0.6123723983764648
132.64550814185154,-0.3194598880307554,-2.3074530197176366,-1.6146648244709767,-2.36106780194526,2.8221327108150254,0.5235986709594727,-0.9782569408416748,0.24000924825668335,0.20274803042411804,0.6123723983764648,0.3535533547401428,-0.3535533845424652,0.6123723983764648
132.89107454006933,-0.318212217284115,-2.3159762921225266,-1.6090330607118408,-2.3581758657120737,2.8233803364867587,0.5235989932590936,-0.982662558555603,0.24001984298229218,0.19629380106925964,0.6123723983764648,0.35355344414711,-0.35355329513549805,0.6123724579811096
133.08944066052698,-0.31589648127555847,-2.326589886342184,-1.5973021984100342,-2.359292507171631,2.825696055089132,0.5235994458198547,-0.9908056855201721,0.2399999499320984,0.19063147902488708,0.6123724579811096,0.35355350375175476,-0.35355329513549805,0.6123723983764648
