time,ur20-shoulder_pan_joint,ur20-shoulder_lift_joint,ur20-elbow_joint,ur20-wrist_1_joint,ur20-wrist_2_joint,ur20-wrist_3_joint,target-POS_X,target-POS_Y,target-POS_Z,target-ROT_X,target-ROT_Y,target-ROT_Z,target-ROT_W
0.0,-3.287206474934713,-1.2474974393844604,2.6432323455810547,-1.3957349061965942,-4.6176144520389,-4.7123889366733,-0.7125033140182495,-0.07041607797145844,0.17677967250347137,0.4364401698112488,-0.5563452243804932,-0.5563452243804932,0.43644019961357117
0.9986082091927528,-3.2709702998827415,-1.2232034331089001,2.6400941296696208,-1.4168906652261897,-4.589937507167702,-4.7123889366733,-0.7138673067092896,-0.07344316691160202,0.16736170649528503,0.4332505762577057,-0.558832585811615,-0.558832585811615,0.4332506060600281
1.9983603619039059,-3.25495372702489,-1.1992380151286128,2.6369983596604736,-1.4377602822866142,-4.562634906487844,-4.7123889366733,-0.7148668169975281,-0.07656966149806976,0.15791837871074677,0.4300902187824249,-0.5612685680389404,-0.5612685680389404,0.43009018898010254
2.997378259897232,-3.2391842935890685,-1.1756423890882697,2.6339503580982715,-1.4583078763309991,-4.535753591248498,-4.7123889366733,-0.7155073285102844,-0.0797731876373291,0.1484774649143219,0.42696526646614075,-0.5636495351791382,-0.5636494159698486,0.4269651472568512
4.083183144574127,-3.2252931557431634,-1.1522970736197782,2.6314517338166326,-1.4791545409875648,-4.512175794674438,-4.7123889366733,-0.7158161401748657,-0.08271651715040207,0.13896700739860535,0.4242302477359772,-0.5657109022140503,-0.5657107830047607,0.42423015832901
5.950932100998173,-3.2240592844947358,-1.128561176839304,2.6328063877584538,-1.5042450917098602,-4.51094192342601,-4.7123889366733,-0.7159789204597473,-0.08321952819824219,0.12898647785186768,0.4242302477359772,-0.5657107830047607,-0.565710723400116,0.4242301881313324
7.084678611338597,-3.1998538170081705,-1.1341964193753726,2.621024529178173,-1.486827990593511,-4.467957275955296,-4.712388962411602,-0.7184783220291138,-0.08784930408000946,0.13200710713863373,0.4188999533653259,-0.5696691274642944,-0.5696690082550049,0.418899804353714
8.083954951346378,-3.1694699253169345,-1.1488145455390635,2.605621318900338,-1.4568066541519848,-4.413700204662408,-4.71238899513162,-0.7210595607757568,-0.0940408781170845,0.13941365480422974,0.41207021474838257,-0.5746287107467651,-0.5746286511421204,0.4120701849460602
9.082534755200605,-3.1405905186293666,-1.1627088423849532,2.590980812067698,-1.4282718504734553,-4.36212971976644,-4.712389026231477,-0.7228652238845825,-0.10039488226175308,0.14690247178077698,0.4055243730545044,-0.5792667269706726,-0.5792666673660278,0.4055244028568268
10.397172103463102,-3.113056218320076,-1.175965786984599,2.5770210309392425,-1.4010551247833798,-4.3129613754093095,-4.712389055882589,-0.7239678502082825,-0.10686072707176208,0.15445169806480408,0.39923498034477234,-0.5836193561553955,-0.583619236946106,0.3992348611354828
11.710514789153812,-3.112622075214215,-1.1971325813757148,2.5742763346708117,-1.377143715462627,-4.312527232303448,-4.712389055882589,-0.7240968942642212,-0.10706188529729843,0.16443967819213867,0.3992348313331604,-0.5836193561553955,-0.5836192965507507,0.3992347717285156
12.794021716471178,-3.097876983157302,-1.2117501095889498,2.5628811885218643,-1.351131060713743,-4.284423114600713,-4.712389037663417,-0.7262182235717773,-0.11028671264648438,0.17284274101257324,0.3953276574611664,-0.5862728953361511,-0.5862729549407959,0.39532771706581116
13.79318247934745,-3.071473869147014,-1.2204143745703924,2.5445110005158345,-1.32409657464936,-4.233766687255108,-4.712389004586507,-0.7295941710472107,-0.11639995872974396,0.17998860776424408,0.38818925619125366,-0.5910238027572632,-0.5910238027572632,0.3881891965866089
14.792879777158959,-3.0461953187527526,-1.2287096104610258,2.5269232370769625,-1.29821354365176,-4.185267822653374,-4.712388972918411,-0.7321938276290894,-0.12275175750255585,0.18725743889808655,0.3813014030456543,-0.5954907536506653,-0.5954907536506653,0.3813013732433319
16.220154659397526,-3.022036719089478,-1.236637330993598,2.5101146887517976,-1.2734772445289624,-4.13891767061686,-4.7123889426533525,-0.7340742945671082,-0.12926119565963745,0.19459114968776703,0.37467050552368164,-0.5996848940849304,-0.5996848940849304,0.37467044591903687
17.40659261547144,-2.997469230111306,-1.222455285646908,2.4932207708965186,-1.2707653970437665,-4.089094327518282,-4.712388994809578,-0.7374916672706604,-0.13596126437187195,0.19108152389526367,0.3670681416988373,-0.604368269443512,-0.604368269443512,0.3670680820941925
18.39246666483696,-2.9736428557931838,-1.2035359587282155,2.475744379140556,-1.272208367671774,-4.039079250216292,-4.712389054338342,-0.7412888407707214,-0.14278164505958557,0.18506000936031342,0.359123170375824,-0.6091228127479553,-0.6091227531433105,0.35912299156188965
19.391376715676145,-2.9516448018545334,-1.186305038357611,2.4524002274887904,-1.2660951573964756,-3.986154084925613,-4.7123890431361435,-0.7480872273445129,-0.14882460236549377,0.1809312403202057,0.34966132044792175,-0.6146031022071838,-0.6146031022071838,0.34966132044792175
20.390475266204433,-2.9298669677203595,-1.1692466146053688,2.4292897712596635,-1.2600431457151668,-3.9337587469362365,-4.712389032046088,-0.7540943622589111,-0.15555375814437866,0.17663559317588806,0.3402118980884552,-0.6198837161064148,-0.6198837161064148,0.34021180868148804
21.389196165428714,-2.908503165146747,-1.1525124988519546,2.4066186818747726,-1.254106192483909,-3.8823595283690313,-4.7123890211668735,-0.7592694759368896,-0.16286695003509521,0.17222200334072113,0.33086463809013367,-0.6249228119850159,-0.6249228119850159,0.33086469769477844
22.388065610603647,-2.8876824110192283,-1.136203749113103,2.384523870978662,-1.2483201512083135,-3.8322668312264265,-4.712389010564198,-0.7636114358901978,-0.17066174745559692,0.16773173213005066,0.32168319821357727,-0.6296982765197754,-0.6296982765197754,0.3216831684112549
23.387732174770193,-2.8674885971397015,-1.120386077245067,2.3630943638529,-1.2427083352335881,-3.783682490975067,-4.712389000280783,-0.7671462893486023,-0.17884129285812378,0.16320037841796875,0.3127123713493347,-0.6342009902000427,-0.6342010498046875,0.3127124011516571
24.750245505982658,-2.8518633927764125,-1.1050491506832625,2.34683170143818,-1.2417826228313733,-3.7460502903030877,-4.712388996844361,-0.7694395780563354,-0.1855822652578354,0.15757158398628235,0.3057151734828949,-0.6376035213470459,-0.6376035213470459,0.3057151436805725
26.250549293373364,-2.852004061360593,-1.0896397209658548,2.3485774914380952,-1.2589378851497213,-3.746190896403882,-4.712389019563025,-0.7694506645202637,-0.18549412488937378,0.14757755398750305,0.30571508407592773,-0.6376035213470459,-0.6376035213470459,0.30571508407592773
27.65953263616291,-2.8521450280495557,-1.074197635593925,2.3503269811151664,-1.276129502890027,-3.746331800477044,-4.712389042329834,-0.7693073153495789,-0.18535995483398438,0.13758522272109985,0.30571505427360535,-0.6376035213470459,-0.6376034617424011,0.3057151436805725
28.204430774763036,-2.849491824899906,-1.0688693965080123,2.345761062015082,-1.2768918360941452,-3.7378315515611202,-4.712389047928947,-0.7705904841423035,-0.18645381927490234,0.1352250576019287,0.3038496971130371,-0.6384945511817932,-0.638494610786438,0.3038497865200043
30.083080436701813,-2.8428128236063035,-1.0782986866870894,2.332078205959017,-1.2537796601007114,-3.7168849269144806,-4.712389028520806,-0.7739313840866089,-0.18943624198436737,0.14416661858558655,0.2992871105670929,-0.6406459212303162,-0.6406459212303162,0.2992871403694153
31.082710493023434,-2.836276989479122,-1.08752585611533,2.318688647604807,-1.2311629031978497,-3.6963873018659728,-4.712389009528686,-0.7769532203674316,-0.19244004786014557,0.153209388256073,0.2948075532913208,-0.642719566822052,-0.6427196264266968,0.29480767250061035
32.08120843362335,-2.8298827523954557,-1.0965531214631377,2.3055891703389544,-1.209036132094664,-3.676333752210059,-4.712388990948026,-0.7796660661697388,-0.1954556405544281,0.16233333945274353,0.29041117429733276,-0.6447179913520813,-0.6447179913520813,0.290411114692688
33.0805036794794,-2.8236122394552714,-1.1054057153593673,2.292743159058733,-1.1873374989799415,-3.6566682251160993,-4.712388972726888,-0.7820869088172913,-0.19848230481147766,0.17154408991336823,0.2860867381095886,-0.6466485857963562,-0.6466485857963562,0.2860867381095886
34.08035501804475,-2.817461707067709,-1.114088922936178,2.2801429445015375,-1.166054049442236,-3.637378979967626,-4.712388954854395,-0.7842254042625427,-0.2015128880739212,0.18082916736602783,0.28183257579803467,-0.6485140323638916,-0.6485140323638916,0.2818324565887451
36.34427301397422,-2.8114268610236297,-1.1226088066784046,2.267779729387216,-1.1451709236974297,-3.6184525493040094,-4.712388937318069,-0.7860917448997498,-0.2045418918132782,0.19017773866653442,0.277646541595459,-0.6503171324729919,-0.6503171324729919,0.2776464521884918
38.44525685507077,-2.8110908500343403,-1.109388429701099,2.2689616819688205,-1.15957326793739,-3.6176425292346672,-4.7123889503866945,-0.7864705324172974,-0.20484355092048645,0.18090757727622986,0.27749237418174744,-0.650382936000824,-0.650382936000824,0.2774924337863922
39.44464020404237,-2.8109721509795,-1.0953122315120858,2.270663809301054,-1.1753516097565035,-3.6175238138819594,-4.712388964649861,-0.7866598963737488,-0.2049933522939682,0.17091666162014008,0.27749237418174744,-0.6503828763961792,-0.650382936000824,0.2774924039840698
40.44406089904922,-2.8108532369509263,-1.081210540172537,2.2723690193256254,-1.191158527448008,-3.6174048835260018,-4.7123889789388596,-0.7867090702056885,-0.205095112323761,0.1609230935573578,0.2774924039840698,-0.650382936000824,-0.650382936000824,0.2774924337863922
41.44347256022709,-2.8107484470377213,-1.0670824840957203,2.274075273274903,-1.206992847713111,-3.6173000783346976,-4.71238899230957,-0.7866250872612,-0.20514117181301117,0.15092943608760834,0.27749231457710266,-0.6503828763961792,-0.650382936000824,0.2774924039840698
42.567176464231935,-2.809359844548448,-1.0520784881143235,2.2722042277425927,-1.2201257624353923,-3.6118644035701624,-4.712388998390966,-0.7874147295951843,-0.20583069324493408,0.14125554263591766,0.27617567777633667,-0.6509431600570679,-0.6509431600570679,0.27617576718330383
43.72098289483516,-2.803161431182841,-1.0344186689981822,2.2588406432105637,-1.224422093589058,-3.5885299418119616,-4.7123890241407125,-0.7909398674964905,-0.2091686874628067,0.13252311944961548,0.27058830857276917,-0.6532855033874512,-0.6532855033874512,0.2705884277820587
45.60304760964787,-2.7970477143595294,-1.0170001577020404,2.245659661763515,-1.2286597186881558,-3.5655143274927235,-4.712389049538609,-0.7941628098487854,-0.21257555484771729,0.12369604408740997,0.2650578022003174,-0.6555488109588623,-0.6555488109588623,0.2650580108165741
46.71894701038288,-2.7935003671092047,-1.0204952984334408,2.2357245320345562,-1.2152294378559225,-3.5513851999246917,-4.712389038800703,-0.7966277599334717,-0.21476402878761292,0.12862128019332886,0.26158565282821655,-0.6569420695304871,-0.6569420695304871,0.2615858018398285
47.71891038705395,-2.790829605854908,-1.0308677241702393,2.2269428247804743,-1.1960752597004787,-3.5403065585022837,-4.712389016218421,-0.798732578754425,-0.2165016233921051,0.1382412165403366,0.25882160663604736,-0.6580359935760498,-0.658035933971405,0.2588216960430145
48.71781494308995,-2.788195233652313,-1.0410988258797407,2.218280768056286,-1.1771820567175926,-3.5293788632772776,-4.712388993943823,-0.8006472587585449,-0.21820491552352905,0.147895947098732,0.2560908794403076,-0.659103512763977,-0.659103512763977,0.2560908794403076
49.71686571677016,-2.7855928899558937,-1.0512055385966907,2.2097240239895157,-1.1585185559263014,-3.518584026178262,-4.712388971940038,-0.8023779392242432,-0.21987447142601013,0.15759272873401642,0.2533888518810272,-0.6601470112800598,-0.6601470112800598,0.2533889412879944
50.71601595570134,-2.7830216403465657,-1.0611914913210767,2.201269520124759,-1.140078055855412,-3.5079181711216094,-4.7123889501991645,-0.8039282560348511,-0.22150909900665283,0.1673269271850586,0.2507149875164032,-0.6611671447753906,-0.6611670851707458,0.25071483850479126
51.65315007232467,-2.7786447368096274,-1.0645086679735531,2.1853817248661005,-1.1208730408250978,-3.486655803420302,-4.71238892060585,-0.8077244162559509,-0.22449955344200134,0.1746826469898224,0.2451239675283432,-0.663260281085968,-0.663260281085968,0.24512401223182678
52.71703091569386,-2.771172281360418,-1.0567180296578584,2.1567860772935954,-1.1000679883369193,-3.4473009059728925,-4.712388877374482,-0.8152289986610413,-0.23011845350265503,0.17813797295093536,0.23452018201351166,-0.6670834422111511,-0.6670834422111511,0.23452013731002808
53.75820685620572,-2.7636805875973804,-1.0489073338462234,2.128116808399979,-1.0792093719122682,-3.4078446868283634,-4.712388834031812,-0.8222656846046448,-0.23617017269134521,0.18183867633342743,0.2238292098045349,-0.6707462072372437,-0.6707462668418884,0.22382907569408417
54.6816893929856,-2.7583030343652073,-1.035129184950826,2.102457729868096,-1.0673285559740708,-3.3732194376723137,-4.712388946162697,-0.8293021321296692,-0.24122679233551025,0.1799791157245636,0.21399672329425812,-0.6739476323127747,-0.6739476323127747,0.21399670839309692
55.6810228230672,-2.7542272532661793,-1.017630923057133,2.078623762062394,-1.0609930612671117,-3.34153359730725,-4.712389154826463,-0.8362910747528076,-0.24569648504257202,0.1744074672460556,0.2046726644039154,-0.6768375039100647,-0.6768375039100647,0.20467284321784973
56.76319168577508,-2.750152659782746,-1.0001377598692347,2.0547967390830117,-1.0546594126191364,-3.3098569896750627,-4.712389363429427,-0.8429486751556396,-0.2504133880138397,0.16863851249217987,0.19531245529651642,-0.6795976758003235,-0.6795976161956787,0.1953124701976776
57.6042132304762,-2.7482003447229424,-0.9913242091433078,2.0366239980300946,-1.0684793971155337,-3.280549003579387,-4.714407266793546,-0.8498189449310303,-0.25367969274520874,0.16889066994190216,0.17854715883731842,-0.6830195784568787,-0.681315541267395,0.1934279352426529
58.708970747564805,-2.7484348720080733,-0.9914319809784946,2.023928007056881,-1.1039381453862984,-3.252950631410374,-4.718608642881976,-0.857180655002594,-0.25540784001350403,0.17543154954910278,0.15351036190986633,-0.68736332654953,-0.6813675165176392,0.19925986230373383
59.70835158196546,-2.748677409375391,-0.9915434336700766,2.0107983951892585,-1.1406079573835748,-3.224409660050057,-4.722953513437365,-0.8645760416984558,-0.25735485553741455,0.18186533451080322,0.12760083377361298,-0.6918894648551941,-0.6804032325744629,0.20508140325546265
60.70758033138968,-2.74892777617382,-0.9916584842038405,1.9972449418626352,-1.1784615200335682,-3.194947347901861,-4.7274386422345,-0.8720248341560364,-0.25955623388290405,0.18815144896507263,0.10088031738996506,-0.6965890526771545,-0.6783207058906555,0.21087387204170227
61.706739790414346,-2.7491853583899735,-0.9917768504234931,1.9833008863156907,-1.2174059991652755,-3.164635949969876,-4.732053029695414,-0.8795430064201355,-0.262045681476593,0.194243386387825,0.07346431910991669,-0.7014433145523071,-0.6750258207321167,0.21661104261875153
62.70586339351989,-2.749449006675012,-0.9918980041711545,1.9690284478440565,-1.2572676219439458,-3.133610717711083,-4.736776086118881,-0.8871409893035889,-0.2648526728153229,0.2000928521156311,0.04553203657269478,-0.7064207196235657,-0.6704458594322205,0.22225849330425262
63.70490876552917,-2.7497170378288907,-0.9920211719694113,1.9545187454515163,-1.2977919012779724,-3.1020697243742252,-4.74157765826956,-0.8948214650154114,-0.26799890398979187,0.20565348863601685,0.017323732376098633,-0.7114778161048889,-0.6645427942276001,0.22777631878852844
64.70402240348317,-2.7499873269686175,-0.9921453773752054,1.939886808377686,-1.3386575709613595,-3.0702630189528737,-4.746419680501547,-0.9025803208351135,-0.27149391174316406,0.21088874340057373,-0.010874194093048573,-0.7165610790252686,-0.6573246121406555,0.23312270641326904
65.70322917369462,-2.750257472931556,-0.9922695169872678,1.9252626220916373,-1.3795015933992947,-3.0384731620883816,-4.751259137831391,-0.910404622554779,-0.27533283829689026,0.21577590703964233,-0.03875279426574707,-0.7216115593910217,-0.6488511562347412,0.23825868964195251
66.70258206841804,-2.750525071138745,-0.9923924858344333,1.9107763570030691,-1.4199604144746125,-3.0069831164435175,-4.756052954074816,-0.9182764887809753,-0.27949732542037964,0.22031037509441376,-0.06601425260305405,-0.7265707850456238,-0.6392290592193604,0.24315237998962402
68.78085639612564,-2.7507879562817177,-0.9925132888970097,1.8965452307598438,-1.4597066559560887,-2.9760476881438764,-4.760762339394628,-0.9261751770973206,-0.283956915140152,0.2245061844587326,-0.09240098297595978,-0.7313868403434753,-0.6286007165908813,0.24778294563293457
68.89923984276837,-2.7503067558568954,-0.9920023815325018,1.8942241547551464,-1.445455739445333,-2.9769562065759194,-4.759679425961728,-0.9257083535194397,-0.2842187285423279,0.22470013797283173,-0.08813589811325073,-0.7311573028564453,-0.630717933177948,0.24461375176906586
70.2621902562044,-2.74908065488451,-0.9908543997912159,1.9033687657988463,-1.3780917440644849,-3.008845237198704,-4.752919392637256,-0.9172046184539795,-0.28046777844429016,0.2210327684879303,-0.05372107774019241,-0.7258266806602478,-0.6447547674179077,0.2336256355047226
71.26140755036096,-2.7478172665197502,-0.9896715063692524,1.9127914768585985,-1.308679118281839,-3.04170405646375,-4.745953777537128,-0.9087360501289368,-0.2770359516143799,0.21698932349681854,-0.017673078924417496,-0.7200273275375366,-0.6572459936141968,0.22198188304901123
72.26058228307585,-2.7465322944564012,-0.9884684044225036,1.9223751653035155,-1.2380806487515637,-3.0751242350627868,-4.738869162024297,-0.9003395438194275,-0.2739627957344055,0.21252956986427307,0.019482826814055443,-0.7138394713401794,-0.6678661108016968,0.20978175103664398
73.25981475779037,-2.745244764204439,-0.9872629072783893,1.9319779334493477,-1.1673416281493862,-3.10861094827591,-4.731770442093752,-0.8920464515686035,-0.27126622200012207,0.2076510787010193,0.05708551034331322,-0.7073765993118286,-0.6763744950294495,0.1971728503704071
74.2589226215444,-2.7439741232561965,-0.986073223360698,1.9414547363469679,-1.0975305335528256,-3.141658396260753,-4.724764840314603,-0.8838761448860168,-0.268938809633255,0.20239266753196716,0.0944371446967125,-0.7007688879966736,-0.6826615929603577,0.18433067202568054
75.25828725093226,-2.742735529201418,-0.9849135445155007,1.950692524365319,-1.0294801477656492,-3.173872353048662,-4.717935927138303,-0.8758237361907959,-0.26694732904434204,0.196819007396698,0.13096030056476593,-0.6941341161727905,-0.6867642998695374,0.17141202092170715
77.11899005384221,-2.7417302292171444,-0.9822595855838068,1.958437432374481,-0.9761798548768842,-3.200030280987595,-4.712390826370391,-0.8691961169242859,-0.2655205726623535,0.19034433364868164,0.16061916947364807,-0.6886228322982788,-0.6886228919029236,0.16061925888061523
79.10290581422498,-2.7417328818300053,-0.9716797545081176,1.9599443655619488,-0.988266136730001,-3.200032943891017,-4.712390373547314,-0.8694121837615967,-0.26560938358306885,0.18035173416137695,0.16061916947364807,-0.6886228322982788,-0.6886229515075684,0.16061928868293762
80.10239328506043,-2.7417355372810177,-0.9610886035905628,1.9614529110856878,-1.000365350245102,-3.200035609643601,-4.71238992023974,-0.8695240020751953,-0.2656540870666504,0.1703575849533081,0.16061916947364807,-0.6886228322982788,-0.6886229515075684,0.16061928868293762
81.1015433377271,-2.7417381948427875,-0.9504890340064605,1.9629626557181763,-1.0124741811516331,-3.2000382775151315,-4.712389466571843,-0.8695319294929504,-0.26565492153167725,0.16036608815193176,0.16061916947364807,-0.6886228322982788,-0.6886228919029236,0.16061930358409882
82.1011751635616,-2.741740856706798,-0.9398723051241827,1.9644748444271072,-1.0246026146503668,-3.200040949705592,-4.712389012169518,-0.8694354891777039,-0.2656114101409912,0.15037032961845398,0.16061916947364807,-0.6886228919029236,-0.6886228919029236,0.16061925888061523
83.10060908334901,-2.741743521054498,-0.9292456701545176,1.965988444104865,-1.0367423647536258,-3.200043624389377,-4.712388557343206,-0.8692348599433899,-0.26552408933639526,0.14037838578224182,0.16061916947364807,-0.6886228919029236,-0.6886228322982788,0.16061925888061523
85.05272854560125,-2.741746102084302,-0.9186111933446223,1.9674996481441875,-1.0488871921321463,-3.2000426459689426,-4.712387733615392,-0.8689308762550354,-0.26539310812950134,0.13039475679397583,0.16061794757843018,-0.6886231899261475,-0.6886231303215027,0.16061803698539734
87.00554799297822,-2.7410740128608366,-0.9136279660500122,1.9404766817837449,-1.0239372821382051,-3.1711861501239493,-4.709477601109946,-0.8765082955360413,-0.26885369420051575,0.1359139084815979,0.1509041041135788,-0.6908480525016785,-0.6907883286476135,0.15089210867881775
87.79969676792692,-2.7407014561827405,-0.906064036737714,1.9257677997712725,-1.0152208818578048,-3.155279417150758,-4.707906188697499,-0.8807254433631897,-0.27089977264404297,0.1346299797296524,0.1455322951078415,-0.6919906139373779,-0.6919481158256531,0.1455235779285431
89.5184393444634,-2.7406967042927253,-0.8952995365188607,1.9261815268269384,-1.026471794292096,-3.155274665260743,-4.707978905119706,-0.8810179829597473,-0.27102845907211304,0.12464101612567902,0.14553219079971313,-0.691990315914154,-0.6919484734535217,0.14552375674247742
89.86580295828776,-2.740727144677694,-0.8935141526299214,1.9205726708251591,-1.0232628456494277,-3.1494448515350757,-4.70859343494588,-0.8828415870666504,-0.2717508375644684,0.1251230686903,0.1435018628835678,-0.6924031376838684,-0.6923824548721313,0.14349769055843353
91.1334648103881,-2.7407871497477974,-0.8993197902336604,1.909906298986307,-1.0078598235893008,-3.138725416389132,-4.709662407621219,-0.8859146237373352,-0.27298447489738464,0.1345524936914444,0.1397654414176941,-0.693153440952301,-0.6931589245796204,0.13976648449897766
92.13286594762089,-2.7408466176064827,-0.9050734513160449,1.899335420690369,-0.9925947011983709,-3.128101949849533,-4.710721810033156,-0.8888353109359741,-0.2741903066635132,0.14403383433818817,0.13606002926826477,-0.6938849687576294,-0.6939006447792053,0.1360630840063095
93.13226755051495,-2.7409055614530713,-0.9107764129437012,1.888857689654572,-0.9774640902724885,-3.117572093961164,-4.711771877323706,-0.8916057348251343,-0.2753680944442749,0.15356367826461792,0.13238485157489777,-0.694598376750946,-0.6946085691452026,0.13238689303398132
94.07053369371773,-2.7414903394354324,-0.9111584600032738,1.8711205672593139,-0.9599239572136548,-3.0997060752755026,-4.712350914526617,-0.8967121839523315,-0.2771267294883728,0.16123607754707336,0.1259722262620926,-0.6957946419715881,-0.6957957148551941,0.12597247958183289
95.06986665813805,-2.742716497953315,-0.9051047986051299,1.8444453942642862,-0.9393164572049899,-3.07280798889761,-4.712364945387997,-0.9046261310577393,-0.27969634532928467,0.166770800948143,0.11617577821016312,-0.6974972486495972,-0.6974983215332031,0.11617587506771088
96.10774307118224,-2.743947301511896,-0.899028204198605,1.8176691680511103,-0.9186308900664792,-3.0458080048416405,-4.712379029402312,-0.912320613861084,-0.28238117694854736,0.17255258560180664,0.10631909221410751,-0.6990677714347839,-0.6990683674812317,0.10631923377513885
96.96652365446892,-2.744727139823581,-0.8917120271886789,1.8011892337509225,-0.9094761491569566,-3.0286407820238557,-4.71238807250264,-0.9171048402786255,-0.284155011177063,0.17268626391887665,0.10004180669784546,-0.6999939680099487,-0.6999940276145935,0.10004184395074844
98.64776396846409,-2.744719985723706,-0.8822739792291602,1.8026718607777859,-0.9203970293597755,-3.028633709467652,-4.712388317133653,-0.9171003103256226,-0.2841607928276062,0.16269367933273315,0.1000419408082962,-0.6999939680099487,-0.6999940872192383,0.1000417098402977
100.16806655313547,-2.7447128226410777,-0.8728240807698887,1.8041563494047692,-0.9313316219201387,-3.028626628031082,-4.712388562071827,-0.9170023798942566,-0.28412747383117676,0.15269845724105835,0.1000419333577156,-0.699993908405304,-0.6999940276145935,0.10004188865423203
100.53725524228808,-2.745084422549965,-0.8695404586877004,1.7998950321119291,-0.9303541455189083,-3.024225784871953,-4.712388776680802,-0.9183841943740845,-0.28448280692100525,0.15130119025707245,0.09837135672569275,-0.7002306580543518,-0.7002307772636414,0.09837102890014648
102.3848637038285,-2.74592703782447,-0.8739610658007276,1.7884831287089802,-0.9145218696003493,-3.0143613740092308,-4.7123889526288645,-0.9216127991676331,-0.28534263372421265,0.16072018444538116,0.0946212038397789,-0.7007473111152649,-0.7007473111152649,0.09462109953165054
103.38428812412565,-2.7467625839174965,-0.8783445859122869,1.7771669662907956,-0.8988224196998512,-3.004579721331254,-4.712389127100799,-0.9246973395347595,-0.286171019077301,0.17019036412239075,0.09089989960193634,-0.7012397646903992,-0.7012397646903992,0.09089995175600052
104.38454546940896,-2.747591222281263,-0.8826918660481071,1.7659443582401186,-0.8832527622193788,-2.9948789367334308,-4.712389300130318,-0.9276397824287415,-0.28696805238723755,0.17970839142799377,0.08720692247152328,-0.7017086148262024,-0.7017086148262024,0.08720673620700836
105.32399798682155,-2.7491845825828807,-0.8799727800267838,1.7511340597768268,-0.8711616837513733,-2.9812670675810313,-4.712389396499659,-0.9321216940879822,-0.2878209948539734,0.18385010957717896,0.08186951279640198,-0.7023513317108154,-0.7023512721061707,0.08186943084001541
106.8476251034891,-2.752264745297231,-0.8636459339683186,1.7292684195791013,-0.8656228391758016,-2.959991524199233,-4.712389346616866,-0.9396876096725464,-0.2888460159301758,0.17740213871002197,0.07331055402755737,-0.7032962441444397,-0.7032961845397949,0.07331044971942902
107.84698749770277,-2.7553501729216725,-0.8472911804956847,1.7073654045280287,-0.8600745270748406,-2.938679614614269,-4.712389296648808,-0.947102427482605,-0.28989824652671814,0.170785054564476,0.06472612917423248,-0.7041381597518921,-0.7041381001472473,0.06472598761320114
108.84632297669404,-2.758439635955814,-0.8309150367527777,1.6854337426732897,-0.8545189583744085,-2.917339831328437,-4.712389246615397,-0.9543625116348267,-0.29097819328308105,0.16400331258773804,0.05612070858478546,-0.7048762440681458,-0.704876184463501,0.05612055957317352
109.84568751294964,-2.7615319077807814,-0.8145240046095861,1.6634821416090686,-0.8489583388187861,-2.8959806469405796,-4.712389196536499,-0.9614654779434204,-0.29208651185035706,0.15706123411655426,0.04749901965260506,-0.7055095434188843,-0.705509603023529,0.04749904200434685
110.84506480832451,-2.764625789213305,-0.7981244405097324,1.641519114168076,-0.8433948248166977,-2.8746103445441706,-4.7123891464315335,-0.9684089422225952,-0.29322385787963867,0.14996403455734253,0.03886575996875763,-0.7060378789901733,-0.7060377597808838,0.03886590152978897
111.84441947256082,-2.76772011386767,-0.7817225270486804,1.6195529403578168,-0.8378305137992834,-2.853236980690826,-4.71238909631939,-0.9751901030540466,-0.29439061880111694,0.14271658658981323,0.03022545389831066,-0.7064604759216309,-0.7064604759216309,0.030225547030568123
113.12406717993305,-2.7706425261523475,-0.7689149958793046,1.5992290631159982,-0.8303141200286464,-2.833910216565773,-4.712389049069897,-0.9813370108604431,-0.2953954339027405,0.1385117471218109,0.0223647803068161,-0.7067530155181885,-0.7067530155181885,0.02236480824649334
114.82651178134049,-2.7728466011303388,-0.7711298512752556,1.5857680439452584,-0.8146382101741717,-2.823136220982515,-4.712389013782113,-0.9853777289390564,-0.2955928444862366,0.14765462279319763,0.01777818612754345,-0.7068832516670227,-0.7068832516670227,0.01777821220457554
115.8259294961151,-2.7750343302877334,-0.7733282809010714,1.5724068541390404,-0.7990785557160547,-2.8124421273085254,-4.712388978756031,-0.9892761707305908,-0.29576194286346436,0.15685555338859558,0.01322479173541069,-0.7069830894470215,-0.7069830894470215,0.013224827125668526
117.52596948817856,-2.777205878197517,-0.7755104501346848,1.5591444885953718,-0.7836339861717553,-2.801827131075429,-4.712388943989013,-0.9930335879325867,-0.29590338468551636,0.16611060500144958,0.008704745210707188,-0.7070531845092773,-0.7070531845092773,0.00870470143854618
118.75467590683496,-2.780987734668976,-0.76337134821546,1.5399390594812947,-0.7765677280211671,-2.784188039516846,-4.712388987579951,-0.9991377592086792,-0.29592984914779663,0.1622547209262848,0.0011314613511785865,-0.7071058750152588,-0.7071058750152588,0.0011314933653920889
119.75408011743224,-2.785196422965557,-0.7474244185792214,1.519161230472874,-0.7717369253056354,-2.764687753671729,-4.712389052017718,-1.0057543516159058,-0.2959309220314026,0.15476462244987488,0.007250748574733734,0.7070695757865906,0.7070695757865906,0.007250689901411533
120.75089208477533,-2.788269753284202,-0.7335489704061663,1.50515090746561,-0.7716020366021215,-2.7518731434985675,-4.712389034906608,-1.010511875152588,-0.295767605304718,0.14600661396980286,0.012867427431046963,0.7069897055625916,0.7069897055625916,0.012867366895079613
121.75027599254048,-2.7912598564287796,-0.7198550876600633,1.4916211889618418,-0.7717661799982033,-2.7395296379410614,-4.712389012672448,-1.0150383710861206,-0.2955739200115204,0.1370987445116043,0.018287349492311478,0.7068702578544617,0.7068703174591064,0.018287312239408493
123.19579763403077,-2.794496278990682,-0.7066362643567428,1.476987474084261,-0.7703512773142823,-2.7264123492142054,-4.712389000397977,-1.0198100805282593,-0.29530584812164307,0.12922117114067078,0.024066688492894173,0.7066971063613892,0.7066971063613892,0.024066658690571785
124.76380799437516,-2.8006574069223737,-0.6982545640364156,1.4492400238127843,-0.7509856261210193,-2.7039856183285518,-4.712389100470889,-1.0285797119140625,-0.2943961024284363,0.13392867147922516,0.0341653935611248,0.7062809467315674,0.7062808871269226,0.03416528180241585
125.76329378882997,-2.8068760670326087,-0.68979459598903,1.42123346980562,-0.7314391398413209,-2.681349468209964,-4.712389201478275,-1.037238597869873,-0.29344719648361206,0.13882973790168762,0.04435134306550026,0.7057145237922668,0.7057144045829773,0.04435116797685623
126.83076642148029,-2.8127765749031917,-0.6823088262246385,1.394605484581765,-0.7122970062756601,-2.659926533277416,-4.712389283513018,-1.0452817678451538,-0.2925146520137787,0.14430645108222961,0.053988054394721985,0.705042839050293,0.7050426602363586,0.05398814380168915
127.92199200349076,-2.8148748004585546,-0.685570174710966,1.3845427571158213,-0.6989728206396497,-2.652911697554374,-4.7123891616421965,-1.0481288433074951,-0.2920982241630554,0.15387605130672455,0.05720015987753868,0.7047894597053528,0.704789400100708,0.05720001459121704
128.9209951865874,-2.8169622440798823,-0.6888147644440905,1.3745317379438116,-0.6857171026143967,-2.64593290824009,-4.71238904039762,-1.050866723060608,-0.29165422916412354,0.16347332298755646,0.060394324362277985,0.7045229077339172,0.7045229077339172,0.06039433181285858
129.92026789443713,-2.819040217862836,-0.6920446348621406,1.3645661344814992,-0.6725215201089468,-2.638985778706304,-4.712388919703079,-1.0534974336624146,-0.29118260741233826,0.173102006316185,0.06357289850711823,0.7042431831359863,0.7042432427406311,0.06357289850711823
130.91978023158532,-2.8211089405431276,-0.6952601259540093,1.3546448977101784,-0.6593846841042669,-2.632069577670773,-4.7123887995458675,-1.0560213327407837,-0.29068422317504883,0.18276037275791168,0.06673603504896164,0.7039504647254944,0.7039505243301392,0.0667361170053482
132.21557852209435,-2.8240674951518017,-0.6955087407208297,1.3417343825400092,-0.6462254697588771,-2.622537129883475,-4.712388707259563,-1.0595190525054932,-0.28988462686538696,0.1905422955751419,0.07113136351108551,0.7035199403762817,0.7035199999809265,0.07113116979598999
133.72607422073582,-2.831993278029925,-0.6794436915513667,1.3120641983535106,-0.6326203788105293,-2.5983797916438562,-4.712388766017813,-1.0688287019729614,-0.28752538561820984,0.18779540061950684,0.08240716904401779,0.7022883892059326,0.7022884488105774,0.08240716904401779
134.72594055359463,-2.8400544443124924,-0.6631042289791431,1.281887206119476,-0.6187828939701604,-2.573809812439492,-4.712388825779737,-1.0780932903289795,-0.28507858514785767,0.184939906001091,0.0938539057970047,0.7008504867553711,0.7008504867553711,0.09385395050048828
135.72548632522324,-2.8482453074809495,-0.6465018792094047,1.2512246933315816,-0.6047227764945834,-2.5488445244575297,-4.712388886503175,-1.0872973203659058,-0.28254643082618713,0.18197625875473022,0.10545927286148071,0.6991983652114868,0.6991983652114868,0.10545925796031952
136.75366820329185,-2.855734262749939,-0.6304371856095088,1.2235744973435183,-0.5931373117340094,-2.526235182217911,-4.7123889366733,-1.0955255031585693,-0.280153751373291,0.17782925069332123,0.11596928536891937,0.6975321769714355,0.6975321769714355,0.11596929281949997
137.83278485416955,-2.8596281182166776,-0.6177687024073075,1.2110738404954762,-0.5933051380881685,-2.5155355617403607,-4.7123889366733,-1.0996917486190796,-0.27869242429733276,0.1688663363456726,0.12105583399534225,0.6966673731803894,0.6966674327850342,0.12105585634708405
138.831851274069,-2.8635068418617764,-0.605149449904577,1.1986217621607926,-0.5934723122562157,-2.5048775208103993,-4.7123889366733,-1.1037507057189941,-0.27720946073532104,0.1598586142063141,0.12611621618270874,0.6957691311836243,0.6957691311836243,0.12611620128154755
140.19692655999,-2.8678026078626733,-0.5936180083838895,1.1844253258431565,-0.5908073225612595,-2.4931716576574083,-4.712388946877285,-1.1081490516662598,-0.2755206823348999,0.15326261520385742,0.13167884945869446,0.6947377920150757,0.6947377920150757,0.13167880475521088
141.87990038328607,-2.8744175551052966,-0.5878887913106169,1.1605694685641115,-0.5726807153140334,-2.475628913253371,-4.712389012794377,-1.1148096323013306,-0.2727963328361511,0.1601969599723816,0.140060693025589,0.6930966377258301,0.6930966377258301,0.1400606632232666
142.71143788339322,-2.878747835108111,-0.5817393739638616,1.145395014684899,-0.5636556934520274,-2.4641679667914604,-4.712389055882589,-1.119118094444275,-0.2709915041923523,0.16132035851478577,0.14552868902683258,0.6919692158699036,0.6919692158699036,0.145528644323349
144.44113083197195,-2.8787658859521748,-0.5748159845986283,1.1466028774150046,-0.5717869257547741,-2.4641860176355244,-4.712389055882589,-1.1192010641098022,-0.2709890604019165,0.1513269990682602,0.14552870392799377,0.6919692158699036,0.6919692158699036,0.1455286592245102
145.74092383397115,-2.878783945706472,-0.5678891777193488,1.1478113363686688,-0.5799221717853557,-2.4642040773898217,-4.712389055882589,-1.1192116737365723,-0.2709668278694153,0.14133232831954956,0.14552868902683258,0.6919692158699036,0.6919692158699036,0.1455286741256714
146.9152315519606,-2.8813547556771724,-0.5579836105166398,1.1401990470879182,-0.5822154365712784,-2.4576352716399823,-4.712389055882589,-1.1216505765914917,-0.2698168158531189,0.13271453976631165,0.1486893892288208,0.6912969350814819,0.6912969946861267,0.14868934452533722
148.36727952057026,-2.888978755220827,-0.5421606850302146,1.1151298580048417,-0.5729691729746271,-2.4380279081643015,-4.712389055882589,-1.128905177116394,-0.26643139123916626,0.1267320066690445,0.15808774530887604,0.6892083883285522,0.689208447933197,0.15808771550655365
149.45390289966446,-2.894523679411475,-0.5370062493188099,1.0962049943692707,-0.5591987450504607,-2.424264403939261,-4.71238903957353,-1.1341612339019775,-0.26385873556137085,0.13138923048973083,0.16473399102687836,0.6876501441001892,0.6876501441001892,0.16473402082920074
150.45327153373938,-2.899284272780336,-0.5357991839237426,1.079606498264368,-0.5438073143406253,-2.41269944785827,-4.712389017310345,-1.1385977268218994,-0.2615734040737152,0.14004766941070557,0.1703415960073471,0.6862825155258179,0.6862825155258179,0.1703416109085083
151.45266224015933,-2.904029752732985,-0.5345959505891553,1.0630606972671315,-0.528464746677976,-2.401171206947255,-4.712388995117838,-1.1428985595703125,-0.2592592239379883,0.14876693487167358,0.17592009902000427,0.6848737597465515,0.6848737597465515,0.17592009902000427
152.4520581619857,-2.9087604330663446,-0.5333964697507214,1.0465664972792834,-0.513170027528562,-2.3896789188962786,-4.7123889729945425,-1.1470640897750854,-0.25691717863082886,0.1575443148612976,0.18146958947181702,0.6834242939949036,0.6834242939949036,0.1814696043729782
153.4514734553216,-2.913476685762183,-0.5322006470911392,1.0301226013326843,-0.49792195424154495,-2.3782216800463902,-4.712388950938719,-1.1510947942733765,-0.2545488476753235,0.16637763381004333,0.18699021637439728,0.6819344758987427,0.6819344758987427,0.18699026107788086
154.45091585014444,-2.918045960740279,-0.531171648821416,1.0140402488073141,-0.48286859650743413,-2.3672976976418227,-4.712388943167047,-1.1549639701843262,-0.25220468640327454,0.175289586186409,0.1922672837972641,0.6804655194282532,0.6804654598236084,0.19226732850074768
155.45033552069646,-2.922356450938104,-0.5304463893587509,0.9985828085292437,-0.46813640582025534,-2.3573262375599886,-4.712388961596103,-1.158651351928711,-0.2499258816242218,0.18429481983184814,0.1971215158700943,0.6790751814842224,0.6790751814842224,0.1971214860677719
156.44973600600343,-2.9266548817713374,-0.5297231589386963,0.9831686131953474,-0.4534454310622581,-2.3473826744149577,-4.712388979973601,-1.1622081995010376,-0.24762076139450073,0.19334553182125092,0.20195208489894867,0.6776542663574219,0.6776542663574219,0.20195212960243225
157.4389352717825,-2.932254541102085,-0.5241246593168017,0.9648719647940435,-0.44074730595353234,-2.3344986376405394,-4.712389005227375,-1.1667050123214722,-0.24456550180912018,0.19751782715320587,0.20820622146129608,0.675758957862854,0.675758957862854,0.20820623636245728
158.88148732086876,-2.9405541921765077,-0.5084904130656699,0.9405636217805583,-0.43207330177492154,-2.315512047641717,-4.712389044726498,-1.1732540130615234,-0.23997338116168976,0.19152626395225525,0.21740604937076569,0.6728555560112,0.6728555560112,0.21740606427192688
160.0431422846266,-2.942865738513587,-0.4996489926647003,0.9350663349260098,-0.4354152861210996,-2.3102413761461973,-4.712387577938131,-1.17515230178833,-0.23870189487934113,0.1826421469449997,0.2199551910161972,0.6720260381698608,0.672027051448822,0.21995551884174347
161.30870378922066,-2.9428203321750264,-0.4934844554576082,0.9369722843908831,-0.4434827427587786,-2.31036935724731,-4.71238551931611,-1.1752002239227295,-0.23873889446258545,0.1726486086845398,0.21989665925502777,0.6720443367958069,0.6720468401908875,0.2198975682258606
162.30804466988286,-2.942774904587343,-0.4873170333887785,0.9388791257963028,-0.4515539747807553,-2.310497398240637,-4.712383459730702,-1.175178050994873,-0.2387612760066986,0.16265524923801422,0.21983827650547028,0.6720625758171082,0.6720666885375977,0.2198394536972046
163.3075831771954,-2.942729445342375,-0.48114531340666455,0.9407872960290536,-0.45963083143080846,-2.3106255284623454,-4.712381398710024,-1.1750855445861816,-0.23876981437206268,0.1526602953672409,0.2197795808315277,0.672080934047699,0.6720864772796631,0.2197813093662262
164.92557866137673,-2.943471880351103,-0.4747319820458223,0.9401404979893855,-0.46539479425698355,-2.3090673527324723,-4.712379651763323,-1.1755458116531372,-0.23830115795135498,0.143991619348526,0.22055242955684662,0.6718270182609558,0.6718339323997498,0.22055445611476898
166.7860109119593,-2.9523920001810278,-0.4657996749262902,0.9129784642061974,-0.44716729790728804,-2.2900067846081975,-4.712381160926516,-1.182329535484314,-0.23298174142837524,0.14905203878879547,0.22992967069149017,0.6686763167381287,0.6686820983886719,0.22993159294128418
167.78504538749445,-2.9613668265279203,-0.4568125865459337,0.8856498474296921,-0.42882801350347083,-2.270829319254584,-4.7123826793453105,-1.188942551612854,-0.22756075859069824,0.15421807765960693,0.23931927978992462,0.6653741002082825,0.6653789281845093,0.2393207848072052
168.78478599180568,-2.9704083723138566,-0.4477586875697834,0.8581180679500082,-0.41035239367425286,-2.2515092873842226,-4.712384209052128,-1.1953884363174438,-0.22203277051448822,0.15949444472789764,0.24873065948486328,0.6619141101837158,0.6619178652763367,0.2487318068742752
169.78384654437292,-2.9795044876800847,-0.43865014445657613,0.8304201224533109,-0.3917652656092109,-2.23207265089167,-4.7123857479913775,-1.2016534805297852,-0.21640752255916595,0.16487199068069458,0.2581484019756317,0.6582989692687988,0.6583015322685242,0.25814908742904663
170.78354337652314,-2.9886679423851663,-0.4294741700008167,0.8025171266398322,-0.37304053540691834,-2.2124921232765637,-4.71238729832353,-1.207741141319275,-0.2106798142194748,0.170355886220932,0.26758262515068054,0.654521644115448,0.6545230150222778,0.26758286356925964
172.7090649259431,-2.9978881492978644,-0.4202413657986174,0.7744413186433382,-0.3541998369579092,-2.192790327187478,-4.712388858257384,-1.213639497756958,-0.2048589587211609,0.17593714594841003,0.2770194709300995,0.6505844593048096,0.6505845189094543,0.27701956033706665
174.48425129515834,-2.998227855033588,-0.4144115538024518,0.7753722048399284,-0.3609606908508677,-2.191676319417157,-4.7123889366733,-1.2137904167175293,-0.20472857356071472,0.1667281985282898,0.27749231457710266,0.650382936000824,0.650382936000824,0.2774922847747803
176.59185826125457,-2.998142390715691,-0.40863669387328816,0.7775732399277382,-0.3689366056590948,-2.1915908932882378,-4.7123889725337,-1.2136733531951904,-0.20483851432800293,0.1567366123199463,0.2774924039840698,0.650382936000824,0.650382936000824,0.2774924039840698
177.56017975364017,-3.0013214558965218,-0.40648387325627405,0.7677510633257972,-0.3612672752798703,-2.185236369556539,-4.71238899230957,-1.2157325744628906,-0.20272380113601685,0.16025316715240479,0.28058940172195435,0.6490527987480164,0.6490527987480164,0.28058937191963196
178.55955639708924,-3.005818818534885,-0.40586526493941105,0.7531078136303847,-0.3472426699754576,-2.1763025374227785,-4.71238899230957,-1.218563199043274,-0.19970062375068665,0.16934840381145477,0.2849418818950653,0.647153913974762,0.6471537947654724,0.28494182229042053
179.67498215929936,-3.0103080493477417,-0.40524777514806937,0.7384910408639962,-0.3332434230093208,-2.1673848588371873,-4.71238899230957,-1.2212700843811035,-0.1966596394777298,0.17847566306591034,0.28927358984947205,0.6452293395996094,0.6452292203903198,0.2892735004425049
180.4174315475069,-3.0151448764609636,-0.4001020472319677,0.7245755715297296,-0.32447368781311065,-2.1577619987917513,-4.712388988229561,-1.2241088151931763,-0.19336946308612823,0.18044285476207733,0.29393088817596436,0.643121063709259,0.6431210041046143,0.2939307987689972
181.97350801150102,-3.0205052888232755,-0.3882140865369693,0.7116842936367068,-0.3234703325408029,-2.147077180012311,-4.712388978075457,-1.22722589969635,-0.18971624970436096,0.17167437076568604,0.29908087849617004,0.6407422423362732,0.6407422423362732,0.29908081889152527
182.9726109392454,-3.025851730699097,-0.37635710864386357,0.69882661342451,-0.32246959224665894,-2.136420208365949,-4.712388967947818,-1.230244755744934,-0.18605291843414307,0.16288305819034576,0.3041982352733612,0.6383285522460938,0.6383285522460938,0.3041982054710388
183.971925556611,-3.0311892027201126,-0.36452002348925755,0.6859905048532896,-0.32147053091870326,-2.125781116178592,-4.7123889578371685,-1.2331680059432983,-0.1823773980140686,0.1540621668100357,0.3092876672744751,0.6358782649040222,0.6358782649040222,0.3092876672744751
184.97147868568797,-3.036518364648,-0.3527013678982379,0.6731743812594537,-0.3204730250635713,-2.11515858835851,-4.712388947742262,-1.235996127128601,-0.1786903291940689,0.14521242678165436,0.3143494129180908,0.633391261100769,0.6333911418914795,0.3143494129180908
186.28893087267664,-3.0418381930585494,-0.34090341155193227,0.6603807038801227,-0.3194772662445248,-2.104554664879771,-4.712388937665035,-1.2387288808822632,-0.1749933362007141,0.13633683323860168,0.3193823993206024,0.6308683156967163,0.6308683156967163,0.3193823993206024
188.17993818742002,-3.0422017165187003,-0.33566872738996373,0.6604706722374502,-0.3248019742048607,-2.1027197639836457,-4.712388937503948,-1.2387399673461914,-0.17500673234462738,0.1283997744321823,0.320075660943985,0.6305168867111206,0.6305168867111206,0.3200756907463074
190.56025434981285,-3.0444089707693975,-0.33844705685316695,0.652378858174607,-0.3139318261046869,-2.098437053775636,-4.712388946043128,-1.240067958831787,-0.1734606772661209,0.13818052411079407,0.32211998105049133,0.629474937915802,0.6294748783111572,0.3221200108528137
191.55968398551641,-3.046613792749304,-0.34122232475262126,0.6442959608384968,-0.3030736563000357,-2.0941590628748554,-4.712388954572898,-1.2413105964660645,-0.17190635204315186,0.14797469973564148,0.32415860891342163,0.6284275650978088,0.6284275650978088,0.324158638715744
192.55929867501555,-3.0488158545229873,-0.34399411830729887,0.6362231824433889,-0.29222907978688334,-2.0898864275706797,-4.712388963091989,-1.2424676418304443,-0.17034387588500977,0.15777994692325592,0.3261914551258087,0.6273747682571411,0.6273747682571411,0.32619142532348633
193.55842702786623,-3.051013730995319,-0.34676064371216914,0.6281657474009184,-0.2814051147848489,-2.0856219129589046,-4.712388971594889,-1.2435383796691895,-0.16877558827400208,0.16758911311626434,0.3282168507575989,0.6263174414634705,0.62631756067276,0.32821688055992126
194.5581095176488,-3.0532098102423206,-0.3495249069018521,0.6201149010027781,-0.27059000064605665,-2.0813608854829075,-4.712388980090836,-1.2445240020751953,-0.16719986498355865,0.17741164565086365,0.3302372992038727,0.6252546310424805,0.6252546310424805,0.3302372992038727
195.9620159119449,-3.0554019744613394,-0.35228424214198406,0.6120784071326609,-0.2597941669929516,-2.077107454290982,-4.712388988571637,-1.2454235553741455,-0.1656186878681183,0.18723717331886292,0.3322506248950958,0.6241870522499084,0.6241870522499084,0.3322506546974182
196.69166770496594,-3.0613717408906687,-0.345584035937302,0.5965249113073818,-0.25094086562859924,-2.065761803989353,-4.712388983216661,-1.2481441497802734,-0.16127055883407593,0.18805178999900818,0.33764219284057617,0.6212871074676514,0.6212871670722961,0.3376421332359314
197.87489118729275,-3.0703237955448395,-0.3314205428389807,0.5750349055636533,-0.2436143355543645,-2.0488170098836744,-4.712388966948215,-1.2522367238998413,-0.15471816062927246,0.18171218037605286,0.3456583023071289,0.6168633103370667,0.6168633103370667,0.3456583321094513
198.87422545556467,-3.0792837283069447,-0.3172445853923437,0.5535259878950883,-0.23628135788827107,-2.0318573037916368,-4.712388950665451,-1.2561869621276855,-0.14812998473644257,0.1753201186656952,0.3536234498023987,0.6123319268226624,0.6123319268226624,0.35362347960472107
200.4354176673134,-3.0869894592753684,-0.30430005896507495,0.5353900106986907,-0.23108989212897105,-2.0172896950236594,-4.7123889366733,-1.2594788074493408,-0.14243768155574799,0.16837671399116516,0.36042073369026184,0.6083558797836304,0.6083558797836304,0.36042073369026184
202.06719698668013,-3.087033662465529,-0.29890978527597484,0.5378429678610961,-0.2389331229804765,-2.01733389821382,-4.7123889366733,-1.2595405578613281,-0.1423729956150055,0.15838181972503662,0.36042070388793945,0.6083558201789856,0.6083558797836304,0.36042076349258423
203.7428893969182,-3.087861084588139,-0.2934355239089251,0.5379422129531003,-0.24450662969351947,-2.0159419796350138,-4.712388937621615,-1.259865641593933,-0.141713485121727,0.1499251127243042,0.36109551787376404,0.6079555749893188,0.6079555749893188,0.3610955476760864
205.71595076426115,-3.0964314180835193,-0.28712811193472243,0.5147740006211619,-0.22764583210070322,-2.000352610958752,-4.712388947944959,-1.2633230686187744,-0.1351887583732605,0.15666115283966064,0.3684130609035492,0.6035493016242981,0.6035493016242981,0.36841312050819397
206.7152939732298,-3.105019555090476,-0.2808075973102949,0.4915576599944868,-0.21075000886911893,-1.9847308578360916,-4.712388958289749,-1.2665973901748657,-0.12862509489059448,0.16344833374023438,0.37569180130958557,0.5990455746650696,0.5990455746650696,0.37569186091423035
207.71457171022143,-3.11362684011307,-0.274472990536107,0.4682895564705731,-0.19381651489623378,-1.9690742746248062,-4.712388968657602,-1.2696871757507324,-0.12202410399913788,0.1702846884727478,0.3829316198825836,0.5944437384605408,0.5944437384605408,0.3829316794872284
208.71411580546942,-3.1222569194343204,-0.2681216080982456,0.4449598330398595,-0.1768381766875762,-1.9533762287649947,-4.712388979052912,-1.272592544555664,-0.11538651585578918,0.17717018723487854,0.39013397693634033,0.5897418856620789,0.5897418856620789,0.3901340365409851
210.56299574985633,-3.130907226203887,-0.26175533909269266,0.4215754286777942,-0.15982004412178394,-1.937641389337074,-4.712388989472588,-1.2753106355667114,-0.1087171882390976,0.18409959971904755,0.3972952663898468,0.5849414467811584,0.5849413871765137,0.3972952663898468
211.61602190432453,-3.133177310635072,-0.2565615997123168,0.4178519947486947,-0.16129035520574247,-1.9332721198587601,-4.712388983212725,-1.276059865951538,-0.1070316806435585,0.1787145435810089,0.3992348611354828,0.5836193561553955,0.5836193561553955,0.3992348611354828
213.0518975952612,-3.1330603461801676,-0.2518082497518907,0.4214832000014654,-0.16967491711251617,-1.9331551964566107,-4.712388970716865,-1.2760586738586426,-0.10721315443515778,0.16872242093086243,0.3992348611354828,0.5836193561553955,0.5836193561553955,0.3992348611354828
214.05131102595197,-3.1329433351451494,-0.24705300680968864,0.4251158513512887,-0.17806281810078414,-1.9330382264906967,-4.712388958216029,-1.2759878635406494,-0.10739430785179138,0.1587301790714264,0.3992348611354828,0.5836192965507507,0.5836193561553955,0.3992348611354828
215.37396651526956,-3.132826277864299,-0.24229588447067052,0.42874993842026743,-0.18645403420767012,-1.932921210295182,-4.712388945710251,-1.2758479118347168,-0.10757490992546082,0.148738294839859,0.3992348611354828,0.5836192965507507,0.5836193561553955,0.3992348611354828
216.39766869497765,-3.1344768149900624,-0.2382401417573607,0.4267387437260637,-0.18849858380063728,-1.9297379214090689,-4.7123889366733,-1.2762401103973389,-0.10635001957416534,0.14387890696525574,0.4006442129611969,0.5826526880264282,0.5826526880264282,0.4006442427635193
218.4329516815558,-3.140731888202897,-0.23601176320949982,0.41002154120522744,-0.17400974805057176,-1.9185670939276012,-4.7123889366733,-1.2780905961990356,-0.10146119445562363,0.15239672362804413,0.4057055115699768,0.5791398286819458,0.5791398286819458,0.4057055413722992
220.23634114729268,-3.1469862518848304,-0.23378363743301128,0.3933062349646381,-0.1595225558107168,-1.9073975335851463,-4.7123889366733,-1.2798097133636475,-0.09656670689582825,0.1609390825033188,0.4107356071472168,0.5755834579467773,0.5755834579467773,0.41073551774024963
221.35189589442152,-3.151564159207917,-0.22671411552855011,0.3847350488339719,-0.15802090000322877,-1.8993599879922405,-4.712388947315512,-1.2810494899749756,-0.09294236451387405,0.1560865044593811,0.4143579602241516,0.5729811787605286,0.5729811787605286,0.4143580198287964
222.35148152665633,-3.15557345801759,-0.21800236394556727,0.37892623470801245,-0.16092385272888549,-1.892384740876463,-4.712388961567586,-1.2821013927459717,-0.08974803239107132,0.14667338132858276,0.4174986481666565,0.5706968307495117,0.5706968307495117,0.4174986779689789
223.35072741241592,-3.1595787112078604,-0.2092994030346973,0.37312328201874106,-0.16382387620371047,-1.8854165321971834,-4.712388975805279,-1.2830908298492432,-0.08655522018671036,0.13725657761096954,0.42062363028526306,0.5683975219726562,0.5683975219726562,0.42062368988990784
225.1464554739977,-3.163582920211667,-0.20059871102258223,0.3673218421838036,-0.16672314363013782,-1.8784501401594074,-4.71238899003926,-1.284019112586975,-0.0833628922700882,0.12782970070838928,0.4237350821495056,0.5660817623138428,0.5660817623138428,0.4237350523471832
226.5346072353962,-3.1709139273745452,-0.19662020483764456,0.3518981815897995,-0.15527799688704408,-1.865504633833548,-4.71238899230957,-1.2855820655822754,-0.07757079601287842,0.13269978761672974,0.4294523596763611,0.5617567896842957,0.5617567300796509,0.4294523596763611
227.53401191165477,-3.17887753671113,-0.19353731604999477,0.33464575572094285,-0.14110846603375948,-1.8514222154202917,-4.71238899230957,-1.287166953086853,-0.07128331810235977,0.140304833650589,0.4356183707714081,0.5569888353347778,0.5569888353347778,0.4356183707714081
228.53342161705524,-3.186843644048824,-0.19045346023102994,0.3173879181628476,-0.12693449052450492,-1.8373353796762346,-4.71238899230957,-1.2886377573013306,-0.06499399244785309,0.147931307554245,0.44173339009284973,0.5521517992019653,0.5521517992019653,0.44173339009284973
229.5328337438944,-3.1948130798897934,-0.1873683158750473,0.3001228697090924,-0.11275459265921121,-1.823242657986016,-4.71238899230957,-1.2899949550628662,-0.05870342254638672,0.15557782351970673,0.44779717922210693,0.547245442867279,0.5472455024719238,0.44779717922210693
230.5322324596885,-3.2027864550401905,-0.18428164652551518,0.2828492871044239,-0.09856768563963444,-1.8091429702328867,-4.71238899230957,-1.2912380695343018,-0.052412427961826324,0.16324318945407867,0.4538094699382782,0.5422701239585876,0.5422701239585876,0.4538094699382782
231.53164300327927,-3.2107648463274976,-0.18119303531876954,0.2655648375013224,-0.08437185348276112,-1.795034412213049,-4.71238899230957,-1.292367935180664,-0.04612162709236145,0.17092637717723846,0.4597702622413635,0.5372255444526672,0.5372254252433777,0.45977023243904114
232.52396478509337,-3.2208776264800014,-0.17663604323237148,0.24821458957439588,-0.07157852794929737,-1.7780922009087856,-4.71238899230957,-1.2935082912445068,-0.03789364546537399,0.1763550192117691,0.4669952690601349,0.5309569835662842,0.5309569835662842,0.4669952690601349
233.51464725291163,-3.2307034494580322,-0.17273696527937646,0.23182647949639867,-0.0590894625131929,-1.7616688943608616,-4.71238899230957,-1.2944597005844116,-0.029897984117269516,0.18212644755840302,0.4739234447479248,0.5247824192047119,0.5247824192047119,0.4739234745502472
234.6698765016024,-3.239149760938198,-0.17079111148869375,0.21758511973692246,-0.04679402920628184,-1.7473827356051024,-4.71238899230957,-1.295060157775879,-0.023092351853847504,0.1894209086894989,0.479857474565506,0.5193618535995483,0.5193618535995483,0.47985750436782837
235.3887861915908,-3.2440283641384213,-0.16832433168151603,0.21211817337716207,-0.04379390674629344,-1.7390051787316012,-4.71238899230957,-1.2954399585723877,-0.01919514685869217,0.18950897455215454,0.48328930139541626,0.5161700248718262,0.5161699652671814,0.48328930139541626
237.2231345332359,-3.2439162495061376,-0.16513041130443903,0.21892217963282992,-0.05379183750478282,-1.7388930640993172,-4.71238899230957,-1.2955365180969238,-0.019362986087799072,0.1795172244310379,0.48328936100006104,0.5161699652671814,0.5161699056625366,0.48328936100006104
238.22259620643604,-3.243804092705615,-0.16193528963906872,0.22572874499207501,-0.06379352865669453,-1.738780907298795,-4.71238899230957,-1.2955522537231445,-0.01953945867717266,0.1695241779088974,0.48328930139541626,0.5161700248718262,0.5161699056625366,0.48328930139541626
239.22198979995596,-3.2436919115206555,-0.15873947331012606,0.23253679019262288,-0.0737973943143787,-1.7386687261138356,-4.71238899230957,-1.2954866886138916,-0.019723927602171898,0.15953215956687927,0.48328933119773865,0.5161700248718262,0.5161699652671814,0.48328930139541626
240.22134381226647,-3.243579700832807,-0.15554281650320245,0.23934662586280214,-0.08380389092076088,-1.7385565154259868,-4.71238899230957,-1.2953402996063232,-0.019917014986276627,0.14954155683517456,0.48328933119773865,0.5161700248718262,0.5161699652671814,0.48328927159309387
241.9873300365572,-3.243807124273011,-0.15124657227350824,0.2437654311813004,-0.0925188437419751,-1.7387838962045552,-4.712389041057068,-1.295356035232544,-0.019554665312170982,0.13955572247505188,0.48328930139541626,0.5161699652671814,0.5161699652671814,0.4832892417907715
243.04286009159836,-3.2507752956657003,-0.15120908941056446,0.24102989416329673,-0.08982076318890445,-1.7272729700594858,-4.712389030765343,-1.2954633235931396,-0.013902256265282631,0.14148163795471191,0.48803776502609253,0.5116825699806213,0.5116825699806213,0.4880377948284149
244.04223673504742,-3.2602881207665657,-0.15283151427127928,0.23567569895030874,-0.0828441474464265,-1.711293487632057,-4.712388996115544,-1.2956211566925049,-0.006267977878451347,0.14792898297309875,0.49452003836631775,0.5054205656051636,0.5054205656051636,0.49452006816864014
245.0416052759901,-3.269801779928146,-0.1544540813821485,0.23032103429487433,-0.07586692001172754,-1.6953126041635704,-4.7123889614627075,-1.2957894802093506,0.0013633002527058125,0.1543794870376587,0.5009223818778992,0.49907591938972473,0.49907591938972473,0.5009223818778992
246.0307966963664,-3.279920581692139,-0.15740067203360686,0.22885106743580816,-0.07145036661717473,-1.6783107862725042,-4.7123889404715635,-1.2956652641296387,0.009433641098439693,0.16009823977947235,0.5076436996459961,0.4922375977039337,0.4922375977039337,0.5076437592506409
247.0301839568928,-3.2915699897971806,-0.16368012507729726,0.23715130133079812,-0.07347115104548908,-1.6587267447528995,-4.712388953827017,-1.2948086261749268,0.01860596239566803,0.16397279500961304,0.5152686238288879,0.48425018787384033,0.4842502176761627,0.5152686238288879
248.02952241611632,-3.30324159034287,-0.16997154065056141,0.24546734739808193,-0.07549578512333784,-1.6391053950992547,-4.712388967207913,-1.2939895391464233,0.02778027579188347,0.16784949600696564,0.522782027721405,0.47612908482551575,0.47612908482551575,0.522782027721405
249.0288217597917,-3.314929744080055,-0.17627187899378802,0.25379518765781595,-0.07752329062875711,-1.61945621756057,-4.712388980607787,-1.2932087182998657,0.03695756196975708,0.1717260479927063,0.530177891254425,0.4678797125816345,0.4678797125816345,0.530177891254425
250.39830873758532,-3.3251749205542858,-0.18132836397603863,0.26185644309521855,-0.08052806783233492,-1.6023352733738074,-4.71238900258944,-1.2925529479980469,0.04502754658460617,0.17383252084255219,0.5365300178527832,0.4605816602706909,0.4605816602706909,0.536530077457428
252.0015769550831,-3.3273340239381883,-0.1791194591886809,0.2703137913390146,-0.09119433347539707,-1.5992595980153639,-4.712389055882589,-1.2922741174697876,0.046860940754413605,0.16421541571617126,0.5377337336540222,0.4591757357120514,0.4591757655143738,0.5377337336540222
253.00083085021683,-3.3331292700970123,-0.17941613941501597,0.2832225256929507,-0.10380636950138745,-1.589585311167663,-4.712389055882589,-1.2915351390838623,0.05135352164506912,0.15532039105892181,0.5412691831588745,0.4550027847290039,0.4550028443336487,0.5412692427635193
254.03634203518865,-3.3389352222789794,-0.17971336772253382,0.2961551073874408,-0.1164417047533085,-1.579893152233765,-4.712389055882589,-1.2906999588012695,0.055829763412475586,0.14642095565795898,0.5447788238525391,0.45079484581947327,0.45079487562179565,0.5447788238525391
254.91912156523153,-3.3478389184790465,-0.18533263456179633,0.31378166158746723,-0.12844897045511205,-1.5650324329528673,-4.712389041783834,-1.2891366481781006,0.06262374669313431,0.1425001472234726,0.5500966310501099,0.44429001212120056,0.44429004192352295,0.5500966310501099
256.0219800390019,-3.3603993493457947,-0.19721802653324488,0.3369561756261104,-0.13973806668414776,-1.5440704736677282,-4.7123890110866435,-1.286715030670166,0.07212916016578674,0.14440594613552094,0.5574658513069153,0.43500781059265137,0.43500784039497375,0.5574658513069153
257.02140492496034,-3.373006683156047,-0.209147800729641,0.3602172275338943,-0.15106931846089233,-1.5230302385971066,-4.712388980274824,-1.2841684818267822,0.08160452544689178,0.14630793035030365,0.5647050142288208,0.42556798458099365,0.42556801438331604,0.5647051334381104
258.2014379977103,-3.3856578563715485,-0.22111905825735764,0.38355916495612885,-0.16243997233058458,-1.501916840444927,-4.712388949355863,-1.2814972400665283,0.09104715287685394,0.1482050120830536,0.5718088150024414,0.4159742295742035,0.41597428917884827,0.5718088746070862
259.4151068468842,-3.390844036428321,-0.22879161556748234,0.39091513575853915,-0.1621233979936453,-1.493253202055844,-4.712388946439984,-1.2804248332977295,0.09491093456745148,0.15487974882125854,0.5746757388114929,0.4120045304298401,0.41200459003448486,0.5746757984161377
260.97298608919385,-3.390838668571321,-0.2334692249211887,0.38715795295412514,-0.15368864452486977,-1.4932477964001774,-4.712388962979837,-1.2804675102233887,0.09491296857595444,0.1648746132850647,0.5746757388114929,0.4120045006275177,0.4120045602321625,0.5746757388114929
261.9722964224756,-3.390833303583615,-0.2381443339403577,0.38340277848628196,-0.14525839970652177,-1.49324239363401,-4.712388979510849,-1.280442714691162,0.09489816427230835,0.1748676747083664,0.5746757388114929,0.4120045304298401,0.4120045304298401,0.5746757984161377
262.9717187938631,-3.3908118094105464,-0.24267785476395765,0.37934473032074306,-0.13666687691434432,-1.4932208626237957,-4.712388984721449,-1.2803974151611328,0.09485206007957458,0.1848616898059845,0.5746757984161377,0.4120045006275177,0.4120045006275177,0.5746757984161377
264.8238397173665,-3.3907349910940634,-0.24672659027941163,0.3742471315952998,-0.127520614699625,-1.4931440106919132,-4.712388951106049,-1.2804434299468994,0.09474000334739685,0.1948544979095459,0.5746757984161377,0.41200459003448486,0.4120045304298401,0.5746757984161377
265.72386403978953,-3.3967910227464513,-0.25343160946017385,0.3870989695561796,-0.13366744809410552,-1.4831114445754292,-4.712388956972147,-1.2788798809051514,0.09918924421072006,0.1960134208202362,0.5779714584350586,0.4073684811592102,0.40736842155456543,0.5779713988304138
267.03113957548834,-3.407391197465048,-0.26203876574651286,0.41330823181316384,-0.1512695257108518,-1.4657036691041339,-4.712388992235725,-1.2759958505630493,0.1069578230381012,0.19049113988876343,0.5836193561553955,0.3992348313331604,0.3992348313331604,0.5836193561553955
268.3433435998515,-3.4073990672787557,-0.2571133327105297,0.416565330365648,-0.15945206227433567,-1.4657115296302643,-4.7123889829481485,-1.2761554718017578,0.10701394826173782,0.1804969161748886,0.5836194157600403,0.3992348313331604,0.3992347717285156,0.5836193561553955
269.34259218644655,-3.407406937151746,-0.25218786257162973,0.4198224534536108,-0.16763466047625245,-1.4657193902156076,-4.7123889736605005,-1.2762491703033447,0.1070520281791687,0.17050494253635406,0.5836193561553955,0.3992348313331604,0.399234801530838,0.5836194157600403
270.34216189306534,-3.407414812281306,-0.2472591025350305,0.4230817520905975,-0.17582272412821542,-1.4657272560513173,-4.71238896436665,-1.276276707649231,0.10707221925258636,0.16050930321216583,0.5836193561553955,0.39923474192619324,0.39923474192619324,0.5836193561553955
271.3414038672701,-3.4074226874951834,-0.24233028972717696,0.42634108562424705,-0.18401087544814887,-1.4657351219712447,-4.712388955072701,-1.2762383222579956,0.10707447677850723,0.15051695704460144,0.5836194157600403,0.399234801530838,0.3992347717285156,0.5836193561553955
272.34096994173086,-3.407430567994921,-0.23739816868993077,0.42960260682933327,-0.19220452267225316,-1.4657429931707937,-4.7123889457725125,-1.2761338949203491,0.10705869644880295,0.1405218541622162,0.5836194157600403,0.3992348313331604,0.3992347717285156,0.5836193561553955
274.316015283504,-3.407627685238805,-0.2328518025407525,0.43318137546395424,-0.20032966210246914,-1.4654426948208568,-4.712388937128699,-1.2759116888046265,0.10716381669044495,0.13090360164642334,0.5837185978889465,0.3990897238254547,0.39908963441848755,0.5837185382843018
276.36773088607015,-3.4163944697220527,-0.2457734187177798,0.45112754803254856,-0.20535420795485682,-1.4511868106332941,-4.7123889582070575,-1.2732621431350708,0.11353079974651337,0.13813818991184235,0.5882738828659058,0.3923439383506775,0.3923439383506775,0.5882738828659058
277.3672030832154,-3.425187475161868,-0.25873368271798663,0.46912739658831654,-0.21039378193971647,-1.4368882879023948,-4.712388979348461,-1.2704945802688599,0.11985820531845093,0.14536307752132416,0.5927645564079285,0.3855259418487549,0.3855258524417877,0.5927644371986389
278.36666922676386,-3.4340080092957814,-0.2717345220533889,0.48718359815422413,-0.2154491335664262,-1.4225450000839477,-4.712389000556052,-1.267608642578125,0.12614482641220093,0.15257716178894043,0.5971897840499878,0.3786347508430481,0.3786347210407257,0.5971897840499878
279.36610649931254,-3.4428568149448537,-0.28477703158934387,0.5052976733328317,-0.220520688571296,-1.408155739258331,-4.712389021831617,-1.2646044492721558,0.13238932192325592,0.1597791463136673,0.6015487313270569,0.371670663356781,0.371670663356781,0.6015487313270569
280.3655464726967,-3.4517351375476855,-0.2978630470136808,0.523472171617184,-0.22560916075804377,-1.393718480187158,-4.7123890431781525,-1.261481523513794,0.13859081268310547,0.16696780920028687,0.6058406233787537,0.36463290452957153,0.3646329343318939,0.6058406233787537
281.2936479556329,-3.4618084645697147,-0.31009219936429355,0.5460104643147078,-0.23591829897010097,-1.3773826280687607,-4.712389039013131,-1.257731556892395,0.14553627371788025,0.16971290111541748,0.6106024980545044,0.3566014766693115,0.35660141706466675,0.6106024980545044
282.40358255540167,-3.4736126827032354,-0.3210377461537594,0.574900567656395,-0.25386286591672663,-1.3582975039281189,-4.712388997435514,-1.2530338764190674,0.15353628993034363,0.16599613428115845,0.6160370707511902,0.347128689289093,0.34712865948677063,0.6160370111465454
283.4029117945317,-3.485431506491786,-0.3319968361426739,0.6038264174472249,-0.27182963612590755,-1.3391887652849117,-4.7123889558064525,-1.248101830482483,0.16140316426753998,0.16230112314224243,0.6213310956954956,0.33756139874458313,0.33756136894226074,0.6213310360908508
284.389828645784,-3.496259142399323,-0.3410420055768103,0.6307376402109137,-0.28969568435738363,-1.321387289682768,-4.7123889366733,-1.2434310913085938,0.16840796172618866,0.15715160965919495,0.6260993480682373,0.3286329507827759,0.32863298058509827,0.6260993480682373
285.3892781186584,-3.506255075984981,-0.3484677623177928,0.655963955780776,-0.3074962248798998,-1.3046787420587387,-4.7123889366733,-1.238976240158081,0.17468750476837158,0.1507788896560669,0.6304313540458679,0.32024410367012024,0.32024404406547546,0.6304313540458679
286.38857820739184,-3.5162754248100763,-0.35591165659713364,0.6812518870596155,-0.32534024352832114,-1.2879293835202108,-4.7123889366733,-1.2343285083770752,0.1808626651763916,0.14444437623023987,0.6346611976623535,0.31177741289138794,0.3117774426937103,0.6346611976623535
287.41220247547113,-3.52341177969847,-0.36284700791587,0.6986020574055183,-0.33575504948964835,-1.2760058930483849,-4.7123889366733,-1.2309577465057373,0.18520691990852356,0.14286233484745026,0.6376035213470459,0.30571508407592773,0.30571508407592773,0.6376035213470459
289.20005257671573,-3.5234184648119093,-0.3684932221417112,0.6963417743026062,-0.32784855216089503,-1.2760125781618237,-4.7123889366733,-1.2310819625854492,0.18526756763458252,0.1528547704219818,0.6376035213470459,0.3057151138782501,0.30571508407592773,0.6376035213470459
290.1994977655063,-3.523425147887944,-0.37413771558602493,0.6940821800600978,-0.31994446447407293,-1.2760192612378587,-4.7123889366733,-1.231142282485962,0.1853024959564209,0.16284897923469543,0.6376035213470459,0.30571508407592773,0.30571508407592773,0.6376034617424011
291.1988819526682,-3.523431827900721,-0.37977962181738156,0.6918236215263841,-0.3120439997090025,-1.2760259412506354,-4.7123889366733,-1.231138825416565,0.18531185388565063,0.1728428155183792,0.6376035809516907,0.3057151436805725,0.30571508407592773,0.6376035213470459
292.1982747079978,-3.5234385053059825,-0.3854193257541987,0.6895659446115633,-0.3041466188573646,-1.2760326186558968,-4.7123889366733,-1.2310714721679688,0.18529564142227173,0.18283650279045105,0.6376035213470459,0.30571508407592773,0.30571508407592773,0.6376035213470459
294.4303210601555,-3.5234451801838165,-0.39105689503831076,0.6873091222373686,-0.2962522271990579,-1.2760392935337312,-4.7123889366733,-1.230940580368042,0.18525373935699463,0.192829892039299,0.6376035213470459,0.3057151138782501,0.3057151138782501,0.6376035213470459
294.9799810910794,-3.5248608928934955,-0.39136172350914006,0.6911265643149502,-0.2997648433610338,-1.2737467021293272,-4.712388946894194,-1.2303123474121094,0.18615096807479858,0.190625861287117,0.6381692886352539,0.30453237891197205,0.30453234910964966,0.6381692290306091
295.9789690936181,-3.527159795788641,-0.3883239700836683,0.698751378080141,-0.31042741470854374,-1.2700129220156124,-4.712388963521584,-1.2293376922607422,0.18762105703353882,0.1807929277420044,0.6390849351882935,0.30260607600212097,0.30260607600212097,0.6390849351882935
296.97887565961213,-3.5294651748676142,-0.38527765907638234,0.7063976715240532,-0.32112002332829953,-1.2662686235601086,-4.712388980195814,-1.228283405303955,0.18906186521053314,0.17095454037189484,0.6399973034858704,0.3006715178489685,0.3006715476512909,0.6399973630905151
297.9775701092753,-3.5317722465752963,-0.38222911144193444,0.7140495789409195,-0.33182048255123187,-1.2625215760091881,-4.712388996882287,-1.2271509170532227,0.19046927988529205,0.1611323356628418,0.6409045457839966,0.2987328767776489,0.2987328767776489,0.6409045457839966
298.97769199704857,-3.534087155904404,-0.379170207232016,0.7217274815417748,-0.3425572935477956,-1.2587617989275512,-4.712389013625447,-1.225938081741333,0.19184713065624237,0.15130101144313812,0.6418089866638184,0.29678481817245483,0.29678481817245483,0.6418089866638184
299.97672554126115,-3.5364041945606384,-0.37610848934484903,0.7294124465213061,-0.3533039806041342,-1.2549985634835377,-4.712389030384008,-1.2246471643447876,0.19319066405296326,0.14148595929145813,0.6427082419395447,0.294832319021225,0.294832319021225,0.6427082419395447
301.18713349821707,-3.5387274175172134,-0.37303859956856744,0.7371179230841958,-0.3640793511441281,-1.2512252837624567,-4.7123890471872985,-1.2232762575149536,0.1945023536682129,0.13167092204093933,0.643604040145874,0.29287174344062805,0.29287171363830566,0.643604040145874
301.935036660079,-3.545391712931203,-0.3790071763807934,0.7542275270605462,-0.37522037717162454,-1.2401749238344342,-4.712389055882589,-1.2196917533874512,0.1983213722705841,0.1288863718509674,0.6461727619171143,0.2871597111225128,0.2871597111225128,0.6461727619171143
303.1950249289588,-3.556720398588388,-0.3946811916547567,0.7814437627635777,-0.38676259073462305,-1.2213055907125765,-4.712389055882589,-1.213659644126892,0.20475158095359802,0.13359110057353973,0.6504347920417786,0.27737078070640564,0.277370810508728,0.6504348516464233
304.19445540285267,-3.5680654779057965,-0.410377888684443,0.8086993828872014,-0.3983215069525547,-1.2024089519133252,-4.712389055882589,-1.2074453830718994,0.21103578805923462,0.13825777173042297,0.6545543074607849,0.26750433444976807,0.26750436425209045,0.6545543074607849
305.1938135129825,-3.579423630242172,-0.42609267313443283,0.8359864098638641,-0.4098937425952986,-1.1834905383771575,-4.712389055882589,-1.2010529041290283,0.21716906130313873,0.1428827941417694,0.658528745174408,0.2575652301311493,0.2575652599334717,0.6585288047790527
306.70527797390116,-3.589117239943593,-0.44040518137703577,0.859006115652419,-0.41860093735916715,-1.1673851689791672,-4.712389055882589,-1.1954702138900757,0.22229066491127014,0.14827196300029755,0.6617962718009949,0.2490493357181549,0.2490493208169937,0.6617963314056396
308.3299104205582,-3.589219444217284,-0.4465990462155437,0.8574481819296006,-0.41084915951926887,-1.1674873537489112,-4.712389055882589,-1.1954114437103271,0.2224261462688446,0.15826432406902313,0.6617963910102844,0.24904939532279968,0.2490493506193161,0.6617962718009949
309.3293093226168,-3.5893216186100054,-0.45279110018374163,0.8558907036923308,-0.4030996480291708,-1.1675895086433883,-4.712389055882589,-1.1952894926071167,0.2225315421819687,0.16825701296329498,0.6617963314056396,0.2490493655204773,0.2490493357181549,0.6617963314056396
310.3287834755394,-3.589423765317723,-0.4589814763632641,0.8543336474667814,-0.39535223633385586,-1.1676916358581444,-4.712389055882589,-1.1951044797897339,0.2226063460111618,0.1782497614622116,0.6617963314056396,0.2490493506193161,0.24904930591583252,0.6617963314056396
312.2581116746483,-3.5891927557010908,-0.4645907854580976,0.8515457649123862,-0.38695499134636396,-1.1674607353648785,-4.712388944583954,-1.1953681707382202,0.22236284613609314,0.18823538720607758,0.6617963314056396,0.2490493208169937,0.2490493208169937,0.6617963314056396
313.9960373304699,-3.59892246504212,-0.47319718986454345,0.8768923707378826,-0.40369524101203436,-1.1515250521352853,-4.7123889366733,-1.189517617225647,0.22738870978355408,0.18359577655792236,0.6649377346038818,0.24053646624088287,0.24053649604320526,0.6649377346038818
314.99538230895143,-3.6093350878069477,-0.4820179201954275,0.9041685579212718,-0.42215075363170873,-1.1345194115586523,-4.7123889366733,-1.1830685138702393,0.23261409997940063,0.17803040146827698,0.6681727170944214,0.23139844834804535,0.23139838874340057,0.6681726574897766
315.99478381871324,-3.619758208687725,-0.4908475436795411,0.9314722452438832,-0.4406248732936008,-1.1174966257160672,-4.7123889366733,-1.1764315366744995,0.23767150938510895,0.17253008484840393,0.6712852120399475,0.2222076952457428,0.22220760583877563,0.671285092830658
316.99405615403396,-3.6300589848372895,-0.4993478896895029,0.9584446208087322,-0.45909684401776746,-1.100514955099544,-4.712388992767302,-1.1697579622268677,0.24248065054416656,0.16685645282268524,0.6742538213729858,0.21303017437458038,0.21303008496761322,0.6742537617683411
317.98876044525844,-3.6406203204460117,-0.5083323312407051,0.9860157478754414,-0.4776834450110002,-1.082912591933795,-4.712389048107837,-1.1627916097640991,0.24720188975334167,0.161553293466568,0.6771867275238037,0.20351459085941315,0.20351456105709076,0.6771866679191589
318.98817136137825,-3.652544369670166,-0.520068201569576,1.0167890229015255,-0.4967208417137492,-1.0624558570918787,-4.712389004522684,-1.154868721961975,0.25222253799438477,0.15810319781303406,0.6803927421569824,0.1925245225429535,0.1925245225429535,0.6803927421569824
319.98759168385607,-3.6644484342301658,-0.531784402621453,1.0475107220279503,-0.5157263318072315,-1.0420334076649098,-4.712388961010581,-1.1467790603637695,0.25702178478240967,0.15472552180290222,0.6834155917167664,0.18150241672992706,0.18150240182876587,0.6834155917167664
320.91833432390433,-3.6736668822986505,-0.5386929268661804,1.0716821333388256,-0.5329892131205313,-1.0262210795779934,-4.712388956031899,-1.1404093503952026,0.26059919595718384,0.14895862340927124,0.6856335997581482,0.17293520271778107,0.1729351431131363,0.6856335997581482
321.91772950067264,-3.6795028239117835,-0.5395030299394367,1.0876111225127434,-0.5481080962832973,-1.0162152062684167,-4.712389000158844,-1.1363086700439453,0.2627885043621063,0.14011156558990479,0.6869818568229675,0.16749908030033112,0.16749903559684753,0.6869818568229675
323.4634166921775,-3.685370899476935,-0.5403175936147708,1.1036278201333434,-0.5633102272744905,-1.0061542384643876,-4.712389044528763,-1.132089376449585,0.26490306854248047,0.13130299746990204,0.6882940530776978,0.16202223300933838,0.16202223300933838,0.6882941126823425
324.5843841190856,-3.693709041534827,-0.5520193041331902,1.1247797935242234,-0.5727605658831479,-0.9917139984671572,-4.712388953893103,-1.126071810722351,0.2677997946739197,0.1341175138950348,0.6900947093963623,0.15417279303073883,0.15417276322841644,0.6900947093963623
326.07267171029224,-3.7029149784095052,-0.5674381211912097,1.1477530505196962,-0.5803151079258693,-0.9757373252839217,-4.712388817688018,-1.1193476915359497,0.2708668112754822,0.14076513051986694,0.691981315612793,0.1454717367887497,0.14547161757946014,0.6919811367988586
327.5692260762222,-3.7126069389364993,-0.5745324145551245,1.1734436209129069,-0.5989113504477198,-0.9591430620393518,-4.712388853383744,-1.112069845199585,0.2739517092704773,0.13464726507663727,0.6938333511352539,0.13636456429958344,0.13636451959609985,0.6938333511352539
328.56840900457576,-3.7223242147148867,-0.5816452381038727,1.199201294679695,-0.6175561660681812,-0.9425054548351619,-4.712388889172706,-1.1046440601348877,0.2768703103065491,0.12863260507583618,0.6955699324607849,0.1272100955247879,0.12721006572246552,0.6955698728561401
330.26055097024346,-3.7320737996573055,-0.5887817112214925,1.2250446106496868,-0.6362629742079409,-0.9258125289189677,-4.7123889250806625,-1.0970678329467773,0.27962177991867065,0.12272123992443085,0.6971909999847412,0.11800286173820496,0.11800283938646317,0.6971909999847412
331.1886646829613,-3.7352051922919594,-0.595862066123689,1.2324286344359843,-0.6365666315135395,-0.9204071388092439,-4.7123889366733,-1.0947637557983398,0.2805596888065338,0.1276068538427353,0.6976883411407471,0.11502590030431747,0.11502588540315628,0.6976882815361023
332.62696756214865,-3.735181292525381,-0.6029114094128322,1.231012812263888,-0.6281014655036087,-0.9203832384939742,-4.7123889366733,-1.094957709312439,0.280653178691864,0.13760000467300415,0.6976883411407471,0.11502591520547867,0.11502586305141449,0.6976882815361023
333.62621363417276,-3.735157411796103,-0.6099551375649253,1.2295981178614588,-0.6196430424008322,-0.9203593572164418,-4.7123889366733,-1.0950871706008911,0.28070318698883057,0.1475915014743805,0.6976883411407471,0.11502589285373688,0.11502591520547867,0.6976884007453918
334.62579777629145,-3.735133535220337,-0.6169976406199916,1.2281836695130892,-0.6111860904492372,-0.920335480092517,-4.7123889366733,-1.095152735710144,0.28070998191833496,0.15758712589740753,0.6976884007453918,0.11502591520547867,0.1150258406996727,0.6976883411407471
335.62501842320927,-3.7351096790478047,-0.6240341256499959,1.226770429852248,-0.602736365210701,-0.9203116233722937,-4.7123889366733,-1.09515380859375,0.28067299723625183,0.1675792634487152,0.6976882815361023,0.11502598226070404,0.11502595990896225,0.6976882815361023
336.62452861831554,-3.735085828213816,-0.631069036052524,1.2253575064467515,-0.5942885308551084,-0.9202877719907369,-4.7123889366733,-1.0950905084609985,0.28059300780296326,0.17757384479045868,0.6976882815361023,0.11502592265605927,0.11502594500780106,0.6976883411407471
338.1910007760881,-3.735061993543511,-0.6380991789040188,1.223945540577891,-0.5858464215875563,-0.920263936773235,-4.7123889366733,-1.0949631929397583,0.2804698050022125,0.18756556510925293,0.6976883411407471,0.11502598971128464,0.11502591520547867,0.6976882815361023
339.02335229146325,-3.739790087222237,-0.6465297332868994,1.2360406102782706,-0.5895109435057372,-0.9116740798846109,-4.7123889366733,-1.091213583946228,0.2815660238265991,0.19116203486919403,0.6984387636184692,0.1103774905204773,0.1103774830698967,0.6984388828277588
340.4247819868091,-3.7506723825599537,-0.6567661911420302,1.265630065713621,-0.6088639569443899,-0.8919904794212791,-4.7123889366733,-1.082737922668457,0.28413450717926025,0.18653219938278198,0.7000440955162048,0.09969089925289154,0.09969082474708557,0.7000440955162048
341.42423984158665,-3.7615363377249715,-0.6669853972686375,1.2951696533861623,-0.6281843543220303,-0.872340052164574,-4.7123889366733,-1.0741409063339233,0.28648796677589417,0.182010680437088,0.7014836072921753,0.088998943567276,0.08899889886379242,0.7014835476875305
342.4235331316653,-3.772378778572565,-0.6771843658996826,1.3246507426521712,-0.6474664907573484,-0.852728539421333,-4.7123889366733,-1.0654312372207642,0.2886243462562561,0.17760202288627625,0.7027573585510254,0.07830757647752762,0.07830756902694702,0.7027573585510254
343.5714211906948,-3.7814626424140383,-0.6845217699416143,1.3495970779537547,-0.6650753648039646,-0.8364837763148232,-4.712388976125238,-1.0579882860183716,0.29026341438293457,0.17235073447227478,0.7036927342414856,0.0694015622138977,0.0694015696644783,0.7036926746368408
344.802951386573,-3.782546469284556,-0.6785683266232199,1.353933044470969,-0.6753644404472176,-0.8353852205212904,-4.712389163418511,-1.056849479675293,0.2904953062534332,0.16248930990695953,0.7037678956985474,0.0686335563659668,0.06863372772932053,0.7037680745124817
345.8611012637758,-3.7873016577040635,-0.6774370358436654,1.3677744913288996,-0.6903373088353297,-0.8263047361504899,-4.712389089407796,-1.05308198928833,0.29124897718429565,0.15326574444770813,0.7042258977890015,0.06376352906227112,0.0637635812163353,0.704226016998291
346.8602850303197,-3.7920906101243417,-0.6762977123849858,1.3817142187555798,-0.7054164913997053,-0.8171597762102175,-4.7123890148715715,-1.0492066144943237,0.29192543029785156,0.14408093690872192,0.7046530842781067,0.058855678886175156,0.05885569378733635,0.7046530842781067
349.1176971152243,-3.7969160678357157,-0.6751497040760799,1.3957602061244876,-0.7206106197602998,-0.8079451059459777,-4.712388939767171,-1.0452220439910889,0.2925224304199219,0.1349342167377472,0.7050489187240601,0.053907640278339386,0.05390758812427521,0.7050488591194153
351.1968286603671,-3.797117873536056,-0.6823738664745399,1.3950536005421992,-0.712679857982734,-0.8075685261361575,-4.7123889366733,-1.045182704925537,0.29264742136001587,0.14413872361183167,0.7050644755363464,0.053703673183918,0.05370364338159561,0.7050644159317017
352.1963428601604,-3.7971210271986293,-0.6899559874865496,1.3937134706001597,-0.7037576077976013,-0.8075716667118371,-4.7123889366733,-1.0452510118484497,0.29270461201667786,0.15413346886634827,0.7050644755363464,0.05370368808507919,0.05370365455746651,0.7050644159317017
353.1956761039775,-3.7971241785489824,-0.6975325493953625,1.3923743232223176,-0.6948418992792991,-0.8075748049848912,-4.7123889366733,-1.045253872871399,0.2927115559577942,0.16412679851055145,0.7050644755363464,0.053703710436820984,0.053703662008047104,0.7050644755363464
354.1950886033457,-3.797127328330938,-0.7051053405205542,1.3910358423255336,-0.6859306280252937,-0.8075779416960563,-4.7123889366733,-1.0451915264129639,0.29266828298568726,0.17412063479423523,0.7050645351409912,0.05370378494262695,0.05370368808507919,0.7050644159317017
356.2388634030219,-3.797130476649259,-0.7126746127352761,1.3896979833915586,-0.6770234976442104,-0.8075810769496604,-4.7123889366733,-1.0450634956359863,0.2925751507282257,0.1841142177581787,0.7050644755363464,0.05370362475514412,0.053703587502241135,0.7050644755363464
357.5398528385296,-3.8024419675901733,-0.7159991437488435,1.4048303487445528,-0.6888312998957793,-0.7976730370396408,-4.7123889366733,-1.040622353553772,0.29322323203086853,0.17960472404956818,0.7054526805877686,0.048336733132600784,0.048336733132600784,0.7054526805877686
358.5389636825159,-3.8091677904581154,-0.7182349583365064,1.4243434528327288,-0.7061085485589547,-0.7851243566161414,-4.7123889366733,-1.034958839416504,0.29396766424179077,0.17140761017799377,0.7058857679367065,0.04153601452708244,0.041535988450050354,0.7058857679367065
359.53864635856297,-3.815945227300582,-0.7204879305685846,1.4440063005102128,-0.7235183828536367,-0.7724793776007213,-4.7123889366733,-1.0291615724563599,0.2945946455001831,0.16328756511211395,0.7062558531761169,0.03467914089560509,0.03467918559908867,0.7062558531761169
360.5587596059312,-3.8227711789337855,-0.7227570302067778,1.4638099003573664,-0.7410528416173052,-0.7597438822846596,-4.7123889366733,-1.0232340097427368,0.29510071873664856,0.1552542746067047,0.706561267375946,0.027769943699240685,0.027769913896918297,0.706561267375946
361.49195116220045,-3.829677627093711,-0.729541603722802,1.4831957687705324,-0.7536541025912074,-0.7465745797932404,-4.712388943273826,-1.0172313451766968,0.29547789692878723,0.15289191901683807,0.7068044543266296,0.020676273852586746,0.02067628689110279,0.7068043947219849
362.9351737866123,-3.8366846230081526,-0.7447472665469271,1.501656378379205,-0.7569090298110998,-0.7326877030724313,-4.712388962208173,-1.011217713356018,0.2957320213317871,0.16086946427822113,0.7069818377494812,0.013291269540786743,0.013291292823851109,0.7069818377494812
363.9344972515424,-3.843736885894524,-0.7600511618119778,1.520236248211112,-0.7601849846869086,-0.7187111136036219,-4.712388981264841,-1.0050967931747437,0.2958756685256958,0.16876746714115143,0.7070825099945068,0.005857212468981743,0.005857209675014019,0.7070825099945068
364.93383952918845,-3.8508356550477325,-0.7754559788730981,1.538938643308757,-0.7634825429025327,-0.7046423552792572,-4.712389000447178,-0.9988684058189392,0.2959064543247223,0.17658250033855438,0.7071049213409424,-0.0016265574377030134,-0.0016265118028968573,0.7071049213409424
365.933178360941,-3.857981859051775,-0.790963732821396,1.5577660101166455,-0.7668021358087771,-0.6904795877769441,-4.712389019757694,-0.9925330877304077,0.2958221435546875,0.1843106597661972,0.7070474624633789,-0.009160224348306656,-0.009160171262919903,0.7070474624633789
366.9325146781226,-3.8651764784042193,-0.8065765514039958,1.576720931850614,-0.770144218871616,-0.6762208678889214,-4.712389039199039,-0.9860910773277283,0.29561978578567505,0.19194786250591278,0.7069084644317627,-0.016743753105401993,-0.016743719577789307,0.7069085240364075
368.43978635642674,-3.8713502754412468,-0.8187742025216931,1.5932488317788445,-0.7744744359411913,-0.6639845096727417,-4.712389065550607,-0.9805225133895874,0.2953595221042633,0.19691693782806396,0.7067244052886963,-0.02325012907385826,-0.02325006015598774,0.7067244648933411
370.45743090884463,-3.871348563583124,-0.8105988948526881,1.5950315344916688,-0.784432347561975,-0.6639826990535733,-4.712389131391303,-0.9805431962013245,0.2953755557537079,0.18692049384117126,0.7067243456840515,-0.023250259459018707,-0.023250123485922813,0.7067244648933411
371.45184723512904,-3.872249037248719,-0.8035951062616757,1.5992142884350664,-0.7956188326114261,-0.6621475217017524,-4.712389167529467,-0.9797524213790894,0.2953406274318695,0.17700788378715515,0.7066918611526489,-0.024216920137405396,-0.02421675994992256,0.7066920399665833
372.4502472005941,-3.8749305141074806,-0.7989032407299017,1.6081351488171856,-0.8092315825141145,-0.6566930971225083,-4.712389145038108,-0.9774223566055298,0.2952558994293213,0.16729995608329773,0.706587553024292,-0.02709149569272995,-0.027091344818472862,0.7065876722335815
373.4506042473175,-3.877634556142682,-0.7941718921896462,1.6171310800647725,-0.8229588864926228,-0.6511927724443665,-4.712389122357479,-0.9749994874000549,0.29509609937667847,0.15759554505348206,0.7064704298973083,-0.029989754781126976,-0.029989589005708694,0.7064706087112427
374.4504043631412,-3.8803548993358077,-0.7894120209937721,1.6261812427533031,-0.8367689447135254,-0.6456592893833131,-4.712389099540121,-0.9724898338317871,0.2948610484600067,0.14792050421237946,0.7063406705856323,-0.032905030995607376,-0.03290491923689842,0.7063407897949219
375.4496168144204,-3.883091738842744,-0.7846232856718035,1.6352862861363455,-0.8506627479026123,-0.6400922509703935,-4.712389076584397,-0.9698929190635681,0.2945491671562195,0.13827678561210632,0.70619797706604,-0.03583741560578346,-0.035837266594171524,0.7061980962753296
376.44132150189654,-3.88550433568086,-0.7793270784978371,1.6434150495676794,-0.8640876958329008,-0.6350163039613813,-4.712389114260503,-0.9675942063331604,0.2942168712615967,0.12863555550575256,0.7060588598251343,-0.03848136588931084,-0.03848119452595711,0.706058919429779
377.5239330708542,-3.887306405912957,-0.7765918195589463,1.649194953870408,-0.8726025851602532,-0.6299170459483829,-4.712389495203556,-0.9662951827049255,0.29403984546661377,0.12294710427522659,0.7059217691421509,-0.04091744124889374,-0.04091748595237732,0.70592200756073
379.3772927135255,-3.895699913800213,-0.7928924874892651,1.6734964231260334,-0.8806035653951552,-0.6119809475153616,-4.7123893520758795,-0.9585394263267517,0.29297754168510437,0.12915924191474915,0.7053220272064209,-0.050206854939460754,-0.050207044929265976,0.7053221464157104
380.37668686583896,-3.9041028374705142,-0.8092114414037997,1.6978251536132312,-0.8886135210781133,-0.5940247284827276,-4.712389208787644,-0.9507095813751221,0.29176729917526245,0.13525085151195526,0.704599142074585,-0.05949818342924118,-0.05949812009930611,0.704599142074585
381.8169058214454,-3.9125134389769483,-0.8255453061111626,1.7221761135069193,-0.8966307955383885,-0.5760521026716094,-4.712389065368484,-0.942808985710144,0.29040849208831787,0.14121809601783752,0.7037529945373535,-0.06878751516342163,-0.06878753751516342,0.7037529945373535
383.2212352620689,-3.9131625117383013,-0.8352539337308298,1.722975982638763,-0.887722048907933,-0.5749561259474819,-4.712389055882589,-0.942131757736206,0.29029935598373413,0.15093857049942017,0.7036927342414856,-0.06940151751041412,-0.06940155476331711,0.7036926746368408
384.22216153842413,-3.9154795551512116,-0.8468093090780495,1.7288945306221697,-0.8820852021693025,-0.569913593349712,-4.712389035840591,-0.9398792386054993,0.28981244564056396,0.1601809412240982,0.7034325003623962,-0.07199052721261978,-0.07199053466320038,0.703432559967041
385.27230762647133,-3.9220614589071667,-0.8628405435355497,1.7478618511608508,-0.8850212316177767,-0.5549834846585784,-4.712388977257711,-0.933672308921814,0.2884465754032135,0.16789349913597107,0.7026175260543823,-0.07955228537321091,-0.0795523077249527,0.7026175260543823
386.2662524707762,-3.9296416448183824,-0.8777435391499212,1.7707696083236402,-0.8930259586859086,-0.5372540029480581,-4.71238894617951,-0.9264217615127563,0.2865959405899048,0.1724984496831894,0.7015545964241028,-0.0884372666478157,-0.08843725174665451,0.7015545964241028
387.39680984564785,-3.939314981340001,-0.8899040454124718,1.8020520900515864,-0.912147949373686,-0.5135982998421784,-4.712388976624273,-0.9170364737510681,0.283793181180954,0.17051303386688232,0.6999834775924683,-0.10011552274227142,-0.10011547058820724,0.6999834775924683
388.39639333584074,-3.9488968012549264,-0.9019495046830844,1.8330386173722528,-0.9310890325021072,-0.49016639642240967,-4.712389006781009,-0.9076665043830872,0.28084802627563477,0.16865657269954681,0.6982356309890747,-0.1116558313369751,-0.11165587604045868,0.6982355713844299
389.39576504328016,-3.958384743521717,-0.9138769488587497,1.8637215549433148,-0.9498445408281412,-0.4669640665078726,-4.712389036642283,-0.8983187079429626,0.2777649164199829,0.16692812740802765,0.6963174343109131,-0.12305319309234619,-0.1230531707406044,0.6963173747062683
390.48568227082677,-3.9644920660396368,-0.9180225063652672,1.8839423300203793,-0.9659197566546099,-0.45200825624673635,-4.712389031532971,-0.8922894597053528,0.2757135033607483,0.1623661071062088,0.6949828267097473,-0.13037949800491333,-0.13037951290607452,0.6949828267097473
391.87611775093364,-3.9644750253659553,-0.9079310832415737,1.8852282943703542,-0.9772971117284979,-0.4519911068188005,-4.7123889621114445,-0.8923241496086121,0.2757272720336914,0.1523720920085907,0.6949828267097473,-0.13037952780723572,-0.13037951290607452,0.6949828863143921
392.9120076285827,-3.9668157229454204,-0.9016734296908012,1.894271449886718,-0.9925979089233754,-0.44562904842530754,-4.7123889604196,-0.8899983167648315,0.2747964560985565,0.14287467300891876,0.6944089531898499,-0.13340243697166443,-0.13340240716934204,0.6944088935852051
393.9114595228958,-3.9705475840464297,-0.897603022475786,1.907901650225087,-1.0102985164767595,-0.4355227615985705,-4.712388998178479,-0.8862451910972595,0.2732629179954529,0.1337394267320633,0.6934692859649658,-0.1382039189338684,-0.13820387423038483,0.6934692859649658
395.32715283519366,-3.9743258438520317,-0.893482007369204,1.9217013165810608,-1.0282191979393154,-0.4252908220199455,-4.71238903640682,-0.8823686242103577,0.2716156840324402,0.12467625737190247,0.6924841403961182,-0.14305828511714935,-0.14305830001831055,0.6924841403961182
395.7549787702578,-3.977063377807612,-0.8976678585553414,1.9309986487419837,-1.033330713373325,-0.4176777656580603,-4.712389029600721,-0.8796474933624268,0.2704765200614929,0.1250164657831192,0.6917344927787781,-0.14664018154144287,-0.1466401219367981,0.6917345523834229
397.1939698235969,-3.9787113111290955,-0.910413344643003,1.935595635302035,-1.0251822837225417,-0.4128104018249408,-4.712388976306033,-0.8781378865242004,0.26988112926483154,0.1348716914653778,0.691253125667572,-0.1488928198814392,-0.14889280498027802,0.691253125667572
398.19344891252916,-3.9803690191842955,-0.9232344307145783,1.9402198889359037,-1.0169855215761374,-0.4079141671723832,-4.712388922695228,-0.8765459656715393,0.2692010700702667,0.14471542835235596,0.6907615065574646,-0.1511572003364563,-0.15115725994110107,0.6907614469528198
399.19340390729707,-3.9820362941816887,-0.9361295096637993,1.9448708299994817,-1.008741454387461,-0.4029896754369586,-4.712388868775025,-0.8748717904090881,0.26843541860580444,0.15454405546188354,0.6902596354484558,-0.15343298017978668,-0.15343314409255981,0.6902595162391663
400.19280876982015,-3.9837115711035596,-0.9490864772924823,1.949544092803145,-1.000457820598711,-0.3980415490815578,-4.712388814596037,-0.873116672039032,0.26758384704589844,0.1643458604812622,0.6897477507591248,-0.15571804344654083,-0.15571817755699158,0.6897476315498352
401.1916626619081,-3.985395027747493,-0.9621067087270413,1.954240173321515,-0.9921337410656342,-0.39306926296021727,-4.712388760152514,-0.87128084897995,0.26664602756500244,0.17411935329437256,0.6892257332801819,-0.15801255404949188,-0.1580127626657486,0.6892256140708923
402.3591104164393,-3.987088451208019,-0.9752040257575755,1.9589640567378077,-0.983760379257125,-0.38806753868019656,-4.712388705386661,-0.8693621754646301,0.265619695186615,0.18387232720851898,0.6886927485466003,-0.16031907498836517,-0.16031888127326965,0.6886928081512451
403.4941531732217,-3.9930134583044894,-0.9920071572224942,1.979718572356448,-0.9877114875585626,-0.370367622474606,-4.712388888390227,-0.8629009127616882,0.2622673511505127,0.19030681252479553,0.6867510676383972,-0.1684427410364151,-0.16844280064105988,0.6867510676383972
404.64858132061624,-3.9987596630580664,-1.0042409261054275,2.000705335684292,-0.9964642175969194,-0.352809455111534,-4.7123890690506,-0.8566439151763916,0.2589500844478607,0.19253262877464294,0.684741735458374,-0.17643336951732635,-0.17643329501152039,0.684741735458374
406.2023267305583,-4.001828427482819,-0.9997050605705313,2.0145190048285038,-1.0148136962349072,-0.341999967671023,-4.71238912509172,-0.8534100651741028,0.2570813298225403,0.18326568603515625,0.6835008859634399,-0.18118050694465637,-0.18118038773536682,0.6835010051727295
407.20147790081205,-4.004938553122985,-0.995108060036164,2.028518856444249,-1.0334104915885696,-0.3310447885198834,-4.71238918188817,-0.8500426411628723,0.2550927996635437,0.1740713119506836,0.6822097897529602,-0.18598291277885437,-0.185982808470726,0.6822099685668945
408.2006652063817,-4.008091725012342,-0.9904474338951741,2.0427124755057484,-1.052264679208508,-0.3199379822558167,-4.712389239470721,-0.8465396165847778,0.2529810965061188,0.1649550050497055,0.680866539478302,-0.19084219634532928,-0.1908424347639084,0.6808664798736572
409.19992850787344,-4.011289813912974,-0.9857204170199432,2.0571082830205856,-1.07138744519576,-0.3086729592627876,-4.712389297873537,-0.8428981900215149,0.25074222683906555,0.15592283010482788,0.6794686317443848,-0.1957608014345169,-0.19576093554496765,0.6794686913490295
410.199311484316,-4.014534768578802,-0.9809241290050303,2.0717150510670885,-1.0907904419985066,-0.297242855204498,-4.712389357132206,-0.8391155004501343,0.24837419390678406,0.14698077738285065,0.6780138611793518,-0.2007412612438202,-0.2007412612438202,0.6780139803886414
411.19628689877095,-4.017917840385886,-0.9763635692426632,2.0869934826429426,-1.110629391901734,-0.28516402317733114,-4.7123894008226275,-0.8350833058357239,0.24578441679477692,0.138238325715065,0.6764417886734009,-0.20597682893276215,-0.20597679913043976,0.6764418482780457
412.1961846172005,-4.022715576431782,-0.9764056125322923,2.109399881156696,-1.1329939894604395,-0.26563363143809576,-4.712389195064277,-0.8292750120162964,0.24172274768352509,0.13118523359298706,0.6738862991333008,-0.21418976783752441,-0.21418970823287964,0.6738863587379456
413.07228795663775,-4.025967462593162,-0.9805114883019659,2.1241927315233444,-1.1436811558870685,-0.25242918448708734,-4.712389042157731,-0.8253036737442017,0.23896023631095886,0.1298973262310028,0.6721010804176331,-0.2197272777557373,-0.2197272777557373,0.6721010804176331
414.8214735276919,-4.025987280784953,-0.9928666972334425,2.1230910584345173,-1.1302243584277285,-0.2524490311012021,-4.712389000569468,-0.8253027200698853,0.23898309469223022,0.1398923695087433,0.6721011400222778,-0.21972718834877014,-0.21972723305225372,0.6721011400222778
416.10424236754443,-4.026007074160942,-1.0052064353061276,2.1219907648309655,-1.11678441120657,-0.25246885286392284,-4.71238895903328,-0.8252203464508057,0.2389073669910431,0.14988422393798828,0.6721011400222778,-0.21972723305225372,-0.21972736716270447,0.6721010804176331
417.2259713277971,-4.028177175536124,-1.0197611066314114,2.1331835878625536,-1.1134226334084318,-0.2407490449337213,-4.712388911642048,-0.822140634059906,0.2362232208251953,0.15760844945907593,0.6705589294433594,-0.22438955307006836,-0.2243896722793579,0.6705588698387146
418.25026623538383,-4.032849757692145,-1.0368807283756472,2.1586841223815227,-1.1218036003454714,-0.21536678396577597,-4.712388857479742,-0.8155415058135986,0.2305745631456375,0.162553071975708,0.6671114563941956,-0.23444059491157532,-0.23444083333015442,0.6671112775802612
419.2494665794695,-4.037508249814686,-1.0539487264061644,2.1841077607918433,-1.130159294724256,-0.1900610624560797,-4.71238880348076,-0.808819591999054,0.2249169945716858,0.16731205582618713,0.6635242104530334,-0.2444087117910385,-0.24440887570381165,0.6635240912437439
420.24882888055095,-4.042152325990265,-1.0709639066261358,2.2094527244264492,-1.1384891319707693,-0.16483365082209553,-4.712388749648881,-0.8019761443138123,0.21924865245819092,0.17188476026058197,0.6597998738288879,-0.2542913258075714,-0.25429126620292664,0.6597998738288879
421.5369885299054,-4.046700907744073,-1.0872553675641536,2.2346416939577507,-1.1473866720951102,-0.13978445777918427,-4.712388713456178,-0.7950795888900757,0.21357518434524536,0.17582449316978455,0.6559645533561707,-0.26402750611305237,-0.2640273869037628,0.6559646129608154
422.8565005158411,-4.049445820913107,-1.0883741705847934,2.2583526787112023,-1.1699783789242784,-0.11673210644320209,-4.7123890769053025,-0.7895225286483765,0.20797967910766602,0.16967830061912537,0.6525045037269592,-0.2724663019180298,-0.27246609330177307,0.652504563331604
423.84098316928015,-4.051532441297864,-1.086906342348001,2.279731063211632,-1.1928270930609302,-0.09538936255509307,-4.712386519720438,-0.7846949696540833,0.20289067924022675,0.16277052462100983,0.6492680311203003,-0.2800912857055664,-0.28009116649627686,0.6492679119110107
424.8394326811062,-4.052640178642417,-1.0815837505852495,2.2976530697209063,-1.216078628918831,-0.0765749125191592,-4.7123796092345085,-0.7810332179069519,0.19855108857154846,0.1545577496290207,0.6464459300041199,-0.2865447998046875,-0.28654447197914124,0.646445631980896
425.83948909690247,-4.053772498556706,-1.0761430414873439,2.3159727959396466,-1.2398461557781437,-0.05734293793885159,-4.71237254539318,-0.7771271467208862,0.19405853748321533,0.1465221494436264,0.6434949636459351,-0.29311203956604004,-0.29311177134513855,0.6434943079948425
426.8387712111102,-4.054927530031829,-1.0705932051065041,2.334659970943163,-1.2640904009441236,-0.03772521710862694,-4.712365339868516,-0.7729775309562683,0.1894216537475586,0.13870316743850708,0.6404158473014832,-0.2997797429561615,-0.2997792661190033,0.6404154300689697
428.1331634866919,-4.055952276755688,-1.0676034273491042,2.3541796564695816,-1.2866052961962715,-0.016639873676663378,-4.712359933170524,-0.7685188055038452,0.18440136313438416,0.13268762826919556,0.637062668800354,-0.3068409264087677,-0.30684077739715576,0.6370623707771301
429.5680364145525,-4.055885111967078,-1.0837606506579656,2.3771665351683446,-1.2934264594864637,0.012352055817466259,-4.712368425270235,-0.7633716464042664,0.17762385308742523,0.13792596757411957,0.632558286190033,-0.31602197885513306,-0.3160221576690674,0.6325584053993225
430.56683759378274,-4.055071434298348,-1.1001310116772394,2.3996827782998014,-1.2995634395196063,0.04206657697378531,-4.712377233218388,-0.7583991289138794,0.1707635521888733,0.14321470260620117,0.6279256343841553,-0.3251293897628784,-0.3251293897628784,0.6279259920120239
431.97719789179655,-4.053868667712717,-1.1166939725352807,2.419068128032621,-1.302377650314459,0.0688594095154111,-4.712385278078605,-0.7540580034255981,0.16469275951385498,0.14903520047664642,0.6237143874168396,-0.33313697576522827,-0.3331369161605835,0.6237146258354187
433.46633112794666,-4.053877577239561,-1.1333839840619628,2.416817094412064,-1.283436380826616,0.06885051000377197,-4.712385598565183,-0.7542336583137512,0.16492769122123718,0.15902408957481384,0.6237144470214844,-0.33313682675361633,-0.3331368565559387,0.6237146258354187
434.4656843951991,-4.053886460670206,-1.1500251101801153,2.414572654118179,-1.2645505907310728,0.06884163655899696,-4.712385918113047,-0.7543016076087952,0.16502398252487183,0.16901692748069763,0.6237144470214844,-0.33313679695129395,-0.3331369459629059,0.6237145662307739
435.7999662630178,-4.053895318234169,-1.1666177808358391,2.412334749162802,-1.2457197920877858,0.06883278895182852,-4.712386236730456,-0.7542622685432434,0.1649816483259201,0.17901042103767395,0.6237144470214844,-0.3331369161605835,-0.33313700556755066,0.6237145662307739
436.57150820975096,-4.052267091174331,-1.1760496281987245,2.419169007821599,-1.243121865748879,0.08069835349187597,-4.71238661908484,-0.7529721856117249,0.16217340528964996,0.18277934193611145,0.622001051902771,-0.3363250195980072,-0.33632519841194153,0.6220011711120605
438.15306928137124,-4.047947692798575,-1.1739244468219907,2.4408884553231487,-1.2669659657012031,0.11208474922594987,-4.712387110348349,-0.7495096921920776,0.15506020188331604,0.17667749524116516,0.6173925399780273,-0.34471186995506287,-0.3447120189666748,0.6173926591873169
439.1519711365718,-4.043558645880294,-1.1717649977596647,2.4629581200844433,-1.291194542070149,0.14397723782939723,-4.712387609533282,-0.7456103563308716,0.14792242646217346,0.1708785444498062,0.612593948841095,-0.35316920280456543,-0.3531692624092102,0.6125941276550293
440.1516296913642,-4.039103101969289,-1.169572831601517,2.485362155009564,-1.3157901975559452,0.17635291893959568,-4.7123881162812005,-0.7412612438201904,0.14077433943748474,0.16540846228599548,0.6076042652130127,-0.3616864085197449,-0.3616864085197449,0.6076042652130127
441.1508113158661,-4.034596187792204,-1.1673553908279504,2.5080244976201955,-1.3406694290521959,0.20910187599237964,-4.712388628871678,-0.736464262008667,0.13364814221858978,0.16030526161193848,0.6024364233016968,-0.3702299892902374,-0.3702299892902374,0.6024365425109863
442.1228281235117,-4.028489869632006,-1.1591918654099431,2.526072182817553,-1.3668804721434233,0.23862371701118074,-4.712388799700749,-0.7334344387054443,0.12751054763793945,0.15340368449687958,0.598060667514801,-0.377257764339447,-0.377257764339447,0.598060667514801
443.12296183908165,-4.021319679405156,-1.1473477311975826,2.541723866370263,-1.394376347175639,0.2667891461456717,-4.712388771067175,-0.7312686443328857,0.12180998921394348,0.1454765349626541,0.5940675139427185,-0.38351505994796753,-0.3835151493549347,0.5940674543380737
444.12180921191157,-4.013959100105891,-1.1351891013226385,2.5577911469181767,-1.4226023163862493,0.29570244803631207,-4.7123887416732995,-0.728680431842804,0.11598227918148041,0.137788325548172,0.5899001359939575,-0.3898945450782776,-0.3898943364620209,0.5899002552032471
445.58486756798976,-4.0063871257062456,-1.1226812768152619,2.574319878154436,-1.451638932606015,0.32544613706184833,-4.712388711435234,-0.7256394624710083,0.1100265309214592,0.13035792112350464,0.5855416059494019,-0.3964100480079651,-0.3964099884033203,0.5855417251586914
446.32962027722647,-4.000234122090726,-1.129792010908646,2.584045035140802,-1.4542533417984307,0.34727125875544973,-4.712388730736512,-0.7238157391548157,0.10593390464782715,0.13277000188827515,0.582417368888855,-0.4009861350059509,-0.4009861648082733,0.5824175477027893
447.5476043281178,-3.9952083355947345,-1.1519266680982718,2.588485827780833,-1.4365594066634153,0.36288207183098437,-4.712388787966908,-0.7229805588722229,0.10317559540271759,0.1423351764678955,0.5802871584892273,-0.40406277775764465,-0.40406304597854614,0.5802870988845825
448.54690991165444,-3.9901298725644305,-1.1742933242058595,2.592973165487208,-1.4186800169369578,0.3786565057708947,-4.712388845797152,-0.7219229340553284,0.10027121007442474,0.15183818340301514,0.5781179070472717,-0.4071604907512665,-0.40716060996055603,0.5781179070472717
449.5987808789675,-3.984997132486016,-1.1968990282423895,2.5975084624763656,-1.400609537802039,0.3945995320003917,-4.712388904245467,-0.7206365466117859,0.09722170233726501,0.16127276420593262,0.5759087800979614,-0.4102793037891388,-0.41027942299842834,0.5759087204933167
450.5647337527634,-3.9852269853059505,-1.217020129638644,2.594823731513652,-1.3778036385410282,0.39387599573422927,-4.712388944863398,-0.7206348776817322,0.0972871333360672,0.17044588923454285,0.57600998878479,-0.4101371467113495,-0.4101371467113495,0.57600998878479
451.61688798176215,-3.9919846730483055,-1.2336624587213338,2.583403472739101,-1.3497409916015444,0.37286461245714686,-4.712388962847172,-0.7222063541412354,0.10119467973709106,0.17950686812400818,0.5789182782173157,-0.40602168440818787,-0.4060216248035431,0.5789183378219604
452.723447642228,-3.998595799252953,-1.2499438469860427,2.572230897898881,-1.3222869706957563,0.3523089265664859,-4.712388980440911,-0.7234759330749512,0.10493491590023041,0.18869510293006897,0.5817350745201111,-0.4019754230976105,-0.40197545289993286,0.5817350745201111
453.6473490514592,-3.9970893971722257,-1.2602016773488516,2.5698635250714488,-1.3096617255863376,0.35357695187991833,-4.712388995654084,-0.7240921854972839,0.10457068681716919,0.19375959038734436,0.5817829966545105,-0.4019061028957367,-0.4019060432910919,0.5817830562591553
455.452187629741,-3.9776450439498174,-1.2578371517100735,2.5867115724851035,-1.3288742890995888,0.4029022342900212,-4.712389006554071,-0.723281741142273,0.09549924731254578,0.1896500587463379,0.5757136344909668,-0.4105531573295593,-0.4105530381202698,0.5757136344909668
456.4508881330009,-3.957708597933937,-1.2554127852520345,2.6039860060388125,-1.3485730793307389,0.45347582852270646,-4.712389017729912,-0.7216227054595947,0.08647667616605759,0.18570277094841003,0.56935715675354,-0.4193236827850342,-0.419323593378067,0.5693572163581848
457.45015571857647,-3.9373615006934415,-1.252938481656047,2.621616258643103,-1.3686776255489592,0.5050911384347193,-4.712389029135953,-0.7190716862678528,0.07757215201854706,0.18195372819900513,0.5627322196960449,-0.4281735122203827,-0.42817333340644836,0.5627322196960449
458.44909138078646,-3.9167583274805082,-1.2504330380064206,2.6394683946947777,-1.3890351951425737,0.5573560466910175,-4.712389040685543,-0.7156133651733398,0.06888163089752197,0.17844629287719727,0.5558836460113525,-0.4370279908180237,-0.4370279014110565,0.5558836460113525
459.5439195980294,-3.8960530719458317,-1.2479151806619668,2.6574089825338247,-1.409493630168308,0.6098799113287106,-4.712389052292358,-0.7112600207328796,0.06049126386642456,0.17521554231643677,0.5488607287406921,-0.4458159804344177,-0.44581592082977295,0.5488606691360474
460.52145983307474,-3.8827482654102616,-1.2311570065767363,2.6673148044097093,-1.43615760395543,0.640142646009615,-4.712389055882589,-0.7097182273864746,0.05602104961872101,0.16765296459197998,0.545060932636261,-0.4504537284374237,-0.45045363903045654,0.545060932636261
461.52104462711924,-3.8726346816996284,-1.2077362887607443,2.6736999525544687,-1.465963442021257,0.6606857094997555,-4.712389055882589,-0.7094484567642212,0.05305681377649307,0.15811055898666382,0.5427045822143555,-0.4532898962497711,-0.45328980684280396,0.5427045822143555
462.52055584668034,-3.862373932141628,-1.183974768922249,2.680178012941236,-1.4962029939456878,0.681527701384869,-4.712389055882589,-0.7088817358016968,0.049925513565540314,0.14863553643226624,0.5402988195419312,-0.4561547636985779,-0.45615461468696594,0.5402988195419312
463.68651297741206,-3.851967096993686,-1.1598749486872864,2.686748303556207,-1.5268730760918618,0.7026664274084478,-4.712389055882589,-0.7080081105232239,0.04663483053445816,0.13924391567707062,0.5378433465957642,-0.45904743671417236,-0.4590472877025604,0.5378433465957642
464.48454681578164,-3.83043624409335,-1.1533171594702611,2.6929945535056015,-1.539677175918991,0.7436483265192563,-4.712389036897964,-0.7075586318969727,0.040692806243896484,0.13661900162696838,0.5333535075187683,-0.46425655484199524,-0.4642563462257385,0.5333535075187683
465.7086254682809,-3.796235932891662,-1.166725306149877,2.6988739804733255,-1.5321486186109932,0.8072310141057103,-4.7123889962969905,-0.7071129083633423,0.031948965042829514,0.14142554998397827,0.5264756679534912,-0.4720417261123657,-0.47204163670539856,0.5264756083488464
466.7076664630741,-3.761602892379489,-1.1803031032760443,2.7048277985880422,-1.5245248040582986,0.8716182000020137,-4.712388955182302,-0.7056416273117065,0.023291893303394318,0.1461898684501648,0.519395112991333,-0.47982144355773926,-0.4798215627670288,0.5193950533866882
467.6956595506936,-3.7267055369010356,-1.196247027486121,2.7079014506979338,-1.511654488944863,0.9342595339298128,-4.712388975689719,-0.7047314643859863,0.01521998830139637,0.1518138349056244,0.5126892924308777,-0.4869801700115204,-0.4869801998138428,0.5126892924308777
468.9689369522476,-3.6916362987213946,-1.2141056031498325,2.70861598366183,-1.4945102336286136,0.9953937751641103,-4.712389046561864,-0.7042105197906494,0.0075236232951283455,0.15816275775432587,0.5062993764877319,-0.49362024664878845,-0.49362021684646606,0.5062993764877319
470.18577915527175,-3.686975588590199,-1.2401953610112821,2.70555048940009,-1.4653550262850126,1.0034825241970908,-4.7123890922534715,-0.7042856812477112,0.006620445754379034,0.16766753792762756,0.5054525136947632,-0.49448728561401367,-0.49448728561401367,0.5054525136947632
471.18522005997846,-3.6869200364220687,-1.2673373353728292,2.701938434204626,-1.43460107988993,1.0035382011081135,-4.712389133834436,-0.7043004631996155,0.006606303155422211,0.1776619255542755,0.5054525136947632,-0.4944874048233032,-0.49448737502098083,0.5054525136947632
472.8725231981188,-3.6868649164782923,-1.2942681312561035,2.698354482650757,-1.4040864149676722,1.0035934448242188,-4.712389175091879,-0.7040757536888123,0.006447021849453449,0.1876545548439026,0.5054525136947632,-0.49448737502098083,-0.4944874346256256,0.5054525136947632
473.0374640001748,-3.682047651033833,-1.2988708302716938,2.6892498873485247,-1.4232799243310994,0.9608743917679147,-4.662906934475076,-0.7130340933799744,-0.003818443976342678,0.19850240647792816,0.5027579665184021,-0.48347967863082886,-0.48064473271369934,0.531471848487854
473.2024069745065,-3.6772313907034064,-1.3034724878900523,2.6801469013250006,-1.4424690365800326,0.9181608457164264,-4.613424042175556,-0.7211294770240784,-0.01427183672785759,0.2091393619775772,0.5009282231330872,-0.4721793830394745,-0.4655493497848511,0.556220531463623
473.36734994883824,-3.6724163314605573,-1.3080734183467186,2.671045592636729,-1.4616544351901712,0.8754524770253731,-4.563941149876036,-0.7283787727355957,-0.024868633598089218,0.21951575577259064,0.49997302889823914,-0.4606545865535736,-0.44928210973739624,0.5796290636062622
473.53229292316996,-3.6676014458489807,-1.3126738754017446,2.6619445435143314,-1.480837642507612,0.8327474499304102,-4.514458257576515,-0.7348043918609619,-0.0355643630027771,0.22958552837371826,0.49989819526672363,-0.44897282123565674,-0.4319272041320801,0.6016345024108887
473.6972358975017,-3.662787267970112,-1.3172741434496291,2.6528442502320333,-1.5000196379970367,0.7900440856591981,-4.464975365276994,-0.7404313683509827,-0.04631251469254494,0.23930497467517853,0.500704824924469,-0.4372028708457947,-0.4135725200176239,0.6221783757209778
473.8621788718334,-3.6579728683221364,-1.3218743848239156,2.6437441005483575,-1.5192011191468509,0.7473413462936802,-4.415492472977474,-0.7452888488769531,-0.05706753581762314,0.24863430857658386,0.5023898482322693,-0.4254133105278015,-0.39430922269821167,0.6412082314491272
474.02712184616513,-3.6531586300979892,-1.32647447508371,2.63464421791139,-1.5383818562208165,0.7046398363426662,-4.366009580677953,-0.7494089603424072,-0.06778213381767273,0.25753647089004517,0.5049454569816589,-0.4136737287044525,-0.3742313086986542,0.6586767435073853
474.19206482049685,-3.648344627039277,-1.331074688956365,2.6255445463433595,-1.5575622737000419,0.6619387208566082,-4.316526688378433,-0.7528282403945923,-0.07840980589389801,0.2659793794155121,0.508359432220459,-0.4020518362522125,-0.3534355163574219,0.6745430827140808
474.3570077948286,-3.643530623514686,-1.335674576321259,2.6164447629603496,-1.576742214969823,0.6192381503486091,-4.267043796078912,-0.7555853724479675,-0.08890388906002045,0.2739337384700775,0.512615442276001,-0.390615850687027,-0.3320203125476837,0.6887722611427307
474.5219507691603,-3.638716714364592,-1.3402746753747206,2.607345373972596,-1.5959221747168741,0.5765376979684149,-4.2175609037793915,-0.757722020149231,-0.09921853989362717,0.281375527381897,0.5176929831504822,-0.3794313967227936,-0.3100869059562683,0.7013357281684875
474.686893743492,-3.6339030151651692,-1.344874723684605,2.598245894372061,-1.6151016210149067,0.5338378140267273,-4.168078011479871,-0.7592828273773193,-0.10930820554494858,0.2882843315601349,0.5235671401023865,-0.3685644865036011,-0.28773707151412964,0.7122113704681396
474.85183671782374,-3.6290890550969888,-1.349474678266175,2.589146222028948,-1.634280957340194,0.4911381073013899,-4.11859511918035,-0.7603145241737366,-0.11912904679775238,0.294644832611084,0.5302091240882874,-0.35807788372039795,-0.2650737166404724,0.7213836312294006
475.01677969215547,-3.6242752946791383,-1.3540745970454564,2.580046789615514,-1.6534602743976894,0.44843857885349275,-4.06911222688083,-0.760865330696106,-0.12863785028457642,0.3004455268383026,0.5375860929489136,-0.34803372621536255,-0.2422003298997879,0.7288434505462646
475.1817226664872,-3.6194614959023546,-1.3586745995869862,2.5709474057462267,-1.6726394307484571,0.4057392078858952,-4.019629334581309,-0.7609859704971313,-0.13779263198375702,0.3056803345680237,0.545661211013794,-0.3384910821914673,-0.21922093629837036,0.7345881462097168
475.3466656408189,-3.6146478458778857,-1.363274578438524,2.5618479455391996,-1.6918185455126729,0.36303990168930267,-3.9701464422817887,-0.7607278227806091,-0.14655348658561707,0.31034713983535767,0.5543942451477051,-0.329507440328598,-0.1962386667728424,0.7386217713356018
475.51160861515064,-3.6098339650013758,-1.3678745884658166,2.552748634289563,-1.7109978335362568,0.32034058664306464,-3.920663549982268,-0.7601432204246521,-0.15488263964653015,0.31444862484931946,0.5637415051460266,-0.321137011051178,-0.17335641384124756,0.7409548163414001
475.67655158948236,-3.605020337291632,-1.3724745209573215,2.543648813561728,-1.730176776852949,0.2776414049234264,-3.8711806576827477,-0.7592860460281372,-0.16274294257164001,0.31799206137657166,0.573655366897583,-0.3134317696094513,-0.15067610144615173,0.741604208946228
475.8414945638141,-3.6002065355771973,-1.3770744793224554,2.5345495979115937,-1.7493557966341655,0.23494231449322964,-3.821697765383227,-0.758208692073822,-0.17010129988193512,0.3209889829158783,0.5840851664543152,-0.3064407706260681,-0.12829726934432983,0.7405931949615479
476.0064375381458,-3.5953926734057564,-1.3816743287090412,2.5254500071016532,-1.7685348869852604,0.1922431801308158,-3.7722148730837066,-0.7569652795791626,-0.17692551016807556,0.32345640659332275,0.5949777960777283,-0.30020883679389954,-0.1063188835978508,0.7379514575004578
476.1713805124775,-3.590578917651824,-1.3862743005433957,2.5163504088136084,-1.7877139859456879,0.1495440544694744,-3.722731980784186,-0.7556084990501404,-0.18318644165992737,0.3254143297672272,0.6062766909599304,-0.29477861523628235,-0.0848366916179657,0.7337144017219543
476.33632348680925,-3.5857651911446684,-1.3908743107152652,2.507250843385683,-1.8068931693018309,0.10684490997875135,-3.673249088484665,-0.7541905641555786,-0.18885768949985504,0.32688769698143005,0.6179227828979492,-0.2901885211467743,-0.06394380331039429,0.7279238104820251
476.501266461141,-3.5809513799929715,-1.3954742358765164,2.4981511096909688,-1.826072480333958,0.06414568962728946,-3.623766196185145,-0.7527627944946289,-0.1939152181148529,0.32790520787239075,0.6298550367355347,-0.28647348284721375,-0.04373086243867874,0.7206268906593323
476.6662094354727,-3.5761375654250407,-1.4000742765358498,2.4890512525458126,-1.845251760942709,0.021446417651960262,-3.5742833038856245,-0.7513745427131653,-0.19833844900131226,0.32849976420402527,0.6420098543167114,-0.2836644649505615,-0.02428450435400009,0.7118764519691467
476.8311524098044,-3.5713237075882325,-1.4046742979079156,2.4799515109447525,-1.8644309713816147,-0.021252760944461373,-3.524800411586104,-0.7500737309455872,-0.20210909843444824,0.32870739698410034,0.6543214917182922,-0.28178870677948,-0.005687817465513945,0.7017307281494141
476.99609538413614,-3.566509910409767,-1.409274358920067,2.4708515463931344,-1.8836104682987,-0.0639522265943292,-3.475317519286583,-0.7489064931869507,-0.20521201193332672,0.32856807112693787,0.6667234301567078,-0.28086888790130615,0.011979791335761547,0.6902527809143066
477.16103835846786,-3.5616960017073263,-1.4138743711481554,2.4617515089446504,-1.9027900229290884,-0.10665179037034923,-3.4258346269870623,-0.7479162812232971,-0.20763547718524933,0.3281245827674866,0.6791470646858215,-0.2809236943721771,0.02864384651184082,0.6775106191635132
477.3259813327996,-3.5568820886638215,-1.4184744166058674,2.4526515394117903,-1.9219696190641244,-0.14935134100909858,-3.376351734687542,-0.7471436262130737,-0.20937052369117737,0.32742244005203247,0.6915225982666016,-0.2819679379463196,0.04423442482948303,0.663576602935791
477.4909243071313,-3.5520682235440417,-1.4230745478654105,2.443551573884812,-1.9411493240042794,-0.19205096280625936,-3.3268688423880217,-0.7466267943382263,-0.21041150391101837,0.32651036977767944,0.7037795186042786,-0.2840113043785095,0.05868636071681976,0.6485273838043213
477.65586728146303,-3.547254211747441,-1.427674673351397,2.4344512019331166,-1.9603292355131416,-0.23475103453692503,-3.277385950088501,-0.7464008927345276,-0.2107553780078888,0.32543879747390747,0.7158471345901489,-0.2870594561100006,0.07193946093320847,0.6324431896209717
477.82081025579475,-3.542440415060664,-1.4322748786319133,2.425350866034663,-1.979509169055318,-0.27745104737269033,-3.2279030577889802,-0.7464970350265503,-0.2104029357433319,0.3242606222629547,0.7276536226272583,-0.29111382365226746,0.08393952250480652,0.6154080033302307
477.9857532301265,-3.5376262280145316,-1.4368751614473316,2.4162503318012076,-1.9986891181194393,-0.32015141076358755,-3.1784201654894595,-0.746943473815918,-0.2093573957681656,0.3230302929878235,0.7391276955604553,-0.2961708903312683,0.09463754296302795,0.5975086688995361
478.1506962044582,-3.5328120699583447,-1.4414754912497307,2.407149627414941,-2.0178693007257995,-0.3628520078506289,-3.128937273189939,-0.7477640509605408,-0.2076253592967987,0.32180318236351013,0.7501980066299438,-0.3022231459617615,0.10399038344621658,0.578835129737854
478.3156391787899,-3.527998084095861,-1.4460758013349262,2.3980489240271945,-2.037049690438244,-0.4055527599832121,-3.079454380890419,-0.7489792108535767,-0.20521602034568787,0.32063615322113037,0.7607936859130859,-0.30925819277763367,0.11196079105138779,0.5594791769981384
478.48058215312165,-3.5231841388282406,-1.4506760903428555,2.388948337939429,-2.0562301874492745,-0.44825365646077303,-3.029971488590898,-0.7506049871444702,-0.2021416574716568,0.3195861279964447,0.7708445191383362,-0.31725984811782837,0.11851798743009567,0.5395353436470032
478.64552512745337,-3.518369747433451,-1.455276639252684,2.37984754408666,-2.075410932926809,-0.4909548363562303,-2.9804885962913774,-0.752653956413269,-0.19841748476028442,0.31871140003204346,0.7802817821502686,-0.32620662450790405,0.12363686412572861,0.5190987586975098
478.8104681017851,-3.513555568896293,-1.4598770368729879,2.370746400304919,-2.0945918334585834,-0.5336564404858172,-2.9310057039918567,-0.7551338076591492,-0.19406062364578247,0.31806886196136475,0.7890374660491943,-0.3360733687877655,0.12729862332344055,0.4982665181159973
478.9754110761168,-3.508741243492368,-1.464477547276977,2.361645205061409,-2.113772856817199,-0.576358141333835,-2.8815228116923364,-0.7580480575561523,-0.18909180164337158,0.3177158832550049,0.7970455288887024,-0.34683048725128174,0.12949129939079285,0.47713619470596313
479.14035405044854,-3.503926939842291,-1.4690781077389194,2.3525440972454876,-2.1329540175286534,-0.6190600010886391,-2.832039919392816,-0.7613958716392517,-0.18353307247161865,0.31770849227905273,0.8042413592338562,-0.3584446310997009,0.13020886480808258,0.45580577850341797
479.30529702478026,-3.4991125770367577,-1.4736787507055025,2.343442982899953,-2.1521355559382456,-0.6617621914878625,-2.7825570270932953,-0.7651723623275757,-0.17740964889526367,0.3181021511554718,0.8105627298355103,-0.37087756395339966,0.12945160269737244,0.43437308073043823
479.4702399051004,-3.494298069500331,-1.478279517939973,2.334341636177667,-2.1713175069788537,-0.7044648186080643,-2.7330741629972466,-0.7693685293197632,-0.1707482635974884,0.31895050406455994,0.8159499168395996,-0.38408783078193665,0.1272260993719101,0.4129355251789093
479.63518257607944,-3.4894835626955287,-1.482880351726401,2.325239948227964,-2.1904994959190676,-0.7471678015507768,-2.683591361703544,-0.7739704847335815,-0.16357745230197906,0.32030507922172546,0.8203452229499817,-0.3980300724506378,0.12354540079832077,0.39158958196640015
479.80012555041117,-3.484669027455111,-1.487481178828769,2.316138332936155,-2.209681850789927,-0.7898711016931769,-2.634108469404023,-0.7789605259895325,-0.15592819452285767,0.3222157061100006,0.8236936926841736,-0.412655234336853,0.11842893064022064,0.3704306483268738
479.9650685247429,-3.479854222887989,-1.4920819920817965,2.307036554603984,-2.2288643960572103,-0.8325746603601265,-2.5846255771045024,-0.7843170762062073,-0.14783263206481934,0.3247292637825012,0.8259438872337341,-0.4279108941555023,0.11190179735422134,0.34955230355262756
480.1300114990746,-3.4750393920565914,-1.4966831276325054,2.297934509460011,-2.248047284150934,-0.8752787588606727,-2.535142684804982,-0.7900146842002869,-0.13932383060455322,0.3278909921646118,0.8270474076271057,-0.4437412917613983,0.10399481654167175,0.3290461599826813
480.29495447340634,-3.470224365947196,-1.5012841556091137,2.2888324813391616,-2.2672307089075896,-0.9179831110876705,-2.4856597925054613,-0.7960240244865417,-0.1304372102022171,0.3317416310310364,0.826958954334259,-0.4600873291492462,0.09474533051252365,0.30900123715400696
480.45989744773806,-3.4654095116858756,-1.5058852808315206,2.2797304912566214,-2.286414267905073,-0.960687942291733,-2.436176900205941,-0.802311360836029,-0.12120810151100159,0.33631905913352966,0.8256369829177856,-0.47688788175582886,0.08419612795114517,0.28950396180152893
480.6248404220698,-3.460594477274129,-1.5104864412868795,2.2706282384252545,-2.305598162101297,-1.0033931459048806,-2.3866940079064203,-0.8088414072990417,-0.11167332530021667,0.3416582942008972,0.8230437636375427,-0.49407821893692017,0.07239487767219543,0.2706374228000641
480.7897833964015,-3.4557792746210967,-1.5150877337195232,2.2615256741038294,-2.324782621082564,-1.046098999118454,-2.3372111156069,-0.8155744671821594,-0.10187001526355743,0.3477898836135864,0.8191455006599426,-0.5115915536880493,0.05939483642578125,0.25248125195503235
480.9547263707332,-3.4509639412059046,-1.5196890583437603,2.2524228958933716,-2.3439674449111747,-1.0888051102311316,-2.2877282233073792,-0.8224679231643677,-0.091836117208004,0.3547402620315552,0.813912570476532,-0.5293590426445007,0.04525420442223549,0.23511148989200592
481.11966934506495,-3.446148437079253,-1.5242905111383522,2.243320026664025,-2.3631529458192913,-1.1315120236551857,-2.2382453310078585,-0.8294770121574402,-0.0816095769405365,0.36253201961517334,0.8073190450668335,-0.5473096966743469,0.030035793781280518,0.21859951317310333
481.2846123193967,-3.4413331051170055,-1.5288921634192787,2.234216536424076,-2.3823388592477777,-1.1742198834420687,-2.188762438708338,-0.8365547060966492,-0.07122793793678284,0.37118345499038696,0.7993438243865967,-0.5653711557388306,0.013806595467031002,0.2030128389596939
481.4495552937284,-3.436517217307345,-1.533493881181575,2.2251127735091436,-2.4015256950469652,-1.2169283878431592,-2.1392795464088175,-0.843651294708252,-0.060729868710041046,0.38070833683013916,0.7899700999259949,-0.5834688544273376,-0.003362116636708379,0.1884140968322754
481.6144982680601,-3.431701072808177,-1.538095844183535,2.2160085279530217,-2.420713445192853,-1.2596383816082797,-2.089796654109297,-0.8507158756256104,-0.05015256628394127,0.39111554622650146,0.7791853547096252,-0.6015281081199646,-0.021395355463027954,0.1748606562614441
481.77944124239184,-3.4268849961430203,-1.542697985211927,2.206903951132597,-2.439901816466268,-1.3023494050147626,-2.0403137618097764,-0.8576955795288086,-0.039533618837594986,0.40240928530693054,0.766981840133667,-0.6194723844528198,-0.04021437466144562,0.16240529716014862
481.94438421672356,-3.4220683571962116,-1.547300462401448,2.1977986126530107,-2.4590918309614422,-1.345062582493832,-1.9908308695102557,-0.864537239074707,-0.028909193351864815,0.41458961367607117,0.753356397151947,-0.6372250318527222,-0.059738412499427795,0.15109491348266602
482.1093275884196,-3.4172512752953756,-1.5519035396944898,2.188692358432819,-2.478283783645621,-1.38777841326292,-1.9413478580014458,-0.8711867332458496,-0.018315132707357407,0.42765235900878906,0.7383100986480713,-0.6547089219093323,-0.07988369464874268,0.14097125828266144
482.27427034127425,-3.4124333846882116,-1.5565075359019758,2.1795841650310233,-2.4974796973756095,-1.430499338007355,-1.891865032145048,-0.8775895833969116,-0.007786057889461517,0.4415884017944336,0.7218493223190308,-0.6718463897705078,-0.10056527704000473,0.1320698857307434
482.43921115289726,-3.407614294682638,-1.5611127614974976,2.170474052429199,-2.5166800022125244,-1.4732259511947632,-1.842382788658142,-0.883691132068634,0.0026441863738000393,0.45638397336006165,0.7039845585823059,-0.688560426235199,-0.12169520556926727,0.12442119419574738
482.5719964300465,-3.403582831404732,-1.5479742785856587,2.1445462847712786,-2.476844419067749,-1.4810675498393124,-1.8379038209616385,-0.8932437896728516,0.004029205534607172,0.45706117153167725,0.7046139240264893,-0.6912668943405151,-0.11149856448173523,0.11505352705717087
483.5398044978451,-3.3994331233469888,-1.534451146783553,2.1178592004957535,-2.4358423971252106,-1.4891388536018577,-1.8332938056061876,-0.9028047323226929,0.005297334864735603,0.45786458253860474,0.7051923871040344,-0.6938328146934509,-0.10107073187828064,0.1052824929356575
484.5076735672724,-3.3951577535240887,-1.5205185065078266,2.090363975967883,-2.3935987489331634,-1.497454573179637,-1.8285441894260748,-0.9123690128326416,0.0064414022490382195,0.45880940556526184,0.705714762210846,-0.6962425112724304,-0.0904010534286499,0.09508269280195236
485.47548321831937,-3.390748814709746,-1.5061505895690621,2.062009759221371,-2.350035345557914,-1.5060300883594664,-1.8236461880841637,-0.9219304919242859,0.007453366182744503,0.4599137604236603,0.7061754465103149,-0.6984777450561523,-0.07948002964258194,0.08442772179841995
486.44297715101357,-3.3861984407119867,-1.4913217615010839,2.0327459621846677,-2.305074463513512,-1.5148806991152213,-1.8185910628293702,-0.9314802289009094,0.008324741385877132,0.4611973762512207,0.7065677642822266,-0.7005180716514587,-0.06829918175935745,0.0732908546924591
487.40994656283374,-3.3814986707755934,-1.4760060796735814,2.002521388642906,-2.258637444962942,-1.5240218893490558,-1.8133699698579184,-0.9410079717636108,0.009045668877661228,0.46268242597579956,0.7068846821784973,-0.7023402452468872,-0.05685152858495712,0.06164473667740822
488.37814150202985,-3.3766309409045063,-1.460143047453537,1.9712166521427577,-2.210540864623454,-1.5334897665772498,-1.807962285958318,-0.950520396232605,0.009607585147023201,0.46439653635025024,0.7071182727813721,-0.7039213180541992,-0.04510590434074402,0.04943506419658661
489.3451602739465,-3.3715982950336096,-1.443742584462298,1.9388513284581455,-2.1608147987035857,-1.5432784102572632,-1.8023713927146132,-0.9599804282188416,0.009997458197176456,0.4663633406162262,0.707258939743042,-0.7052275538444519,-0.03308555483818054,0.03666149824857712
490.31320294190164,-3.366380256429066,-1.4267379608078585,1.9052937301754047,-2.1092569227317357,-1.5534276482363958,-1.7965745420066708,-0.9693924188613892,0.010204929858446121,0.46861767768859863,0.7072967290878296,-0.7062287330627441,-0.02075907588005066,0.023264184594154358
491.2805459072065,-3.360978603544999,-1.4091349721435946,1.8705552946666142,-2.0558848090802204,-1.5639340213692667,-1.7905737095640368,-0.9787180423736572,0.010217180475592613,0.4711882472038269,0.7072201371192932,-0.7068859934806824,-0.008150150999426842,0.009240364655852318
492.3302002144263,-3.3590175246788596,-1.394520015560675,1.844022383838454,-2.0202987194891553,-1.570796314870016,-1.7882212370405026,-0.9873750805854797,0.012281722389161587,0.47300928831100464,-0.7071067094802856,0.7071067094802856,3.2196929566907784e-08,2.7008739689193817e-09
493.6576220520985,-3.361168911827203,-1.386192619658129,1.8337437868622357,-2.0183475511621065,-1.570796301505442,-1.790372516260263,-0.9948403239250183,0.01607816107571125,0.47300219535827637,0.7071067094802856,-0.7071067094802856,6.442726174782365e-08,1.7411458941296587e-08
495.0977449763847,-3.3522355828801724,-1.3816555450444572,1.827691579922104,-2.0168322629069864,-1.5707962685588266,-1.7814391255332092,-0.9991686940193176,0.00809368398040533,0.4732712507247925,0.7071066498756409,-0.7071068286895752,1.3512687857542005e-08,3.823726757445911e-08
496.8935715646374,-3.3426434347834406,-1.381826594559149,1.826808085706482,-2.015777806017349,-1.570796314870016,-1.7718470651962295,-0.9993828535079956,-0.0014533851062878966,0.4739925265312195,-0.7071067094802856,0.7071067690849304,3.539133786034654e-08,1.4022313088446481e-08
498.491640308212,-3.347291340813778,-1.3900679442588348,1.8385452129197986,-2.0192735835309796,-1.570796314870016,-1.7764950657016785,-0.9914658069610596,0.0015404289588332176,0.4730009138584137,-0.7071068286895752,0.7071066498756409,-2.388473951953074e-08,4.7887851906125434e-08
500.0187223593131,-3.338988019186839,-1.3938964733502928,1.8432688540774629,-2.0201686717666028,-1.570796314870016,-1.7681916407054479,-0.9879822731018066,-0.00738426111638546,0.47300007939338684,-0.7071067094802856,0.7071067690849304,3.0894753422217036e-08,5.2408668516079615e-09
501.6615505341901,-3.330266112073302,-1.3943609210716439,1.8438366323330548,-2.020271906922137,-1.570796314870016,-1.7594699243493237,-0.9874610304832458,-0.016081176698207855,0.47300270199775696,-0.7071068286895752,0.7071066498756409,-2.082114214374542e-08,4.062527025894269e-08
503.48609923193476,-3.332717916874987,-1.384730211032618,1.8319261593885976,-2.017992144016706,-1.570796314870016,-1.7619217291510088,-0.9962214231491089,-0.011971994303166866,0.4730032980442047,-0.7071068286895752,0.7071066498756409,3.520998603789849e-08,1.866813148510005e-09
504.96854939104287,-3.3248649617622514,-1.3777744690152756,1.8232493357818382,-2.016271153081298,-1.570796314870016,-1.7540687256934755,-1.0024187564849854,-0.018623104318976402,0.4730049669742584,-0.7071068286895752,0.7071066498756409,-2.4740685944379948e-08,3.669572734565918e-08
505.9274350501549,-3.3283295344799733,-1.3733486954826846,1.8177033432105394,-2.0151510341026486,-1.570796314870016,-1.7575332116781983,-1.006500005722046,-0.014389869756996632,0.4730015993118286,-0.7071067690849304,0.7071067094802856,2.205877258631972e-08,9.528229760746854e-09
506.68213332294937,-3.3307142014301285,-1.3661344446545227,1.8085831687061769,-2.01324510204426,-1.570796314870016,-1.7599178870105412,-1.01310133934021,-0.010732113383710384,0.4730142652988434,-0.7071067094802856,0.7071067094802856,1.356287793186084e-08,2.3570676077611097e-08
507.43367541462186,-3.3325619806146065,-1.3622935504626223,1.803724716255859,-2.0122275172568234,-1.570796314870016,-1.7617657488325629,-1.0166124105453491,-0.008184892125427723,0.4730054438114166,-0.7071067690849304,0.7071067094802856,4.0220495378662235e-08,4.913656592719917e-09
509.1015912158647,-3.3416146922380157,-1.3679445544628004,1.8108942363614644,-2.0137461072830227,-1.570796314870016,-1.7708184911821698,-1.0115073919296265,-2.3073402189766057e-05,0.473000168800354,-0.7071068286895752,0.7071066498756409,2.1140705186439845e-08,3.771082557335603e-09
510.0747516091337,-3.3513781757349745,-1.3704623927383055,1.8140727110496417,-2.014406633343705,-1.570796314870016,-1.780581805228688,-1.0091776847839355,0.009366771206259727,0.47299981117248535,-0.7071067094802856,0.7071067094802856,2.187362646566271e-08,7.278187830195293e-09
511.04805945722103,-3.360435962677002,-1.3685015439987183,1.8115984201431274,-2.013893429433004,-1.570796314870016,-1.7896395921707153,-1.0108246803283691,0.018901575356721878,0.47299984097480774,0.7071067094802856,-0.7071067094802856,-7.377535382602218e-08,9.408653411924206e-09
