time,ur20-shoulder_pan_joint,ur20-shoulder_lift_joint,ur20-elbow_joint,ur20-wrist_1_joint,ur20-wrist_2_joint,ur20-wrist_3_joint,target-POS_X,target-POS_Y,target-POS_Z,target-ROT_X,target-ROT_Y,target-ROT_Z,target-ROT_W
0.0,1.9612817764282227,-0.5915564298629761,1.4524576663970947,-0.8499072233783167,3.532428741455078,0.5344371199607849,-0.3430379033088684,1.022619605064392,0.006275677587836981,0.6112655401229858,0.35250580310821533,0.613714337348938,0.3541874587535858
0.6471872289962707,1.9646301847505827,-0.5851902985492169,1.4440492104756693,-0.7467091893644245,3.512122327525646,0.40679901637032273,-0.34222644567489624,1.0170831680297852,0.014403505250811577,0.5526430010795593,0.41752007603645325,0.586379885673523,0.42002537846565247
1.5281024135256729,1.968071177744134,-0.5786481414591185,1.4354082577821172,-0.640657693309195,3.4912544340884204,0.27563167419402995,-0.3419325649738312,1.0124746561050415,0.023122068494558334,0.4853869676589966,0.47714853286743164,0.5499546527862549,0.4840233623981476
2.0113763703707055,1.966266638292165,-0.5891837873432488,1.4406353462323418,-0.6766962938433873,3.528378286549681,0.16599919996320028,-0.3412371873855591,1.0055598020553589,0.0296364463865757,0.4808794856071472,0.4857594966888428,0.5207440257072449,0.5114861130714417
2.4320673586293022,1.9613977272334977,-0.6105237039627655,1.4540449902366037,-0.7934614947358538,3.6024299137109486,0.04816286624170699,-0.3416859209537506,0.9965857267379761,0.033621594309806824,0.5121311545372009,0.47602060437202454,0.48846834897994995,0.522038996219635
2.6459323370189356,1.962752178679787,-0.6180678802481647,1.4691153159581678,-0.8299657992261934,3.6217552235690103,0.02074645644208788,-0.3421921730041504,0.9873096346855164,0.03144526854157448,0.5194774866104126,0.47463080286979675,0.4803486466407776,0.523577868938446
2.867216196826865,1.9658220522490297,-0.6214114621555876,1.4840884596035069,-0.8423105411148951,3.624817176628761,0.020030416525631412,-0.34223389625549316,0.9780004620552063,0.028158651664853096,0.519536554813385,0.47471097111701965,0.4802699685096741,0.5235186815261841
3.0647040242172974,1.96888278359604,-0.6247450867249769,1.4990170125503577,-0.8546185198043306,3.6278700110539144,0.019316509008407635,-0.34219664335250854,0.9686620831489563,0.024949774146080017,0.5195960402488708,0.47479236125946045,0.4801900386810303,0.5234591960906982
3.262186151913573,1.9721765390261154,-0.6284111182188462,1.514637932626504,-0.867519266567903,3.6295232690688044,0.01837435600010979,-0.3421373665332794,0.9592921733856201,0.021835412830114365,0.5192950367927551,0.47533971071243286,0.48049473762512207,0.5229814052581787
3.459600181303193,1.97784124336408,-0.6354342989335682,1.5374446907656336,-0.8865606977013323,3.6174550923349726,0.015165157099465098,-0.3425358533859253,0.9498430490493774,0.019009459763765335,0.5154049396514893,0.4804362952709198,0.4845912754535675,0.5183722972869873
3.6570397848107117,1.983474491137061,-0.6424184793532423,1.560124801117579,-0.9054963902153946,3.6054539311703584,0.011973779141933883,-0.34282195568084717,0.9403439164161682,0.01633726805448532,0.5114772915840149,0.4854479432106018,0.48864883184432983,0.5137641429901123
3.8545207390405434,1.9890764576549005,-0.6493638768294937,1.5826789695001393,-0.924326933399498,3.593519412092071,0.008800122810037997,-0.3429965376853943,0.9307982325553894,0.013818087987601757,0.5075132250785828,0.4903751611709595,0.4926675260066986,0.5091572403907776
4.052023169568946,1.9946469052093443,-0.6562701966482614,1.6051062388722537,-0.9430515282171762,3.581652041517576,0.005644322771541215,-0.34306055307388306,0.9212111234664917,0.011451387777924538,0.5035144686698914,0.49521827697753906,0.4966473877429962,0.5045527219772339
4.350266021205105,1.9999681652913948,-0.6639319982725844,1.6271123302363093,-0.9617976995129499,3.5692779688767438,0.0012981105381941387,-0.3429931700229645,0.912215530872345,0.010078681632876396,0.49949485063552856,0.5002180337905884,0.5005250573158264,0.4997614324092865
4.673656778961315,2.002411830075751,-0.6820102313145955,1.64518006602358,-0.9821589614624443,3.5494030415539863,-0.018911786275998085,-0.342608243227005,0.9113928079605103,0.01990407332777977,0.495477557182312,0.5082000494003296,0.503659188747406,0.4925059974193573
4.87109358850111,2.0048269383956967,-0.6998772036215922,1.6630366637458864,-1.0022822833900753,3.529760370986897,-0.03888551190876964,-0.34226787090301514,0.910427451133728,0.029722701758146286,0.491248220205307,0.5158266425132751,0.506951630115509,0.4853845238685608
5.068602501034632,2.0072137831104713,-0.7175350817663451,1.680684288717963,-1.022170105476562,3.5103475752791793,-0.05862548840059477,-0.3419675827026367,0.9093179702758789,0.039531029760837555,0.48682287335395813,0.523100733757019,0.5103926658630371,0.478401780128479
5.417910613291984,2.0095726586051206,-0.7349860436095346,1.6981251175359002,-1.0418248806160404,3.4911622601247827,-0.07813415041085256,-0.34170281887054443,0.9080630540847778,0.04932630434632301,0.4822167754173279,0.5300261378288269,0.5139729976654053,0.4715622365474701
5.752808118436841,2.005625119488332,-0.7256532305385308,1.6791873728849636,-1.0265423882296725,3.4953198565045374,-0.12394918654856349,-0.34228962659835815,0.9173883199691772,0.0477767251431942,0.4703255295753479,0.5398402810096741,0.5001451373100281,0.48705360293388367
5.950270800117758,2.0014397688504175,-0.7153742091092563,1.6589107153623217,-1.0099989629652755,3.5002679759757505,-0.17100811525499585,-0.34279772639274597,0.9270620942115784,0.045869190245866776,0.4578871428966522,0.549541711807251,0.4851457178592682,0.5029681921005249
6.147694478009251,1.997217722670461,-0.7050050651799482,1.6384562799178375,-0.9933104913212976,3.5052594786522895,-0.21847963851949154,-0.3431957960128784,0.9367405772209167,0.04396951198577881,0.44512712955474854,0.5590183734893799,0.4695245921611786,0.5185623168945312
6.345188321743516,1.9929552192459534,-0.6945365601887625,1.6178058423308699,-0.9764621044253992,3.510298811796771,-0.26640605188799726,-0.3434818983078003,0.9464280009269714,0.04207702353596687,0.43203645944595337,0.568265438079834,0.4532686471939087,0.5338224768638611
6.542634295497445,1.988653506546553,-0.6839717590896244,1.5969654486070115,-0.9594587351242077,3.515384500000442,-0.31477332353372645,-0.34365367889404297,0.9561173915863037,0.040193282067775726,0.4186215102672577,0.5772662162780762,0.43638402223587036,0.5487154722213745
6.74009656739643,1.9843097407668697,-0.6733036776322106,1.5759213214375154,-0.9422891427150901,3.520519905344533,-0.36361342842047056,-0.3437083959579468,0.9658105969429016,0.03831787779927254,0.4048766791820526,0.5860125422477722,0.41886186599731445,0.5632219314575195
6.937561186228303,1.9799228954163908,-0.662529794804808,1.554668487810946,-0.9249492697914976,3.525706241394676,-0.412937908124564,-0.34364354610443115,0.9755055904388428,0.036451444029808044,0.39080193638801575,0.594491720199585,0.4007008671760559,0.5773146748542786
7.135009916697053,1.975491640714915,-0.651646844730704,1.5332005053763387,-0.90743386013447,3.530945080279918,-0.46276171432797986,-0.3434566259384155,0.985200047492981,0.03459468111395836,0.37639692425727844,0.6026911735534668,0.38189953565597534,0.5909664034843445
7.34837555862174,1.971013744915165,-0.6406493463450915,1.511506562046695,-0.8897340923219856,3.53623906047744,-0.5131099401818273,-0.34314465522766113,0.9948938488960266,0.032747454941272736,0.36165866255760193,0.6105993986129761,0.36245307326316833,0.6041515469551086
7.656054116314355,1.9664586318283925,-0.6350342088398311,1.493878859141413,-0.8867360243250494,3.5437687130321334,-0.523388554595215,-0.34285658597946167,1.0043768882751465,0.03349095955491066,0.36535966396331787,0.6098936200141907,0.35754069685935974,0.6055631041526794
7.975244695409747,1.9618710895257467,-0.634989674370349,1.4805967335720234,-0.8988274243053768,3.5535111998352042,-0.49251910392828974,-0.3426511883735657,1.0136369466781616,0.03690808638930321,0.3878359794616699,0.6001933217048645,0.36764317750930786,0.5951382517814636
8.172715032562227,1.9573003658363688,-0.6349453031708643,1.4673633022529735,-0.9108744954126997,3.5632179692307826,-0.46176282526465257,-0.3423943519592285,1.0228759050369263,0.04038112610578537,0.40993696451187134,0.5899060368537903,0.3773597776889801,0.5844331979751587
8.370155343874902,1.9527485577732018,-0.6349011155985427,1.4541846365809696,-0.9228717105432698,3.572884567827582,-0.43113382934886335,-0.3420867919921875,1.032090663909912,0.04390962794423103,0.43163731694221497,0.5790533423423767,0.38668176531791687,0.5734663605690002
8.567642184063406,1.9482145673541893,-0.6348571009945071,1.441057557613,-0.934821963651919,3.582513327391718,-0.400624727888742,-0.3417295217514038,1.0412839651107788,0.047495462000370026,0.45292791724205017,0.5676501989364624,0.39560794830322266,0.562248945236206
8.765069363727779,1.9437016243959746,-0.6348132907128382,1.4279914165064798,-0.9467167419005481,3.592097388815644,-0.3702572542349483,-0.34132373332977295,1.050450086593628,0.05113706737756729,0.47378018498420715,0.5557230114936829,0.4041292071342468,0.5508029460906982
8.96256404565236,1.9392075071207986,-0.6347696631851913,1.4149797806381796,-0.9585619012359319,3.6016414704516,-0.3400164581037797,-0.340869665145874,1.0595940351486206,0.054837390780448914,0.49419209361076355,0.5432843565940857,0.41224727034568787,0.5391366481781006
9.159980179830999,1.9347361584954028,-0.6347262566886919,1.4020340659201336,-0.9703470491679663,3.6111371986871132,-0.3099288716140222,-0.3403685688972473,1.0687081813812256,0.05859426036477089,0.514134407043457,0.530364453792572,0.41995376348495483,0.5272743701934814
9.35747948111555,1.930284528989712,-0.6346830416194266,1.3891454431713282,-0.9820802233528657,3.620591049758163,-0.279973974558554,-0.339820921421051,1.0777992010116577,0.0624111145734787,0.5336100459098816,0.5169738531112671,0.4272526800632477,0.5152217149734497
9.751533446830463,1.9258570694254658,-0.6346400611846231,1.3763267986758225,-0.9937496927454749,3.629993571529116,-0.25018171639899983,-0.3392277956008911,1.0868581533432007,0.06628554314374924,0.5525902509689331,0.5031456351280212,0.4341365694999695,0.503004789352417
10.007174295403226,1.927924940949276,-0.6321639730216504,1.3752714787035378,-0.9621041594200895,3.618705243885013,-0.2606667890282466,-0.33906495571136475,1.0841230154037476,0.06766963005065918,0.5359404683113098,0.5124942064285278,0.43096038699150085,0.5141893625259399
10.322492719784103,1.9342276498580668,-0.6280120294200996,1.381633089877598,-0.901278660651111,3.5936795364519196,-0.29728896022505136,-0.33941763639450073,1.0742580890655518,0.06757424771785736,0.4948011636734009,0.5360097289085388,0.4199552536010742,0.5399101972579956
10.659538587623848,1.940951881679778,-0.6235824053185394,1.388420163326969,-0.8363851743244043,3.5669801186749486,-0.33636040910606263,-0.34011298418045044,1.0644062757492065,0.06749207526445389,0.4494296610355377,0.5592523813247681,0.40626513957977295,0.5658606290817261
11.019766929419378,1.9481251465250675,-0.6188569782826995,1.3956604662593537,-0.7671582088511685,3.5384977581604207,-0.3780409843961271,-0.3412155508995056,1.0546013116836548,0.06733734160661697,0.3995128273963928,0.5818291902542114,0.3895063102245331,0.5917339324951172
11.78184125888899,1.955773949623108,-0.6138182878494263,1.4033807516098022,-0.6933419704437256,3.508127212524414,-0.42248469591140747,-0.34279218316078186,1.0448646545410156,0.06700011342763901,0.3447800278663635,0.6032507419586182,0.36927300691604614,0.6171326041221619
11.947837134883354,1.9494214364779923,-0.6159072772837685,1.3997073364070525,-0.6435432076454163,3.4773485565179523,-0.46671568883189596,-0.33470994234085083,1.0518642663955688,0.07569825649261475,0.3083459138870239,0.6179744005203247,0.35226109623908997,0.6316189169883728
12.11383519638136,1.943070880464158,-0.6179956817050996,1.3960349115164283,-0.5937437891960144,3.4465781231084214,-0.5109402333549653,-0.32687142491340637,1.0588854551315308,0.08392943441867828,0.27138879895210266,0.6315333843231201,0.33411264419555664,0.6448894739151001
12.279833257879368,1.9367213643492958,-0.6200837482963131,1.3923628486334414,-0.5439443707466125,3.41581178816275,-0.555160922751234,-0.3192600607872009,1.0658901929855347,0.09168169647455215,0.23397357761859894,0.6439008712768555,0.31489673256874084,0.6568775177001953
12.445831319377374,1.9303724293434938,-0.6221716932065108,1.3886912528932627,-0.49414495229721067,3.385046864857666,-0.5993798437471588,-0.3118606507778168,1.0728387832641602,0.09894724190235138,0.1961662322282791,0.6550529599189758,0.2946857511997223,0.6675213575363159
12.611829380875381,1.9240238904006632,-0.624259553185581,1.3850196547053186,-0.44434553384780884,3.354282912835452,-0.6435977187579722,-0.3046583831310272,1.0796902179718018,0.10572201758623123,0.1580352932214737,0.6649686098098755,0.2735559642314911,0.6767633557319641
12.777827442373388,1.917675450229916,-0.6263474025577331,1.3813482551159184,-0.394546115398407,3.3235198565494697,-0.687815157271983,-0.2976399064064026,1.0864033699035645,0.11200591176748276,0.11965031176805496,0.6736301779747009,0.2515866756439209,0.6845511794090271
12.943825503871395,1.9113271163554706,-0.6284351621295311,1.3776768670824313,-0.3447466969490051,3.29275689857025,-0.7320322437073254,-0.29079240560531616,1.0929362773895264,0.11780275404453278,0.08108128607273102,0.6810237169265747,0.2288607805967331,0.6908366084098816
13.109823565369402,1.904978735612069,-0.6305229222843781,1.3740055738684076,-0.2949472784996033,3.261993908539572,-0.7762491429201502,-0.28410470485687256,1.099247932434082,0.12312048673629761,0.04239930585026741,0.6871386766433716,0.20546376705169678,0.6955770254135132
13.275821626867408,1.8986304515973313,-0.6326106473670977,1.3703342969573413,-0.24514786005020145,3.2312312660820033,-0.8204659661046053,-0.2775665521621704,1.105297327041626,0.12797094881534576,0.0036758258938789368,0.6919681429862976,0.181483656167984,0.698734700679779
13.441819725730477,1.8922821679799857,-0.6346983689006445,1.3666630787776455,-0.1953484303912808,3.2004683649562287,-0.8646827808927408,-0.2711687684059143,1.1110453605651855,0.13236956298351288,-0.03501759096980095,0.6955090761184692,0.15701079368591309,0.7002773880958557
13.607817725885175,1.8859338227852223,-0.6367861020009221,1.362991796729027,-0.14554903034487127,3.1697053526096233,-0.9088996588504955,-0.264903724193573,1.116452932357788,0.13633598387241364,-0.07360929250717163,0.6977618932723999,0.13213737308979034,0.700178325176239
13.77381581441081,1.8795854393523348,-0.6388738392287658,1.3593205878254222,-0.09574960378718086,3.138942097009419,-0.9531167058740331,-0.25876471400260925,1.1214836835861206,0.13989272713661194,-0.11202789843082428,0.6987308263778687,0.10695698857307434,0.6984160542488098
13.939813873291945,1.8732370716035753,-0.6409615997451164,1.3556493886958891,-0.045950186122840436,3.1081786854471907,-0.9973337659577791,-0.2527469992637634,1.1261019706726074,0.14306645095348358,-0.15020214021205902,0.6984236836433411,0.08156466484069824,0.6949753761291504
14.105811965690313,1.8668885890717506,-0.6430493407944642,1.3519781734556593,0.003849241596670133,3.077415083762093,-1.041551051917899,-0.2468467503786087,1.130275011062622,0.14588652551174164,-0.18806175887584686,0.6968517899513245,0.056055936962366104,0.6898463368415833
14.271810013876216,1.8605401686503436,-0.6451370984474142,1.3483069289417224,0.053648656052440936,3.046651391031845,-1.0857684470942055,-0.24106146395206451,1.13397216796875,0.14838570356369019,-0.22553691267967224,0.6940302848815918,0.030527107417583466,0.6830249428749084
14.43780806357581,1.8541916868073696,-0.6472248605941815,1.3446356132958077,0.10344807096231931,3.0158873582576624,-1.1299858810139303,-0.235390305519104,1.1371653079986572,0.1505993902683258,-0.26255902647972107,0.689977765083313,0.005074645392596722,0.6745128631591797
14.603806168521993,1.847843076544836,-0.6493126263720888,1.3409642744145025,0.15324750244617458,2.9851230125320063,-1.174203439189425,-0.2298334836959839,1.139829397201538,0.15256565809249878,-0.29906049370765686,0.6847163438796997,-0.020205311477184296,0.6643176674842834
14.769804219307064,1.8414945870139772,-0.6514004447935303,1.337292968643057,0.20304691768169578,2.954358662513039,-1.2184211214470944,-0.22439280152320862,1.1419428586959839,0.1543252170085907,-0.33497536182403564,0.6782714128494263,-0.04521723836660385,0.6524528861045837
14.935802231067973,1.8351460376320323,-0.6534882616918978,1.333621572720792,0.2528463212099685,2.9235937872553146,-1.2626389554011876,-0.21907104551792145,1.143486499786377,0.1559201180934906,-0.3702392280101776,0.6706719398498535,-0.06986642628908157,0.6389371156692505
15.101800204070493,1.8287971945225046,-0.6555761002794176,1.329950213617629,0.3026457131107248,2.892828791952101,-1.306857105182739,-0.21387188136577606,1.1444454193115234,0.1573949009180069,-0.40478911995887756,0.661949872970581,-0.09405957907438278,0.6237954497337341
15.267798442361565,1.8224484439999888,-0.6576639963735732,1.326278846691321,0.3524451845980463,2.862063518862055,-1.3510753491868943,-0.20880082249641418,1.1448076963424683,0.15879538655281067,-0.4385644495487213,0.6521406173706055,-0.11770473420619965,0.607058048248291
15.433796603466282,1.8160995660263826,-0.6597519799815686,1.3226074154592122,0.40224463292946133,2.8312977607637895,-1.395293889718326,-0.2038637399673462,1.1445660591125488,0.16016873717308044,-0.47150638699531555,0.6412820816040039,-0.14071215689182281,0.5887605547904968
15.599794551496393,1.8097505705150514,-0.6618399930132902,1.3189358871693693,0.45204401733849464,2.8005316150135444,-1.439512538113918,-0.19906792044639587,1.1437160968780518,0.1615629494190216,-0.5035586357116699,0.6294159889221191,-0.16299381852149963,0.5689438581466675
15.765792549337498,1.8034014919751666,-0.663928059706784,1.315264340397612,0.5018434166908263,2.769765241951918,-1.4837314779269932,-0.19442102313041687,1.1422585248947144,0.16302648186683655,-0.5346671342849731,0.6165858507156372,-0.18446508049964905,0.547654390335083
15.931790610835504,1.7970521914211162,-0.6660161349583147,1.311592717311909,0.5516428351402283,2.7389985370163843,-1.5279507623394013,-0.1899314671754837,1.1401972770690918,0.16460847854614258,-0.5647804737091064,0.6028385162353516,-0.20504377782344818,0.5249435901641846
16.09778867233351,1.790702679783467,-0.6681042522813714,1.3079210264823222,0.60144225358963,2.708231252843687,-1.5721703494289774,-0.18560871481895447,1.137540578842163,0.1663573533296585,-0.5938501954078674,0.5882229208946228,-0.22465072572231293,0.5008668899536133
16.263786665551073,1.784353009199966,-0.67019246311251,1.304249253642169,0.6512416515548983,2.6774634054413076,-1.6163902416946407,-0.18146196007728577,1.1343008279800415,0.1683218777179718,-0.621830403804779,0.5727906227111816,-0.24321050941944122,0.4754854440689087
16.429784596647377,1.7780030764240815,-0.6722807136815798,1.300577357919258,0.7010410308837891,2.6466951405995136,-1.6606105540293177,-0.17750123143196106,1.1304945945739746,0.17055004835128784,-0.648678183555603,0.5565953254699707,-0.2606515884399414,0.4488641619682312
16.59578265814538,1.7716529026784682,-0.6743689935062372,1.296905470223735,0.7508404493331908,2.6159263086389526,-1.7048314121664607,-0.1737365871667862,1.1261420249938965,0.1730881631374359,-0.674354076385498,0.5396924018859863,-0.27690595388412476,0.42107200622558594
16.761780719643387,1.7653025251140448,-0.6764573431731036,1.2932334027889114,0.8006398677825928,2.5851570345244506,-1.7490527002472722,-0.17017820477485657,1.121268630027771,0.17598220705986023,-0.6988214254379272,0.5221396684646606,-0.291910320520401,0.39218249917030334
16.927778728752312,1.7589518731876514,-0.6785457412124181,1.2895611443598132,0.8504392705152702,2.554387104371216,-1.793274419921626,-0.16683602333068848,1.1159018278121948,0.1792759895324707,-0.7220470905303955,0.5039960741996765,-0.30560559034347534,0.3622722029685974
17.09377664395725,1.7526008834285314,-0.6806342068582244,1.2858886950745636,0.9002386450767517,2.5236166624979073,-1.8374968328763286,-0.1637197583913803,1.1100740432739258,0.1830114871263504,-0.7440013885498047,0.48532235622406006,-0.31793737411499023,0.33142101764678955
17.259774705455253,1.7462496524730302,-0.6827226641310484,1.282216204558949,0.9500380635261536,2.492845388530185,-1.881719981883888,-0.1608389914035797,1.10382080078125,0.18722830712795258,-0.7646579742431641,0.4661804139614105,-0.3288564085960388,0.29971224069595337
17.425772877548003,1.7398981624605643,-0.6848112375448581,1.2785435217337728,0.9998375151539782,2.462073177584752,-1.925943954664168,-0.158202663064003,1.0971816778182983,0.19196408987045288,-0.7839943170547485,0.44663313031196594,-0.33831796050071716,0.26723164319992065
17.591771027133415,1.7335463683217778,-0.6868998525214431,1.2748706143138295,1.049636960029602,2.4312998307534524,-1.9701688308190493,-0.1558188945055008,1.0901989936828613,0.1972532719373703,-0.8019909262657166,0.4267445504665375,-0.3462829887866974,0.23406746983528137
17.75776908863142,1.7271942628769847,-0.688988581796167,1.2711975537879687,1.0994363784790038,2.4005250964796145,-2.0143948569225754,-0.15369540452957153,1.0829181671142578,0.20312750339508057,-0.8186327219009399,0.4065793752670288,-0.3527173399925232,0.2003101110458374
17.923767150129425,1.7208418499989422,-0.6910773358770609,1.267524346642512,1.1492357969284057,2.3697485994365235,-2.0586219947438624,-0.1518387794494629,1.0753874778747559,0.20961526036262512,-0.8339076042175293,0.3862026333808899,-0.3575926423072815,0.16605164110660553
18.08976521162743,1.7144891970898917,-0.6931663258790607,1.2638509257595494,1.1990352153778077,2.33896986636923,-2.1028512158313495,-0.1502547264099121,1.0676575899124146,0.2167414277791977,-0.8478075265884399,0.365679532289505,-0.36088576912879944,0.13138559460639954
18.255763273125435,1.708135442803412,-0.6952556502142668,1.2601768829324682,1.2488346338272094,2.308185566403913,-2.147084546787653,-0.14894774556159973,1.0597820281982422,0.2245272397994995,-0.8603288531303406,0.3450756072998047,-0.3625781238079071,0.09640541672706604
18.42175934780195,1.7017802000045776,-0.6973456144332886,1.2565020322799683,1.2986334562301636,2.2773919105529785,-2.191324472427368,-0.14792132377624512,1.051815152168274,0.2329903244972229,-0.8714712858200073,0.32445621490478516,-0.3626563549041748,0.06120578199625015
18.58375997909461,1.6829700953925801,-0.717525651377077,1.271931259277048,1.28203948196584,2.22879172116518,-2.1626282226380167,-0.13826502859592438,1.0450496673583984,0.235839381814003,-0.8692746758460999,0.3550977110862732,-0.33879396319389343,0.059041377156972885
18.745762199844464,1.6643753665744179,-0.7375005075443547,1.2871208802236982,1.2656772383480275,2.1801910549402237,-2.134075221919041,-0.12959954142570496,1.0386455059051514,0.23891645669937134,-0.8658111095428467,0.3849342465400696,-0.31462517380714417,0.05663718655705452
18.90776442059432,1.6458301922338487,-0.7574281984998037,1.3022561980363947,1.2493679786625893,2.131590388715267,-2.105549995052419,-0.12168948352336884,1.0325698852539062,0.24231413006782532,-0.8610780239105225,0.4140523076057434,-0.29014748334884644,0.05403563752770424
19.069766641344174,1.6273133046165582,-0.7773290517479242,1.3173614979543016,1.233088032206882,2.0829897224903107,-2.077043612577761,-0.11446108669042587,1.0268234014511108,0.24607333540916443,-0.8551152348518372,0.44240644574165344,-0.2653854191303253,0.051233068108558655
19.23176886209403,1.6088158028876456,-0.7972112190349503,1.3324468213617884,1.2168281235627618,2.034389056265354,-2.0485518163372545,-0.10785418748855591,1.0214054584503174,0.2502288222312927,-0.8479686379432678,0.4699442684650421,-0.24036644399166107,0.04822266846895218
19.393771082843884,1.5903286226282374,-0.8170833427048863,1.3475213029327382,1.2005787103478607,1.9857883900403976,-2.020067997614538,-0.10180916637182236,1.0163100957870483,0.25481271743774414,-0.8396848440170288,0.49661731719970703,-0.2151177078485489,0.0449993759393692
19.55577330359374,1.571848663395512,-0.8369488120523232,1.3625886417296411,1.184336390060556,1.9371877238154411,-1.991589783316302,-0.09627367556095123,1.0115280151367188,0.2598525285720825,-0.8303154706954956,0.5223744511604309,-0.18966810405254364,0.04155632480978966
19.717775524343594,1.5533712671667852,-0.8568117992685892,1.3776533080487976,1.1680964584367792,1.8885870575904846,-1.9631133621019017,-0.09119496494531631,1.007044792175293,0.2653731107711792,-0.8199138641357422,0.54716956615448,-0.1640464812517166,0.03788800165057182
19.87977774509345,1.534893029075812,-0.8766753844193225,1.3927181916011588,1.1518558948917983,1.839986391365528,-1.9346364922723627,-0.0865229070186615,1.0028420686721802,0.27139586210250854,-0.808535635471344,0.5709578990936279,-0.13828237354755402,0.03398870304226875
20.041779965843304,1.5164114453002495,-0.8965421436629051,1.407786374053051,1.1356119488912806,1.7913857251405716,-1.906157024604438,-0.08221039175987244,0.9988962411880493,0.2779383957386017,-0.7962391376495361,0.5936976075172424,-0.11240556836128235,0.02985312044620514
20.20378218659316,1.4979218324210668,-0.9164168143255716,1.4228627254802317,1.1193594686458184,1.742785058915615,-1.8776708883429343,-0.07821020483970642,0.9951804280281067,0.28501614928245544,-0.7830833196640015,0.6153522729873657,-0.08644577115774155,0.025477489456534386
20.365784407343014,1.4794208545426104,-0.9363023867807699,1.437950496431266,1.1030955738191588,1.6941843926906586,-1.8491753807390894,-0.07447892427444458,0.9916638135910034,0.2926403284072876,-0.7691293954849243,0.6358872652053833,-0.06043316423892975,0.02085782214999199
20.52778662809287,1.46089926384895,-0.9562076268351798,1.4530593144136075,1.0868107291194467,1.645583726465702,-1.8206635214090792,-0.0709700956940651,0.9883102178573608,0.30082017183303833,-0.7544367909431458,0.6552756428718567,-0.034396640956401825,0.015993015840649605
20.689788848842724,1.442348554846504,-0.9761407623308671,1.4681988824722747,1.0704955568264276,1.5969830602407455,-1.7921314281120566,-0.06764158606529236,0.9850796461105347,0.30956101417541504,-0.7390671372413635,0.6734919548034668,-0.008365281857550144,0.010882449336349964
20.85179106959258,1.423747012136639,-0.9961221484835335,1.4833937951149787,1.0541265478550543,1.548382394015789,-1.7635692168017754,-0.0644422098994255,0.9819250106811523,0.31886613368988037,-0.723076581954956,0.6905205845832825,0.017634984105825424,0.005530910566449165
21.01379249561384,1.4049288034439087,-1.0163105726242065,1.4988291263580322,1.0375244617462158,1.4997819662094116,-1.7348607778549194,-0.061195507645606995,0.9787368774414062,0.3287643790245056,0.706433892250061,-0.7064337730407715,-0.04361700639128685,5.207456297284807e-07
21.06379249561384,1.3976776557802244,-1.0114238246413052,1.494561274927965,1.042198668322862,1.5071761413842715,-1.7422970584341466,-0.051645200699567795,0.9805284142494202,0.32675886154174805,-0.7065061330795288,0.7066271305084229,0.03907663747668266,0.0002837867650669068
21.262281103616502,1.3904265081165401,-1.0065371322946746,1.490293423497898,1.046872874899508,1.5145703721954022,-1.749733339013374,-0.04207291826605797,0.9822233319282532,0.3247606158256531,-0.7065778374671936,0.7067920565605164,0.03453316166996956,0.0005011620814912021
21.46074655893996,1.3831782171665523,-1.0016523651441098,1.4860272534609287,1.051545239992493,1.5219616899227824,-1.757166689942625,-0.03248351439833641,0.9838212728500366,0.3227703273296356,-0.706648588180542,0.7069284319877625,0.029989253729581833,0.0006515464629046619
21.659214696472432,1.3759318546509922,-0.9967688976037858,1.4817622184541661,1.0562163619855847,1.529351041162935,-1.764598063201561,-0.022876743227243423,0.9853225946426392,0.3207879066467285,-0.7067186832427979,0.7070364952087402,0.025445355102419853,0.0007350060623139143
21.85771200302794,1.3686864087811983,-0.9918860478092391,1.4774977229630946,1.0608868930940514,1.5367394576696247,-1.7720284964113595,-0.013252362608909607,0.9867275357246399,0.3188129663467407,-0.7067880630493164,0.7071160674095154,0.020901639014482498,0.0007516369223594666
22.056157695686366,1.361444810414843,-0.9870057909236332,1.473235492020177,1.0655549440398306,1.5441239507520796,-1.779454983885058,-0.003615270834416151,0.9880355596542358,0.31684643030166626,-0.7068566083908081,0.7071672081947327,0.016360817477107048,0.000701465702150017
22.25465544927671,1.3542032120484881,-0.9821255340380273,1.4689732610772592,1.07022299498561,1.5515084438345346,-1.7868814713587566,0.0060385591350495815,0.9892475605010986,0.3148873448371887,-0.7069243788719177,0.7071899771690369,0.011821568943560123,0.000584613939281553
22.453108499383475,1.3469652010099076,-0.9772476947238175,1.4647131415493453,1.0748887334821253,1.558889278802331,-1.7943042799147033,0.015703437849879265,0.9903631210327148,0.31293678283691406,-0.7069913744926453,0.707184374332428,0.007286936044692993,0.00040131405694410205
22.705620155654934,1.3397281653269124,-0.9723705127210974,1.4604535960923128,1.0795538432487206,1.5662691191683547,-1.8017260882127417,0.02538174018263817,0.9913830161094666,0.31099382042884827,-0.7070575952529907,0.7071505188941956,0.002756132511422038,0.00015145586803555489
22.92555189103071,1.3337002562335332,-0.970158453322038,1.45688836767712,1.0728309677372043,1.5679917983286213,-1.8077506701723745,0.03289215266704559,0.995398759841919,0.3095179796218872,-0.7070503830909729,0.7071394324302673,0.0041251396760344505,0.004063078202307224
23.162784524444195,1.3296799847701848,-0.972309671018084,1.4544765657907435,1.0475543560217397,1.5604693203701907,-1.8114605531928523,0.036873623728752136,1.0044795274734497,0.3090001344680786,-0.7068634033203125,0.707033097743988,0.015053325332701206,0.014891830272972584
23.498255814040807,1.325709892213639,-0.974434038350102,1.4520948667427414,1.0225932336345755,1.5530407340118277,-1.8151241314112712,0.04090466350317001,1.0135390758514404,0.30877232551574707,-0.7065925598144531,0.7066858410835266,0.025757119059562683,0.02566555328667164
23.799345182442586,1.3202824460413245,-0.9682784273987288,1.4411773143633138,1.027409530123338,1.5530401380058838,-1.8205968266280046,0.047880396246910095,1.0190684795379639,0.30887162685394287,-0.7066089510917664,0.7066707015037537,0.02560325898230076,0.02578202448785305
24.009351767061155,1.3134874556877774,-0.9544789709383056,1.4223563824480825,1.0596271668307113,1.5598686877491785,-1.8277607011730967,0.05755548179149628,1.0212534666061401,0.30916455388069153,-0.7068923711776733,0.7069687247276306,0.015627099201083183,0.015940191224217415
24.239645028140618,1.30670216237637,-0.9406992075022783,1.403562309639398,1.0917988261687965,1.5666874925581658,-1.8349143522462288,0.06724732369184494,1.023346185684204,0.3095681667327881,-0.707102358341217,0.7070621848106384,0.005798948463052511,0.005972573067992926
24.4164471452278,1.3062312067403505,-0.9243643300222971,1.3794354620744893,1.1219546940369522,1.5724493374263215,-1.8705909385283352,0.07125485688447952,1.0298213958740234,0.30979689955711365,0.7194499373435974,-0.6945368051528931,0.0022261033300310373,0.0023300135508179665
24.624389880154197,1.3106977892634741,-0.9058173616278195,1.3508208770891708,1.1509230497977845,1.5774583141609038,-1.9290610084615702,0.07074031978845596,1.0397312641143799,0.30975908041000366,0.7409136891365051,-0.6714743375778198,0.008720015175640583,0.009639828465878963
24.82285026908285,1.3152372649955648,-0.886967712596436,1.3217393111599078,1.1803641599293213,1.5825490358058143,-1.9884852913761892,0.07007896900177002,1.0496313571929932,0.30962833762168884,0.7619274258613586,-0.6472562551498413,0.014910785481333733,0.017423555254936218
25.02428507738446,1.3198536021848448,-0.8677989052354207,1.2921653422161585,1.2103037608028575,1.587725952488845,-2.048915733866672,0.06926513463258743,1.059517502784729,0.30940163135528564,0.7824374437332153,-0.6218523383140564,0.020767340436577797,0.025687457993626595
25.229299705073313,1.3245519790846774,-0.8482894374453569,1.2620657964454687,1.240775436368733,1.5929948712784843,-2.110420122173328,0.06829243153333664,1.0693883895874023,0.3090757131576538,0.8023900985717773,-0.5952264666557312,0.02625736966729164,0.03443874418735504
25.43807724173961,1.3293365916098165,-0.8284218861745194,1.2314137932610112,1.2718063995466056,1.598360497615475,-2.173053383173217,0.0671544149518013,1.0792378187179565,0.3086468577384949,0.8217199444770813,-0.5673497319221497,0.0313442200422287,0.04368193820118904
25.650798375041198,1.3342115806292694,-0.8081790569422964,1.2001828047194438,1.3034235062528106,1.6038274752103963,-2.236869723163694,0.06584443897008896,1.0890593528747559,0.30811163783073425,0.8403555154800415,-0.5381948351860046,0.03598812595009804,0.05341973900794983
25.91463971178529,1.3391825825074677,-0.7875375453959333,1.168336722178822,1.3356633115513636,1.6094021248729864,-2.3019429253158514,0.06435472518205643,1.0988478660583496,0.3074660003185272,0.8582236170768738,-0.507728636264801,0.04014746844768524,0.06365590542554855
26.125195998603832,1.3469831608170988,-0.7798350704575647,1.15623789246014,1.3472134032981753,1.6100275242307605,-2.348467974789897,0.0568387396633625,1.1031309366226196,0.30718764662742615,0.8715036511421204,-0.48401862382888794,0.04020309820771217,0.0677574947476387
26.323662385249865,1.3557722609997032,-0.7769066265750344,1.1514270859388769,1.3511342306331209,1.6088404084890369,-2.387941852005531,0.0471678152680397,1.105351448059082,0.3070659637451172,0.8828575611114502,-0.4628409743309021,0.0388575904071331,0.06950435042381287
26.522130280638468,1.3645480231264204,-0.7739826268047975,1.1466235801429339,1.355049107846549,1.6076550942759997,-2.4273558249341,0.03747554495930672,1.107477068901062,0.3069419264793396,0.893679141998291,-0.4414304792881012,0.037470173090696335,0.07122300565242767
26.720601957196724,1.3733105077828751,-0.7710630509603046,1.1418273419101312,1.3589580619657737,1.6064715734085422,-2.4667101656796255,0.027762865647673607,1.1095081567764282,0.30681514739990234,0.9039647579193115,-0.4198005497455597,0.036041565239429474,0.07291249185800552
26.919066946858894,1.3820596970127201,-0.7681479050244385,1.1370383810690647,1.3628610849804486,1.6052898483119704,-2.506004793596008,0.018031174317002296,1.1114442348480225,0.30668604373931885,0.9137108325958252,-0.3979651629924774,0.03457244113087654,0.07457205653190613
27.11753623923136,1.3907959120975804,-0.7652370819492434,1.1322565217628546,1.3667583202146627,1.6041098755917997,-2.5452411516331677,0.008280900306999683,1.1132854223251343,0.30655437707901,0.9229145050048828,-0.3759373724460602,0.03306346386671066,0.07620109617710114
27.316006127650272,1.3995191493001662,-0.7623305829799482,1.127481766037145,1.3706497660012071,1.602931655752814,-2.5844192230060776,-0.001486792927607894,1.1150318384170532,0.3064204156398773,0.9315731525421143,-0.35373079776763916,0.031515270471572876,0.07779868692159653
27.51447232803179,1.4082294741759342,-0.7594283862741035,1.122714078009467,1.3745354515844437,1.6017551799406464,-2.623539302139419,-0.011270755901932716,1.1166833639144897,0.30628395080566406,0.939684271812439,-0.33135923743247986,0.029928632080554962,0.07936406880617142
27.712939664626848,1.4169270155667424,-0.756530448902838,1.1179533871568734,1.3784154344408683,1.6005804307530385,-2.66260196769171,-0.021070286631584167,1.1182399988174438,0.3061450719833374,0.9472459554672241,-0.3088358938694,0.028304290026426315,0.08089669793844223
27.911410335356724,1.4256119298160774,-0.7536367187740016,1.1131996079031103,1.3822897843154833,1.5994073870731733,-2.7016079218376294,-0.03088453598320484,1.119701862335205,0.30600371956825256,0.9542564749717712,-0.28617414832115173,0.026642896234989166,0.08239571005105972
28.3589977890451,1.434284219712923,-0.7507471949583314,1.108452738721598,1.3861585024524574,1.5982360485243523,-2.7405571771031476,-0.04071224853396416,1.1210687160491943,0.30586016178131104,0.9607143402099609,-0.2633878290653229,0.024945203214883804,0.08386052399873734
28.63203491354008,1.4294627801186885,-0.7486331741890353,1.1049998730473278,1.3876620278654888,1.598851923677864,-2.7550286033899223,-0.03490972891449928,1.122750997543335,0.30547964572906494,0.9619701504707336,-0.2587195634841919,0.024449432268738747,0.0841408222913742
28.83053624340911,1.421240750204344,-0.7467141849097508,1.1018724493326904,1.3885698927074643,1.599918195417288,-2.7633352407684675,-0.025140861049294472,1.124448537826538,0.30503860116004944,0.9619978070259094,-0.25863778591156006,0.024263901636004448,0.08412998169660568
29.02900996887703,1.4130282420152944,-0.7447974179635096,1.0987486474085113,1.3894767061740836,1.6009832323343265,-2.7716322584399493,-0.015358243137598038,1.12605619430542,0.30459660291671753,0.9620250463485718,-0.2585563361644745,0.024080371484160423,0.08412180095911026
29.22745186173935,1.404825247827833,-0.742882871547629,1.0956284643369145,1.3903824691181874,1.6020470354306264,-2.779919664207554,-0.005562928505241871,1.1275739669799805,0.3041537404060364,0.9620519280433655,-0.2584749758243561,0.023898841813206673,0.08411640673875809
29.42600061455388,1.3966259566891823,-0.7409691894087023,1.0925096897985862,1.3912878231769115,1.6031103582980366,-2.788203328820725,0.004251099191606045,1.1290028095245361,0.30370956659317017,0.9620784521102905,-0.25839370489120483,0.023719025775790215,0.08411362767219543
29.62438267925401,1.3884418144902668,-0.739059042972424,1.089396677481251,1.3921915045112692,1.604171716579269,-2.7964716886064562,0.014069492928683758,1.1303406953811646,0.3032647967338562,0.9621045589447021,-0.2583127021789551,0.023541271686553955,0.08411366492509842
29.822960489332868,1.380257672291351,-0.7371488965361457,1.0862836651639156,1.3930951858456269,1.6052330748605017,-2.804740048392187,0.02390928752720356,1.1315906047821045,0.3028186559677124,0.9621303677558899,-0.25823166966438293,0.023365028202533722,0.0841163620352745
30.02133363196273,1.3720900781817573,-0.7352426123584984,1.0831769472638368,1.393997039963512,1.6062922871072185,-2.812991689803169,0.03374990075826645,1.132749319076538,0.3023720383644104,0.9621557593345642,-0.25815093517303467,0.023190651088953018,0.0841219499707222
30.219851725638105,1.3639245849656156,-0.7333368185210778,1.0800710284832058,1.394898662103732,1.6073512269001327,-2.8212412087017955,0.04360778257250786,1.1338194608688354,0.3019242286682129,0.9621808528900146,-0.25807034969329834,0.023017801344394684,0.08413023501634598
30.41830568844099,1.3557697348802482,-0.7314335087483063,1.076969158043426,1.3957991090445987,1.6084087864414933,-2.8294799749482387,0.05347176268696785,1.1347994804382324,0.301475465297699,0.9622055292129517,-0.2579898536205292,0.022846603766083717,0.08414139598608017
30.635633965408445,1.347622816398054,-0.7295320501803606,1.073870304557381,1.396698680189131,1.6094653173750282,-2.8377107279726337,0.06334417313337326,1.1356899738311768,0.3010258674621582,0.96222984790802,-0.2579095661640167,0.02267688512802124,0.08415532857179642
30.870638927552385,1.3433961073148661,-0.7300849665292601,1.0745681374983478,1.3937751693505216,1.6095968004773031,-2.8559979448311403,0.0682675838470459,1.1357743740081787,0.3007090091705322,0.9641258120536804,-0.2511884272098541,0.021755587309598923,0.08301970362663269
31.343254885878316,1.3507238665155046,-0.7378726459316829,1.0864574312661397,1.3795818978549956,1.6070015948737033,-2.9039321717125706,0.0585763081908226,1.1336421966552734,0.3007861077785492,0.9710745215415955,-0.22474896907806396,0.018736040219664574,0.07842937111854553
31.54172477429723,1.35805487797995,-0.7456637817233195,1.09835200183394,1.365382326989918,1.6044052374455111,-2.95188767314014,0.04890967905521393,1.131400227546692,0.3008609414100647,0.977276623249054,-0.1980869472026825,0.01590977981686592,0.07374830543994904
31.740192036386482,1.3653888814494721,-0.7534580973105347,1.1102514269318005,1.3511769608552078,1.6018078203661856,-2.9998627466423704,0.03926929458975792,1.129048466682434,0.3009340465068817,0.9827242493629456,-0.17122511565685272,0.01327945664525032,0.06898269057273865
31.93866062095379,1.3727260505231784,-0.7612557771882275,1.1221559882243786,1.3369654632035628,1.5992092821537152,-3.0478585278104817,0.029656244441866875,1.1265870332717896,0.30100518465042114,0.9874104261398315,-0.14418473839759827,0.010847651399672031,0.06413841247558594
32.13712819969272,1.380066426889644,-0.7690568656615192,1.1340657533514131,1.322747753287615,1.5966096080436374,-3.0958752893485264,0.020071884617209435,1.124016284942627,0.30107414722442627,0.9913284778594971,-0.11698794364929199,0.008616660721600056,0.05922175571322441
32.33559918707227,1.3874098679338625,-0.7768612111643005,1.1459804909199685,1.308524107340993,1.594008848544608,-3.1439120983464677,0.010517459362745285,1.121335744857788,0.3011411428451538,0.994472861289978,-0.08965760469436646,0.006588779389858246,0.054239094257354736
32.53406639328217,1.394756547813386,-0.784668998784966,1.15790048350078,1.2942941880347314,1.591406941976836,-3.191970094048572,0.0009944227058440447,1.1185463666915894,0.3012060523033142,0.9968380331993103,-0.062215838581323624,0.004765993915498257,0.04919656366109848
32.73253663560366,1.4021063813104995,-0.7924801379571866,1.1698255928280523,1.2800581604285903,1.588803918521102,-3.240048719006755,-0.008496049791574478,1.115647554397583,0.30126869678497314,0.9984197616577148,-0.03468587249517441,0.003150117350742221,0.044100694358348846
33.05669107361842,1.4094594337339295,-0.8002946980887331,1.1817559248652347,1.265815898024896,1.58619975504761,-3.288148400435293,-0.017952602356672287,1.1126400232315063,0.30132925510406494,0.9992141127586365,-0.007090431172400713,0.0017428587889298797,0.03895789757370949
33.32600250379601,1.4208982480813046,-0.7987805961864797,1.1806499086766467,1.2856713608069124,1.6356669992103388,-3.2919980582561768,-0.016964351758360863,1.1054365634918213,0.3044603765010834,0.9983044266700745,0.0018213298171758652,0.024797966703772545,0.0526294969022274
33.57998195528367,1.4140321065588224,-0.7987639003312625,1.1805154715200454,1.2889578433675835,1.639775960908534,-3.2994910844857452,-0.008307622745633125,1.1045187711715698,0.3052045702934265,0.9981573224067688,0.002288033254444599,0.026195168495178223,0.05468585342168808
33.839066059939555,1.4023114336257458,-0.7997372909717839,1.1814843544151028,1.2858579503623007,1.6291193765351097,-3.3108280273667905,0.0015828870236873627,1.1053054332733154,0.305011510848999,0.9984034299850464,0.0017854172037914395,0.020580895245075226,0.05257135629653931
34.03757463549822,1.390601028026977,-0.8007098289200432,1.1824523885666924,1.2827607728698542,1.6184721273521616,-3.322155039061866,0.011481511406600475,1.1060171127319336,0.30485379695892334,0.998618483543396,0.0012996481964364648,0.015023023821413517,0.050334833562374115
34.23600408589094,1.3789084319495755,-0.8016808878046421,1.183418950504125,1.2796683056539446,1.6078410708117508,-3.333464824312041,0.021381817758083344,1.1066532135009766,0.3047316074371338,0.9988024830818176,0.000830969656817615,0.009527264162898064,0.04797922074794769
34.43446007897704,1.3672280676617443,-0.802650930850854,1.1843845013074905,1.27657907351158,1.5972211355694377,-3.344762778236448,0.031288426369428635,1.1072131395339966,0.3046448230743408,0.9989556074142456,0.0003790708433371037,0.004093116149306297,0.04550475999712944
34.66853640496481,1.3600271586450292,-0.8048918358763134,1.188410128491449,1.272945850229944,1.590976913083653,-3.351736448908275,0.03717285394668579,1.1060131788253784,0.304395467042923,0.9990319609642029,0.00011974257358815521,0.0009133731364272535,0.043979842215776443
35.055016221146865,1.3673979256820914,-0.8112754750185257,1.2024081838583611,1.2675339546779094,1.5989684811311644,-3.3446432630554517,0.0299797672778368,1.0992318391799927,0.30352234840393066,0.9989359974861145,0.0004449750704225153,0.004918811377137899,0.04585300758481026
35.25347329456715,1.3747627900863546,-0.8176540020363707,1.2163950293497865,1.2621263930618174,1.6069536493981056,-3.3375557575437993,0.02288184128701687,1.0923514366149902,0.30266064405441284,0.9988228678703308,0.0007786313653923571,0.008947482332587242,0.04766809940338135
35.451934707950635,1.3821230785957102,-0.8240285659847417,1.2303731846153572,1.2567221912405984,1.6149338563665345,-3.3304726556000337,0.015879252925515175,1.0853723287582397,0.30181026458740234,0.998692512512207,0.0011209918884560466,0.012999437749385834,0.04942510649561882
35.65040504340438,1.3894788978853962,-0.830399259252426,1.2443428522453719,1.2513212708892627,1.622909217696385,-3.3233938545662784,0.008973282761871815,1.0782955884933472,0.30097150802612305,0.9985452890396118,0.0014716943260282278,0.01707395911216736,0.05112388730049133
35.8488818049839,1.396830338899675,-0.8367661606040009,1.2583042049549371,1.2459235652330982,1.630879831991677,-3.3163192669232084,0.002165174577385187,1.0711228847503662,0.30014413595199585,0.9983808994293213,0.0018308826256543398,0.021170413121581078,0.05276419594883919
36.04736478779821,1.4041771663147913,-0.843129066231379,1.272256795833313,1.2405292470556941,1.638845444108571,-3.3092491191323474,-0.004543833900243044,1.0638556480407715,0.2993285357952118,0.998199462890625,0.002198584610596299,0.02528781071305275,0.05434586852788925
36.245817986916585,1.41151858319392,-0.8494872859272743,1.2861991113927242,1.2351389014981677,1.6468051899884366,-3.3021841781180847,-0.011151518672704697,1.0564968585968018,0.2985248565673828,0.9980011582374573,0.0025745125021785498,0.02942509762942791,0.05586825683712959
36.44038725424914,1.4152493005044124,-0.8588895753062652,1.3025304276503265,1.2290101914000815,1.649145967969076,-3.2985415046853603,-0.015725672245025635,1.0479645729064941,0.29948413372039795,0.9979355931282043,0.002693203976377845,0.030722081661224365,0.0563332736492157
36.63886897046475,1.4173292219824547,-0.8696171292089245,1.3198543928369413,1.222580412669345,1.6489361343835414,-3.296464041802653,-0.019366160035133362,1.0388892889022827,0.30117928981781006,0.9979354739189148,0.002692257985472679,0.030722707509994507,0.056335583329200745
36.83736264486222,1.4193937447208373,-0.8802652614548158,1.3370500997058257,1.2161982369321784,1.648727854305093,-3.2944019594573466,-0.0229563619941473,1.0297799110412598,0.302800714969635,0.9979352355003357,0.0026914123445749283,0.03072347305715084,0.056338004767894745
37.03584359739332,1.4214431469410298,-0.8908354070191743,1.354119865603623,1.2098628041068396,1.6485210996652637,-3.2923549797568463,-0.026496345177292824,1.0206389427185059,0.30434924364089966,0.9979351162910461,0.0026905692648142576,0.030724305659532547,0.05634079873561859
37.34746222733929,1.4234779088301577,-0.9013300425499552,1.3710676900779784,1.2035726297637472,1.6483158220202119,-3.2903226230816367,-0.02998688444495201,1.0114669799804688,0.3058265447616577,0.997934877872467,0.0026895978953689337,0.03072533942759037,0.05634365230798721
37.625748201433915,1.412897004371259,-0.9094318016361951,1.3823719911410575,1.1916210868094606,1.6416740675051884,-3.2561686100549907,-0.02186579443514347,1.0079463720321655,0.3062747120857239,0.9980757832527161,-0.019962498918175697,0.02870347537100315,0.051208749413490295
37.82422222492506,1.400761410776855,-0.9172820955299168,1.3930497009190783,1.1789409255120933,1.6342337741613107,-3.2180251077632165,-0.012395077385008335,1.0050013065338135,0.30660930275917053,0.997586190700531,-0.045390717685222626,0.026292016729712486,0.045499566942453384
38.022688648823994,1.3885702858553615,-0.9251683116251004,1.403776270885901,1.1662027409973965,1.6267594347396614,-3.1797070644170122,-0.0029598725959658623,1.001946210861206,0.30694931745529175,0.9964065551757812,-0.07088355720043182,0.02372290939092636,0.039834026247262955
38.22115931955387,1.376322686094157,-0.9330910602628321,1.4145525312072587,1.153405547413946,1.6192504707756914,-3.141211514452678,0.006438749376684427,0.9987802505493164,0.30729442834854126,0.9945306181907654,-0.09642268717288971,0.0209957268089056,0.03421584144234657
38.419627382580536,1.3640177708681793,-0.9410508852281142,1.425379221521503,1.1405484664148116,1.6117063668848823,-3.1025358156934018,0.01579892635345459,0.9955033659934998,0.30764520168304443,0.9919525384902954,-0.1219891831278801,0.01811005361378193,0.028648940846323967
38.618091347787875,1.3516548718383676,-0.9490482188572809,1.436256929878198,1.1276307996701567,1.604126713310709,-3.06367786747618,0.025118881836533546,0.9921149611473083,0.3080015778541565,0.9886671304702759,-0.14756330847740173,0.015065472573041916,0.023137332871556282
38.81656037939002,1.3392328315995534,-0.9570838098546008,1.4471866746400954,1.1146513378378833,1.5965108004517907,-3.024634031949568,0.034397367388010025,0.9886144399642944,0.3083634376525879,0.9846693277359009,-0.17312608659267426,0.01186163816601038,0.017685076221823692
39.01502963450958,1.326750759331502,-0.965158234475417,1.4581692396106292,1.1016091501234502,1.588858082149111,-2.985401509167818,0.04363251104950905,0.9850016832351685,0.30873116850852966,0.9799548983573914,-0.19865775108337402,0.00849837251007557,0.012296154163777828
39.21349607703497,1.314208080874188,-0.9732718641333656,1.4692051299743267,1.0885036366022085,1.581168206387007,-2.9459784944829694,0.05282239615917206,0.9812762141227722,0.3091042935848236,0.9745199680328369,-0.2241370528936386,0.004975475836545229,0.006975038442760706
39.671558916115266,1.3016034628801516,-0.9814255613465703,1.4802955188997766,1.0753334040946054,1.5734403556944465,-2.906360797037649,0.061965346336364746,0.9774376749992371,0.3094834089279175,0.968360960483551,-0.24954412877559662,0.0012928764335811138,0.0017256962601095438
39.83261512478047,1.3036852084763884,-0.9830840353356073,1.4820356384479507,1.0715765930232164,1.5706610216885077,-2.8854264585210756,0.05910368636250496,0.9776528477668762,0.309636652469635,-0.9659674167633057,0.25866374373435974,6.689471774734557e-05,0.00013444277283269912
40.06611572968293,1.3140337136950908,-0.9810820578915523,1.4785074136682437,1.0731271108258804,1.5706730483408875,-2.875048750149905,0.04948442801833153,0.9801064133644104,0.30965936183929443,-0.96596360206604,0.2586779296398163,6.226671393960714e-05,0.00012162296479800716
40.26450444402624,1.324353134476315,-0.9790857069980545,1.4749891049518569,1.0746732709037194,1.570685041192403,-2.8647002082915702,0.03984719142317772,0.9824555516242981,0.3096798062324524,-0.9659598469734192,0.2586919069290161,5.7315719459438697e-05,0.00010898306936724111
40.46308016794253,1.3346611965866853,-0.9770915535043129,1.4714746688666496,1.0762177291105153,1.5706970208432887,-2.854363057157897,0.030176421627402306,0.9847042560577393,0.3096981644630432,-0.9659560322761536,0.2587060034275055,5.210896779317409e-05,9.641495125833899e-05
40.661442395471816,1.3449375952028806,-0.9751035254943776,1.4679710281497005,1.0777574431721062,1.5707089636960252,-2.8440576588717716,0.02049277350306511,0.986847996711731,0.3097144365310669,-0.9659522771835327,0.2587200403213501,4.670695852837525e-05,8.40135253383778e-05
40.860041160308604,1.3552055927874602,-0.9731171227119942,1.4644702516848627,1.0792958985061023,1.5707208967853918,-2.833760685324706,0.010775422677397728,0.9888916611671448,0.3097286820411682,-0.9659485816955566,0.25873398780822754,4.10637840104755e-05,7.184410787886009e-05
41.05838299187351,1.3654397499757085,-0.9711372665475738,1.4609810127824427,1.0808292835293771,1.5707327905466937,-2.823497647670494,0.0010496482718735933,0.9908301830291748,0.30974090099334717,-0.9659448266029358,0.25874799489974976,3.516865035635419e-05,5.980072091915645e-05
41.25700481625724,1.3756681196870657,-0.9691585300036153,1.45749374706542,1.0823618014142813,1.5707446775820026,-2.8132404138252483,-0.008709833025932312,0.9926683902740479,0.30975115299224854,-0.9659410715103149,0.25876176357269287,2.9095232093823142e-05,4.7814628487685695e-05
41.45532438921261,1.3858609299539262,-0.9671866726373062,1.4540186050039952,1.0838889914232674,1.570756523291432,-2.8030188397721205,-0.01847318559885025,0.9944014549255371,0.30975931882858276,-0.9659374356269836,0.2587758004665375,2.2722968424204737e-05,3.6089197237743065e-05
41.65396621840525,1.3960502274000335,-0.9652154948462366,1.4505446606055146,1.0854156551058904,1.5707683649183903,-2.792800788452814,-0.02827010117471218,0.9960345029830933,0.30976545810699463,-0.9659336805343628,0.25878962874412537,1.6167226931429468e-05,2.4460789063596167e-05
41.85226902755428,1.406202288566241,-0.963251520626203,1.4470834115637707,1.0869367396721417,1.570780163270713,-2.782620078493004,-0.038066837936639786,0.9975622296333313,0.30976974964141846,-0.9659299254417419,0.25880342721939087,9.399187547387555e-06,1.30737589643104e-05
42.21915133976182,1.4163527488708496,-0.9612878561019897,1.4436227083206177,1.0884575843811035,1.5707919597625732,-2.7724409739123743,-0.04789644107222557,0.9989900588989258,0.3097718358039856,-0.9659262895584106,0.2588173747062683,2.3800507733540144e-06,1.6993637927953387e-06
42.384161299594695,1.4142850563767027,-0.9661261315767785,1.4512622850251944,1.0794441505799592,1.5674003778542762,-2.7229379859625125,-0.047215551137924194,0.9967366456985474,0.30936187505722046,-0.9589276909828186,0.2836284041404724,0.0020896324422210455,0.002859455533325672
42.549172636974696,1.4122181676635286,-0.9709627979565482,1.4588996584058072,1.0704339060020507,1.5640099301249824,-2.6734345847485113,-0.04654619097709656,0.9944750070571899,0.30895280838012695,-0.95128333568573,0.3082367181777954,0.004310411401093006,0.00561536056920886
42.7141839743547,1.410152168075443,-0.9757981092285649,1.4665350362319598,1.0614260102418902,1.5606204059749484,-2.62393118353451,-0.045888498425483704,0.9922049045562744,0.30854448676109314,-0.9429994225502014,0.33262479305267334,0.006661104969680309,0.008264994248747826
42.8791953117347,1.4080864744263006,-0.9806329952996982,1.4741695071185648,1.052419223524082,1.557231306974949,-2.574427782320509,-0.04524214193224907,0.9899263381958008,0.30813735723495483,-0.9340826272964478,0.3567763566970825,0.009138258174061775,0.010804479010403156
43.0442066491147,1.4060210145612715,-0.9854676413366141,1.481803384112824,1.0434131185608064,1.5538424361207002,-2.5249243811065076,-0.04460734874010086,0.9876389503479004,0.30773115158081055,-0.9245398044586182,0.38067469000816345,0.011737882159650326,0.013229118660092354
43.2092179864947,1.4039558834250643,-0.9903019153696766,1.4894368345489228,1.0344073421173074,1.5504537119499098,-2.4754209798925064,-0.04398418590426445,0.9853426218032837,0.3073258399963379,-0.9143787622451782,0.40430334210395813,0.014455946162343025,0.015534828417003155
43.3742293238747,1.4018908073506482,-0.9951359375385987,1.4970703329299777,1.0254019309414533,1.5470651963190118,-2.425917578678505,-0.043372251093387604,0.9830374717712402,0.3069213032722473,-0.9036070704460144,0.42764630913734436,0.017288021743297577,0.017717106267809868
43.5392406612547,1.3998257904811295,-0.9999699148067914,1.504703629128822,1.0163967110210865,1.5436767478115312,-2.376414177464504,-0.04277198389172554,0.9807232618331909,0.3065173029899597,-0.8922333717346191,0.4506877660751343,0.020229795947670937,0.019772006198763847
43.7042519986347,1.3977608139365596,-1.0048038985301129,1.5123368497164076,1.0073915588412943,1.5402882347491695,-2.326910776250503,-0.04218324273824692,0.9784001708030701,0.30611443519592285,-0.8802662491798401,0.4734117090702057,0.023276884108781815,0.0216956976801157
43.869263336014704,1.3956958414994312,-1.0096379528561281,1.5199700942195702,0.9983864248361267,1.5368997695560433,-2.2774073750365016,-0.041605908423662186,0.9760680794715881,0.30571258068084717,-0.867715060710907,0.49580317735671997,0.026424463838338852,0.023484351113438606
44.034274673394705,1.3936308737174101,-1.0144721548890117,1.5276034321426233,0.9893812289854604,1.5335113379022753,-2.2279039738225004,-0.04104037210345268,0.9737269878387451,0.3053114414215088,-0.8545891642570496,0.5178467631340027,0.029667844995856285,0.025134241208434105
44.199286010774706,1.3915659010162258,-1.0193065088671682,1.5352368859016947,0.9803759342848624,1.5301228638621711,-2.178400572608499,-0.04048645496368408,0.9713770151138306,0.3049112558364868,-0.8408988118171692,0.5395277142524719,0.03300205245614052,0.02664199285209179
44.36429734815471,1.3895008350692233,-1.0241408637624925,1.5428703761064484,0.9713706448752849,1.5267343573713799,-2.128897171394498,-0.03994419798254967,0.9690178036689758,0.3045117259025574,-0.8266541957855225,0.5608314275741577,0.03642205893993378,0.028003975749015808
44.529308685534716,1.3874358258520705,-1.0289752985196212,1.5505042179731556,0.9623650517377603,1.523345949320232,-2.0793937701804963,-0.0394136980175972,0.9666494727134705,0.30411291122436523,-0.811866283416748,0.5817436575889587,0.039922699332237244,0.02921726182103157
44.69432002291472,1.3853708111865046,-1.0338098966438494,1.5581383713074386,0.9533592606004218,1.5199574848014246,-2.029890368966495,-0.03889518976211548,0.9642722606658936,0.30371490120887756,-0.7965458035469055,0.6022505164146423,0.04349878802895546,0.030278755351901054
44.85933136029472,1.3833057130345758,-1.038644649600965,1.5657726989732008,0.9443533025832329,1.516568956481216,-1.980386967752494,-0.038388438522815704,0.9618857502937317,0.303317666053772,-0.7807046175003052,0.6223382353782654,0.04714507609605789,0.031185580417513847
45.02434269767472,1.381240423850098,-1.0434795425014474,1.5734070237204556,0.9353471926918464,1.5131803749273305,-1.9308835665384927,-0.03789344057440758,0.9594904184341431,0.3029211163520813,-0.7643544673919678,0.6419938206672668,0.050855983048677444,0.03193509206175804
45.18935403505472,1.3791750117335646,-1.0483148376653637,1.5810415053045141,0.92634079559443,1.5097915492592566,-1.8813801653244915,-0.03741057589650154,0.957085907459259,0.3025255799293518,-0.7475073933601379,0.6612040400505066,0.054626308381557465,0.03252485394477844
45.35436537243472,1.3771095531691178,-1.0531502283396883,1.5886761210269846,0.9173342654335335,1.5064025883977945,-1.8318767641104903,-0.03693954646587372,0.9546725749969482,0.30213087797164917,-0.7301759123802185,0.6799564957618713,0.058450184762477875,0.0329524502158165
45.51937670981472,1.375044056809067,-1.057985696608506,1.596310823165551,0.9083276181854123,1.503013563035197,-1.782373362896489,-0.036480773240327835,0.9522501230239868,0.30173665285110474,-0.7123729586601257,0.6982387900352478,0.06232195347547531,0.03321560099720955
45.68438804719472,1.3729785202528098,-1.062821286584124,1.6039454785734355,0.8993208302958053,1.4996246715042958,-1.7328699616824879,-0.03603401035070419,0.9498186707496643,0.30134326219558716,-0.6941116452217102,0.7160391211509705,0.06623589992523193,0.03331264853477478
45.849399384574724,1.370913108017772,-1.0676569013611334,1.611580203121581,0.8903140168660982,1.4962358889581933,-1.6833665604684867,-0.035599593073129654,0.9473783373832703,0.3009505569934845,-0.6754053831100464,0.7333460450172424,0.07018609344959259,0.03324146568775177
46.014410721954725,1.3688476849478635,-1.0724925209671505,1.6192149899577846,0.8813071426586844,1.492847168915565,-1.6338631592544854,-0.03517737612128258,0.9449288249015808,0.3005582094192505,-0.6562680602073669,0.7501482963562012,0.07416662573814392,0.033000629395246506
46.179422059334726,1.3667821709712145,-1.0773281354399775,1.626849853299209,0.8723001699414092,1.4894585031023737,-1.5843597580404842,-0.03476738557219505,0.9424703121185303,0.30016666650772095,-0.6367132663726807,0.7664355635643005,0.07817161083221436,0.032588668167591095
46.34443339671473,1.364716673365784,-1.0821638548259338,1.6344845652788225,0.8632930642710064,1.4860695326138122,-1.534856356826483,-0.03436983749270439,0.9400030970573425,0.2997756600379944,-0.616755485534668,0.7821970582008362,0.08219539374113083,0.03200438246130943
46.50944473409473,1.3626511353193045,-1.0869996660266728,1.642119223495934,0.8542859063001295,1.48268053792776,-1.4853529556124818,-0.033984746783971786,0.9375268816947937,0.2993853688240051,-0.5964093804359436,0.7974229454994202,0.08623169362545013,0.031246749684214592
46.67445607147474,1.3605855536549116,-1.0918355599184195,1.6497538353731247,0.8452787025405228,1.479291511476996,-1.4358495543984804,-0.03361216187477112,0.9350416660308838,0.2989957928657532,-0.5756894946098328,0.8121040463447571,0.09027452766895294,0.03031492605805397
46.83946740885474,1.3585199489285704,-1.0966714420349315,1.6573883895110972,0.8362714480636493,1.4759020803567608,-1.3863461531844792,-0.03325214236974716,0.9325474500656128,0.29860642552375793,-0.5546108484268188,0.8262311220169067,0.09431774914264679,0.029207980260252953
47.00447874623474,1.3564542683704166,-1.1015073355012897,1.6650228746518683,0.8272641717349217,1.4725126981748378,-1.336842751970478,-0.032904673367738724,0.9300445318222046,0.2982175946235657,-0.5331887602806091,0.8397952914237976,0.09835531562566757,0.02792583778500557
47.16949008361474,1.3543885694442677,-1.1063432637720476,1.6726573146479748,0.8182568878728343,1.4691233900199905,-1.2873393507564768,-0.03256986662745476,0.9275325536727905,0.29782941937446594,-0.5114383697509766,0.852788507938385,0.10238093137741089,0.026468094438314438
47.33450142099474,1.3523229445178493,-1.1111792861870478,1.6802917286470687,0.8092496179806525,1.4657342381900003,-1.2378359495424756,-0.03224775195121765,0.9250116348266602,0.29744160175323486,-0.48937562108039856,0.8652029633522034,0.10638845711946487,0.024834811687469482
47.49951275837474,1.350257282073736,-1.1160152046016345,1.6879261381605841,0.800242245642049,1.4623451536660739,-1.1883325483284743,-0.03193835914134979,0.9224817752838135,0.2970539927482605,-0.46701598167419434,0.8770312070846558,0.11037182807922363,0.023026060312986374
47.66452409575474,1.3481916734852404,-1.1208511387825275,1.695560466683032,0.791234800799301,1.4589559391955507,-1.1388291471144731,-0.03164186328649521,0.91994309425354,0.2966669797897339,-0.4443756341934204,0.888266384601593,0.11432496458292007,0.02104213647544384
47.829535433134744,1.346126151853754,-1.1256871240368804,1.703194706606481,0.7822272799536473,1.4555665376782436,-1.089325745900472,-0.031358473002910614,0.917395293712616,0.2962801158428192,-0.4214707612991333,0.8989019393920898,0.11824166029691696,0.018883520737290382
47.994546770514745,1.3440607412826042,-1.1305231535142535,1.710829153841979,0.7732196135593568,1.4521771075036518,-1.0398223446864707,-0.031088057905435562,0.9148387908935547,0.2958935499191284,-0.3983173966407776,0.9089318513870239,0.12211578339338303,0.01655101217329502
48.159558107894746,1.3419953191414238,-1.135359206204283,1.718463571175054,0.764211753246166,1.448787577110461,-0.9903189434724695,-0.030830763280391693,0.9122732281684875,0.29550701379776,-0.3749319911003113,0.9183504581451416,0.1259411722421646,0.014045404270291328
48.3245693856413,1.3399299317737772,-1.1401952888433748,1.7260980524864804,0.7552037600959322,1.4453980038333374,-0.940815560148505,-0.030586477369070053,0.9096988439559937,0.29512086510658264,-0.35133105516433716,0.9271526336669922,0.1297118067741394,0.011367999017238617
48.48958059865841,1.3378645901571384,-1.1450314368163137,1.7337326655273195,0.7461956538010956,1.4420084296200124,-0.891312196243372,-0.030355457216501236,0.9071152806282043,0.294734925031662,-0.3275311589241028,0.935333788394928,0.13342157006263733,0.008520035073161125
48.65459209346013,1.3357990912356459,-1.149867904361358,1.7413673986223976,0.7371872902498595,1.4386188880845872,-0.8418087478028544,-0.030137373134493828,0.9045230746269226,0.29434922337532043,-0.30354899168014526,0.9428897500038147,0.13706457614898682,0.005503233056515455
48.819603457414765,1.3337335227184655,-1.154704320315104,1.7490024132877535,0.728178765684774,1.435229288238969,-0.7923053386164645,-0.029932593926787376,0.9019214510917664,0.2939631938934326,-0.2794012427330017,0.9498164653778076,0.14063449203968048,0.0023189231287688017
48.984614794794766,1.3316680196612591,-1.1595407763444485,1.7566375905444667,0.7191700186243168,1.4318396626753565,-0.7428019374024633,-0.029741134494543076,0.8993113040924072,0.2935774028301239,0.25510501861572266,-0.9561108946800232,-0.14412565529346466,0.0010307823540642858
49.1496260580483,1.3296026551970683,-1.1643772967407275,1.7642730179034678,0.7101610451423784,1.4284498645127244,-0.6932985584264032,-0.029563259333372116,0.8966920375823975,0.2931915819644928,0.2306770533323288,-0.9617700576782227,-0.14753207564353943,0.004543972201645374
49.31463737603701,1.3275374161912732,-1.1692139314492271,1.7719087715459685,0.7011518178392305,1.4250598044943392,-0.6437951630297895,-0.0293990820646286,0.8940636515617371,0.2928053140640259,0.20613451302051544,-0.966791570186615,-0.1508479118347168,0.00821835920214653
49.47964900561693,1.3254721793179873,-1.1740507941929368,1.7795448004180037,0.6921422280807302,1.4216696472470476,-0.5942916741558149,-0.02924845740199089,0.8914263844490051,0.2924193739891052,0.1814940869808197,-0.9711734056472778,-0.1540675163269043,0.012051395140588284
49.64466041248413,1.3234068375746506,-1.1788879076304455,1.7871812518340302,0.6831322453765025,1.4182795209810297,-0.544788252095655,-0.02911115624010563,0.8887800574302673,0.29203301668167114,0.15677280724048615,-0.9749142527580261,-0.15718524158000946,0.016040237620472908
49.809672034347976,1.3213412474063584,-1.183725328028811,1.7948182984438812,0.6741218523063024,1.4148895195074862,-0.49528476553650075,-0.028987422585487366,0.8861246705055237,0.2916465997695923,0.13198764622211456,-0.9780129194259644,-0.16019517183303833,0.020182183012366295
49.97468328564402,1.3192754438709706,-1.1885630839296721,1.8024556700868446,0.6651110357926797,1.4114994641097736,-0.4457813901476882,-0.02887716144323349,0.883460283279419,0.2912600040435791,0.10715562850236893,-0.9804689884185791,-0.16309207677841187,0.02447422966361046
50.139694633487316,1.3172094048220149,-1.1934010595337425,1.8100936559933947,0.656099734647899,1.4081093369702349,-0.3962779857946984,-0.02878040261566639,0.8807867765426636,0.2908729910850525,0.08229360729455948,-0.9822823405265808,-0.16587042808532715,0.028913207352161407
50.304705789412644,1.3151431692523963,-1.198239456949686,1.8177324854160302,0.6470876877975598,1.4047188596363203,-0.3467746390170998,-0.028697580099105835,0.8781042098999023,0.2904854416847229,0.05741870030760765,-0.9834533333778381,-0.168524831533432,0.033495839685201645
50.46971719166529,1.3130760040034537,-1.2030786995027116,1.8253727006886682,0.6380739812678494,1.4013278780885017,-0.2972712183413063,-0.028628017753362656,0.8754124045372009,0.29009759426116943,0.032547347247600555,-0.9839825630187988,-0.17105060815811157,0.03821854293346405
50.634728267935884,1.3110078573226929,-1.2079190015792847,1.8330150842666626,0.6290580034255981,1.397936463356018,-0.24776789546012878,-0.02857181429862976,0.8727108836174011,0.2897089123725891,0.007696449290961027,-0.983871340751648,-0.17344245314598083,0.043077535927295685
50.742071165561846,1.3157038097578484,-1.2164542903052704,1.8479429132649383,0.614495528768908,1.4301393326438059,-0.2422321933263306,-0.02521830052137375,0.863919198513031,0.28662967681884766,0.0050322189927101135,-0.9844542145729065,-0.1733989119529724,0.027517428621649742
50.94008085024374,1.32039177298213,-1.2249750125587744,1.8628452880365796,0.5999580609489309,1.4622871534077524,-0.23670598941590063,-0.02177657186985016,0.8550684452056885,0.2838299870491028,0.0022416296415030956,-0.9847608208656311,-0.17348501086235046,0.011995507404208183
51.18662212048171,1.3216796356922778,-1.2318437135809357,1.8769361802498716,0.5866381462579662,1.4864069131905173,-0.22038013383658536,-0.017606904730200768,0.8470041751861572,0.2806274890899658,-0.007032899651676416,-0.9847869873046875,-0.17361916601657867,0.001227589207701385
51.44018951274763,1.3111985636329777,-1.2330577059346985,1.888358476349003,0.5774017880891583,1.4829532007117234,-0.1664652047201043,-0.011209874413907528,0.8417583107948303,0.27518773078918457,-0.038462549448013306,-0.9840711951255798,-0.1734318733215332,0.006766911596059799
51.638209460604294,1.3006589070038819,-1.234278483970248,1.8998446180451558,0.5681138027521808,1.4794801835035445,-0.11224891493078314,-0.004905890207737684,0.8363823890686035,0.26976656913757324,-0.07003042101860046,-0.9823369383811951,-0.17308305203914642,0.012328967452049255
51.83622393228422,1.2900592299249836,-1.2355062140014257,1.9113961701636173,0.55877292488964,1.4759873884162238,-0.057723878261531185,0.001301874639466405,0.8308768272399902,0.264365017414093,-0.10170712321996689,-0.979568362236023,-0.1725703626871109,0.017909884452819824
52.034245519268616,1.2793973745668346,-1.2367411459633935,1.9230154843118135,0.5493772529321604,1.4724741044039398,-0.0028789947770483243,0.00741034559905529,0.8252415657043457,0.25898340344429016,-0.133464053273201,-0.9757499694824219,-0.17189128696918488,0.02350621484220028
52.23227211676846,1.2686718421260634,-1.2379834534582241,1.9347041938890577,0.5399254660716523,1.4689398375824907,0.05229344540931564,0.013416167348623276,0.8194773197174072,0.253622442483902,-0.16526982188224792,-0.970866858959198,-0.17104333639144897,0.02911381609737873
52.4303041718186,1.257881388942738,-1.2392332805354618,1.9464636542387646,0.5304164683430741,1.465384178142288,0.1077998397191891,0.0193158071488142,0.8135843873023987,0.2482830286026001,-0.19709089398384094,-0.9649046659469604,-0.17002397775650024,0.0347282849252224
52.62832529314171,1.247024640659841,-1.2404907863829164,1.958295363138328,0.520849048605658,1.4618066732065698,0.16364725788367887,0.025105537846684456,0.8075641393661499,0.2429663985967636,-0.2288929969072342,-0.9578498601913452,-0.16883115470409393,0.040345169603824615
52.880213111231,1.235537571334189,-1.2414256096560976,1.9680380398907753,0.5131611572391335,1.4580381629617232,0.23031429673051798,0.03155450522899628,0.8024736046791077,0.23858954012393951,-0.2658669054508209,-0.9482441544532776,-0.1671835482120514,0.04687518998980522
53.311220607084536,1.2214793575546132,-1.2408723997429065,1.9680542377442372,0.5141971376930243,1.4534977711056916,0.34440511855321854,0.041442930698394775,0.8020280599594116,0.23835992813110352,-0.3257315456867218,-0.9293887615203857,-0.16382454335689545,0.05742020905017853
53.69151851788361,1.207421322268705,-1.240319196853685,1.9680704353920389,0.5152331049933273,1.448957436897894,0.4584944917929403,0.051325492560863495,0.8014614582061768,0.23813700675964355,-0.3842742443084717,-0.9067515730857849,-0.15983064472675323,0.0677410215139389
54.07181067048102,1.1933634998396119,-1.23976600234067,1.9680866327945872,0.5162690566077471,1.4444171714366214,0.5725821375721641,0.0612003393471241,0.800773561000824,0.2379205822944641,-0.4412558078765869,-0.8804250955581665,-0.1552160233259201,0.0778006762266159
54.840784588281586,1.1814007975142975,-1.2392240309458928,1.9676026511964504,0.517596647333736,1.4405613026323725,0.6761864493602852,0.0696970745921135,0.8003314137458801,0.2379545420408249,-0.4911293089389801,-0.8535999655723572,-0.15052209794521332,0.0866144523024559
55.2816094139149,1.1953848696754366,-1.2388215642794391,1.960927847602317,0.5225327945678571,1.4451812099440848,0.6499141254927588,0.0611707903444767,0.8043174147605896,0.24102045595645905,-0.47415682673454285,-0.8631822466850281,-0.15203897655010223,0.08352102339267731
55.47966609313391,1.2092934152033947,-1.238421271296869,1.954289093982526,0.5274422821439626,1.4497761655792865,0.6237836959278861,0.052585698664188385,0.8081786036491394,0.244095116853714,-0.45709067583084106,-0.8723717331886292,-0.15351495146751404,0.08042923361063004
55.677690306447964,1.2231203790193517,-1.2380233262655462,1.9476892805153747,0.5323229727189223,1.4543441691261816,0.5978065365360113,0.04394866153597832,0.8119122982025146,0.24717652797698975,-0.4399482011795044,-0.8811665773391724,-0.15494950115680695,0.07734090834856033
55.875682873420935,1.2368674847338226,-1.2376276795793355,1.9411275844961795,0.5371754746988697,1.458885790012668,0.5719794091149042,0.03526189178228378,0.8155187368392944,0.25026461482048035,-0.4227374494075775,-0.8895705938339233,-0.1563434600830078,0.07425623387098312
56.07374365045927,1.2505433689739165,-1.2372340826729769,1.9345998835356253,0.5420028366709777,1.4634038815146924,0.5462860877568374,0.026523035019636154,0.8189995884895325,0.253360778093338,-0.4054569602012634,-0.8975913524627686,-0.15769806504249573,0.07117380201816559
56.27176916762493,1.2641425813157459,-1.2368426924116465,1.9281087792013045,0.546803134725352,1.4678966429798495,0.5207368123475854,0.01773868501186371,0.8223530650138855,0.2564631402492523,-0.3881230056285858,-0.9052282571792603,-0.1590130776166916,0.06809534132480621
56.46975771128438,1.2776668238734168,-1.236453459807883,1.9216534590490861,0.5515769696802476,1.4723646367342857,0.4953283850709079,0.00891102571040392,0.8255792856216431,0.2595716118812561,-0.3707428276538849,-0.9124853014945984,-0.16028913855552673,0.06502102315425873
56.66780915647052,1.2911240955063088,-1.2360661546516136,1.9152301051055851,0.5563271650013296,1.476810505355106,0.4700457782137211,3.758004822884686e-05,0.8286799192428589,0.2626875340938568,-0.35331475734710693,-0.9193692207336426,-0.1615273654460907,0.06194949150085449
56.86585601954959,1.3045116014836404,-1.2356808573762035,1.9088400513369628,0.5610527341946453,1.481233325549222,0.4448942423261772,-0.008876586332917213,0.8316538333892822,0.2658100128173828,-0.3358512222766876,-0.9258813858032227,-0.16272804141044617,0.05888178199529648
57.063836777352314,1.3178263443770388,-1.2352976542487277,1.9024847284599262,0.5657526192173301,1.4856321070584966,0.419879408772879,-0.01782689057290554,0.8345000743865967,0.2689376175403595,-0.31836453080177307,-0.9320235848426819,-0.16389100253582,0.055819179862737656
57.26186736091278,1.3310779207100065,-1.234916269077761,1.896159555912474,0.5704302074841797,1.4900100202791189,0.39498324825802844,-0.026816468685865402,0.8372209072113037,0.27207207679748535,-0.3008504807949066,-0.9378029704093933,-0.16501761972904205,0.052759800106287
57.459949595623236,1.3442674908215901,-1.234536668468325,1.8898639798476906,0.5750859085757732,1.4943674485514198,0.37020358081552734,-0.03584354370832443,0.839816153049469,0.27521342039108276,-0.2833154797554016,-0.9432231187820435,-0.16610835492610931,0.049703873693943024
57.657927149676304,1.3573861441271953,-1.2341591088702746,1.883602253418834,0.5797165772024561,1.4987014480923266,0.3455571470457966,-0.0448991134762764,0.8422839045524597,0.27835899591445923,-0.2657792866230011,-0.948283314704895,-0.16716276109218597,0.04665390029549599
57.864130633740324,1.371791176063913,-1.2368031785632183,1.8799470853780884,0.5770860627702066,1.507702221303331,0.2882646071564689,-0.053709886968135834,0.8445843458175659,0.2821589410305023,-0.2320791482925415,-0.9564486145973206,-0.17274099588394165,0.03880396485328674
58.21192584732311,1.3879411317852037,-1.2437237232103266,1.8800147737928339,0.5641576673436157,1.5232798021110923,0.1849321249135734,-0.06209912151098251,0.8467020392417908,0.28697192668914795,-0.17538198828697205,-0.9668587446212769,-0.1840410828590393,0.02354104071855545
58.55370178418692,1.4038625251289236,-1.250546324793941,1.880081504246748,0.5514122411367475,1.5386369210818263,0.08306205645244534,-0.0704551488161087,0.8486979007720947,0.29189401865005493,-0.11920579522848129,-0.9736704230308533,-0.1941584348678589,0.007641407195478678
58.88964216803594,1.4195627552739487,-1.2572741539944434,1.8801473077515993,0.5388438609438672,1.5537807151581255,-0.01739294049416611,-0.07877884805202484,0.8505687713623047,0.29691895842552185,0.06374990195035934,0.9770430326461792,0.20308910310268402,0.008803725242614746
59.553196531238655,1.4350499595985966,-1.2639106978238681,1.880212218413131,0.5264460126143206,1.5687190333192995,-0.11648493142507754,-0.08707120269536972,0.8523121476173401,0.30204102396965027,0.0091902120038867,0.9771403074264526,0.21083489060401917,0.02570837177336216
59.79487579551148,1.4285024328234595,-1.2590899828007491,1.8732617528712352,0.5368987808019298,1.5670478416455689,-0.14758284615511286,-0.08168409764766693,0.8549807071685791,0.30224236845970154,-0.002976899966597557,0.9780532717704773,0.20640581846237183,0.028274834156036377
60.01357328343145,1.4155955089711945,-1.2509610609220456,1.8642812633691188,0.5539504300258534,1.5605865908556948,-0.15911334148932882,-0.07228075712919235,0.8578355312347412,0.3010369539260864,-0.0029395557940006256,0.9796981811523438,0.19870726764202118,0.02642420493066311
60.21159535470358,1.402710875997395,-1.242846178082522,1.8553162836044383,0.5709726302311855,1.554136498956796,-0.17062392310335223,-0.06283572316169739,0.8605709075927734,0.2998789846897125,-0.002848714357241988,0.9812662601470947,0.1910858303308487,0.024381551891565323
60.40962107676021,1.3898493667340526,-1.23474585880888,1.8463673930521358,0.587964281143442,1.5476979828674522,-0.18211384698059915,-0.05335121229290962,0.8631874918937683,0.2987685799598694,-0.002704661339521408,0.9827576875686646,0.18354621529579163,0.022149931639432907
60.607651883838095,1.3770118848670165,-1.2266606722523563,1.8374352204864557,0.6049241888813933,1.5412714949759299,-0.19358230580667052,-0.04382927715778351,0.8656861782073975,0.29770565032958984,-0.0025077483151108027,0.984172523021698,0.17609277367591858,0.019732529297471046
60.805689359185614,1.36419927916806,-1.2185911529787012,1.8285203564730568,0.6218512321121251,1.534857460180319,-0.2050285413250619,-0.034271981567144394,0.8680682182312012,0.2966902256011963,-0.0022583401296287775,0.9855108261108398,0.16872985661029816,0.01713278703391552
61.00373581248275,1.3514122187447977,-1.2105377223992126,1.8196232665693395,0.6387445268613864,1.5284562134382096,-0.21645195578356502,-0.024681225419044495,0.8703345060348511,0.2957220673561096,-0.001956809079274535,0.9867726564407349,0.1614615023136139,0.014353957958519459
61.20176963704578,1.3386530004639106,-1.2025018271056604,1.8107455489087825,0.655601038683061,1.5220689045690177,-0.22785049725944054,-0.015060010366141796,0.8724857568740845,0.2948012948036194,-0.0016036320012062788,0.9879581332206726,0.15429262816905975,0.011400011368095875
61.399769375202574,1.325924131689088,-1.1944850462631325,1.8018889480862672,0.6724174550383452,1.5156967887676918,-0.23922192578089935,-0.005411409307271242,0.8745231628417969,0.2939276695251465,-0.0011992971412837505,0.9890671968460083,0.14722807705402374,0.008275126107037067
61.59777237298838,1.3132240991146236,-1.1864864267751363,1.7930524111610495,0.6891957751920017,1.5093391084681538,-0.25056759327072126,0.004264568444341421,0.8764479756355286,0.29310092329978943,-0.0007440932095050812,0.9901004433631897,0.14027024805545807,0.004982491489499807
61.868218731666,1.3005536215045892,-1.178506421327149,1.784236438240922,0.7059350495674349,1.5029962234861873,-0.26188685761573816,0.013966165482997894,0.8782614469528198,0.29232048988342285,-0.00023863841488491744,0.9910579919815063,0.13342268764972687,0.0015259345527738333
62.12008576940548,1.2853228752464643,-1.1803620327209807,1.790393104135984,0.7011102188802693,1.4898578045547617,-0.2751391744528013,0.022734902799129486,0.8759927153587341,0.2905954122543335,0.0001183486747322604,-0.9907861948013306,-0.13540694117546082,0.0027653316501528025
62.31806850161206,1.2680473751766912,-1.1896067302097868,1.8078254970257384,0.6800789574094916,1.4715166423849033,-0.2899497406637023,0.030697667971253395,0.8706181049346924,0.2882077693939209,0.00040711622568778694,-0.989534854888916,-0.14410336315631866,0.007399566005915403
62.51602389018785,1.2505529389935297,-1.1989685877303995,1.8254788143652008,0.658781162256478,1.4529430387375606,-0.30494800435312497,0.03856027498841286,0.8650680184364319,0.28589653968811035,0.0008215681300498545,-0.9881452322006226,-0.15306559205055237,0.01179276779294014
62.713939697554224,1.2328359458109417,-1.2084495429399593,1.8433567099246104,0.6372124253403785,1.434133149367545,-0.32013706976535705,0.0463143065571785,0.8593391180038452,0.28366464376449585,0.001366516575217247,-0.986613392829895,-0.16229121387004852,0.015929821878671646
62.9120403165723,1.2148716904229624,-1.2180628164199034,1.8614841132779336,0.6153426704466566,1.4150607450955452,-0.3355381170738934,0.05395970493555069,0.8534212708473206,0.2815113663673401,0.0020477718207985163,-0.9849327802658081,-0.17178796231746674,0.019799547269940376
63.11015315454256,1.1966708136913888,-1.2278027138894332,1.8798502869250822,0.5931848518021547,1.395737123179009,-0.35114202369544895,0.06148039922118187,0.8473159074783325,0.279441237449646,0.002870157826691866,-0.9831004738807678,-0.1815447360277176,0.023382030427455902
63.308215924611204,1.1782347325585956,-1.2376684770953255,1.8984538010552794,0.5707406943980711,1.3761637879662776,-0.36694757486236035,0.06886379420757294,0.8410216569900513,0.27745628356933594,0.003838797565549612,-0.9811124801635742,-0.1915537267923355,0.026659896597266197
63.58740279591667,1.159560064597801,-1.2476619160872024,1.9172980688138657,0.5480060804547896,1.3563371483810949,-0.38295767038392936,0.07609894126653671,0.8345361351966858,0.2755585014820099,0.004959051497280598,-0.9789643287658691,-0.2018091231584549,0.029616322368383408
63.82547132013505,1.1436829572119542,-1.2381893490739477,1.9217467370258408,0.5553184876978476,1.3249033630967635,-0.3718345454918205,0.07853764295578003,0.8313068747520447,0.26814961433410645,-0.006798637565225363,-0.979001522064209,-0.19808611273765564,0.04766223207116127
64.02346466941898,1.1281094572069819,-1.2194109766149153,1.920000409151433,0.5765566771147659,1.2863743949723108,-0.3478650355729547,0.07905206084251404,0.8294106721878052,0.2584468722343445,-0.025698097422719002,-0.9791364669799805,-0.18764269351959229,0.07363048940896988
64.2373277582687,1.111114627601962,-1.198918778965128,1.9180947010799925,0.599733189147669,1.244329045633803,-0.32170792659572456,0.07967294752597809,0.8274408578872681,0.24875855445861816,-0.04711271449923515,-0.9779704213142395,-0.17600007355213165,0.10187291353940964
64.47768250639801,1.0922659748778654,-1.1761912597118431,1.915981115332626,0.6254378320783051,1.197697322529573,-0.2926975584521962,0.08050471544265747,0.8254508972167969,0.23910216987133026,-0.07174410670995712,-0.9750131368637085,-0.16281159222126007,0.1330205500125885
64.75555833332058,1.0707784722619405,-1.1502818413275726,1.9135716232622746,0.6547411775374392,1.144537062915567,-0.2596256794963021,0.081743985414505,0.8235284090042114,0.2294638305902481,-0.10082782804965973,-0.9694282412528992,-0.14745977520942688,0.16822052001953125
65.08751801592726,1.045496560722718,-1.1197971621476674,1.9107366467428566,0.689219106450037,1.0819894041677627,-0.22071374388685033,0.08377644419670105,0.8218721151351929,0.2199271321296692,-0.13620994985103607,-0.9597299098968506,-0.12902449071407318,0.20908814668655396
65.49815023971458,1.0147429157809662,-1.082714720884967,1.9072880996992074,0.7311590516341656,1.0059046316186786,-0.17338014532280047,0.08740460127592087,0.8209294080734253,0.21079832315444946,-0.18056999146938324,-0.9432231187820435,-0.10616477578878403,0.2577860355377197
66.20367087923255,0.9792131185531616,-1.0398732423782349,1.9033039808273315,0.7796124219894409,0.9180036187171936,-0.118695467710495,0.09370288252830505,0.8215279579162598,0.20329678058624268,-0.23299245536327362,-0.9175367951393127,-0.07934360206127167,0.3123226463794708
66.36774658141907,0.978723633107896,-1.0345756941219038,1.8967094108505196,0.7303897113334842,0.8782578823842129,-0.10767220486061019,0.09556637704372406,0.840103268623352,0.20030489563941956,-0.22916965186595917,-0.9122522473335266,-0.10672933608293533,0.32231318950653076
66.5318226809699,0.9782343224405688,-1.0292795952973401,1.8901165158089508,0.6811668814682379,0.8385226885311324,-0.0966521247709721,0.09750476479530334,0.8582241535186768,0.19823753833770752,-0.22413472831249237,-0.9063318967819214,-0.13358452916145325,0.3323870301246643
66.69589878052072,0.9777450624253737,-1.0239843379767604,1.8835243394848558,0.6319440516029916,0.7987929471640905,-0.08563368560351921,0.09948279708623886,0.8758158683776855,0.19704478979110718,-0.21789677441120148,-0.8998066782951355,-0.1598559319972992,0.34251275658607483
66.85997488007155,0.9772559034379363,-1.0186892858603631,1.876932563732311,0.5827212217377453,0.7590656908283696,-0.07461595147348492,0.10146725922822952,0.8928080201148987,0.19666925072669983,-0.2104671746492386,-0.8927088975906372,-0.1854913979768753,0.35265737771987915
67.02405097962237,0.9767667131214466,-1.0133943206795157,1.8703408868286704,0.533498391872499,0.719340039087715,-0.0635986334589433,0.10342929512262344,0.9091356992721558,0.1970469355583191,-0.20185992121696472,-0.8850725293159485,-0.21044063568115234,0.36278635263442993
67.1881270791732,0.9762776004877761,-1.008099531411996,1.8637492684651202,0.48427556200725275,0.6796154600456276,-0.05258161473569693,0.10534246265888214,0.9247400164604187,0.19810813665390015,-0.19209161400794983,-0.8769320249557495,-0.23465491831302643,0.3728644549846649
67.35220317872403,0.9757885221639282,-1.0028048067108075,1.8571575453695568,0.43505273214200646,0.6398915554771107,-0.04156477034839952,0.10718437284231186,0.9395679235458374,0.19977763295173645,-0.18118184804916382,-0.8683232069015503,-0.25808730721473694,0.3828560709953308
67.51627927827485,0.9752994274211397,-0.9975101315545126,1.850565769563275,0.3858299022767602,0.6001680858322768,-0.030548036011685785,0.10893625020980835,0.9535735845565796,0.20197585225105286,-0.16915281116962433,-0.8592818975448608,-0.2806932032108307,0.3927253782749176
67.68035537782568,0.974810383338291,-0.9922154973853597,1.8439739537069018,0.3366070724115139,0.5604449019878575,-0.01953135831007971,0.11058348417282104,0.9667179584503174,0.20461952686309814,-0.15602943301200867,-0.8498448729515076,-0.3024297058582306,0.40243595838546753
67.8444314773765,0.9743213227280427,-0.9869208267814636,1.8373820621341335,0.2873842425462676,0.5207219311544649,-0.008514709988386965,0.11211536079645157,0.978969931602478,0.20762217044830322,-0.14183931052684784,-0.8400492668151855,-0.32325631380081177,0.41195163130760193
68.00850755324852,0.9738322932200315,-0.9816261080983644,1.8307900885890682,0.2381614197846608,0.48099911641627907,0.002501936072833856,0.11352581530809402,0.9903051257133484,0.210895374417305,-0.12661272287368774,-0.829932451248169,-0.3431348204612732,0.4212358593940735
68.17258364794746,0.9733433043256833,-0.9763313772052017,1.8241981242178567,0.1889385913749796,0.441276382028269,0.01351860207393251,0.11481277644634247,1.0007071495056152,0.21434956789016724,-0.1103825643658638,-0.8195322751998901,-0.3620293140411377,0.4302525818347931
68.336659811359,0.9728543050909502,-0.9710366336128031,1.8176060658300952,0.1397157423515205,0.4015536452982754,0.024535302748213507,0.11597906053066254,1.0101677179336548,0.21789464354515076,-0.09318401664495468,-0.8088863492012024,-0.37990647554397583,0.43896540999412537
68.5007359883397,0.9723652957806507,-0.9657418742661075,1.8110139210459237,0.0904928892573117,0.36183086900602296,0.035552049345511726,0.11703142523765564,1.0186855792999268,0.22144067287445068,-0.07505477219820023,-0.7980324625968933,-0.39673519134521484,0.44733867049217224
68.66481211613568,0.9718763242631921,-0.9604471509875904,1.804421740782451,0.041270050918517896,0.322108021687814,0.04656884286728388,0.11798137426376343,1.026267170906067,0.22489915788173676,-0.05603510141372681,-0.7870085835456848,-0.41248735785484314,0.45533695816993713
68.82888818165264,0.971387377043208,-0.9551523905946903,1.7978293212297298,-0.007952768736570146,0.28238508853997846,0.05758568366593962,0.11884454637765884,1.0329270362854004,0.22818371653556824,-0.03616709262132645,-0.7758519053459167,-0.4271370470523834,0.46292513608932495
68.99296434423599,0.9708982884878689,-0.9498576583858679,1.7912369652593991,-0.057175617511574316,0.24266202116265156,0.06860258753955292,0.11964058876037598,1.038685917854309,0.2312103807926178,-0.01549567375332117,-0.7645998001098633,-0.44066113233566284,0.470069020986557
69.15704044762997,0.9704093737009111,-0.9445628940007458,1.7846446982438646,-0.10639844852976688,0.20293881617183945,0.0796195422751492,0.12039314955472946,1.0435723066329956,0.2338988035917282,0.005932709202170372,-0.7532889246940613,-0.4530390799045563,0.47673484683036804
69.32111649540505,0.9699203969650027,-0.9392681004690906,1.7780522857795962,-0.15562126286229225,0.16321546060798245,0.09063655786816101,0.12113010138273239,1.047621250152588,0.23617345094680786,0.028069352731108665,-0.7419558167457581,-0.46425339579582214,0.48288965225219727
69.48519260028671,0.9694314393563708,-0.9339732386120975,1.7714597400695022,-0.20484409432678904,0.12349191497357459,0.10165364924004985,0.1218826174736023,1.050873875617981,0.23796354234218597,0.05086380988359451,-0.7306361198425293,-0.4742891490459442,0.48850134015083313
69.64926865674953,0.9689425025855445,-0.9286783492226589,1.764867253730154,-0.2540669112656334,0.08376817930683758,0.112670826666526,0.12268465012311935,1.0533769130706787,0.2392035871744156,0.07426352053880692,-0.7193648219108582,-0.4831339716911316,0.4935389459133148
69.81334467198637,0.9684535449853326,-0.9233834504611488,1.7582748420949272,-0.30328971583668785,0.04404423511928348,0.12368809197420651,0.12357384711503983,1.0551830530166626,0.23983502388000488,0.09821468591690063,-0.7081762552261353,-0.4907786548137665,0.4979723393917084
69.9774207715372,0.9679645444144857,-0.9180885026855378,1.751682351028301,-0.35251254570193424,0.00432002991450108,0.13470544680967148,0.12458999454975128,1.0563493967056274,0.23980563879013062,0.12266162782907486,-0.69710373878479,-0.4972166419029236,0.5017728805541992
70.14149687634755,0.9674755360245045,-0.9127934741519982,1.7450898254076763,-0.4017353771450402,-0.03540448214370267,0.14572290733291096,0.12577535212039948,1.0569376945495605,0.23907077312469482,0.14754758775234222,-0.6861797571182251,-0.5024442672729492,0.5049127340316772
70.30557306359646,0.9669866016658918,-0.9074984918475599,1.7384975253447794,-0.45095823331971163,-0.07512932338323067,0.15674047903017183,0.127173513174057,1.0570127964019775,0.2375933825969696,0.17281408607959747,-0.6754357218742371,-0.5064601898193359,0.5073656439781189
70.46964908735683,0.9664976098480517,-0.9022033978128522,1.7319050240858298,-0.5001810404478225,-0.1148545054362487,0.16775816216339187,0.12883040308952332,1.0566433668136597,0.23534460365772247,0.19840167462825775,-0.6649019718170166,-0.5092664361000061,0.5091067552566528
70.63372516974049,0.9660085755227892,-0.8969082203002755,1.7253125470491997,-0.5494038651629194,-0.15458002363090567,0.17877596192329526,0.130792036652565,1.055899977684021,0.23230372369289398,0.22425004839897156,-0.6546077132225037,-0.5108675360679626,0.5101127028465271
70.79780114144071,0.9655195794679302,-0.8916129821596238,1.718720139839677,-0.598626656672987,-0.19430592625255624,0.18979390269221197,0.13310536742210388,1.0548548698425293,0.22845889627933502,0.25029775500297546,-0.6445807218551636,-0.5112708210945129,0.5103615522384644
70.96187717015998,0.9650305212089877,-0.8863176535932635,1.7121276053327288,-0.647849465288767,-0.2340322496222163,0.2008120021275279,0.1358177363872528,1.0535823106765747,0.22380663454532623,0.27648261189460754,-0.6348475813865662,-0.5104861855506897,0.5098330974578857
71.12595337350989,0.9645414026823953,-0.8810221725160432,1.7055349657155836,-0.6970723262937407,-0.2737591371977667,0.21183029884171126,0.13897553086280823,1.0521557331085205,0.2183525711297989,0.3027419149875641,-0.6254333853721619,-0.5085262656211853,0.5085088610649109
71.29002966612545,0.9640523270665351,-0.8757265848027347,1.6989422768542164,-0.7462952140784092,-0.3134865858876128,0.22284877992664193,0.14262428879737854,1.0506490468978882,0.21211065351963043,0.3290124833583832,-0.6163620352745056,-0.5054064393043518,0.5063721537590027
71.4541057680942,0.9635632161746076,-0.8704309068549896,1.6923494411656759,-0.7955180446690338,-0.353214600818494,0.2338674647416731,0.14680880308151245,1.0491348505020142,0.20510420203208923,0.3552306890487671,-0.6076557040214539,-0.5011444091796875,0.5034082531929016
71.6181817670454,0.9630740226853435,-0.865135063896622,1.6857564728365653,-0.8447408443543969,-0.39294325307775857,0.2448863774907461,0.1515713781118393,1.0476844310760498,0.1973642110824585,0.381332665681839,-0.599335253238678,-0.49576058983802795,0.4996039867401123
71.78225774686811,0.9625848427786778,-0.8598390864835251,1.6791634666562252,-0.8939636383012103,-0.4326726551442111,0.2559055590539142,0.1569526493549347,1.0463660955429077,0.18893024325370789,0.4072546064853668,-0.5914196372032166,-0.48927757143974304,0.49494829773902893
71.94633362237838,0.9620956886268424,-0.8545429176027247,1.6725701070180274,-0.9431864009542904,-0.4724028898168484,0.2669250254243811,0.16299034655094147,1.0452462434768677,0.17984966933727264,0.4329330325126648,-0.5839263796806335,-0.4817207455635071,0.4894322454929352
72.11040966833356,0.9616065219725984,-0.8492465077252206,1.6659763335214726,-0.9924092147408463,-0.5121342858348503,0.27794488185244853,0.1697191447019577,1.0443875789642334,0.1701776534318924,0.4583045542240143,-0.5768715143203735,-0.4731174409389496,0.48304879665374756
72.27448576788439,0.9611173502400009,-0.8439498610297589,1.6593820578534513,-1.0416320446060925,-0.5518672124459787,0.28896527486734586,0.17717011272907257,1.0438474416732788,0.15997616946697235,0.48330599069595337,-0.5702690482139587,-0.463497132062912,0.4757929742336273
72.43856186743521,0.960628066552688,-0.8386529284461133,1.6527870075528694,-1.0908548744713389,-0.5916021378433023,0.2999862809837601,0.1853710263967514,1.0436803102493286,0.14931365847587585,0.5078751444816589,-0.5641314387321472,-0.45289167761802673,0.4676620066165924
72.60263796698604,0.9601387890528243,-0.8333555126214016,1.6461914427210604,-1.1400777043365853,-0.6313396995303706,0.31100818871514935,0.19434472918510437,1.0439339876174927,0.13826435804367065,0.5319497585296631,-0.5584696531295776,-0.44133439660072327,0.4586555063724518
72.76671406653686,0.9596494798645657,-0.8280571358619186,1.639594527918331,-1.1893005342018315,-0.6710832444266895,0.3220319477698237,0.20411020517349243,1.0446510314941406,0.12690770626068115,0.5554700493812561,-0.5532923340797424,-0.42886021733283997,0.4487754702568054
72.93078937135908,0.9591600894927979,-0.8227571249008179,1.6329952478408813,-1.2385231256484985,-0.7108376026153564,0.33305904269218445,0.21468225121498108,1.0458678007125854,0.11532745510339737,0.5783764123916626,-0.5486068725585938,-0.415504515171051,0.4380263686180115
72.98078937135908,0.9516356533781223,-0.8155350624608924,1.6325765847721365,-1.2266000478515249,-0.714061159968848,0.31848021123019843,0.220783993601799,1.0406783819198608,0.10946694016456604,0.575557291507721,-0.5469254851341248,-0.4181308448314667,0.4413308799266815
73.17909357749197,0.9440602145544412,-0.8082641028977446,1.6321552039066458,-1.2145961521356987,-0.7173065674856152,0.3038025604165211,0.22684893012046814,1.0354013442993164,0.10366342216730118,0.5726657509803772,-0.5451861023902893,-0.42087841033935547,0.4446203112602234
73.37722204305503,0.9364322188419988,-0.8009426988624226,1.6317308995844697,-1.2025089757774536,-0.7205744909946323,0.289023078979028,0.23287731409072876,1.0300368070602417,0.0979173332452774,0.5697001814842224,-0.5433881282806396,-0.4237494170665741,0.4478921890258789
73.5752234017131,0.9287488823083428,-0.7935681783169419,1.6313035169504384,-1.190334107410582,-0.7238661231654618,0.2741363729610954,0.23887069523334503,1.024584412574768,0.09222856163978577,0.5666576623916626,-0.5415303707122803,-0.426746666431427,0.45114409923553467
73.77369200490686,0.9209856417202407,-0.7861169652969614,1.6308716896841684,-1.17803262460471,-0.7271919871775028,0.2590948503263231,0.24484680593013763,1.0190287828445435,0.08658094704151154,0.5635271072387695,-0.5396064519882202,-0.4298819303512573,0.45438268780708313
73.97200515173647,0.9131655946280764,-0.7786112289940962,1.6304367025779993,-1.1656411272971552,-0.7305421877672095,0.24394326330452656,0.2507867217063904,1.013387680053711,0.08099385350942612,0.5603155493736267,-0.5376214385032654,-0.4331478178501129,0.4575943648815155
74.17017675616118,0.9052872172696679,-0.7710495068906664,1.6299984708732471,-1.1531572009634576,-0.7339173777323081,0.22867865955858618,0.25669097900390625,1.0076619386672974,0.07546795159578323,0.5570211410522461,-0.5355744957923889,-0.4365467131137848,0.4607756733894348
74.36821598239514,0.8973489337020536,-0.7634302863855134,1.6295569069086917,-1.1405783483944925,-0.7373182322253877,0.21329798564948346,0.26255983114242554,1.0018525123596191,0.07000388950109482,0.5536415576934814,-0.5334650278091431,-0.440080851316452,0.46392345428466797
74.5665129428384,0.889334123863675,-0.7557376154264398,1.6291110861998133,-1.1278782337580542,-0.7407518714772316,0.197769039685587,0.26840484142303467,0.9959487318992615,0.06459228694438934,0.550167441368103,-0.5312880277633667,-0.4437594711780548,0.4670398533344269
74.76488036714765,0.8812487175765882,-0.7479771854984395,1.6286613385906787,-1.1150662533369495,-0.7442157550819939,0.18210331088350193,0.27422070503234863,0.9899570941925049,0.0592397078871727,0.5465999245643616,-0.5290446281433105,-0.44758185744285583,0.4701177179813385
74.96313713170859,0.8730991134350923,-0.7401551380174087,1.6282080200006301,-1.1021525462215318,-0.7477071418062596,0.16631319672078856,0.28000229597091675,0.9838842153549194,0.05395220220088959,0.5429397225379944,-0.526736319065094,-0.4515465497970581,0.4731501042842865
75.16129567899081,0.8648836779793614,-0.732269905177096,1.6277510395690944,-1.0891345240625494,-0.7512267314435223,0.15039553231769476,0.285750150680542,0.9777310490608215,0.04873035103082657,0.5391843318939209,-0.5243621468544006,-0.4556557536125183,0.4761327803134918
75.3593670731065,0.8566008123884037,-0.7243199524178474,1.6272903083622698,-1.0760096533987862,-0.7547752089475891,0.13434721990829868,0.29146507382392883,0.9714985489845276,0.04357513040304184,0.5353310108184814,-0.5219215750694275,-0.459911584854126,0.47906142473220825
75.55761318333718,0.848238426311665,-0.7162936753360069,1.6268251538590657,-1.062758776091606,-0.7583577539675183,0.11814483405840741,0.29715484380722046,0.9651796221733093,0.03848087042570114,0.5313721895217896,-0.5194105505943298,-0.46432188153266907,0.4819351136684418
75.75597444229099,0.8397975874751614,-0.708192098742528,1.6263556354513302,-1.049383584039266,-0.7619739090768666,0.10179044352073473,0.3028183579444885,0.9587774872779846,0.03345043957233429,0.5273061990737915,-0.5168290138244629,-0.4688875079154968,0.4847477078437805
75.95426289044592,0.8312854223399718,-0.700022062664971,1.6258821495457145,-1.0358953696959208,-0.7656206212154888,0.085297856037603,0.30845069885253906,0.9522996544837952,0.028489572927355766,0.523134171962738,-0.514178991317749,-0.4736059010028839,0.48749151825904846
76.15248152666065,0.8227004321953099,-0.6917821286301625,1.6254046127770092,-1.0222917582330744,-0.7692985324487973,0.06866416780975974,0.31405264139175415,0.9457473754882812,0.02359953708946705,0.5188535451889038,-0.5114597678184509,-0.47847896814346313,0.49016088247299194
76.35065188311312,0.8140411271086411,-0.683470866590357,1.6249229422682907,-1.0085703887320812,-0.7730082810814976,0.05188649204609141,0.31962519884109497,0.9391214847564697,0.018780522048473358,0.51446133852005,-0.5086707472801208,-0.48350831866264343,0.4927506148815155
76.54877187364075,0.8053060678545624,-0.6750868951668714,1.6244370579632008,-0.9947289806238477,-0.7767504836947607,0.034962040202145474,0.32516956329345703,0.9324239492416382,0.014033746905624866,0.5099548101425171,-0.505811333656311,-0.48869559168815613,0.4952549934387207
76.74688806437227,0.7964928521399913,-0.6666279086218772,1.6239468262351124,-0.9807637272806248,-0.7805261694593328,0.017886157759571465,0.33068767189979553,0.9256548285484314,0.009358862414956093,0.5053302645683289,-0.5028806924819946,-0.49404290318489075,0.4976683259010315
77.15418600798382,0.7875893967566806,-0.6580823094069547,1.6234515749602225,-0.9666554818813383,-0.7843405149644235,0.000635433122620422,0.3361870050430298,0.9188075661659241,0.004751482512801886,0.5005791783332825,-0.4998747408390045,-0.49955832958221436,0.4999872148036957
77.44896658323219,0.7910552357834473,-0.6589464262279279,1.6156258654135587,-0.9666387107216152,-0.7804564670474129,0.006975010249346318,0.33730533719062805,0.9254710078239441,0.00717376871034503,0.5019474625587463,-0.5015498399734497,-0.4980984330177307,0.49839168787002563
77.64775883964708,0.7967966937935135,-0.6615420933734163,1.6064528976370205,-0.9692153208424802,-0.7751565247493539,0.017654634496657613,0.3375324606895447,0.9346376657485962,0.011010004207491875,0.5044146776199341,-0.504052996635437,-0.4954073131084442,0.4960523247718811
77.84543062187245,0.8024662080506189,-0.6641052353248589,1.5973948723936293,-0.9717596445647183,-0.7699229937598387,0.028200436943440883,0.33765679597854614,0.9437056183815002,0.014939649030566216,0.506813108921051,-0.5064842104911804,-0.49281835556030273,0.493704617023468
78.04405611566713,0.8081238549326802,-0.6666630121311673,1.5883558073252806,-0.9742986425319665,-0.764700417549206,0.038724165013637256,0.3376803398132324,0.9527683258056641,0.019001297652721405,0.5091692805290222,-0.5088695883750916,-0.49030306935310364,0.49132588505744934
78.24192092380932,0.8137213355087627,-0.669193588232808,1.5794128682906,-0.9768106394983107,-0.7595333808808666,0.04913597838567201,0.337603360414505,0.9617456793785095,0.023157907649874687,0.5114640593528748,-0.5111891627311707,-0.4878821074962616,0.48893874883651733
78.44040517322233,0.8192983166997363,-0.6717148967267544,1.5705026805533615,-0.9793134368984384,-0.7543852672035221,0.05950966107210767,0.3374261260032654,0.9706987738609314,0.02743583731353283,0.5137146711349487,-0.5134599208831787,-0.48553717136383057,0.48652833700180054
78.63842504657319,0.8248249192582099,-0.6742134294447593,1.561672981356097,-0.9817936257391815,-0.749283658062976,0.06978963500647176,0.3371502161026001,0.9795771241188049,0.03180944547057152,0.5159098505973816,-0.5156699419021606,-0.4832797348499298,0.4841096103191376
78.83679228461793,0.8303243844921983,-0.6766996935958847,1.5528866387073965,-0.9842616360871446,-0.7442070993980484,0.08001913109564904,0.33677536249160767,0.9884154796600342,0.03629462793469429,0.5180599093437195,-0.5178291201591492,-0.481099396944046,0.481674462556839
79.0716994774891,0.835781339926085,-0.6791667394071229,1.544168212784001,-0.9867105691935804,-0.7391697815474305,0.0901695551632043,0.3363032937049866,0.9971868991851807,0.04087592661380768,0.5201595425605774,-0.5199317336082458,-0.4790011942386627,0.4792315661907196
79.33402037190709,0.8365736906795602,-0.6767682793663311,1.5407303367904592,-0.9814947170979309,-0.73921106582759,0.13094417148949933,0.33625906705856323,0.9982672929763794,0.040501706302165985,0.5082579255104065,-0.5302584767341614,-0.4688165485858917,0.49062293767929077
79.86904975339259,0.8319684102085414,-0.6687054692163531,1.5433758482153033,-0.9673403700343549,-0.745138636521614,0.20764370847285188,0.3367629647254944,0.9904616475105286,0.03441409394145012,0.4794327914714813,-0.5491063594818115,-0.4480835795402527,0.5175396800041199
80.15000107194845,0.8272941600871908,-0.6605219087233213,1.5460609793764626,-0.9529740444878633,-0.7511549797628598,0.2854919138770819,0.33722618222236633,0.9825642108917236,0.02844325080513954,0.4494112730026245,-0.5665894150733948,-0.42566171288490295,0.5438913702964783
80.43484802878405,0.822547992449847,-0.6522124368375826,1.5487874236805248,-0.9383866801821201,-0.7572638898223204,0.36453788350270705,0.3376512825489044,0.9745755791664124,0.02259213849902153,0.41823601722717285,-0.5826108455657959,-0.40152281522750854,0.5695810914039612
80.72374822955639,0.8177267681716008,-0.6437715576575654,1.5515569844032866,-0.9235686290047647,-0.7634694071455086,0.4448338985144828,0.33804085850715637,0.9664968848228455,0.016864292323589325,0.3859562873840332,-0.5970711708068848,-0.3756416440010071,0.5945057272911072
81.36984810304445,0.8128297583601622,-0.6351943742776472,1.55436719511191,-0.9085111583979928,-0.769772539537165,0.5264151995703888,0.3383979797363281,0.9583331942558289,0.011264484375715256,0.3526373505592346,-0.6098662614822388,-0.3480030298233032,0.6185498237609863
81.80692700833475,0.8183164295344187,-0.6305328697193526,1.5398466465703111,-0.8997919831228393,-0.7629848788727872,0.526064982136196,0.33874303102493286,0.9681993722915649,0.012159865349531174,0.35273417830467224,-0.6101544499397278,-0.34860551357269287,0.6178708076477051
82.00516721398031,0.8238077806147635,-0.625867389088341,1.5253137125947458,-0.8910653707478199,-0.7561914286115012,0.525714465980857,0.3389638066291809,0.9780638217926025,0.01310423482209444,0.3528323471546173,-0.6104376316070557,-0.3492128849029541,0.617191731929779
82.20339467913305,0.8293038159961652,-0.6211979286506242,1.5107683815538704,-0.8823313142886444,-0.7493921833162108,0.5253636508238382,0.3390602171421051,0.9879248142242432,0.014097640290856361,0.3529316484928131,-0.6107157468795776,-0.34982505440711975,0.6165127754211426
82.40160407662785,0.8348045330302937,-0.6165244906562369,1.4962106604565264,-0.8735898179539222,-0.7425871462632138,0.5250125368341841,0.3390316367149353,0.9977803230285645,0.015139533206820488,0.3530319631099701,-0.6109887361526489,-0.35044196248054504,0.6158339977264404
82.5998348759154,0.8403108873068232,-0.6118462632311888,1.481638020321878,-0.8648393631627876,-0.7357751352751498,0.5246610630160464,0.33887800574302673,1.007630467414856,0.016230259090662003,0.3531334400177002,-0.6112568378448486,-0.35106387734413147,0.6151552796363831
82.798079868559,0.8458228398064735,-0.6071632795264646,1.4670505644149718,-0.8560800119229562,-0.7289561986234807,0.5243092318600484,0.33859872817993164,1.0174731016159058,0.017369229346513748,0.3532359302043915,-0.6115196943283081,-0.3516906201839447,0.6144767999649048
82.99631640479362,0.851339489769901,-0.6024763048319189,1.4524506766074408,-0.8473131956813555,-0.7221314506539668,0.5239571008621864,0.3381935954093933,1.027305245399475,0.018556298688054085,0.3533395230770111,-0.6117774844169617,-0.35232219099998474,0.6137983798980713
83.19453595370447,0.8568607967398042,-0.5977853735202872,1.4378384639700739,-0.8385389787309411,-0.7153009414170715,0.5236046726048739,0.3376624286174774,1.0371246337890625,0.019791187718510628,0.3534438908100128,-0.6120300889015198,-0.3529585599899292,0.613120436668396
83.39273760259545,0.8623867034912109,-0.5930905342102051,1.423214077949524,-0.8297574520111084,-0.7084647417068481,0.5232519507408142,0.3370048403739929,1.0469293594360352,0.021073637530207634,0.35354918241500854,-0.612277626991272,-0.3535996973514557,0.6124428510665894
