time,ur20-shoulder_pan_joint,ur20-shoulder_lift_joint,ur20-elbow_joint,ur20-wrist_1_joint,ur20-wrist_2_joint,ur20-wrist_3_joint,target-POS_X,target-POS_Y,target-POS_Z,target-ROT_X,target-ROT_Y,target-ROT_Z,target-ROT_W
0.0,-1.6508987585650843,-2.4447319507598877,-1.2039849758148193,-2.5573627948760986,2.212894916534424,0.048164211213588715,0.11005285382270813,1.0691306591033936,0.2585955858230591,0.6811696887016296,-0.25855740904808044,-0.24183493852615356,0.640836775302887
0.1663194216933905,-1.6531287673544535,-2.4246737687764086,-1.221489245396639,-2.5273467256003608,2.208460187233909,0.09806003772160586,0.1130542978644371,1.063592791557312,0.2661002278327942,0.6855489015579224,-0.272022008895874,-0.2284732311964035,0.6354735493659973
0.33264043284397504,-1.655320229330423,-2.4048272801116863,-1.2387608595898476,-2.497468352925573,2.2041012296034332,0.1479563410667812,0.1159844622015953,1.0581494569778442,0.2734297513961792,0.689463198184967,-0.2858864367008209,-0.21540261805057526,0.6296913027763367
0.49896142123033493,-1.6575022525745242,-2.385033276497483,-1.2559758201477718,-2.4676175075172804,2.199760836154321,0.19785263758268917,0.11888125538825989,1.0527106523513794,0.28066205978393555,0.6929282546043396,-0.3001163601875305,-0.20264089107513428,0.6234719753265381
0.6652824303098754,-1.6596791668602953,-2.3652688718597106,-1.2731596730509942,-2.437784783096,2.1954302032195763,0.2477489403065513,0.12175023555755615,1.0472627878189087,0.2878125309944153,0.6959280371665955,-0.31469276547431946,-0.190205380320549,0.616826057434082
0.8316034370021581,-1.661853173601152,-2.345522347701551,-1.290325119874225,-2.407964808400549,2.191105605921676,0.2976452423142361,0.12459409236907959,1.0417990684509277,0.29489049315452576,0.6984462141990662,-0.32959699630737305,-0.17811359465122223,0.6097655892372131
0.997924402940507,-1.6640248071659565,-2.325789271428806,-1.307476575026222,-2.378154892452197,2.1867854014264667,0.3475415320957408,0.12741339206695557,1.0363171100616455,0.30190184712409973,0.700466513633728,-0.344809889793396,-0.1663828343153,0.6023034453392029
1.1642454140910916,-1.6661954641967547,-2.306063289838886,-1.324620927736179,-2.348349961960897,2.1824675156579674,0.39743783544091615,0.13020969927310944,1.0308130979537964,0.3088517487049103,0.701974093914032,-0.3603112995624542,-0.15502987802028656,0.5944525003433228
1.3305664252416762,-1.6683654112154656,-2.2863417226443996,-1.3417606795648087,-2.3185478327194864,2.1781514437563367,0.4473341387860915,0.13298296928405762,1.0252857208251953,0.31574490666389465,0.7029539346694946,-0.37608104944229126,-0.14407125115394592,0.5862271189689636
1.4968874363922609,-1.6705351374156825,-2.266621430871748,-1.3588993151276894,-2.2887461824969884,2.1738358004251337,0.4972304421312669,0.13573388755321503,1.0197319984436035,0.3225853443145752,0.7033916115760803,-0.3920981287956238,-0.1335223913192749,0.5776427388191223
1.6632084475428455,-1.6727050663128125,-2.246899328504815,-1.3760395444231714,-2.2589432707245756,2.169519719719906,0.5471267454764422,0.1384626030921936,1.0141496658325195,0.3293772339820862,0.7032738924026489,-0.40834060311317444,-0.12339842319488525,0.5687149167060852
1.82952945869343,-1.6748760245775733,-2.227172479562672,-1.3931848489932446,-2.2291362569075153,2.1652020148707902,0.5970230488216176,0.1411696970462799,1.008535623550415,0.33612433075904846,0.7025883197784424,-0.4247862696647644,-0.11371384561061859,0.5594598650932312
1.9958504698440143,-1.6770480732678748,-2.2074382633502916,-1.4103376500076217,-2.1993232678588375,2.160881976435156,0.6469193521667929,0.1438550055027008,1.0028877258300781,0.34282973408699036,0.7013230919837952,-0.4414122402667999,-0.10448262840509415,0.5498949289321899
2.1621714809945987,-1.6792221302012178,-2.187690378664697,-1.4275047869197266,-2.169499011688894,2.1565574407841046,0.6968156555119682,0.1465190351009369,0.9972002506256104,0.3494979739189148,0.6994683742523193,-0.45819488167762756,-0.09571783244609833,0.5400364995002747
2.328492492145183,-1.68139944715147,-2.167923974210613,-1.444690980595937,-2.1396608649123046,2.152227357306893,0.7467119588571436,0.14916270971298218,0.9914685487747192,0.35613349080085754,0.6970144510269165,-0.47511059045791626,-0.08743244409561157,0.5299021601676941
2.4948135032957675,-1.683581832891783,-2.1481275157000703,-1.4619088066584767,-2.1098032409070124,2.1478871344296024,0.796608262202319,0.15178734064102173,0.9856825470924377,0.36274102330207825,0.6939531564712524,-0.49213483929634094,-0.07963753491640091,0.519509494304657
2.661134514446352,-1.685773209549369,-2.1282787148928732,-1.4791838894940543,-2.079916622541431,2.143527929131648,0.8465045655474943,0.1543964147567749,0.9798218607902527,0.36932891607284546,0.6902784109115601,-0.5092430710792542,-0.07234274595975876,0.5088750123977661
2.827455128232638,-1.6880028247833252,-2.1082165241241455,-1.496692180633545,-2.0498902797698975,2.1390929222106934,0.8964007496833801,0.15701916813850403,0.9737739562988281,0.37594297528266907,0.686011016368866,-0.5264126062393188,-0.06556310504674911,0.4979759752750397
2.8774551282326377,-1.6807143921012677,-2.105536855902775,-1.495042112665884,-2.03888564670797,2.1404488601043656,0.9084330490235145,0.15000176429748535,0.9787291288375854,0.3784586489200592,0.688300609588623,-0.528150200843811,-0.06476523727178574,0.4930567443370819
3.0565794164935745,-1.6734582759144605,-2.102869069177623,-1.493399361005578,-2.027929807562044,2.1417987858466727,0.9204119978339207,0.14295291900634766,0.9836173057556152,0.38103416562080383,0.6905385851860046,-0.5298543572425842,-0.06407047063112259,0.48816579580307007
3.2357970605293906,-1.666233928196563,-2.100212962461095,-1.4917638015819599,-2.0170219348800407,2.1431428013922753,0.9323385008381879,0.1358730047941208,0.988437294960022,0.38366854190826416,0.6927254796028137,-0.5315250754356384,-0.06347724050283432,0.4833044111728668
3.615629380946717,-1.6590408086776733,-2.0975683371173304,-1.4901353120803833,-2.0061612129211426,2.1444810072528284,0.9442134499549866,0.1287623941898346,0.9931886792182922,0.38636213541030884,0.6948621273040771,-0.5331627130508423,-0.06298395246267319,0.47847381234169006
3.780753002551876,-1.6540867994048214,-2.095338687883712,-1.490924901367228,-2.0365990029868843,2.0949439207712808,0.9191349915391772,0.13499927520751953,0.9774914979934692,0.3863222301006317,0.7060545086860657,-0.5167209506034851,-0.040316447615623474,0.48255667090415955
3.9458795911613582,-1.6491236623993022,-2.093105131813804,-1.4917159885587958,-2.067093447043771,2.045405944188436,0.894009737147516,0.14177116751670837,0.9621543884277344,0.3872460126876831,0.7165409922599792,-0.4990382194519043,-0.017913391813635826,0.48704102635383606
4.111006179770842,-1.644150286794254,-2.09086667805561,-1.4925087272272624,-2.097650207429083,1.9958679676055908,0.8688330277896257,0.14904563128948212,0.947252631187439,0.38911187648773193,0.7262728214263916,-0.48014190793037415,0.004180103074759245,0.4919084906578064
4.276132768380325,-1.639166127624505,-2.0886234922766684,-1.4933031087698831,-2.128273035010151,1.9463299910227458,0.8436020476844159,0.15678922832012177,0.9328603148460388,0.3918909430503845,0.7352025508880615,-0.46006345748901367,0.025920530781149864,0.49713876843452454
4.441259356989809,-1.6341725810901055,-2.086376045019217,-1.4940990230133746,-2.1589537624478368,1.8967920144399006,0.8183232108956067,0.16496771574020386,0.9190506935119629,0.3955482840538025,0.7432843446731567,-0.4388412833213806,0.04726444184780121,0.5027053952217102
4.606385945599293,-1.6291696478343303,-2.084124165060681,-1.4948964386381798,-2.1896923144521185,1.8472540378570557,0.7929967075290014,0.1735435575246811,0.905892014503479,0.4000445604324341,0.7504741549491882,-0.4165140390396118,0.06817036122083664,0.5085837244987488
4.771512534208776,-1.6241571302225295,-2.081868209176832,-1.4956953221465512,-2.220489199529828,1.7977160612742105,0.767622046406689,0.18247638642787933,0.893447995185852,0.4053364396095276,0.756729781627655,-0.3931227922439575,0.08859782665967941,0.5147475004196167
4.93663912281826,-1.6191350543102196,-2.07960775875882,-1.4964958487705036,-2.2513451773743336,1.7481780846913655,0.7421987661355905,0.1917247623205185,0.8817780613899231,0.4113762378692627,0.7620110511779785,-0.3687114417552948,0.10850735753774643,0.521169126033783
5.101765711427744,-1.6141032955035028,-2.0773430459926296,-1.4972977983294828,-2.282260839170052,1.6986401081085205,0.716726328173453,0.2012450397014618,0.8709366321563721,0.4181120991706848,0.7662798166275024,-0.343326210975647,0.12786132097244263,0.5278198719024658
5.266892300037227,-1.6090617881879405,-2.075073931488012,-1.4981013171636965,-2.3132361354963744,1.6491021315256753,0.6912046183541866,0.21099191904067993,0.8609735369682312,0.4254879355430603,0.7695004343986511,-0.3170163035392761,0.14662325382232666,0.5346693396568298
5.432018888646711,-1.6040105813205239,-2.072800409039927,-1.4989064245035677,-2.3442709898260072,1.5995641549428303,0.6656337902940667,0.22091899812221527,0.8519333004951477,0.4334450662136078,0.7716395854949951,-0.2898333966732025,0.16475819051265717,0.5416859984397888
5.597145477256195,-1.5989497590159985,-2.0705226392434013,-1.4997130327765422,-2.375365138860064,1.5500261783599854,0.6400141802038062,0.2309788018465042,0.8438541293144226,0.44192105531692505,0.7726660966873169,-0.26183128356933594,0.18223315477371216,0.5488373637199402
5.7622720658656785,-1.5938788865035325,-2.0682403572925194,-1.500521377015653,-2.406520950248006,1.5004882017771402,0.614343747257578,0.24112217128276825,0.8367688059806824,0.4508514404296875,0.7725520730018616,-0.23306478559970856,0.19901637732982635,0.5560904145240784
5.927398654475162,-1.5887952803509948,-2.0659522170297877,-1.5013316305992708,-2.437755181973421,1.4509502251942952,0.5886086075912474,0.2512975037097931,0.8306992053985596,0.46017467975616455,0.7712688446044922,-0.2035837322473526,0.21507638692855835,0.5634182095527649
6.092525243084646,-1.5837015737496576,-2.0636594952297695,-1.5021435206718372,-2.4690519140620797,1.4014122486114502,0.562821952420487,0.26145726442337036,0.8256698250770569,0.46981725096702576,0.7687960267066956,-0.17345541715621948,0.2303864061832428,0.5707782506942749
6.25765183169413,-1.5785977221654075,-2.061362259912279,-1.5029570762472395,-2.5004108702913745,1.351874272028605,0.5369840409572121,0.2715510427951813,0.8216943740844727,0.47970855236053467,0.7651139497756958,-0.14274141192436218,0.24492058157920837,0.5781343579292297
6.422778420303613,-1.5734837571940297,-2.059060574681349,-1.5037722991794766,-2.5318314648140743,1.30233629544576,0.511095371867657,0.2815288007259369,0.8187798261642456,0.489777535200119,0.7602060437202454,-0.1115051656961441,0.2586548626422882,0.5854492783546448
6.587905008913097,-1.5683541216224706,-2.056751516386371,-1.5045899637509552,-2.56334897054415,1.252798318862915,0.48512671144274583,0.29133594036102295,0.8169200420379639,0.49996331334114075,0.7540506720542908,-0.0797935277223587,0.27156180143356323,0.5927011370658875
6.753031597522581,-1.5632128639385907,-2.054437295907458,-1.5054094651424752,-2.594937490046375,1.2032603422800698,0.45909951275360444,0.3009260892868042,0.8161142468452454,0.5101862549781799,0.7466421723365784,-0.04768488183617592,0.2836245596408844,0.599840521812439
6.9181581861320645,-1.558060693096033,-2.0521182264707196,-1.5062307298074131,-2.626592884733886,1.1537223656972249,0.433017214382194,0.31025081872940063,0.8163502216339111,0.5203739404678345,0.7379744052886963,-0.015248344279825687,0.29482582211494446,0.6068270206451416
7.083284774741548,-1.5528948863450807,-2.0497930957831483,-1.5070542556779314,-2.6583321306769325,1.1041843891143799,0.40686587007554365,0.3192601501941681,0.8176055550575256,0.5304610729217529,0.7280383706092834,0.01745694689452648,0.3051464855670929,0.6136294007301331
7.248411363351032,-1.5477127033994527,-2.047460545162855,-1.5078802266030422,-2.690171416741145,1.0546464125315347,0.38063193273029766,0.3279048204421997,0.8198524117469788,0.540383517742157,0.716827392578125,0.05037050321698189,0.31456872820854187,0.6202158331871033
7.41353789521125,-1.542519486012018,-2.0451230517505494,-1.5087079989184196,-2.722078696100907,1.0051084529734693,0.35434202459393194,0.3361436128616333,0.8230637907981873,0.550064206123352,0.7043538093566895,0.08340702205896378,0.32308757305145264,0.6265328526496887
7.5786643469597665,-1.5373147729315526,-2.0427804299532015,-1.5095377048438405,-2.7540570274264145,0.9555705174489143,0.32799368811727403,0.34393230080604553,0.8272002339363098,0.5594391226768494,0.6906229853630066,0.11649850755929947,0.33069348335266113,0.6325423717498779
7.743790930497333,-1.5320904958259283,-2.0404289618869886,-1.5103704652455583,-2.786155971003232,0.9060325423876443,0.30154589279045496,0.3512223958969116,0.8322107195854187,0.5684604048728943,0.6756256818771362,0.14959928393363953,0.33736634254455566,0.6382271647453308
7.908917519106817,-1.5268551762405,-2.0380725773536397,-1.5112050159429788,-2.8183224272133134,0.8564945658047993,0.27504244957975377,0.35798054933547974,0.8380527496337891,0.5770527720451355,0.6593939661979675,0.1826135665178299,0.3431150019168854,0.643524706363678
8.0740441077163,-1.521609073844391,-2.035711390833022,-1.5120413157491532,-2.8505547870492993,0.8069565892219543,0.2484846890887753,0.36416909098625183,0.8446698784828186,0.5851602554321289,0.6419456601142883,0.21547111868858337,0.3479382395744324,0.6483956575393677
8.239170696325784,-1.5163445400545141,-2.033341693001944,-1.5128804300176846,-2.882900665214377,0.7574186126391091,0.22183348801657274,0.36974674463272095,0.8519963026046753,0.5927444696426392,0.6232807040214539,0.2481246441602707,0.35182181000709534,0.6528220772743225
8.404297355951261,-1.511071086214679,-2.030968087413633,-1.5137210334696605,-2.915301313102389,0.7078806147514659,0.19513716238512643,0.3746882379055023,0.8599728345870972,0.5997408032417297,0.6034478545188904,0.2804783284664154,0.3547864556312561,0.6567412614822388
8.5694240722269,-1.5057892704536666,-2.0285908044527243,-1.5145630276326791,-2.9477532898491803,0.6583425998687744,0.16839854325032902,0.3789641559123993,0.868529200553894,0.606106162071228,0.5824770927429199,0.31246355175971985,0.356839656829834,0.6601153612136841
8.734550660836383,-1.5004933862043914,-2.026207017104091,-1.515407242625724,-2.9802913119766723,0.6088046232859292,0.14158893846308646,0.3825429081916809,0.8775880336761475,0.6118122935295105,0.5603837370872498,0.34402909874916077,0.3579775393009186,0.6629223823547363
8.89967717831614,-1.495190793472253,-2.023820252583885,-1.5162524783212157,-3.012870490061311,0.5592666680420025,0.11474550662262915,0.3854064345359802,0.8870758414268494,0.6168143153190613,0.5372240543365479,0.3750907778739929,0.35822683572769165,0.6651096343994141
9.064803641574441,-1.4898821547948011,-2.0214308076737586,-1.517098641870451,-3.0454868003326934,0.5097287290645122,0.08787154998043152,0.3875346779823303,0.8969126343727112,0.6210852265357971,0.5130396485328674,0.40558427572250366,0.35760292410850525,0.6666422486305237
9.229930296011169,-1.484564603684844,-2.0190374870633705,-1.517946391450974,-3.0781589680553987,0.4601907327334937,0.06095153882157503,0.38890790939331055,0.9070137143135071,0.6246080994606018,0.4878626763820648,0.43545615673065186,0.35611453652381897,0.6674954891204834
9.395056915933242,-1.4792436919612912,-2.016642578021984,-1.5187946018475333,-3.1108511651437567,0.41065274675687147,0.034014943837919726,0.3895164132118225,0.9172977209091187,0.6273605227470398,0.46175795793533325,0.46463409066200256,0.3537948727607727,0.6676254868507385
9.560183504542726,-1.473919691942112,-2.014246209556774,-1.5196432369373603,-3.1435617826623514,0.3611147701740265,0.007063101259646658,0.3893499970436096,0.9276790022850037,0.6293338537216187,0.4347760081291199,0.49306172132492065,0.3506659269332886,0.6670032739639282
9.72531009315221,-1.4685926566380565,-2.011848428975657,-1.5204923819370821,-3.1762915742822573,0.3115767935911813,-0.019904303857451563,0.38840097188949585,0.9380713105201721,0.6305257081985474,0.4069680869579315,0.520686149597168,0.3467510938644409,0.665602445602417
9.890436665338362,-1.4632656607499976,-2.0094507272265334,-1.5213415663528007,-3.209021287070169,0.2620388219353359,-0.04687171359361177,0.38666832447052,0.9483899474143982,0.630936324596405,0.3784002363681793,0.547450840473175,0.3420846462249756,0.6633918881416321
10.055563221111612,-1.4579387042529026,-2.007053104259337,-1.522190790159483,-3.2417509210761533,0.21250085520336098,-0.07383912794590056,0.3841513395309448,0.9585497975349426,0.6305760741233826,0.34912994503974915,0.5733092427253723,0.3366946876049042,0.660349428653717
10.22068964705682,-1.4526147145668549,-2.0046567419886223,-1.523039424737386,-3.27446179055273,0.16296292741979831,-0.10079096037526258,0.3808552026748657,0.968468427658081,0.6294584274291992,0.31922876834869385,0.5982121229171753,0.33062031865119934,0.6564491391181946
10.385816063400368,-1.4472937381415956,-2.002261724918153,-1.523887595905503,-3.3071541640217808,0.11342500251673435,-0.12772754919093002,0.37678587436676025,0.9780633449554443,0.627606213092804,0.28875842690467834,0.6221201419830322,0.32389330863952637,0.6516733765602112
10.550942470985218,-1.4419760375257975,-1.99986817114642,-1.524735265141649,-3.3398264376310363,0.06388708024127938,-0.15464757419941919,0.3719523549079895,0.9872561097145081,0.6250476241111755,0.25778377056121826,0.6449964642524719,0.3165481984615326,0.6460064053535461
10.716069005750294,-1.4366673967802734,-1.9974787197668027,-1.525581502072223,-3.372442886443843,0.014349119811756496,-0.1815215929507259,0.36637163162231445,0.9959735870361328,0.6218110918998718,0.2263929396867752,0.666800320148468,0.3086383044719696,0.6394262313842773
10.88119558296963,-1.4313648445849532,-1.9950920302610275,-1.5264267798283706,-3.405022272520887,-0.03518885335404462,-0.2083650981956576,0.3600558042526245,1.0041415691375732,0.6179395914077759,0.19464121758937836,0.6875079870223999,0.30019116401672363,0.6319279074668884
11.046322204676237,-1.4260690397687787,-1.9927084017785952,-1.5272709948214156,-3.437560612380781,-0.08472683986602694,-0.23517481220341324,0.3530226945877075,1.0116918087005615,0.6134770512580872,0.16259875893592834,0.7070936560630798,0.29124677181243896,0.6235026121139526
11.211448858444884,-1.4207871632684275,-1.9903310542548112,-1.5281129869586778,-3.470012983183415,-0.13426483599662103,-0.2619135244145976,0.3452983498573303,1.0185657739639282,0.608467161655426,0.13036410510540009,0.7255290746688843,0.2818681597709656,0.6141358613967896
11.376575576004889,-1.4155136391825056,-1.9879574851667292,-1.5289535888214623,-3.5024139763970576,-0.18380285126462245,-0.28860997012467315,0.33689987659454346,1.0247013568878174,0.6029683947563171,0.0979834571480751,0.7428041100502014,0.27207741141319275,0.6038337349891663
11.541702365109991,-1.4102490251943807,-1.9855879477321472,-1.5297927030899936,-3.5347601753551268,-0.23334088799615316,-0.31526135164293345,0.32785195112228394,1.0300447940826416,0.5970377326011658,0.06552823632955551,0.7589046955108643,0.26191678643226624,0.5925953388214111
11.706828825980885,-1.4050027772250036,-1.9832266918480124,-1.5306290006691547,-3.566992928753472,-0.28287882625742145,-0.3418192711424839,0.31818851828575134,1.0345572233200073,0.590729296207428,0.03310736268758774,0.7738159894943237,0.25146013498306274,0.5804141759872437
11.871955279536134,-1.3997673557291301,-1.9808702758171195,-1.5314635482779366,-3.599159834913035,-0.3324167623239965,-0.36832285515205015,0.307930588722229,1.0381908416748047,0.584113359451294,0.0007578785298392177,0.7875385284423828,0.2407236099243164,0.5673046708106995
12.037081740195237,-1.3945430168617614,-1.9785188118352737,-1.5322963020167715,-3.6312592838622697,-0.3819547005217272,-0.39477078348970085,0.29710763692855835,1.0409098863601685,0.5772556066513062,-0.03145071491599083,0.8000704646110535,0.22974996268749237,0.5532746911048889
12.202208397235205,-1.3893381395481357,-1.9761760258047654,-1.5331259258256122,-3.663238107887258,-0.4314926976337174,-0.42111946896182434,0.28575628995895386,1.0426949262619019,0.5702198147773743,-0.06341508775949478,0.8114121556282043,0.21861162781715393,0.5383285880088806
12.367335014198574,-1.3841448216069532,-1.9738385202245452,-1.533953710133488,-3.6951458811625773,-0.48103068272272775,-0.4474096466172522,0.2739015817642212,1.0435149669647217,0.5630807876586914,-0.09510185569524765,0.8215720653533936,0.20732304453849792,0.5224865078926086
12.53246162390021,-1.3789625785995328,-1.9715060506140787,-1.534779735337319,-3.7269856655996954,-0.5305686656332187,-0.47364382051893966,0.26157528162002563,1.0433530807495117,0.5559099912643433,-0.12644734978675842,0.8305585384368896,0.19592459499835968,0.5057637691497803
12.697588352793673,-1.3737967052327233,-1.9691809278278052,-1.5356031742389304,-3.758725308708234,-0.5801066843012577,-0.4997954336818045,0.24881377816200256,1.0422066450119019,0.548775851726532,-0.15736599266529083,0.8383845090866089,0.18447640538215637,0.4881758391857147
12.8627151878707,-1.3686444096733943,-1.9668619942837395,-1.5364244127928626,-3.7903810718395725,-0.6296447348243659,-0.525878039342739,0.23564785718917847,1.040069580078125,0.5417518615722656,-0.1878058761358261,0.845065712928772,0.17301122844219208,0.4697445333003998
13.027842063159852,-1.3635029438258754,-1.9645479265608559,-1.5372439105362246,-3.8219699075645965,-0.6791827974111118,-0.5519056031427424,0.22210896015167236,1.036941409111023,0.5349111557006836,-0.21771706640720367,0.8506195545196533,0.16155998408794403,0.45049309730529785
13.192968941843729,-1.35837297818729,-1.962238963400744,-1.5380615722349549,-3.8534876506516698,-0.7287208610162749,-0.5778747162199451,0.20823043584823608,1.032833456993103,0.5283238291740417,-0.2470371574163437,0.8550671339035034,0.15016606450080872,0.43044501543045044
13.35809553926622,-1.35325895721348,-1.9599372992250663,-1.5388767025703127,-3.8849083500115973,-0.7782588402430219,-0.6037636692996695,0.1940486580133438,1.0277681350708008,0.5220559239387512,-0.2756918668746948,0.8584352731704712,0.1388838142156601,0.4096266031265259
13.523222222964026,-1.3481549427389494,-1.9576400254181674,-1.5396902184454553,-3.91626752704461,-0.8277968453523641,-0.629601924425809,0.17959201335906982,1.0217591524124146,0.5161793828010559,-0.3036487400531769,0.8607473373413086,0.12773244082927704,0.3880666494369507
13.688348816752987,-1.3430610350676389,-1.955347291004011,-1.540502101421351,-3.9475644769063454,-0.877334823489052,-0.6553889651251226,0.16489297151565552,1.014835238456726,0.5107590556144714,-0.3308534622192383,0.8620320558547974,0.11675086617469788,0.36579495668411255
13.853475100149335,-1.3379772978496038,-1.9530592563771465,-1.541312342980646,-3.9787987624781707,-0.9268727085079566,-0.6811244990259756,0.14998292922973633,1.0070301294326782,0.5058576464653015,-0.35725459456443787,0.8623205423355103,0.1059763953089714,0.3428429663181305
14.01860152854689,-1.332906398089256,-1.9507768131729133,-1.542120580112603,-4.009954535175441,-0.976410637027223,-0.7067953522997984,0.1348942518234253,0.9983881711959839,0.5015337467193604,-0.382793664932251,0.8616494536399841,0.09545497596263885,0.31924498081207275
14.183728084949339,-1.3278454550394259,-1.9484989511515098,-1.5429272392638576,-4.041048567980944,-1.0259486039479575,-0.7324153823860841,0.11965495347976685,0.9889492988586426,0.49784523248672485,-0.4074346423149109,0.8600522875785828,0.08521217107772827,0.29503560066223145
14.348854673558822,-1.3227940502517115,-1.946225419013628,-1.5437323757730466,-4.072083584184573,-1.0754865805308027,-0.757986644004319,0.10429350286722183,0.9787626266479492,0.49484553933143616,-0.4311349391937256,0.8575659394264221,0.07528114318847656,0.27025139331817627
14.513981103624502,-1.3177524098265914,-1.9439562960542307,-1.5445359758601962,-4.103058997164254,-1.125024509550507,-0.783508754555533,0.08883741497993469,0.9678828120231628,0.49258360266685486,-0.45385318994522095,0.8542308211326599,0.06569528579711914,0.24493061006069183
14.679107578412664,-1.3127205908854411,-1.9416916255198606,-1.5453379799764273,-4.133974264019008,-1.1745624519869553,-0.8089816277350164,0.07331320643424988,0.9563682079315186,0.4911041855812073,-0.47555071115493774,0.850088357925415,0.05648660659790039,0.2191130518913269
14.844234439387272,-1.3076983917815885,-1.9394312736776698,-1.546138364096101,-4.164829597920435,-1.2241005102793379,-0.8344054536009987,0.05774550884962082,0.9442811608314514,0.4904472529888153,-0.49619197845458984,0.8451818823814392,0.04768553376197815,0.1928396373987198
15.009360914362903,-1.302685793167114,-1.9371751745307118,-1.5469372829970478,-4.19562623484989,-1.273638452772027,-0.859780534409717,0.04215775057673454,0.9316877722740173,0.49064838886260986,-0.5157448053359985,0.8395559787750244,0.039320848882198334,0.16615281999111176
15.174487072704514,-1.2976826264880499,-1.9349235142815897,-1.5477346838775072,-4.226364370036136,-1.3231763002745105,-0.8851074483554162,0.0265719722956419,0.9186564087867737,0.4917375445365906,-0.5341798067092896,0.8332568407058716,0.0314195454120636,0.13909606635570526
15.339613194870383,-1.2926889214170545,-1.932675992282885,-1.548530599955644,-4.257044373114612,-1.3727141369242715,-0.9103866451396799,0.01100863330066204,0.9052584171295166,0.4937405288219452,-0.5514705777168274,0.8263315558433533,0.024007607251405716,0.1117139458656311
15.50473960173231,-1.2877046783533448,-1.930432753610208,-1.549325051800451,-4.287666324891911,-1.4222520589828491,-0.9356180999039801,-0.004513297230005264,0.8915676474571228,0.4966762065887451,-0.5675935745239258,0.8188284039497375,0.017109345644712448,0.08405205607414246
15.669866061306747,-1.28273119832197,-1.9281943501695913,-1.5501176120843267,-4.318223113796861,-1.4717899968551804,-0.9607952296278595,-0.019976012408733368,0.8776620626449585,0.5005580186843872,-0.5825250744819641,0.8107990622520447,0.010751228779554367,0.0561581552028656
15.834992714364477,-1.2777678139569517,-1.9259604438063158,-1.5509086750877048,-4.348716385158461,-1.5213279927724992,-0.9859207306954706,-0.03536387160420418,0.8636173009872437,0.5053951144218445,-0.5962495803833008,0.8022925853729248,0.004953077528625727,0.02807934395968914
16.000115791282074,-1.2728137969970703,-1.9237308502197266,-1.5516982078552246,-4.379153251647949,-1.5708649158477783,-1.0109996795654297,-0.050662070512771606,0.8495088219642639,0.5111909508705139,0.6087555885314941,-0.7933577299118042,0.00026947070728056133,0.0001369522651657462
16.050115791282074,-1.2664478585987697,-1.9139571603507803,-1.5656383045731017,-4.375577821232214,-1.5738300417125664,-1.0062181874819105,-0.054178740829229355,0.8402296900749207,0.5112937092781067,0.6093823909759521,-0.7928746938705444,3.806295353570022e-05,0.001629222184419632
16.24858269946875,-1.2600820211617707,-1.9041834762541392,-1.5795785630867638,-4.372002524165821,-1.5767952019920988,-1.0014366399019856,-0.0575672909617424,0.8309028744697571,0.5113257169723511,0.6100066900253296,-0.7923900485038757,-0.00017657929856795818,0.003124134847894311
16.447051023265736,-1.2537161367776475,-1.8944097200780006,-1.593518924407803,-4.368427200732133,-1.5797603841392565,-0.9966550570588432,-0.06082722917199135,0.821530282497406,0.5112868547439575,0.6106285452842712,-0.7919036149978638,-0.0003745101566892117,0.0046214452013373375
16.645520259758847,-1.2473503337957454,-1.8846360888814273,-1.607459107469812,-4.364851923017037,-1.5827255283698582,-0.9918735353590458,-0.06395808607339859,0.8121142983436584,0.5111770033836365,0.6112478971481323,-0.7914153337478638,-0.0005559170967899263,0.0061208829283714294
16.843935758939402,-1.240877950690231,-1.8747448737356496,-1.6214441884971598,-4.361257063295711,-1.5852582978514986,-0.9867549766513675,-0.06690768152475357,0.8026428818702698,0.5110589861869812,0.6117751598358154,-0.7909966707229614,-0.0006926507339812815,0.0074031418189406395
17.042422373911755,-1.2333871059631283,-1.8637291550842405,-1.6358619546311566,-4.357474301797561,-1.5836686953320527,-0.9784207223950826,-0.06922178715467453,0.7930004596710205,0.5114601850509644,0.6114471554756165,-0.7912576198577881,-0.0005643328186124563,0.006594142410904169
17.240917072764056,-1.2258856461267953,-1.8526978263032674,-1.6503001518604359,-4.35368617983234,-1.5820768402222798,-0.9700746578527079,-0.07138539105653763,0.7833192348480225,0.5117652416229248,0.6111178994178772,-0.7915183901786804,-0.00044862012146040797,0.005782436579465866
17.439380963465588,-1.2183751648502146,-1.841653230974766,-1.6647557128211001,-4.349893502178399,-1.5804830707083681,-0.9617185561276757,-0.07339740544557571,0.7736043930053711,0.5119736790657043,0.6107873916625977,-0.7917789816856384,-0.00034583796514198184,0.004968398716300726
17.637822558304684,-1.2108558704466954,-1.8305956754354566,-1.6792282365687041,-4.346096374030758,-1.5788874309956609,-0.9533526489877173,-0.07525716722011566,0.7638587951660156,0.5120844841003418,0.6104558110237122,-0.7920393347740173,-0.00025577202904969454,0.004152209032326937
17.836289690008776,-1.2033261809625058,-1.8195228333312539,-1.6937207679185897,-4.342293996527089,-1.5772895853840163,-0.9449751763636941,-0.07696432620286942,0.7540833950042725,0.5120973587036133,0.6101229786872864,-0.7922995686531067,-0.0001785903295967728,0.003333786968141794
18.03478317814173,-1.1957864816051382,-1.8084352711319645,-1.7082325654548358,-4.338486564191255,-1.575689615616792,-0.9365865668343982,-0.07851843535900116,0.744281530380249,0.5120115280151367,0.6097890138626099,-0.792559802532196,-0.00011452913167886436,0.0025133618619292974
18.233251352927105,-1.188239044440175,-1.7973363300409002,-1.722759256091175,-4.33467522438147,-1.5740880038400356,-0.9281893482819232,-0.07991831004619598,0.7344591021537781,0.5118263363838196,0.6094538569450378,-0.7928197383880615,-6.344307621475309e-05,0.0016912850551307201
18.43170118065776,-1.180684086582133,-1.7862263293374643,-1.7373004219433175,-4.3308600867372276,-1.5724847961267587,-0.9197837622661534,-0.08116378635168076,0.7246192097663879,0.511541485786438,0.6091176867485046,-0.7930793762207031,-2.5468953026575036e-05,0.0008678566082380712
18.837537715592262,-1.1731212233109238,-1.7751047032686058,-1.7518568034890694,-4.3270409569807935,-1.5708799108370342,-0.9113693807505783,-0.08225449174642563,0.7147642374038696,0.5111559629440308,0.6087803244590759,-0.7933388352394104,-4.3400365257184603e-07,4.310549775254913e-05
21.642456223461508,-1.1953555210203957,-1.779417295754157,-1.7425348206946147,-4.305780176859627,-1.6319085001639935,-0.499890559101452,-0.08779244869947433,0.7217198610305786,0.5102484226226807,0.42395520210266113,-0.9050727486610413,-0.014992316253483295,0.029673852026462555
22.135393546545853,-1.1949582256714337,-1.7799920936740408,-1.7447196176867783,-4.308322461954792,-1.6555842979817068,-0.40530867009223664,-0.09388351440429688,0.7173979878425598,0.5095964074134827,0.3807661831378937,-0.9236403703689575,-0.011087439954280853,0.04222019389271736
22.398953747888527,-1.188115727744987,-1.7793388911716803,-1.7503350427458908,-4.317436481734828,-1.6685803364978848,-0.40003680522060936,-0.10006281733512878,0.7096661329269409,0.5088971853256226,0.38114190101623535,-0.9232174754142761,-0.0038553730119019747,0.04884059354662895
22.5972852231464,-1.1812447637809558,-1.7786829712279435,-1.7559738289959752,-4.326588417497067,-1.6816304409012321,-0.39474300843096194,-0.10617071390151978,0.7018759250640869,0.508310079574585,0.38139843940734863,-0.9227426648139954,0.0034825194161385298,0.055397577583789825
22.795843494077644,-1.1743323012506837,-1.7780230897240272,-1.7616466718276316,-4.335795628212639,-1.6947593640299978,-0.38941723869284717,-0.11221792548894882,0.6940165758132935,0.5078353881835938,0.3815346360206604,-0.9222147464752197,0.010939089581370354,0.06190011277794838
22.99439530163022,-1.1673858520648825,-1.7773599637663053,-1.7673474064495642,-4.345048108222272,-1.707952838421918,-0.38406528362631703,-0.11819683760404587,0.6860995292663574,0.5074747800827026,0.38154807686805725,-0.9216336011886597,0.01850573532283306,0.06833776086568832
23.192833487828693,-1.1604080407375197,-1.776693843897651,-1.773073879004855,-4.354342361745265,-1.7212058793060854,-0.3786891653120701,-0.1241048201918602,0.6781321167945862,0.5072290897369385,0.3814372420310974,-0.9209992289543152,0.026178086176514626,0.07470476627349854
23.6012685769559,-1.1544004370107435,-1.7763307998628528,-1.7778736033514715,-4.362860266655535,-1.7321565620441404,-0.37411316227105845,-0.12898509204387665,0.6713047027587891,0.5071038007736206,0.381254106760025,-0.9204176068305969,0.03312953561544418,0.07987000793218613
24.08419350074342,-1.1603815196398248,-1.7796386012420005,-1.7712676876498532,-4.361603039589529,-1.7148194778464665,-0.3794054933787218,-0.12231729924678802,0.6786548495292664,0.5071382522583008,0.3816206753253937,-0.9210546016693115,0.030295470729470253,0.07145741581916809
24.28263362409285,-1.1663433566429982,-1.7829357589447656,-1.7646830281304775,-4.360349857965342,-1.6975381800435805,-0.3846807950903719,-0.11557893455028534,0.6859367489814758,0.5072590112686157,0.38191908597946167,-0.9216314554214478,0.027560440823435783,0.06303603947162628
24.48107765899709,-1.1722882921695392,-1.7862235693886512,-1.7581170357549603,-4.359100229041426,-1.6803058737597234,-0.38994114161479354,-0.10876922309398651,0.6931502819061279,0.5074660181999207,0.3821500241756439,-0.9221488237380981,0.024924201890826225,0.05460440367460251
24.679534806923183,-1.1782171100789898,-1.7895024660824106,-1.7515688447753466,-4.357853988050047,-1.6631202868579404,-0.3951872265461894,-0.1018894836306572,0.7002949714660645,0.5077587366104126,0.38231411576271057,-0.9226070642471313,0.022385774180293083,0.046163156628608704
24.877998678998264,-1.1841304612928707,-1.7927728090142325,-1.7450377362695007,-4.35661099816712,-1.6459795325424935,-0.40041962584921786,-0.09494058787822723,0.7073688507080078,0.5081366896629333,0.3824116885662079,-0.923006534576416,0.019945301115512848,0.03771311417222023
25.076467393950733,-1.1900289722824633,-1.7960349446502502,-1.7385230183198002,-4.3553711277080165,-1.6288817948904097,-0.405638893853865,-0.08792383968830109,0.7143706679344177,0.5085996985435486,0.3824435770511627,-0.9233478903770447,0.01760266162455082,0.029255134984850883
25.274947620050224,-1.1959133438218508,-1.7992892605493087,-1.732023916943539,-4.354134229369614,-1.6118250426006617,-0.4108456506365801,-0.08084041625261307,0.7212997078895569,0.5091469883918762,0.3824099898338318,-0.9236310720443726,0.015357515774667263,0.020789848640561104
25.473432428256782,-1.2017842687566382,-1.8025361398854574,-1.7255396669147627,-4.352900157515362,-1.5948072673541311,-0.41604050925833846,-0.07369130104780197,0.7281540632247925,0.5097782611846924,0.3823116421699524,-0.9238568544387817,0.01320975087583065,0.012318081222474575
25.67192533896974,-1.2076422838659508,-1.8057758795211276,-1.7190696753779844,-4.351668799313972,-1.5778269132142988,-0.4212239446854696,-0.06647772341966629,0.7349328398704529,0.5104931592941284,0.3821488916873932,-0.9240253567695618,0.011159286834299564,0.003840617835521698
25.952683660244872,-1.2134876249277897,-1.8090086098519085,-1.7126136819238953,-4.350440105204774,-1.5608832967425124,-0.42639616554496007,-0.05920149385929108,0.74163419008255,0.5112913846969604,-0.3819221556186676,0.9241368770599365,-0.009205883368849754,0.004641125909984112
26.22906566186953,-1.2134731089595592,-1.8187537911851466,-1.6989291026751105,-4.352513281695977,-1.5614695720688616,-0.42653056636993647,-0.06278779357671738,0.7507153153419495,0.5116289258003235,-0.38198813796043396,0.9241198897361755,-0.008263586089015007,0.004379946738481522
26.427548830948357,-1.2133088307205313,-1.8286909368562008,-1.6850239265050564,-4.354676262549653,-1.5625052886698438,-0.4265365993218798,-0.06665428727865219,0.75985187292099,0.5118788480758667,-0.38206303119659424,0.9240989089012146,-0.007343359291553497,0.0038942666724324226
26.625911561391835,-1.2131440955189718,-1.8386557240655923,-1.6710800711737097,-4.356845260032265,-1.5635438862590978,-0.42654264905530925,-0.07052333652973175,0.7689825892448425,0.5120518207550049,-0.38213855028152466,0.9240764379501343,-0.006420822814106941,0.00340702710673213
26.824430716774945,-1.2129786623259842,-1.848662732585262,-1.6570771350180522,-4.359023447667539,-1.564586884439167,-0.426548724421767,-0.07440018653869629,0.7781196236610413,0.5121481418609619,-0.38221481442451477,0.9240525960922241,-0.005494365934282541,0.002917616395279765
27.022961979351525,-1.2128126476576035,-1.8587049143921357,-1.6430249804277215,-4.3612092913389935,-1.5656335486173683,-0.4265548211423196,-0.07828184217214584,0.7872557640075684,0.5121669173240662,-0.38229185342788696,0.924027144908905,-0.004564632661640644,0.002426323713734746
27.221380067608838,-1.2126461428629673,-1.868776743801922,-1.6289313395640512,-4.363401588291862,-1.566683302869473,-0.4265609358622625,-0.08216572552919388,0.7963846325874329,0.512107253074646,-0.38236960768699646,0.9240003228187561,-0.003632152685895562,0.0019334128592163324
27.419768968216662,-1.2124790609179494,-1.878883484880184,-1.6147888463521696,-4.365601484335352,-1.5677366958520351,-0.42656707177746866,-0.08605311810970306,0.8055095672607422,0.5119689106941223,-0.3824479877948761,0.923971951007843,-0.002696779789403081,0.0014386133989319205
27.618352962277417,-1.2123112085681795,-1.8890368275308191,-1.6005811429587031,-4.367811523966561,-1.5687949459659845,-0.426573235985009,-0.08994846045970917,0.8146401643753052,0.5117509365081787,-0.38252726197242737,0.9239420294761658,-0.0017570307245478034,0.0009414227679371834
27.816830506167893,-1.2121428299495371,-1.8992220040413723,-1.586328894034258,-4.370028492753464,-1.5698565140203444,-0.4265794195192407,-0.09384560585021973,0.8237619400024414,0.5114529132843018,-0.38260728120803833,0.9239105582237244,-0.0008143448503687978,0.0004425064253155142
28.120786059536098,-1.210422465586786,-1.907234604523834,-1.575101139240654,-4.371639828310978,-1.5707770004045296,-0.4250105212779944,-0.09826342016458511,0.8307918310165405,0.5111497640609741,-0.3826770782470703,0.9238821864128113,2.819907194862026e-06,9.728193617775105e-06
28.484277200909897,-1.1987785382976144,-1.9011904109437683,-1.5834433379066835,-4.369342513053298,-1.5707783332930783,-0.4133675761172271,-0.10593695938587189,0.8244816660881042,0.511277437210083,-0.3826775550842285,0.923882007598877,2.647312840053928e-06,9.038704774866346e-06
28.68270141726975,-1.187084925861974,-1.895120426525624,-1.5918211330988934,-4.367035395051044,-1.5707796718691207,-0.4016749500007759,-0.11350372433662415,0.8180657029151917,0.5113769769668579,-0.38267797231674194,0.9238817095756531,2.349718442928861e-06,8.341571628989186e-06
28.88106364479904,-1.1753270188513834,-1.8890170677272131,-1.6002449916255836,-4.364715591903618,-1.5707810178050083,-0.38991803473241815,-0.12097029387950897,0.8115377426147461,0.5114477872848511,-0.38267838954925537,0.9238815903663635,2.0123432022955967e-06,7.663701580895577e-06
29.079737399729535,-1.1634816910747654,-1.8828683300785516,-1.6087314820615621,-4.362378540876277,-1.5707823737480124,-0.378073706071698,-0.12834788858890533,0.8048858642578125,0.5114898681640625,-0.3826788663864136,0.9238813519477844,1.7341350257993327e-06,6.923534783709329e-06
29.277885218175694,-1.1515974285142343,-1.8766993819489133,-1.6172458670123686,-4.360033808121722,-1.5707837341479087,-0.36619044591109035,-0.1356031596660614,0.798139214515686,0.5115022659301758,-0.38267940282821655,0.9238811731338501,1.372093720419798e-06,6.258490884647472e-06
29.476643891098544,-1.1396049741838084,-1.8704742730425221,-1.6258377650922144,-4.357667729424551,-1.5707851069325929,-0.3541990031062213,-0.14277483522891998,0.7912595868110657,0.5114843845367432,-0.38267984986305237,0.9238809943199158,1.0683910431907861e-06,5.54431517230114e-06
29.67506488508229,-1.1275597128076795,-1.8642217527654918,-1.6344674963580017,-4.355291232040559,-1.570786485762137,-0.3421547577097565,-0.1498260349035263,0.7842806577682495,0.5114357471466064,-0.38268032670021057,0.9238808155059814,7.556041623502097e-07,4.8969245654006954e-06
29.873389561685368,-1.115446362444031,-1.8579338884837266,-1.6431460094348356,-4.352901300884091,-1.5707878723858753,-0.3300424290688623,-0.15676277875900269,0.7771949768066406,0.5113557577133179,-0.3826807737350464,0.9238806366920471,3.943604554024205e-07,4.1925609366444405e-06
30.07209581977372,-1.1032338573529918,-1.8515945544227501,-1.6518955611238169,-4.3504918067689715,-1.5707892703599249,-0.31783095406396505,-0.1635989546775818,0.7699863314628601,0.5112435817718506,-0.382681280374527,0.9238804578781128,5.065545494176149e-08,3.5600405681179836e-06
30.278185884564436,-1.0922006872671552,-1.8450354303428849,-1.6610269433176776,-4.348206426597509,-1.5728609091047836,-0.30669315454609464,-0.16977739334106445,0.7623596787452698,0.5110868811607361,0.38263261318206787,-0.9239000082015991,0.00023172455257736146,0.0010161742102354765
30.486555274781843,-1.0864217626260475,-1.837571831759613,-1.671749263045492,-4.346483760471136,-1.5839699995494385,-0.30034834370074825,-0.17358934879302979,0.7531986832618713,0.5108588933944702,0.38235750794410706,-0.9239905476570129,0.0015129117527976632,0.006475141737610102
30.685014266726633,-1.080639087733925,-1.8301033896509618,-1.6824785410558487,-4.344759976415254,-1.5950862992726882,-0.2939994153707847,-0.17729398608207703,0.7439962029457092,0.5106244683265686,0.38206225633621216,-0.9240552186965942,0.0028611565940082073,0.011921818368136883
30.88348808532681,-1.074850528359518,-1.8226273476138866,-1.693218737239465,-4.343034438227085,-1.6062139110046552,-0.2876440263358742,-0.18089193105697632,0.7347508668899536,0.5103832483291626,0.3817468285560608,-0.9240940809249878,0.004276611842215061,0.017357267439365387
31.081976693329473,-1.0690558574842053,-1.8151434124492254,-1.7039702728107349,-4.341307078233606,-1.617353271153591,-0.2812819273471858,-0.1843823939561844,0.7254638075828552,0.5101352334022522,0.38141101598739624,-0.924106776714325,0.005759774707257748,0.022780921310186386
31.280405044761558,-1.0632570283731728,-1.8076541068386502,-1.7147295236466362,-4.339578478692588,-1.6285006248687295,-0.2749152629383318,-0.18776372075080872,0.7161398530006409,0.5098802447319031,0.38105508685112,-0.92409348487854,0.007309505715966225,0.028190094977617264
31.478928428349157,-1.0574491739462737,-1.8001531448492676,-1.7255055202143783,-4.337847188753807,-1.6396653283602507,-0.2685386894329676,-0.1910376399755478,0.7067728042602539,0.5096181631088257,0.38067853450775146,-0.9240540862083435,0.008927174843847752,0.03358863666653633
31.92122526072206,-1.0518834810347115,-1.792856797553543,-1.7359865248329889,-4.336168231440442,-1.650477267737833,-0.26242994958970656,-0.19404280185699463,0.6976578831672668,0.5093568563461304,0.3802982270717621,-0.9239894151687622,0.010559091344475746,0.0387975238263607
32.37786654817578,-1.0607733086676552,-1.797832737185093,-1.7287754898144934,-4.337623865429709,-1.6401708539818134,-0.2723081440054177,-0.18763545155525208,0.705218493938446,0.5095574259757996,0.3808675706386566,-0.92396479845047,0.009198352694511414,0.033827777951955795
32.576427203292816,-1.0696478994327663,-1.8028001482222047,-1.721576814269325,-4.339077004510904,-1.6298821050749577,-0.2821694075256209,-0.18111491203308105,0.7127020359039307,0.5097695589065552,0.3814220428466797,-0.9239168167114258,0.007933416403830051,0.028844082728028297
32.774867475653856,-1.0784887768081213,-1.8077486887255863,-1.7144054855349342,-4.340524623310038,-1.619632441756517,-0.29199320941752566,-0.17449656128883362,0.7200908064842224,0.5099928379058838,0.3819607198238373,-0.9238457083702087,0.0067668212577700615,0.02385837212204933
32.97329608785626,-1.087301086745785,-1.8126812390600635,-1.7072573294425883,-4.341967564433179,-1.6094158980715447,-0.301785267757685,-0.16777890920639038,0.7273882627487183,0.5102275013923645,0.3824840784072876,-0.9237518310546875,0.005696967709809542,0.018869372084736824
33.17191305073616,-1.0960940707095892,-1.8176029719880378,-1.7001248497255361,-4.343407341091767,-1.5992217599371699,-0.31155585147145765,-0.16095669567584991,0.7346006631851196,0.5104733109474182,0.38299256563186646,-0.9236351251602173,0.004722467623651028,0.013873451389372349
33.37021913814065,-1.1048461218004526,-1.82250179339139,-1.6930255729447354,-4.344840415339061,-1.5890750772926165,-0.32128095141506113,-0.15404874086380005,0.7417089343070984,0.5107300281524658,0.3834850490093231,-0.9234962463378906,0.0038451466243714094,0.008884546346962452
33.568852082515924,-1.113585794227894,-1.8273936860347653,-1.6859363371882494,-4.346271462685052,-1.5789427458404868,-0.33099229644136613,-0.14703476428985596,0.7487353086471558,0.510998010635376,0.38396337628364563,-0.923335075378418,0.003061161609366536,0.0038878729101270437
33.92373772104948,-1.1222858806843763,-1.8322634210604811,-1.678879211820695,-4.347696028163542,-1.5688563083485645,-0.3406596543474015,-0.139938622713089,0.7556566596031189,0.5112764239311218,-0.3844259977340698,0.9231520295143127,-0.0023726376239210367,0.0010994663462042809
34.2832123323486,-1.1300303113365897,-1.8397772483143233,-1.6683947476204344,-4.349810472801665,-1.5662854284881367,-0.2803910202217665,-0.1365022212266922,0.7636271715164185,0.5114634037017822,-0.35281822085380554,0.9356870651245117,-0.0018133652629330754,0.002408467000350356
34.873115707456556,-1.1363244810740116,-1.851325704055299,-1.6526799284766294,-4.352977723611992,-1.5751643128848283,-0.11351244249389184,-0.13868401944637299,0.7733075618743896,0.51143878698349,0.2705726623535156,-0.962695837020874,0.001830575056374073,0.0019161009695380926
35.42998940391476,-1.1426255730695263,-1.86288686065986,-1.636947826348962,-4.356148457729643,-1.584052962180138,0.053549666443568504,-0.14073330163955688,0.7830166816711426,0.5113315582275391,0.18620645999908447,-0.9824877381324768,0.0025528601836413145,0.006198215298354626
35.997774673187806,-1.1503622803707456,-1.871845104869108,-1.624633017181259,-4.357917814680258,-1.5870554733810311,0.148572736263392,-0.13903431594371796,0.791668713092804,0.5111265182495117,0.1355063021183014,-0.9907430410385132,0.0024806109722703695,0.007744529750198126
36.35378994262129,-1.1601309802311905,-1.877091318414625,-1.6171923026334707,-4.357692355221333,-1.5816846139778415,0.14104557060000986,-0.13206951320171356,0.7987422943115234,0.5108680725097656,0.13440527021884918,-0.9909108877182007,0.0005178000428713858,0.005511438008397818
36.66929348272517,-1.1698436699933497,-1.882307452119374,-1.6097942503804699,-4.357468188463243,-1.5763445490884922,0.1335615629100164,-0.12501701712608337,0.8057059645652771,0.5105998516082764,0.13330283761024475,-0.9910690188407898,-0.001395003986544907,0.0032581407576799393
36.9395229654534,-1.1793761427168794,-1.883041660033009,-1.608421057020175,-4.3555025079383185,-1.5731662786251235,0.14949031254609516,-0.11704860627651215,0.8086367249488831,0.5104287266731262,0.12067346274852753,-0.9926852583885193,-0.0030640552286058664,0.0020791569259017706
37.160433861945044,-1.1886436599164616,-1.8765254854259983,-1.6167931588226179,-4.350713295682595,-1.5734772297926372,0.2033490107213975,-0.10779057443141937,0.805063784122467,0.5104070901870728,0.08928823471069336,-0.9959925413131714,-0.004376342054456472,0.00271909823641181
37.35889976430334,-1.1979348044867295,-1.86999269794743,-1.625186605150077,-4.345911873415191,-1.5737889737246358,0.25734502069219256,-0.09858126193284988,0.8013681769371033,0.5103538036346436,0.057734549045562744,-0.9983099699020386,-0.005664089694619179,0.003420074237510562
37.55736348736681,-1.2072499066410602,-1.863443065417749,-1.6336016943111447,-4.341098070490406,-1.5741015215007037,0.3114802615121202,-0.08942233771085739,0.7975502610206604,0.5102686882019043,0.0260423943400383,-0.9996280670166016,-0.006925215478986502,0.0041817263700068
37.755827955488336,-1.2165893653158075,-1.8568763073369159,-1.6420387866974655,-4.336271680748292,-1.5744148865062726,0.36575705162226985,-0.08031555265188217,0.7936103343963623,0.510151207447052,-0.005757711827754974,-0.9999376535415649,-0.008157629519701004,0.005003475584089756
37.954297191981446,-1.2259536140103613,-1.8502921189029373,-1.6504982739242853,-4.331432480167621,-1.5747290832864622,0.4201779103287617,-0.07126259058713913,0.7895487546920776,0.5100010633468628,-0.03763498738408089,-0.9992303252220154,-0.009359092451632023,0.005884840618818998
38.15276294532813,-1.2353421686718258,-1.8436908404629766,-1.658979718707266,-4.32658071889436,-1.5750440955999414,0.47474002453092706,-0.06226591393351555,0.7853657007217407,0.5098180174827576,-0.06955496221780777,-0.9974992275238037,-0.010527145117521286,0.006824965123087168
38.35122286859549,-1.244755174456405,-1.8370723699548361,-1.6674832521778091,-4.3217163219155506,-1.5753599283171076,0.5294442378122227,-0.05332746356725693,0.7810618281364441,0.5096020698547363,-0.10148484259843826,-0.994737982749939,-0.01165973674505949,0.007823080755770206
38.59312700158036,-1.2475538956865193,-1.8311693239994056,-1.6751708649934218,-4.318465649332437,-1.5754805944942873,0.5722804575835868,-0.04960699751973152,0.7765159606933594,0.5094901919364929,-0.12415003776550293,-0.9921534657478333,-0.012135345488786697,0.008426560088992119
38.92915159851475,-1.2344358273863316,-1.8270183709400782,-1.6808550684381434,-4.319112259821249,-1.5751313994877767,0.5863514415740065,-0.0582023523747921,0.7715732455253601,0.5096893310546875,-0.12462954223155975,-0.9921090602874756,-0.011121518909931183,0.007949339225888252
39.1277973020093,-1.2212203503143648,-1.8228365948029952,-1.6865814801762982,-4.319763671743631,-1.574779611518955,0.6005269102520236,-0.066737599670887,0.7664973735809326,0.5098773837089539,-0.1251121163368225,-0.9920631051063538,-0.010115684010088444,0.0074423495680093765
39.326296191813185,-1.2079361234116237,-1.8186330641427726,-1.6923376819731695,-4.320418472454719,-1.5744259934714162,0.6147761228491936,-0.07519098371267319,0.7612999081611633,0.5100539326667786,-0.12559661269187927,-0.9920153617858887,-0.009120984934270382,0.006906586699187756
39.52465216085477,-1.1945814669947825,-1.8144072474568693,-1.6981244016540384,-4.321076744748779,-1.5740705006330111,0.6291008810634987,-0.08356042951345444,0.7559812664985657,0.5102187395095825,-0.1260831207036972,-0.9919660091400146,-0.008137758821249008,0.00634184991940856
39.72305436074896,-1.181142313061958,-1.810154693204546,-1.7039477350390315,-4.321739182060039,-1.5737127585220783,0.6435162748170784,-0.09185153245925903,0.7505367398262024,0.5103714466094971,-0.12657210230827332,-0.9919148683547974,-0.007166147232055664,0.005747589282691479
39.92167983591719,-1.1676048059999817,-1.805871017051269,-1.7098136859179063,-4.322406467353751,-1.573352398310615,0.6580371662151309,-0.10006918013095856,0.7449617385864258,0.5105122327804565,-0.12706409394741058,-0.991861879825592,-0.006205952260643244,0.005123068578541279
40.120177459122374,-1.1539913880986994,-1.8015633204154449,-1.7157125297993485,-4.323077494413689,-1.5729900173987392,0.6726394827270136,-0.10819611698389053,0.7392661571502686,0.5106407403945923,-0.12755821645259857,-0.9918070435523987,-0.005259468220174313,0.004468989092856646
40.31854680195613,-1.1403001431034234,-1.7972309969362077,-1.721645097017615,-4.323752357695099,-1.5726255647769156,0.6873252798069606,-0.11623021215200424,0.7334510087966919,0.5107563138008118,-0.1280546337366104,-0.9917503595352173,-0.004327800124883652,0.003785485867410898
40.51688855901523,-1.1265230286078103,-1.7928715017532584,-1.7276148724359337,-4.324431453621005,-1.5722588263611745,0.7021031840734887,-0.1241728886961937,0.7275136709213257,0.5108590126037598,-0.12855350971221924,-0.9916918873786926,-0.003411034122109413,0.0030720855575054884
40.71552921474142,-1.1126352532016637,-1.7884769901155526,-1.7336325984453345,-4.3251160041995185,-1.571889142219242,0.716999787821133,-0.1320345103740692,0.7214447259902954,0.510948896408081,-0.12905576825141907,-0.9916314482688904,-0.002508537843823433,0.002327356720343232
40.9140566775219,-1.0986635432215346,-1.7840559190432803,-1.7396866942298914,-4.3258046920469235,-1.5715172237899557,0.7319864232731202,-0.13979603350162506,0.7152571678161621,0.5110248327255249,-0.1295604705810547,-0.991568922996521,-0.0016231482150033116,0.0015527216019108891
41.11248098701401,-1.0846056117550569,-1.7796075648882896,-1.7457781507339156,-4.3264976298887765,-1.5711430101970982,0.7470655434664794,-0.1474553793668747,0.7089515328407288,0.5110873579978943,-0.13006757199764252,-0.9915045499801636,-0.000755706278141588,0.0007481505745090544
41.31022718191309,-1.0708830027261451,-1.7748053940668445,-1.7521885891133877,-4.326870570739308,-1.5714783459032107,0.7614279367626128,-0.15482324361801147,0.7023585438728333,0.5111645460128784,-0.13038499653339386,-0.9914633631706238,0.00015376429655589163,0.00030998120200820267
41.508976169081166,-1.0606180568948136,-1.7672265676035623,-1.7610082258283337,-4.324519051851145,-1.5778022502558977,0.7690765546075552,-0.16052162647247314,0.6942224502563477,0.5114566087722778,-0.12908495962619781,-0.9916271567344666,0.0015984453493729234,0.0031768816988915205
41.70730451509519,-1.0503260790330247,-1.7596277828208546,-1.7698510884513574,-4.322161340399354,-1.584142808176746,0.7767453145627377,-0.16607868671417236,0.686013400554657,0.5117133259773254,-0.12777650356292725,-0.9917798042297363,0.003098126733675599,0.006025255192071199
41.90585613638325,-1.0399730099165814,-1.7519838930736342,-1.7787464406521505,-4.319789634013584,-1.5905210024629062,0.7844595948419624,-0.17151014506816864,0.6777063608169556,0.5119351744651794,-0.12645521759986877,-0.9919217824935913,0.0046583982184529305,0.008863248862326145
42.10434545219107,-1.0295733290780393,-1.7443055889068206,-1.787681841623032,-4.317407249700552,-1.596927912738134,0.7922086064539469,-0.1768055409193039,0.6693147420883179,0.5121210217475891,-0.12512297928333282,-0.9920525550842285,0.006277489475905895,0.011685731820762157
42.30268549561663,-1.0191310714932982,-1.736595849428402,-1.7966538245145736,-4.315015111802403,-1.6033610531830123,0.7999893428568956,-0.1819603145122528,0.6608440279960632,0.5122701525688171,-0.12378019094467163,-0.9921718835830688,0.007955114357173443,0.014490438625216484
42.501343939604,-1.008620748150567,-1.7288358555622472,-1.8056842894739276,-4.312607381233997,-1.609836126761323,0.8078207964267682,-0.18698444962501526,0.6522761583328247,0.5123825073242188,-0.12242361158132553,-0.9922800660133362,0.009695316664874554,0.017283355817198753
42.851659168629844,-0.9980881849872034,-1.7210594415664673,-1.814733862876892,-4.310194555913107,-1.6163249015808105,0.8156688213348389,-0.1918533891439438,0.6436505317687988,0.5124568343162537,-0.1210591048002243,-0.9923762679100037,0.011491227895021439,0.02005077339708805
43.0182029666836,-0.9853755926874648,-1.7228989781023956,-1.7647707234607655,-4.292785103609755,-1.6082025458883364,0.8205618568192148,-0.21680770814418793,0.6708194613456726,0.5351671576499939,-0.11651752144098282,-0.9923325181007385,-0.015953246504068375,0.03801647573709488
43.18474914892315,-0.9724948461344909,-1.7247628131485475,-1.7148068687889013,-4.275145473928317,-1.599972713759567,0.8255195491341809,-0.24206030368804932,0.6966806650161743,0.5597361922264099,-0.11206963658332825,-0.9911552667617798,-0.043165381997823715,0.05646627023816109
43.3512953311627,-0.9593269431546906,-1.7266681926230945,-1.6648430141170374,-4.257112319593239,-1.5915595153093116,0.8305878524549382,-0.26762402057647705,0.7211667895317078,0.5861070156097412,-0.10770075023174286,-0.9888321757316589,-0.07016808539628983,0.07541831582784653
43.51784151340225,-0.9458895677780002,-1.7286125830229275,-1.6148791594451732,-4.238710102171972,-1.5829741627797906,0.8357597046570349,-0.2934021055698395,0.7441746592521667,0.6142581105232239,-0.10343897342681885,-0.9853485822677612,-0.09689383208751678,0.09486834704875946
43.6843876956418,-0.9321644687227274,-1.7305983977638644,-1.5649153047733093,-4.219913264280048,-1.574204867763291,0.8410423776682447,-0.31932124495506287,0.7656136155128479,0.6441538333892822,-0.0993027463555336,-0.9806905388832092,-0.12329550087451935,0.1148175522685051
43.850933877881346,-0.9181454806421149,-1.732626931180064,-1.5149514501014454,-4.200714896121911,-1.5652479290688015,0.8464381144154669,-0.3452916145324707,0.7853925824165344,0.6757552027702332,-0.09531456977128983,-0.9748454093933105,-0.14931635558605194,0.1352633833885193
44.017480060120896,-0.9038185356185284,-1.734700027044855,-1.4649875954295812,-4.181094085891787,-1.5560942495955168,0.8519525004700582,-0.37122511863708496,0.8034266233444214,0.7090158462524414,-0.09149588644504547,-0.9678003787994385,-0.17490267753601074,0.15620450675487518
44.184026242360446,-0.889202244805808,-1.7368148667163652,-1.415023740757717,-4.161077447137209,-1.5467557450460208,0.8575780589124324,-0.3969945013523102,0.819628894329071,0.7438881397247314,-0.08787597715854645,-0.9595489501953125,-0.19998084008693695,0.17762699723243713
44.35057242459999,-0.8742962158630146,-1.7389716749583812,-1.3650598860858532,-4.14066378617816,-1.537232055495262,0.8633151672523205,-0.4224834144115448,0.8339245319366455,0.780312180519104,-0.08447963744401932,-0.9500845074653625,-0.22448746860027313,0.19951945543289185
44.51711860683953,-0.8591082345275403,-1.7411689526091167,-1.3150960314139892,-4.119863327029948,-1.5275282487262563,0.8691606879561283,-0.4475603997707367,0.8462437987327576,0.8182218670845032,-0.08133299648761749,-0.9394044280052185,-0.24835442006587982,0.22186511754989624
44.68366478907908,-0.8436320513259042,-1.74340825884472,-1.265132176742125,-4.098668872123034,-1.5176403017203375,0.8751171677525813,-0.47210267186164856,0.8565272092819214,0.8575411438941956,-0.07845937460660934,-0.9275065064430237,-0.27151933312416077,0.2446485161781311
44.85021097131863,-0.8278887435837722,-1.7456862397514368,-1.2151683220702612,-4.0771087476941155,-1.5075817706964454,0.8811764763770583,-0.49595287442207336,0.8647230863571167,0.8981869220733643,-0.0758863314986229,-0.9143962264060974,-0.293908029794693,0.2678408622741699
45.01675715355818,-0.8118834064134332,-1.7480019850141781,-1.165204467398397,-4.055189286434325,-1.497355801280221,0.8873366334259524,-0.5189655423164368,0.870792031288147,0.9400666356086731,-0.07363758236169815,-0.9000791311264038,-0.3154548406600952,0.2914159595966339
45.18330333579773,-0.7956205361820682,-1.7503550507818884,-1.115240612726533,-4.032917032768463,-1.4869653136140288,0.8935958701231729,-0.5409917831420898,0.8747060894966125,0.9830785393714905,-0.07173601537942886,-0.8845638632774353,-0.3360940217971802,0.31534343957901
45.349849518037274,-0.7791093811683688,-1.7527440060281272,-1.0652767580546691,-4.010304753368544,-1.4764161621945004,0.8999505574579484,-0.5618754625320435,0.8764495849609375,1.0271120071411133,-0.07020382583141327,-0.8678632378578186,-0.35575973987579346,0.3395877182483673
45.516395700276824,-0.7623609316439313,-1.7551672799422628,-1.015312903382805,-3.987367485399891,-1.4657153733053994,0.9063965446739135,-0.5814566016197205,0.8760213255882263,1.0720475912094116,-0.06906236708164215,-0.8499934673309326,-0.37438780069351196,0.3641088306903839
45.682941882516374,-0.7453855114835553,-1.757623490395495,-0.965349048710941,-3.9641193850064713,-1.4548696050808871,0.9129299864991581,-0.5995762944221497,0.8734337687492371,1.1177570819854736,-0.06833117455244064,-0.8309745192527771,-0.39191579818725586,0.38886263966560364
45.849488064755924,-0.728181550447825,-1.7601125592687443,-0.9153851940390769,-3.9405582870261573,-1.4438777963674467,0.91955131653643,-0.6160897612571716,0.8687121868133545,1.1641062498092651,-0.06802742183208466,-0.8108247518539429,-0.4082871079444885,0.41380801796913147
46.016034246995474,-0.7107245160777467,-1.7626384614427644,-0.8654213393672129,-3.9166505674005476,-1.4327242883728513,0.9262700220137593,-0.6308794617652893,0.8618913292884827,1.2109577655792236,-0.0681668221950531,-0.7895568013191223,-0.42344972491264343,0.43891188502311707
46.18258030630544,-0.6930638812561448,-1.765193783241963,-0.8154575215742241,-3.8924639783988866,-1.4214407698294105,0.9330670914125638,-0.6437521576881409,0.8530339598655701,1.2581554651260376,-0.0687662661075592,-0.7672126889228821,-0.43734005093574524,0.4641006290912628
46.34912649963019,-0.6752085441853345,-1.7677771635435964,-0.7654936635768002,-3.868010405391588,-1.41003281443677,0.9399390422493785,-0.6545649170875549,0.8422129154205322,1.3055413961410522,-0.0698382779955864,-0.7438238263130188,-0.4499082565307617,0.4893172085285187
46.515672743853195,-0.6571671407266041,-1.7703874564398512,-0.7155297903098974,-3.843301913364592,-1.3985059402664888,0.9468825911704564,-0.6631830930709839,0.8295155763626099,1.3529527187347412,-0.0713931992650032,-0.7194241881370544,-0.461107462644577,0.5145013332366943
46.682218777271515,-0.6389478338588676,-1.7730236529546586,-0.6655659802844016,-3.818350172668684,-1.3868654357398986,0.9538946789823044,-0.6694821119308472,0.8150445818901062,1.4002206325531006,-0.07343921810388565,-0.6940509080886841,-0.47089532017707825,0.5395901203155518
46.84876495951106,-0.6205227339456572,-1.7756895788177796,-0.6156021256125377,-3.793116403159342,-1.3750934346617427,0.9609858727630584,-0.6733821630477905,0.7989040017127991,1.4471821784973145,-0.07598476111888885,-0.6677268743515015,-0.479232519865036,0.5645381808280945
47.01531127459883,-0.6019205564813491,-1.7783810555499442,-0.5656382310862067,-3.7676400781132915,-1.3632082414976856,0.9681452095038818,-0.6747593879699707,0.7812294960021973,1.493657112121582,-0.07903397083282471,-0.6405020356178284,-0.4860822856426239,0.5892661809921265
47.18185761570865,-0.5831647286168337,-1.7810948992525306,-0.5156743287532608,-3.7419533897039523,-1.3512249551718851,0.9753637348550555,-0.6735111474990845,0.7621691823005676,1.5394632816314697,-0.0825875774025917,-0.6124273538589478,-0.4914155900478363,0.6136958599090576
47.34840387721903,-0.5642623189280568,-1.783829907264014,-0.46571045030014807,-3.716065867920586,-1.3391479955367795,0.9826386626035419,-0.6695657968521118,0.7418779730796814,1.5844213962554932,-0.08664465695619583,-0.583548903465271,-0.495208203792572,0.6377556324005127
47.51494999250743,-0.5452205130990628,-1.786584815072908,-0.41574661571362687,-3.6899871907283006,-1.3269818242234805,0.9899671458895296,-0.6628677248954773,0.7205210328102112,1.6283515691757202,-0.0912022516131401,-0.553914487361908,-0.49744099378585815,0.6613723039627075
47.68149625348656,-0.5260161655109563,-1.7893635978782003,-0.3657827374198884,-3.6636862179313914,-1.3147119612989733,0.9973582886271193,-0.6534029841423035,0.6982613801956177,1.6710834503173828,-0.09625963866710663,-0.5235592126846313,-0.49809280037879944,0.6844875812530518
47.84804251427951,-0.5066789488050942,-1.7921615252416205,-0.3158188591820015,-3.6372031797698576,-1.3023571201415263,1.0048005794859727,-0.6411317586898804,0.6752902269363403,1.7124329805374146,-0.10180653631687164,-0.4925452172756195,-0.49715784192085266,0.7070138454437256
48.01458875340807,-0.4872287598409798,-1.7949757774321913,-0.265854987443435,-3.6105654472358184,-1.2899301037627657,1.0122863733058305,-0.6260436773300171,0.6518018841743469,1.7522224187850952,-0.10783056169748306,-0.460932195186615,-0.4946364462375641,0.7288681864738464
48.18113498576132,-0.46767191816910053,-1.7978054719492944,-0.21589111773746056,-3.583781614363377,-1.2774349378397793,1.019813218841796,-0.6081598997116089,0.6279901266098022,1.7902815341949463,-0.1143188625574112,-0.42877429723739624,-0.490531861782074,0.74997478723526
48.34768124519244,-0.44801460180884534,-1.8006497374878117,-0.1659272399081245,-3.556859990959268,-1.2648755074692668,1.027378701930828,-0.5875214338302612,0.6040511131286621,1.82644522190094,-0.12125647068023682,-0.39612677693367004,-0.4848529100418091,0.7702584266662598
48.51422740793031,-0.4282341223997946,-1.8035118034066813,-0.11596339108676304,-3.5297700104919234,-1.2522373919574916,1.034991656862957,-0.5642050504684448,0.5801712870597839,1.8605620861053467,-0.12863315641880035,-0.3630308210849762,-0.47760096192359924,0.7896577715873718
48.680773585027794,-0.4083721101947435,-1.8063856661938933,-0.06599953795751845,-3.50256825629215,-1.2395472163633314,1.0426359778655137,-0.5382702946662903,0.556561291217804,1.8924704790115356,-0.13642142713069916,-0.3295617401599884,-0.4688100516796112,0.808081328868866
48.84731972470628,-0.3884361954730443,-1.8092702678430972,-0.0160356960539712,-3.4752653656666053,-1.2268097713558235,1.0503087571081717,-0.509818971157074,0.5334156155586243,1.9220266342163086,-0.1445988565683365,-0.2957780361175537,-0.4585076570510864,0.8254557251930237
49.0138658235169,-0.36843263016114225,-1.8121646962305034,0.033928133589215675,-3.4478699492063702,-1.2140290243767677,1.058007614426151,-0.478972852230072,0.5109229683876038,1.9490959644317627,-0.15314120054244995,-0.26173773407936096,-0.4467262029647827,0.8417105674743652
49.18041196205453,-0.3483608405185721,-1.8150689275594492,0.08389197515050455,-3.420381046799482,-1.2012046675197448,1.0657328082288464,-0.4458753168582916,0.4892639219760895,1.9735558032989502,-0.16202452778816223,-0.2274952232837677,-0.4334997236728668,0.8567799925804138
49.346957999650456,-0.32822564199214166,-1.8179824140041587,0.1338557864292822,-3.3928052787726606,-1.1883399445809169,1.073482416698555,-0.41068506240844727,0.4686126708984375,1.99529230594635,-0.17122116684913635,-0.1931079626083374,-0.4188699722290039,0.870597779750824
49.51350431767371,-0.3080486855809048,-1.8209019599292238,0.183819681836257,-3.365172332745015,-1.1754485354470918,1.0812480673810991,-0.3735717236995697,0.44913771748542786,2.014200210571289,-0.18069662153720856,-0.15864193439483643,-0.402895450592041,0.8830949664115906
49.680050609813605,-0.2878362166591934,-1.8238266348158927,0.23378356947822546,-3.337490728660997,-1.1625343503017276,1.0890274098569734,-0.33472734689712524,0.4309910535812378,2.0301899909973145,-0.1904190480709076,-0.1241544857621193,-0.38563069701194763,0.894212007522583
49.84659652314949,-0.2675944439387428,-1.8267555248299003,0.2837473434789915,-3.3097689532427643,-1.1496013110211554,1.0968181002023605,-0.2943582236766815,0.41431117057800293,2.043184757232666,-0.20035511255264282,-0.08970236778259277,-0.3671354651451111,0.9038931727409363
50.0131424728753,-0.2473263839242602,-1.8296882671437043,0.3337111283967332,-3.2820114628817207,-1.1366515977428497,1.104618750190807,-0.25268423557281494,0.39922183752059937,2.0531210899353027,-0.2104710042476654,-0.05534034222364426,-0.34747156500816345,0.9120871424674988
50.17968848318881,-0.22704730165607184,-1.832622651741449,0.38367493149078696,-3.2542390836452286,-1.1236948243924534,1.1124238791692476,-0.20993226766586304,0.38583245873451233,2.0599470138549805,-0.22072763741016388,-0.021127620711922646,-0.32671451568603516,0.9187440276145935
50.34623443303208,-0.20676506733057887,-1.8355574956056506,0.4336387164437681,-3.2264622620296612,-1.110736030237167,1.1202302142538267,-0.1663409024477005,0.3742339015007019,2.063627243041992,-0.23108692467212677,0.012881194241344929,-0.30493903160095215,0.9238208532333374
50.512780305295095,-0.1864857719837381,-1.838491900166076,0.4836024781226717,-3.198689328222849,-1.0977791248642934,1.1280354115202713,-0.12215621769428253,0.36449939012527466,2.0641391277313232,-0.2415107637643814,0.04663391783833504,-0.28222209215164185,0.927280068397522
50.679326177517474,-0.16621729914812394,-1.8414247245667315,0.5335662397893857,-3.170931383169191,-1.0848291807809904,1.135836683503749,-0.07762853801250458,0.3566837012767792,2.0614748001098633,-0.2519594430923462,0.08007849752902985,-0.25864577293395996,0.9290889501571655
50.845872049638295,-0.14597480256733658,-1.8443538083254292,0.5835300014256315,-3.143209095310256,-1.0718957154365898,1.1436277998967226,-0.033009886741638184,0.3508220613002777,2.055640459060669,-0.2623898983001709,0.11316166818141937,-0.23430179059505463,0.9292193055152893
51.01241822626352,-0.125761428149506,-1.8472786934202592,0.6334938544131999,-3.115526768788692,-1.0589808685583442,1.1514077007564976,0.011444523930549622,0.3469308316707611,2.0466558933258057,-0.27276307344436646,0.14583735167980194,-0.20927411317825317,0.9276507496833801
51.178964505646384,-0.10558336317974532,-1.8501985250523774,0.6834577382280584,-3.087892912183155,-1.0460886062771142,1.159174059029951,0.05548135191202164,0.3450077772140503,2.0345544815063477,-0.2830387353897095,0.17806002497673035,-0.18365181982517242,0.9243676662445068
51.345510658644756,-0.08544684084475301,-1.8531124236630026,0.733421584127571,-3.0603160558922755,-1.0332229008554987,1.1669245031389919,0.09885057806968689,0.3450319170951843,2.019383668899536,-0.2931763529777527,0.20978595316410065,-0.15752558410167694,0.9193601012229919
51.51205653011395,-0.06537364192522939,-1.8560171319858987,0.7833853455683294,-3.0328257456629197,-1.0203975638276641,1.1746505648516126,0.14131182432174683,0.34695953130722046,2.001203775405884,-0.303129643201828,0.24096761643886566,-0.13100209832191467,0.9126256108283997
51.67860252815229,-0.045368403349094144,-1.8589119689902673,0.8333491449798296,-3.0054286979321074,-1.0076156509429812,1.1823504628165884,0.18262746930122375,0.3507324755191803,1.9800878763198853,-0.31285908818244934,0.27156636118888855,-0.10417346656322479,0.9041673541069031
51.84514863855812,-0.02543069098250942,-1.8617970224292653,0.8833129781015803,-2.9781241507494074,-0.9948769119931695,1.1900243937264916,0.22256845235824585,0.3562779426574707,1.9561188220977783,-0.32232803106307983,0.3015482723712921,-0.07712733000516891,0.8939935564994812
52.01169490277042,-0.005566750853779156,-1.8646713953417005,0.9332768573652694,-2.950920585557757,-0.9821853327143483,1.1976699500935788,0.26091712713241577,0.36350560188293457,1.929391860961914,-0.33149778842926025,0.33087843656539917,-0.049957454204559326,0.8821183443069458
52.178241397041454,0.01421571146463059,-1.867533972205437,0.9832408056465795,-2.9238285140863653,-0.9695458108553179,1.2052841424446685,0.29746896028518677,0.3723098039627075,1.9000122547149658,-0.340329647064209,0.3595238924026489,-0.022758834064006805,0.8685621619224548
52.34478789188027,0.03387515490594237,-1.8703788433086348,1.0332047540982252,-2.8969051583884955,-0.9569848746726777,1.2128509605359303,0.3320445418357849,0.38255447149276733,1.8681005239486694,-0.3487732410430908,0.38744333386421204,0.004342248663306236,0.8533614873886108
52.51133438719987,0.053434167402281824,-1.87320914669035,1.0831687026941044,-2.870119176854825,-0.9444881263053699,1.2203791474758972,0.36445939540863037,0.3941201865673065,1.8337764739990234,-0.356804221868515,0.4146195948123932,0.03128200024366379,0.8365421295166016
52.677880600641124,0.07288654906784836,-1.8760240052559194,1.133132566726481,-2.8434793358416863,-0.9320594926253057,1.227866296988869,0.39455288648605347,0.40686488151550293,1.7971718311309814,-0.3643883466720581,0.44102731347084045,0.05797073245048523,0.8181414604187012
52.844426526724,0.09222595920309115,-1.878822519121413,1.1830963445513434,-2.8169943908195405,-0.9197030118970208,1.2353099626332757,0.4221811890602112,0.42063701152801514,1.758424997329712,-0.37149274349212646,0.46664389967918396,0.08432064950466156,0.7982020974159241
53.01097270896355,0.11143231229964573,-1.881601795387938,1.2330601992232073,-2.7906915182804393,-0.9074315443454326,1.2427024368722137,0.44722479581832886,0.4352691173553467,1.71768319606781,-0.3780813217163086,0.4914458096027374,0.11023403704166412,0.7767778635025024
53.1775188912031,0.13047630006907868,-1.884357580964013,1.2830240538950717,-2.76461097763872,-0.8952638385982227,1.250032473631339,0.469587504863739,0.4505811929702759,1.6751022338867188,-0.3841167092323303,0.5154101252555847,0.1356077343225479,0.7539344429969788
53.34406507344265,0.14938083070070154,-1.8870931830287454,1.3329879085669356,-2.7387213452239805,-0.883185255144824,1.2573087215654803,0.4891664385795593,0.4664197862148285,1.6308304071426392,-0.3895822763442993,0.5385294556617737,0.1603902131319046,0.7297167778015137
53.51061138707214,0.16813872479001474,-1.889807545922508,1.3829518026557817,-2.7130324629976577,-0.871200377820461,1.2645285309005396,0.5058901309967041,0.4826115369796753,1.5850255489349365,-0.3944522440433502,0.5607904195785522,0.18450534343719482,0.7041869163513184
53.677157835286046,0.1867428930981774,-1.8924996713888442,1.432915737119953,-2.6875540796392148,-0.8593137279928339,1.2716892444554648,0.5197049975395203,0.49898162484169006,1.5378490686416626,-0.3987029194831848,0.582181990146637,0.20788076519966125,0.6774109601974487
53.843704017525596,0.20516958774627714,-1.8951662848471253,1.482879591791817,-2.662318820183471,-0.8475404586377627,1.2787815834913294,0.530585765838623,0.5153446197509766,1.4894667863845825,-0.4023078680038452,0.6026924848556519,0.23043422400951385,0.6494690775871277
54.010249902394236,0.22339065047310086,-1.897802857178385,1.5328433572524087,-2.6373650107133098,-0.8358985406580943,1.285794754392051,0.5385306477546692,0.5315137505531311,1.440047264099121,-0.40524211525917053,0.6223129630088806,0.2520858645439148,0.620449960231781
54.17679598464039,0.24143369074916457,-1.9004137081762698,1.5828071819262557,-2.612655148762345,-0.8243704129832595,1.2927393330028367,0.5435167551040649,0.547341525554657,1.3897464275360107,-0.407499760389328,0.6410451531410217,0.272806316614151,0.5904080271720886
54.343342166879935,0.2592905065766294,-1.9029976989195903,1.6327710365981196,-2.5882003349889704,-0.8129612676018213,1.2996122327966695,0.5455596446990967,0.5626619458198547,1.3387279510498047,-0.4090662896633148,0.6588864326477051,0.29254069924354553,0.5594224333763123
54.50988826810011,0.2769524328343333,-1.905553533289577,1.6827348669641722,-2.5640122933419156,-0.8016766273780752,1.3064101889312068,0.5446909666061401,0.577314019203186,1.2871543169021606,-0.4099290370941162,0.6758356094360352,0.3112383782863617,0.5275747776031494
54.67643413399473,0.29441054750062734,-1.9080798044784353,1.7326986267325584,-2.5401031946705808,-0.790522246920458,1.3131297937285091,0.5409570932388306,0.5911435484886169,1.235186219215393,-0.4100778102874756,0.691893994808197,0.32885390520095825,0.4949483573436737
54.842980316234275,0.31161513833644017,-1.9105694017346588,1.7826624814044223,-2.51654161512644,-0.7795298578655876,1.319751601915077,0.5344520211219788,0.6039793491363525,1.1829895973205566,-0.409496545791626,0.7070614099502563,0.3453195095062256,0.4616612493991852
55.00952649847382,0.3285912029328757,-1.9130259345252194,1.8326263360762862,-2.493292609014796,-0.7686834781658091,1.3262854741411028,0.5252224802970886,0.6157054901123047,1.1307129859924316,-0.4081887900829315,0.7213461995124817,0.36062610149383545,0.42777368426322937
55.176072905760336,0.3453400809388649,-1.9154495645983158,1.8825902582622411,-2.4703546017733027,-0.7579822279128032,1.3327319588463165,0.5133436322212219,0.6262001395225525,1.0785061120986938,-0.4061543643474579,0.7347548007965088,0.3747515380382538,0.3933640718460083
55.342619430727645,0.3618514199942326,-1.9178388612362642,1.9325542157524338,-2.447741935671228,-0.747432781378701,1.3390869995062953,0.49891048669815063,0.6353442668914795,1.0265171527862549,-0.40339288115501404,0.7472944259643555,0.38767072558403015,0.3585200011730194
55.50916571978945,0.37811425463410697,-1.9201922159678824,1.9825181024709757,-2.425469687976907,-0.7370421660667837,1.3453463444628346,0.4820283353328705,0.6430295705795288,0.9748907089233398,-0.39990636706352234,0.7589737772941589,0.3993638753890991,0.32332950830459595
55.67571162479631,0.39411934863467635,-1.9225082098382102,2.032481873973032,-2.403550457958366,-0.7268162250485763,1.3515065093820515,0.4628086984157562,0.6491599678993225,0.9237655401229858,-0.3956998288631439,0.769802987575531,0.409818172454834,0.28787851333618164
55.84225780703585,0.40986210242692034,-1.9247862512172278,2.082445728644896,-2.3819904389093276,-0.7167578426415125,1.3575657942278951,0.4413652718067169,0.6536532640457153,0.8732755780220032,-0.39078080654144287,0.7797930240631104,0.41902780532836914,0.2522476017475128
56.00880398927539,0.42533758380713954,-1.927025433379121,2.13240958331676,-2.360796245838184,-0.7068702702659703,1.3635220175540417,0.4178175926208496,0.6564379930496216,0.8235493898391724,-0.38515904545783997,0.7889559268951416,0.42699146270751953,0.21651625633239746
56.17535017151494,0.4405242691837824,-1.9292230059430373,2.182373437988624,-2.3399973845170208,-0.6971671716640182,1.3693671028169094,0.3923049867153168,0.657447874546051,0.7747129201889038,-0.37884482741355896,0.7973050475120544,0.4337058961391449,0.18077723681926727
56.34189709418918,0.4554291839992517,-1.9313798366982238,2.232337514790895,-2.3195846543784597,-0.6876442039263648,1.3751037899233087,0.3649435043334961,0.6566405892372131,0.726882815361023,-0.3718533217906952,0.8048534393310547,0.4391847550868988,0.1450956016778946
56.508443330722635,0.4700441042582874,-1.9334946617688704,2.282301385750931,-2.299569180533415,-0.6783064997780757,1.3807287915736937,0.3358655869960785,0.6539785265922546,0.680172860622406,-0.36419984698295593,0.8116152882575989,0.4434391260147095,0.10954755544662476
56.674988724539375,0.4843695672468911,-1.9355675286027214,2.332265003895953,-2.2799496054053554,-0.6691536678932472,1.3862424170949408,0.30519670248031616,0.6494384407997131,0.634690523147583,-0.355901837348938,0.817604660987854,0.44648727774620056,0.07419843226671219
56.84153498173831,0.4983867210368526,-1.9375959309247803,2.3822288810556342,-2.2607523480818457,-0.6601978611908323,1.391637287898989,0.2730807662010193,0.6430020332336426,0.590538501739502,-0.34697768092155457,0.822837769985199,0.4483451843261719,0.039128705859184265
57.00808164977624,0.5121098903479742,-1.9395816132786363,2.4321928814670124,-2.241957948712622,-0.651429934055361,1.396919077537942,0.23963063955307007,0.6346713304519653,0.5478126406669617,-0.33744803071022034,0.8273276686668396,0.44904157519340515,0.0043853833340108395
57.17462726495222,0.525544885473283,-1.9415256492569382,2.4821565660198077,-2.2235579528579805,-0.6428461609986413,1.40208995636932,0.2049664407968521,0.624454140663147,0.5066050887107849,0.3273336887359619,-0.8310886025428772,-0.44860410690307617,0.029979592189192772
57.34117424165942,0.5387105495010126,-1.943430668945762,2.5321206590319663,-2.205526717606654,-0.6344344023343915,1.4071570790612598,0.16919539868831635,0.6123681664466858,0.46700185537338257,0.3166554868221283,-0.8341320157051086,-0.4470638036727905,0.063929483294487
57.5077189746244,0.5515884216843019,-1.9452940876915696,2.5820840789214627,-2.18788961519381,-0.6262065535989815,1.4121134473673602,0.13245806097984314,0.5984340906143188,0.42908617854118347,0.30543601512908936,-0.8364744782447815,-0.44444704055786133,0.09739583730697632
57.674265016942265,0.5642983913421631,-1.9471330642700195,2.6320478916168213,-2.1704823970794678,-0.618086040019989,1.417005181312561,0.09477152675390244,0.5826902389526367,0.39293530583381653,0.2936892509460449,-0.8381127119064331,-0.4407942593097687,0.13043737411499023
57.83827077332044,0.5547698028848679,-1.9263871168927371,2.6319283233245367,-2.139344903148892,-0.6035748959770292,1.3678034543991089,0.0971834659576416,0.5827088356018066,0.3840580880641937,0.2971287667751312,-0.8323763012886047,-0.4461285173892975,0.14083150029182434
58.002278119155804,0.5453506387645389,-1.9058788267769085,2.631810361523895,-2.108362445509659,-0.5892327731728068,1.3186012506484985,0.09948402643203735,0.5826183557510376,0.3755916953086853,0.3000919222831726,-0.8263725638389587,-0.4520809054374695,0.1505858451128006
58.16628546499117,0.5359588437765384,-1.8854294834219136,2.6316934893172017,-2.0774181125989184,-0.5749336893446771,1.2693990468978882,0.10173533856868744,0.5824481248855591,0.36746981739997864,0.302465558052063,-0.8201428651809692,-0.45863863825798035,0.159783735871315
58.330292810826535,0.5265842115393674,-1.8650170952278926,2.631576564506377,-2.046500684073482,-0.5606613709360627,1.2201968431472778,0.10396111011505127,0.5822128057479858,0.35967540740966797,0.3042360842227936,-0.8137239813804626,-0.46576160192489624,0.1684037297964096
58.4943001566619,0.5172203258201723,-1.8446268783230348,2.63145990172673,-2.0156004994800742,-0.5464053799027022,1.1709946393966675,0.10618074983358383,0.5819238424301147,0.3521915674209595,0.30539485812187195,-0.8071520924568176,-0.4734068512916565,0.17642414569854736
58.658307502497266,0.5078633667863154,-1.8242509231837916,2.631343723743602,-1.9847116591414145,-0.532160231030509,1.1217924356460571,0.10841194540262222,0.581591010093689,0.34500253200531006,0.30593881011009216,-0.8004631996154785,-0.48152846097946167,0.18382173776626587
58.82231484833263,0.4985116877013929,-1.8038856104486856,2.6312276681748665,-1.9538308544518808,-0.5179227153409205,1.0725902318954468,0.11067010462284088,0.5812223553657532,0.33809369802474976,0.30586984753608704,-0.7936925888061523,-0.49007895588874817,0.19057375192642212
58.986322194168,0.4891641633879611,-1.7835280307804295,2.631111630493437,-1.9229558209962883,-0.5036902668069256,1.0233880281448364,0.11296970397233963,0.5808247923851013,0.3314493000507355,0.3051919937133789,-0.7868750095367432,-0.49900925159454346,0.1966601014137268
59.15032954000336,0.4798189643766389,-1.763174666338122,2.6309957660555736,-1.8920839703513044,-0.4894604234579279,0.9741858243942261,0.1153242439031601,0.5804036855697632,0.3250526487827301,0.30391067266464233,-0.7800449728965759,-0.5082695484161377,0.20206478238105774
59.31433688583873,0.47047501951500253,-1.7428233284177357,2.6308801540214133,-1.8612142668235179,-0.47523167249320714,0.9249836206436157,0.11774572730064392,0.5799634456634521,0.3188868463039398,0.30203425884246826,-0.7732357382774353,-0.5178090929985046,0.20677362382411957
59.47834423167409,0.46113155494443875,-1.722472650253313,2.6307646331436283,-1.8303461300624124,-0.46100258341297806,0.8757814168930054,0.12024517357349396,0.5795069932937622,0.3129343092441559,0.29957354068756104,-0.7664804458618164,-0.5275764465332031,0.21077589690685272
59.64235157750946,0.45178775603671667,-1.702121148578695,2.6306492902158918,-1.799478433521107,-0.4467718576592158,0.826579213142395,0.12283214181661606,0.5790365934371948,0.3071778118610382,0.2965408265590668,-0.7598108053207397,-0.5375198721885681,0.21406422555446625
59.806358923344824,0.4424427044163303,-1.6817666994126452,2.6305338910043927,-1.7686098812455024,-0.43253829784281467,0.7773770093917847,0.12551508843898773,0.5785530209541321,0.30159884691238403,0.2929497957229614,-0.7532578706741333,-0.5475873351097107,0.21663540601730347
59.97036626918019,0.43309540852101286,-1.661407500598567,2.6304184093713245,-1.7377388278920158,-0.41830073868657525,0.7281748056411743,0.12830090522766113,0.5780563950538635,0.2961790859699249,0.288815975189209,-0.7468518614768982,-0.5577274560928345,0.21848972141742706
60.134373615015555,0.4237443258240638,-1.641040899346512,2.6303028616518005,-1.7068635973355064,-0.40405720952031915,0.678972601890564,0.13119521737098694,0.5775455236434937,0.2908996343612671,0.28415533900260925,-0.7406214475631714,-0.5678889155387878,0.21963077783584595
60.29838096085092,0.41438793059501694,-1.6206633872051637,2.630186976289605,-1.6759808376112415,-0.3898056895966764,0.6297703981399536,0.13420282304286957,0.577018678188324,0.28574138879776,0.27898508310317993,-0.734594464302063,-0.5780215859413147,0.22006668150424957
60.462388306686286,0.40502434013821365,-1.6002707670303713,2.6300712737636576,-1.6450866644956768,-0.3755436012192891,0.5805681943893433,0.13732664287090302,0.5764732956886292,0.2806856334209442,0.27332255244255066,-0.7287973165512085,-0.5880758762359619,0.219808891415596
60.62639565252165,0.3956499322673958,-1.579855538107312,2.6299553257032726,-1.6141749358367738,-0.3612657260867151,0.5313659906387329,0.14056944847106934,0.5759059190750122,0.275712251663208,0.2671835124492645,-0.7232555150985718,-0.598004162311554,0.21887309849262238
60.79040307584721,0.38625793600217256,-1.5594033793745425,2.629838869114297,-1.583236268116624,-0.3469625126350653,0.4821637636410648,0.14393529295921326,0.5753130316734314,0.27080050110816956,0.2605789303779602,-0.7179933786392212,-0.6077613234519958,0.21727943420410156
60.95441034419238,0.37683744991047935,-1.5388918699653786,2.629722093869799,-1.5522593863063656,-0.3326180716101878,0.4329615831375122,0.14743053913116455,0.5746908187866211,0.26592743396759033,0.2535138726234436,-0.7130346298217773,-0.6173048615455627,0.21505114436149597
61.1184170939813,0.3673051595687866,-1.5181430578231812,2.629603862762451,-1.5211265087127686,-0.3181068003177643,0.3837595582008362,0.15111005306243896,0.5740376114845276,0.26103103160858154,0.24584563076496124,-0.7084125280380249,-0.6266245245933533,0.2122577726840973
61.28132702889938,0.3670568202306971,-1.5132286672474327,2.6281888364445565,-1.514383038535531,-0.320853305647916,0.3348865777254105,0.15074706077575684,0.5735328197479248,0.2595992386341095,0.26051926612854004,-0.7024617791175842,-0.6309521198272705,0.20143623650074005
61.44423865261574,0.36680860242224234,-1.5083151751823192,2.6267739462650375,-1.5076411868669028,-0.3235993041986999,0.2860130906105042,0.15037722885608673,0.5730235576629639,0.25818881392478943,0.27504658699035645,-0.696186363697052,-0.6351175904273987,0.19052432477474213
61.60715027633209,0.36656044186284664,-1.5034018371267373,2.625359007933449,-1.500899916499234,-0.3263449475327378,0.23713960349559782,0.150000661611557,0.5725097060203552,0.2567998170852661,0.2894189655780792,-0.6895901560783386,-0.6391189098358154,0.17952443659305573
61.77006190004845,0.36631227854556464,-1.4984886286251056,2.623943989219666,-1.4941580887596806,-0.3290905354198633,0.18826611638069152,0.14961785078048706,0.5719916224479675,0.2554321885108948,0.30362841486930847,-0.682677149772644,-0.6429541707038879,0.1684383749961853
61.93297352949195,0.36606401045753034,-1.493574956709497,2.622528905062256,-1.4874155076407323,-0.33183635599537065,0.1393926275476394,0.1492290049791336,0.5714691877365112,0.2540859282016754,0.3176673650741577,-0.6754515171051025,-0.6466214656829834,0.15726803243160248
62.09588517231642,0.365815758571589,-1.488660846976972,2.6211133009069902,-1.4806723605472545,-0.33458249960879355,0.09051913470029826,0.1488344669342041,0.5709426403045654,0.25276097655296326,0.33152830600738525,-0.6679174900054932,-0.6501189470291138,0.14601507782936096
62.25879676661923,0.3655674491957197,-1.4837461895984876,2.619697384945645,-1.4739284036211502,-0.33732895348575387,0.04164565640945734,0.1484348475933075,0.5704120993614197,0.251457542181015,0.34520387649536133,-0.6600797772407532,-0.6534446477890015,0.13468103110790253
62.4217083956405,0.36531908860266304,-1.4788309538363407,2.6182814100672522,-1.467183398270255,-0.34007565746649315,-0.007227832296924669,0.14802983403205872,0.569877564907074,0.250175416469574,0.35868656635284424,-0.6519430875778198,-0.6565966606140137,0.1232679933309555
62.58462004020672,0.3650707246376093,-1.4739150007157424,2.6168653852228325,-1.460437336781075,-0.34282268743600236,-0.05610132566679123,0.14761990308761597,0.5693392753601074,0.24891473352909088,0.37196922302246094,-0.6435123085975647,-0.6595730185508728,0.1117776408791542
62.74753168592087,0.3648222772913162,-1.4689982185503927,2.6154492057309864,-1.4536898689672335,-0.34557012179667385,-0.1049748193810344,0.14720562100410461,0.5687972903251648,0.24767546355724335,0.3850448429584503,-0.6347926259040833,-0.662371814250946,0.10021183639764786
62.91044327880346,0.364573774395051,-1.4640805666175076,2.614032759684501,-1.4469412362696632,-0.3483180967266129,-0.1538482972458118,0.14678719639778137,0.5682516694068909,0.2464575618505478,0.3979065716266632,-0.6257892847061157,-0.6649909615516663,0.08857240527868271
63.07335496026753,0.3643252399414797,-1.459162032169351,2.6126159539361598,-1.44019148216401,-0.35106656550152116,-0.20272180168503282,0.14636489748954773,0.5677027702331543,0.2452612817287445,0.4105479121208191,-0.6165078282356262,-0.6674284338951111,0.07686129957437515
63.23626654758481,0.36407666349425727,-1.4542426674301994,2.6111988975600475,-1.4334404757335752,-0.35381543055390136,-0.25159527788021735,0.14593932032585144,0.5671504735946655,0.24408641457557678,0.42296215891838074,-0.6069539785385132,-0.6696823239326477,0.06508032977581024
63.39917807871775,0.3638280878404749,-1.4493226053182364,2.609781489060536,-1.4266883897959561,-0.35656465620209227,-0.30046873722010065,0.1455107182264328,0.566595196723938,0.24293331801891327,0.43514296412467957,-0.597133457660675,-0.6717504858970642,0.05323142558336258
63.562089611082044,0.3635795065554469,-1.444401867627881,2.608363829433767,-1.4199352575617106,-0.3593142352842183,-0.3493421969293872,0.14507931470870972,0.5660369396209717,0.24180184304714203,0.4470840394496918,-0.5870521664619446,-0.6736308932304382,0.04131666570901871
63.725001185962554,0.36333089503499805,-1.4394804218469481,2.606945781394058,-1.4131810192378111,-0.3620641670542713,-0.3982156693935395,0.14464572072029114,0.5654758810997009,0.24069197475910187,0.4587794244289398,-0.5767163634300232,-0.6753213405609131,0.029337994754314423
63.88791284148429,0.3630822718504559,-1.434558301177,2.6055273143566353,-1.406425781458609,-0.3648144627781071,-0.44708916605005916,0.1442100554704666,0.5649121403694153,0.2396036833524704,0.4702231287956238,-0.5661323666572571,-0.676819920539856,0.017297808080911636
64.05082453273634,0.3628336470050745,-1.4296356173900289,2.604108668744526,-1.3996697355724528,-0.36756508344942285,-0.49596267342567446,0.14377287030220032,0.5643458366394043,0.2385372370481491,0.4814095199108124,-0.5553064346313477,-0.678124189376831,0.005198116879910231
64.2137361564527,0.36258496020617703,-1.424712508213002,2.6026897333144317,-1.392912947488302,-0.3703158814231774,-0.5448361605405808,0.14333415031433105,0.5637770891189575,0.2374924123287201,-0.49233293533325195,0.5442454814910889,0.6792324185371399,0.006958797108381987
64.37664778016905,0.36233627333256835,-1.4197890973831973,2.601270819287788,-1.3861556932681802,-0.373066832313767,-0.5937096476554871,0.14289438724517822,0.5632060766220093,0.23646919429302216,-0.5029880404472351,0.5329560041427612,0.6801421046257019,0.01917056366801262
64.53955922694625,0.36208753364731555,-1.4148656919007343,2.599851694475257,-1.3793983402236587,-0.37581785983915106,-0.6425830816886493,0.14245429635047913,0.5626330375671387,0.23546788096427917,-0.5133699774742126,0.5214449763298035,0.6808511018753052,0.031435251235961914
64.70247067330664,0.36183879343725606,-1.4099421117693782,2.5984325450569767,-1.372640693123323,-0.37856887997064204,-0.6914565155967651,0.14201368391513824,0.5620578527450562,0.23448801040649414,-0.52347332239151,0.5097193121910095,0.6813573241233826,0.04374973103404045
64.86538211891704,0.36159001173953287,-1.4050185273694518,2.5970136735060168,-1.365883141366622,-0.38131990644187125,-0.7403299492798856,0.14157283306121826,0.5614808201789856,0.23353001475334167,-0.5332933664321899,0.4977862536907196,0.6816585659980774,0.05611176788806915
65.02829379456736,0.3613412146233268,-1.4000951002316266,2.595594835060961,-1.359125721055408,-0.38407092659908804,-0.7892034519749814,0.1411324143409729,0.5609020590782166,0.23259337246418,-0.5428257584571838,0.485652893781662,0.681752622127533,0.06851878017187119
65.19120559902828,0.3610924069292683,-1.395171868358414,2.5941760947950283,-1.352368689548727,-0.38682187721661515,-0.8380769933132564,0.1406928300857544,0.5603216886520386,0.2316785454750061,-0.5520660281181335,0.47332650423049927,0.681637167930603,0.080967977643013
65.35411732378502,0.36084358837468417,-1.3902489941684977,2.5927576232647387,-1.3456122446221215,-0.38957265313239736,-0.8869505107402802,0.14025390148162842,0.5597398281097412,0.23078513145446777,-0.5610096454620361,0.46081483364105225,0.68131023645401,0.09345651417970657
65.51702894750137,0.3605947770330336,-1.3853267400483766,2.5913393494091053,-1.338856588022069,-0.39232316172444637,-0.9358239978551866,0.13981659710407257,0.5591566562652588,0.22991327941417694,-0.5696532130241394,0.44812512397766113,0.6807694435119629,0.10598164796829224
65.67994051353027,0.3603459889586528,-1.3804052021233755,2.589921133260532,-1.3321020138325828,-0.3950733477129134,-0.9846974676638537,0.1393810361623764,0.5585724115371704,0.22906307876110077,-0.5779926180839539,0.43526512384414673,0.6800125241279602,0.11854051053524017
65.84285199625194,0.3600972180814067,-1.3754843589401475,2.5885031411090824,-1.3253484629749035,-0.39782316597656764,-1.0335709124803545,0.13894763588905334,0.5579872131347656,0.228234201669693,-0.586024284362793,0.42224252223968506,0.67903733253479,0.13112983107566833
66.00576361996829,0.3598484871982853,-1.3705643027119025,2.5870854772074208,-1.3185958129387825,-0.4005726306752544,-1.0824443995952606,0.13851642608642578,0.5574009418487549,0.22742684185504913,-0.593744695186615,0.4090653955936432,0.6778420209884644,0.1437463015317917
66.16867524368465,0.35959983541778096,-1.3656449272423916,2.5856681709435185,-1.3118443670991757,-0.40332177844054123,-1.131317886710167,0.1380879431962967,0.5568140149116516,0.22664065659046173,-0.6011508107185364,0.39574140310287476,0.6764242053031921,0.156386598944664
66.331586867401,0.3593512131287318,-1.3607261906932793,2.5842512756534046,-1.3050941245325147,-0.4060705569809794,-1.1801913738250733,0.13766232132911682,0.556226372718811,0.225875586271286,-0.6082394123077393,0.38227856159210205,0.6747820377349854,0.16904734075069427
66.49449849111735,0.35910259652001814,-1.3558082654712815,2.5828345073426426,-1.2983450715016223,-0.4088189441399538,-1.2290648609399797,0.13724017143249512,0.5556382536888123,0.22513164579868317,-0.6150078773498535,0.368685245513916,0.6729133725166321,0.18172498047351837
66.65741011483371,0.3588540251802577,-1.350891228743651,2.581418018415598,-1.2915972565929903,-0.41156688926760776,-1.277938348054886,0.1368216872215271,0.5550497770309448,0.22440862655639648,-0.6214537024497986,0.3549692630767822,0.6708163022994995,0.19441604614257812
66.82032173855006,0.3586054327672409,-1.3459750681903646,2.580001332986162,-1.2848507036374968,-0.414314336946511,-1.3268118351697922,0.1364077627658844,0.5544611215591431,0.2237066626548767,-0.6275745630264282,0.3411388397216797,0.6684885621070862,0.20711691677570343
66.98323336226642,0.3583569312901802,-1.3410598781747287,2.578585503677755,-1.278105223570768,-0.4170611710129679,-1.3756853222846985,0.13599783182144165,0.5538723468780518,0.2230255901813507,-0.633368194103241,0.3272024095058441,0.6659286022186279,0.21982358396053314
67.14614498598277,0.3581085081023714,-1.3361455318490425,2.5771696655272494,-1.2713607458599865,-0.4198075758741383,-1.4245588093996049,0.13559255003929138,0.5532835721969604,0.22236506640911102,-0.6388325691223145,0.31316813826560974,0.6631345152854919,0.23253190517425537
67.30905660969913,0.35786003576881964,-1.3312318946803263,2.5757539317860982,-1.2646171282830045,-0.4225538949693745,-1.4734322965145112,0.13519251346588135,0.5526947379112244,0.22172535955905914,-0.6439663171768188,0.2990443706512451,0.6601045727729797,0.24523814022541046
67.47196823341548,0.3576115793730517,-1.3263184857436818,2.5743381311242133,-1.2578737047229207,-0.4253002318958006,-1.5223057836294176,0.13479763269424438,0.5521061420440674,0.22110599279403687,-0.6487674117088318,0.2848396599292755,0.6568374037742615,0.25793755054473877
67.63487787031035,0.3573632538318634,-1.321405053138733,2.572922706604004,-1.2511298656463623,-0.4280465841293335,-1.571178674697876,0.13440802693367004,0.5515177249908447,0.2205066680908203,-0.6532344818115234,0.2705627679824829,0.6533315777778625,0.27062565088272095
67.80108418759889,0.3533390022123968,-1.3237830111566589,2.5781339557942418,-1.2539636273526682,-0.43207114153126874,-1.6210405698844366,0.13208001852035522,0.5487675070762634,0.22036536037921906,-0.6597759127616882,0.254194051027298,0.6463826894760132,0.2868284583091736
67.9672921936857,0.3493401455482982,-1.3261554533357205,2.5833083258549663,-1.2567856681054572,-0.4360701717736551,-1.6709029717104775,0.12975214421749115,0.5460593700408936,0.22022823989391327,-0.6659122109413147,0.237662211060524,0.639026403427124,0.3028576970100403
68.1335001997725,0.34529063656821374,-1.32854389823785,2.5885603902641634,-1.2596328829435026,-0.4401199225886092,-1.7207653735365187,0.12736377120018005,0.5433361530303955,0.22008605301380157,-0.671625554561615,0.22099190950393677,0.6312829256057739,0.3186904191970825
68.2997082058593,0.3412552538169396,-1.3309382869778514,2.593776207716438,-1.2624820462815665,-0.444155569791378,-1.7706277753625597,0.1249808520078659,0.5406520962715149,0.21994979679584503,-0.6769320964813232,0.20417280495166779,0.6231346726417542,0.3343345522880554
68.46591621194611,0.33727045132311884,-1.3332903766273383,2.5989405103409826,-1.265285287121154,-0.4481405019801183,-1.8204901771886008,0.12259639799594879,0.5380204319953918,0.21981212496757507,-0.6818089485168457,0.187236487865448,0.6146095395088196,0.34976300597190857
68.63212421803291,0.3332719666011631,-1.3356551741166165,2.6041200545169088,-1.2681014699122974,-0.4521391582638218,-1.870352579014642,0.12018810957670212,0.5354041457176208,0.219676211476326,-0.6862645745277405,0.17018085718154907,0.6056991815567017,0.3649764060974121
68.79833222411972,0.3292392586337556,-1.3380439816559164,2.6093392880022632,-1.2709450207042563,-0.4561721015501433,-1.920214980840683,0.11774494498968124,0.5327908396720886,0.21954084932804108,-0.6902961730957031,0.15301631391048431,0.596409022808075,0.37996503710746765
68.96454023020652,0.3251959424975955,-1.3404330953843806,2.614575798278414,-1.2737915847205132,-0.4602156474061966,-1.970077382666724,0.1152731254696846,0.530193567276001,0.2194046676158905,-0.6938955187797546,0.13576054573059082,0.5867522954940796,0.39471474289894104
69.13074823629333,0.32116833365830916,-1.3428163218017926,2.619790821140996,-1.276629476601099,-0.464243395137235,-2.019939784492765,0.11279423534870148,0.5276312232017517,0.2192705273628235,-0.6970651745796204,0.11841835081577301,0.5767285227775574,0.40922048687934875
69.2969562956545,0.317156424883258,-1.3451911549666495,2.62498531278688,-1.2794570685460975,-0.468255475925068,-2.0698022023011147,0.11030735820531845,0.5251030921936035,0.21913780272006989,-0.6998017430305481,0.10100199282169342,0.5663456916809082,0.42347198724746704
69.46316434780802,0.31314533587771665,-1.3475615876826152,2.6301805963279175,-1.2822812190586286,-0.47226690368661534,-2.1196646179471696,0.10780128091573715,0.5225991010665894,0.21900522708892822,-0.7021015882492065,0.08352538198232651,0.5556136965751648,0.4374588429927826
69.62937235389482,0.3091282455946105,-1.3499380504247442,2.6353813656469223,-1.2851109785895025,-0.47628414761618665,-2.169527019773211,0.10527598857879639,0.5201164484024048,0.2188737839460373,-0.7039662003517151,0.06599509716033936,0.5445342659950256,0.4511747360229492
69.79558035998163,0.3051115356007364,-1.3523152105460106,2.640582305838159,-1.2879414978488142,-0.48030100821275545,-2.219389421599252,0.10273341089487076,0.5176584720611572,0.21874333918094635,-0.7053934335708618,0.048423364758491516,0.533115804195404,0.4646102488040924
69.96178836606843,0.30109977830259294,-1.354688694175308,2.6457781535797347,-1.2907684724653852,-0.48431298149946794,-2.269251823425293,0.10017561167478561,0.5152277946472168,0.21861352026462555,-0.7063817977905273,0.03082207590341568,0.5213667750358582,0.47775670886039734
70.12799637215524,0.29709128759150216,-1.3570611818513545,2.650966391928829,-1.2935935240291623,-0.48832172881303865,-2.319114225251334,0.09760582447052002,0.5128247141838074,0.21848507225513458,-0.7069318294525146,0.013200240209698677,0.5092920064926147,0.49060651659965515
70.29420437824204,0.2930897659493666,-1.3594280865478918,2.656146619161703,-1.2964123103312992,-0.49232347129759424,-2.368976627077375,0.09502280503511429,0.5104502439498901,0.21835727989673615,-0.7070416808128357,-0.004428729880601168,0.49690186977386475,0.5031509399414062
70.46041238432885,0.2890932283664545,-1.3617899446032014,2.661325137036711,-1.299225883279101,-0.49632028501839,-2.4188390289034163,0.09242213517427444,0.5081021785736084,0.21823014318943024,-0.706710696220398,-0.022052185609936714,0.48420584201812744,0.5153816938400269
70.62662039041565,0.2850816812726516,-1.3641637593221843,2.6665198255847984,-1.302052865013753,-0.5003319152632286,-2.4687014307294572,0.08979863673448563,0.5057713389396667,0.2181037962436676,-0.7059418559074402,-0.039664823561906815,0.4712057113647461,0.5272929072380066
70.79282839650246,0.28104485217024977,-1.366553662776391,2.6717443725995933,-1.3048984820294243,-0.5043688334950884,-2.518563832555498,0.0871448963880539,0.5034520030021667,0.21797770261764526,-0.7047349214553833,-0.057254377752542496,0.45791083574295044,0.5388767719268799
70.95903640258926,0.2769930403078734,-1.3689459377521724,2.676994674166174,-1.3077496038727245,-0.5084211230341807,-2.5684262343815396,0.08445868641138077,0.5011479258537292,0.21785114705562592,-0.703087329864502,-0.07480279356241226,0.4443376660346985,0.5501243472099304
71.12524242185458,0.27295079827308655,-1.3713397979736328,2.6822266578674316,-1.310599446296692,-0.512463390827179,-2.618288040161133,0.08176849037408829,0.49887681007385254,0.2177266925573349,-0.701005220413208,-0.0923103615641594,0.430481880903244,0.5610309839248657
71.29130272620445,0.3227688895780488,-1.3581482427967204,2.6736574173092706,-1.3187706740004195,-0.557150654621586,-2.5911799086104916,0.05619478225708008,0.4950278699398041,0.21399204432964325,-0.6979717016220093,-0.11703720688819885,0.4625408351421356,0.5340352058410645
71.45736551408119,0.3725877259410707,-1.3454277690603487,2.6654193652200777,-1.326850491539102,-0.6030001875625115,-2.5636125458197183,0.031187966465950012,0.4891337454319,0.21015548706054688,-0.6941288709640503,-0.14188013970851898,0.49328309297561646,0.5047048330307007
71.62342830195793,0.4224065623040927,-1.3332710099493403,2.6573673264793927,-1.334746699249715,-0.6501812155267432,-2.5355436574022234,0.007062874734401703,0.4812457263469696,0.20626555383205414,-0.6894704103469849,-0.16689516603946686,0.5225145816802979,0.47302743792533875
71.78949108983467,0.4722253986671146,-1.3217199611872128,2.649355560130007,-1.3423965081687248,-0.6987425827763966,-2.5069702190424836,-0.01584140956401825,0.47149208188056946,0.20234978199005127,-0.6839920282363892,-0.19209931790828705,0.5499966740608215,0.43904024362564087
71.95514593845355,0.521795205650939,-1.310856337528669,2.641448884729505,-1.3498300551365812,-0.748439037362061,-2.4780063109229644,-0.03719992935657501,0.46006229519844055,0.1984267383813858,-0.67772376537323,-0.217337504029274,0.575377881526947,0.4029829502105713
72.1212087263303,0.5703556683451058,-1.3007577575370286,2.633836203439423,-1.3570672112448834,-0.798257873725083,-2.4491518064613986,-0.05655324459075928,0.44738903641700745,0.1945275068283081,-0.6707967519760132,-0.24211685359477997,0.5980967879295349,0.3656383156776428
72.28727151420703,0.6178311762617057,-1.2914591047803614,2.6265714151976964,-1.364133195086257,-0.8480767100881048,-2.420446003327868,-0.07383157312870026,0.43373221158981323,0.1906730979681015,-0.6632737517356873,-0.2663632333278656,0.6180707812309265,0.327271968126297
72.45333430208377,0.6644305370903317,-1.2828779546995088,2.6196040343051465,-1.3710148051365476,-0.8978955464511268,-2.391853914183821,-0.0890626460313797,0.4193372428417206,0.18686579167842865,-0.6551692485809326,-0.29009950160980225,0.6353365182876587,0.28799816966056824
72.61939708996051,0.7101409787746423,-1.2750994441981887,2.6129466471701774,-1.377650196924721,-0.9477143828141488,-2.363373518566459,-0.10224407911300659,0.40442392230033875,0.18315452337265015,-0.6465275883674622,-0.31330394744873047,0.6498734354972839,0.24800638854503632
72.78545984629106,0.7550386458254292,-1.2681192155828744,2.606578845596311,-1.3840232157635197,-0.9975332097133135,-2.334994095219618,-0.113406702876091,0.38921549916267395,0.1795598715543747,-0.637378454208374,-0.3359789252281189,0.6616882681846619,0.207449808716774
72.95152256637292,0.7992471150497737,-1.2618677410183172,2.6004543158293054,-1.3901731434428817,-1.0473520257378701,-2.306699973566603,-0.12259878218173981,0.37393918633461,0.17607498168945312,-0.6277434825897217,-0.3581450879573822,0.6707916259765625,0.1664595901966095
73.11758535424966,0.8428186167185653,-1.2563346070645678,2.5945524581998916,-1.3961229365824825,-1.0971708621008922,-2.2784852629760657,-0.1298755556344986,0.3588067293167114,0.17270857095718384,-0.6176543831825256,-0.3798080086708069,0.6771824955940247,0.12519066035747528
73.2836481421264,0.8857995647134073,-1.251508089507565,2.5888564857173004,-1.401890975433842,-1.146989698463914,-2.2503453605658,-0.13531115651130676,0.34401699900627136,0.16947057843208313,-0.6071407198905945,-0.4009687602519989,0.6808688640594482,0.08379530906677246
73.44971093000314,0.9282471019240356,-1.247353501518434,2.5833543703384336,-1.407488791181425,-1.196808534826936,-2.2222758596320533,-0.1390046328306198,0.3297504484653473,0.16636909544467926,-0.5962217450141907,-0.42162132263183594,0.6818768978118896,0.04241484776139259
73.61577371787988,0.9702229395949901,-1.2438229387696513,2.578038730193685,-1.4129230183013168,-1.246627371189958,-2.1942743619574374,-0.14107340574264526,0.3161690831184387,0.16341230273246765,-0.5849085450172424,-0.44175487756729126,0.6802448630332947,0.0011829804861918092
73.78183650575662,1.0117815412318898,-1.2408743448058492,2.5729039776602067,-1.418198350230949,-1.29644620755298,-2.1663384259079588,-0.14164574444293976,0.3034195899963379,0.16061052680015564,0.5732109546661377,0.4613576829433441,-0.6760152578353882,0.03976836055517197
73.94789929363336,1.0529686151985842,-1.2384698766167261,2.567943426481673,-1.4233170936523343,-1.3462650439160018,-2.1384669905654805,-0.14085717499256134,0.29163607954978943,0.1579764038324356,0.5611389875411987,0.4804163873195648,-0.6692337989807129,0.08030702918767929
74.1139620815101,1.0938189773229878,-1.236566073196349,2.563139656840847,-1.4282771321164092,-1.3960838802790239,-2.1106627799437807,-0.13884630799293518,0.2809463441371918,0.15552160143852234,0.5487020015716553,0.4989161193370819,-0.65995192527771,0.12030018866062164
74.28002486938684,1.1343610172655725,-1.2351195066056055,2.5584734037296664,-1.4330738954009536,-1.4459027166420457,-2.082929371821285,-0.13575927913188934,0.2714652717113495,0.15325890481472015,0.5359093546867371,0.5168411135673523,-0.6482276320457458,0.15961654484272003
74.44608765726358,1.1746192261904602,-1.2340913446712993,2.553926324142251,-1.4377022140300912,-1.4957215530050676,-2.055270817139503,-0.13175082206726074,0.2632920444011688,0.15120185911655426,0.5227697491645813,0.5341755151748657,-0.6341243386268616,0.19812774658203125
74.61215044514032,1.2146139997214922,-1.2334450206564933,2.5494784230174905,-1.442162137214025,-1.5455403893680897,-2.0276897490650825,-0.12698155641555786,0.2565130889415741,0.14936348795890808,0.5092946290969849,0.5509049296379089,-0.6177091598510742,0.2357078194618225
74.77821323301706,1.2543578206249482,-1.2331380382104848,2.545098368699341,-1.4464743260395214,-1.5953592257311116,-2.000183496005049,-0.12161204218864441,0.25121280550956726,0.1477482169866562,0.4955034852027893,0.5670188665390015,-0.5990460515022278,0.2722308039665222
74.9442760208938,1.293858030135289,-1.233127086375714,2.540750176895049,-1.4506683908308837,-1.6451780620941334,-1.9727465103904438,-0.11580798774957657,0.2474653124809265,0.14635801315307617,0.4814215302467346,0.5825076103210449,-0.5782012939453125,0.3075733482837677
75.11033880877054,1.3331199390618742,-1.233371816875231,2.5363982440277417,-1.454774089995392,-1.6949968984571555,-1.9453736494692768,-0.10974112898111343,0.24533015489578247,0.14519579708576202,0.4670751690864563,0.5973622798919678,-0.5552461743354797,0.34161508083343506
75.27640159664728,1.3721505041710125,-1.2338340394750629,2.5320122574185544,-1.4588168738223337,-1.7448157348201774,-1.9180610312542172,-0.10359036922454834,0.24484309554100037,0.14426688849925995,0.4524885416030884,0.6115722060203552,-0.5302605628967285,0.3742421269416809
75.44246438452402,1.410968639916973,-1.2344749772892127,2.5275782772437374,-1.4628098299975263,-1.7946345711831992,-1.8908076553633764,-0.09754303097724915,0.24600572884082794,0.14358127117156982,0.43767470121383667,0.625124454498291,-0.5033377408981323,0.40535324811935425
75.60852717240076,1.4496053522055465,-1.2352547207268396,2.52309823764189,-1.4667541424027182,-1.8444534075462211,-1.8636154478339406,-0.09179049730300903,0.2487841546535492,0.14315195381641388,0.42263397574424744,0.638003408908844,-0.47458311915397644,0.43485963344573975
75.7745899602775,1.4880937254943103,-1.236133750887531,2.518577978701215,-1.470647847675733,-1.8942722439092432,-1.8364872117119246,-0.08652043342590332,0.25312259793281555,0.142991840839386,0.4073624014854431,0.6501933336257935,-0.44410809874534607,0.46267977356910706
75.94065274815424,1.5264669156641015,-1.237074703189955,2.514021874135404,-1.4744893231066152,-1.944091080272265,-1.809425324782022,-0.0819135531783104,0.2589508295059204,0.1431121528148651,0.39185574650764465,0.6616804003715515,-0.4120248556137085,0.4887368381023407
76.10671553603098,1.5647608045612975,-1.238049396649045,2.5094284293954185,-1.47827901388216,-1.993909916635287,-1.7824284705320812,-0.07814423739910126,0.26618868112564087,0.14352352917194366,0.3761129081249237,0.6724542379379272,-0.37844184041023254,0.5129581689834595
76.27277832390772,1.603020532347484,-1.2390527490280971,2.5047814341477954,-1.4820227407708326,-2.043728752998309,-1.7554846966619015,-0.07538262754678726,0.2747572958469391,0.14424005150794983,0.3601438105106354,0.6825129389762878,-0.3434494733810425,0.5352709293365479
76.43884111178446,1.6412943109621732,-1.2400864929415072,2.500060819636747,-1.4857278761228385,-2.093547589361331,-1.72857950225149,-0.0737948939204216,0.28456708788871765,0.14527711272239685,0.3439609706401825,0.6918555498123169,-0.30713486671447754,0.5556030869483948
76.6049038996612,1.6796379367857035,-1.2411535327238525,2.495238062727544,-1.489400414914921,-2.143366425724353,-1.701697941617541,-0.07354487478733063,0.295520544052124,0.14665205776691437,0.327577143907547,0.7004825472831726,-0.2695819139480591,0.5738840699195862
76.77096668753794,1.7181006908347283,-1.2422523212954146,2.4902994641455334,-1.4930502554991176,-2.1931852620873746,-1.674824793051468,-0.07478799670934677,0.3074931800365448,0.14837977290153503,0.31100332736968994,0.7083891034126282,-0.23088324069976807,0.5900462865829468
76.93702947541468,1.7567191738894696,-1.243372098339213,2.4852515913201936,-1.4966864760351117,-2.2430040984503967,-1.6479527370282134,-0.07766436040401459,0.3203270733356476,0.15047240257263184,0.2942442297935486,0.715563952922821,-0.19115068018436432,0.6040281057357788
77.10309226329142,1.7955305897290623,-1.2445001672322753,2.480106982220181,-1.5003191797314244,-2.292822934813419,-1.6210764100772017,-0.08230038732290268,0.333845853805542,0.1529388129711151,0.27730149030685425,0.7219951152801514,-0.15050123631954193,0.6157729625701904
77.26915505116816,1.8345757317976874,-1.245622223812653,2.474877406536362,-1.5039586307837303,-2.3426417711764405,-1.5941901333802435,-0.08881023526191711,0.3478604853153229,0.15578573942184448,0.2601751685142517,0.7276711463928223,-0.10905379056930542,0.6252286434173584
77.4352178390449,1.8739021754621041,-1.2467260265316489,2.4695690812752664,-1.5076122989166438,-2.3924606075394625,-1.5672891850069075,-0.09729653596878052,0.3621729910373688,0.159018874168396,0.24286401271820068,0.7325819134712219,-0.06692739576101303,0.632345974445343
77.60128062692164,1.9135672523116964,-1.2478130488967474,2.464156592890713,-1.511270933816807,-2.4422794439024846,-1.5403762458161383,-0.10785937309265137,0.37659627199172974,0.16265353560447693,0.22536881268024445,0.7367225289344788,-0.024234255775809288,0.6370726823806763
77.76734341479838,1.953637851004804,-1.2488905129273633,2.458598134023733,-1.5149165386091044,-2.4920982802655063,-1.5134581384021957,-0.12059564888477325,0.3909415602684021,0.16671092808246613,0.20768998563289642,0.7400887608528137,0.018915725871920586,0.6393557190895081
77.93340620267512,1.9942217171975136,-1.24996781390876,2.452832185746856,-1.5185255016078851,-2.5419171166285284,-1.4865429036392008,-0.13561449944972992,0.4050120413303375,0.1712176650762558,0.18981829285621643,0.7426793575286865,0.06242532655596733,0.6391395330429077
78.09946899055186,2.035402086047447,-1.2510579678333782,2.4468203381363045,-1.5220827123122396,-2.5917359529915505,-1.4596359962396297,-0.1529984027147293,0.41857925057411194,0.1761999875307083,0.17175273597240448,0.7444848418235779,0.10618259012699127,0.6363713145256042
78.2655317784286,2.0772173409762487,-1.2521804838380608,2.440589117436984,-1.525603369909975,-2.641554789354572,-1.4327334931993032,-0.17277134954929352,0.4313589334487915,0.18167367577552795,0.1535048484802246,0.7454854846000671,0.15005001425743103,0.6310092806816101
78.43159456630534,2.1197218114403666,-1.2533596387358696,2.434177577967635,-1.5291115158466426,-2.691373625717594,-1.405827251155851,-0.19493350386619568,0.44304654002189636,0.18765346705913544,0.13508443534374237,0.7456617951393127,0.1938917636871338,0.6230142116546631
78.59765735418208,2.1629762571012963,-1.2546231340396476,2.427620852998544,-1.5326330632159644,-2.7411924620806163,-1.378910219982462,-0.2194610983133316,0.45333030819892883,0.19415469467639923,0.11650293320417404,0.7449942827224731,0.23757076263427734,0.6123484969139099
78.76372014205882,2.207070395030276,-1.2560014315527006,2.4208513313390916,-1.5361797432362085,-2.791011298443638,-1.3519858666428546,-0.24636463820934296,0.46195125579833984,0.20121996104717255,0.09778902679681778,0.7434698939323425,0.2809736430644989,0.5989521741867065
78.92978292993556,2.251964653602399,-1.2575104073098262,2.413709602463243,-1.5397438842250464,-2.84083013480666,-1.3250750547159038,-0.2756181061267853,0.4687221050262451,0.20891687273979187,0.0790356919169426,0.7410687804222107,0.3239497244358063,0.5827752351760864
79.0958457178123,2.297615124703711,-1.2591754621200995,2.4059787224925215,-1.5433142946648,-2.890648971169682,-1.2982072882002134,-0.3072064518928528,0.47347742319107056,0.21734796464443207,0.060360316187143326,0.73777174949646,0.36635470390319824,0.5637674331665039
79.26190850568904,2.3440928015169433,-1.2610559985769298,2.3975660347216547,-1.5468986058826852,-2.9404678075327038,-1.2714058002309208,-0.34108105301856995,0.4759199321269989,0.22661587595939636,0.04182233288884163,0.7335542440414429,0.40805143117904663,0.541888415813446
79.42797129356578,2.3915659869637818,-1.2632766408121698,2.388532795411575,-1.5505323860407698,-2.990286643895726,-1.2446983713174762,-0.3771173357963562,0.4756120443344116,0.23682428896427155,0.02342907339334488,0.7283848524093628,0.4489027261734009,0.51710045337677
79.56861293121439,2.433758478258366,-1.2656965516995478,2.380995755497119,-1.5537456912783383,-3.028206211025432,-1.2206392353362363,-0.40860316157341003,0.4712905287742615,0.2456703782081604,0.00937809981405735,0.7238291501998901,0.4818456172943115,0.4937693476676941
79.73467571909113,2.430348333699402,-1.266981947645518,2.387819344670802,-1.5533988641910044,-2.97838737466241,-1.215415049776091,-0.3940400183200836,0.458842396736145,0.23791241645812988,0.02620256505906582,0.73032146692276,0.4637922942638397,0.5008400082588196
79.90073850696787,2.4270398592220643,-1.2682326060517095,2.3944220043234816,-1.5530650377404873,-2.928568538299388,-1.210201921527758,-0.3802449405193329,0.4458537697792053,0.23043523728847504,0.04314427450299263,0.7361418008804321,0.4455730617046356,0.5076400637626648
80.06680129484461,2.4238613292692746,-1.2694389280748415,2.4007427907937697,-1.552747941044847,-2.8787497019363664,-1.2050028920746043,-0.3672947883605957,0.43239039182662964,0.22325502336025238,0.06019195169210434,0.7412973046302795,0.4272184669971466,0.5141395330429077
80.23286408272135,2.4208400087407496,-1.2705913749440467,2.4067207323364226,-1.5524511052014145,-2.8289308655733443,-1.1998206078036586,-0.35526323318481445,0.4185220003128052,0.21638400852680206,0.07733301818370819,0.7457979917526245,0.4087581932544708,0.5203091502189636
80.39892687059809,2.41793891398692,-1.2717008293276424,2.4124289347863077,-1.5521706305077774,-2.779112029210322,-1.1946506311667078,-0.34410837292671204,0.40426790714263916,0.20980435609817505,0.09454184770584106,0.7496457099914551,0.3901798725128174,0.5261680483818054
80.56498965847483,2.415130730772265,-1.2727734291223074,2.4179105196081734,-1.5519043888203667,-2.7292931928473005,-1.1894883592806063,-0.3338100016117096,0.38965803384780884,0.2035074681043625,0.1117994487285614,0.752842128276825,0.37147951126098633,0.531726062297821
80.73105244635157,2.4123930377246015,-1.2738143690930621,2.4232028962420196,-1.551650907529759,-2.6794743564842785,-1.1843299448249407,-0.32435327768325806,0.3747228980064392,0.19748754799365997,0.12908709049224854,0.7553879618644714,0.35265639424324036,0.5369907021522522
80.89711523422831,2.4097086282554963,-1.2748276990416414,2.4283347618552047,-1.5514087663327858,-2.6296555201212564,-1.1791727812707649,-0.3157288432121277,0.3594953119754791,0.19174183905124664,0.1463872492313385,0.7572837471961975,0.3337119221687317,0.5419670939445496
81.06317802210505,2.407063971391914,-1.2758164919736745,2.4333277554830985,-1.5511769464759724,-2.5798366837582347,-1.1740148207819712,-0.3079316020011902,0.34401005506515503,0.18626950681209564,0.16368304193019867,0.75853031873703,0.31464970111846924,0.5466581583023071
81.22924080998179,2.404453592771078,-1.2767829339579166,2.438197264113951,-1.5509547957036722,-2.5300178473952126,-1.168853642752512,-0.30096209049224854,0.3283030390739441,0.1810707151889801,0.18095657229423523,0.7591288685798645,0.2954775393009186,0.5510634779930115
81.39530359785853,2.401886222045553,-1.277726602991592,2.442947435431708,-1.550742010840632,-2.4801990110321905,-1.163683378408134,-0.29483067989349365,0.31241297721862793,0.17614753544330597,0.1981891393661499,0.7590829133987427,0.2762095630168915,0.5551778674125671
81.56136638573527,2.3993729074979244,-1.278646717728234,2.447578682274808,-1.5505386023122654,-2.430380174669169,-1.1584983823990167,-0.28954750299453735,0.2963801622390747,0.1715010404586792,0.21536220610141754,0.7583966255187988,0.25686103105545044,0.5589954257011414
81.72742917361201,2.3969224264795406,-1.2795427722252442,2.4520914622775467,-1.5503446543481452,-2.380561338306147,-1.1532943550836143,-0.2851198613643646,0.2802462577819824,0.16713273525238037,0.23245759308338165,0.7570755481719971,0.2374468743801117,0.5625112056732178
81.89349196148875,2.3945416018766563,-1.2804143417437506,2.4564863235093704,-1.5501601124754685,-2.3307425019431247,-1.1480678628039427,-0.2815512418746948,0.2640535235404968,0.16304326057434082,0.24945761263370514,0.7551250457763672,0.21798056364059448,0.5657219886779785
82.05955474936549,2.3922357794504285,-1.28126105672682,2.460763888034961,-1.549984843244561,-2.280923665580103,-1.1428161174638256,-0.278842031955719,0.24784401059150696,0.15923306345939636,0.26634517312049866,0.7525511384010315,0.19847524166107178,0.5686251521110535
82.22561753724223,2.3900317891555365,-1.2820759775081245,2.464894432700126,-1.549821556705821,-2.231104829217081,-1.1375289598159184,-0.2770155072212219,0.2316732108592987,0.15570205450057983,0.2831047475337982,0.7493664622306824,0.17895621061325073,0.5712059140205383
82.39168032511897,2.387926147559779,-1.2828615857091274,2.4688928091133033,-1.5496687345811488,-2.181285992854059,-1.1322060238799385,-0.27605462074279785,0.2155766636133194,0.15244881808757782,0.2997182607650757,0.745576024055481,0.15943068265914917,0.573469340801239
82.55774311299571,2.3859034937784633,-1.2836229042994527,2.472787461213567,-1.5495242111016145,-2.1314671564910372,-1.1268500417773784,-0.27592945098876953,0.19958361983299255,0.14947138726711273,0.31616833806037903,0.7411817312240601,0.13990020751953125,0.5754259824752808
82.72380590087245,2.3839581555851366,-1.2843619088753486,2.4765913432540216,-1.5493869022858857,-2.081648320128015,-1.1214609511511036,-0.2766200602054596,0.18372970819473267,0.14676836133003235,0.332439124584198,0.7361879348754883,0.12037206441164017,0.5770806670188904
82.88986868874919,2.3820973307960207,-1.2850769529786907,2.4803044422301213,-1.549256594672135,-2.031829483764993,-1.1160321204158263,-0.2781165540218353,0.16805389523506165,0.14433807134628296,0.34851497411727905,0.7306020259857178,0.10086067765951157,0.5784333348274231
83.05593173154895,2.3803235292079594,-1.2857677836313262,2.4839382926629625,-1.5491322371321832,-1.9820105709250635,-1.1105566877254673,-0.2803977131843567,0.15258823335170746,0.14217828214168549,0.36438024044036865,0.7244289517402649,0.08137762546539307,0.5794888734817505
83.22199466186696,2.378610144560844,-1.2864422560404782,2.487525582363415,-1.5490111654646426,-1.9321916918296598,-1.105045498518947,-0.28342217206954956,0.13735836744308472,0.14028820395469666,0.3800199627876282,0.7176684737205505,0.06191964074969292,0.5802608728408813
83.3880574497437,2.3769536693298745,-1.2871015244758965,2.4910732922696193,-1.5488927881179613,-1.8823728554666377,-1.0994988715440328,-0.28716883063316345,0.12239933013916016,0.1386660635471344,0.39542073011398315,0.7103263735771179,0.04249591380357742,0.5807521343231201
83.55412023762044,2.3753726576369587,-1.2877411085934978,2.494579792369903,-1.5487769961926576,-1.832554019103616,-1.093900528068585,-0.29162245988845825,0.10774345695972443,0.13730847835540771,0.41056734323501587,0.7024103999137878,0.023127291351556778,0.5809640288352966
83.72018323180352,2.3738505074857046,-1.288365839172269,2.4980660582162595,-1.5486623646901045,-1.7827351208486915,-1.0882562265402995,-0.2967468798160553,0.09341799467802048,0.13621342182159424,0.42544734477996826,0.6939228773117065,0.003816624404862523,0.5809053778648376
83.88624621073822,2.372370685528301,-1.2889799986433397,2.501541355968756,-1.5485484236705276,-1.7329162271682823,-1.0825749710276107,-0.3025134801864624,0.07945668697357178,0.13537880778312683,0.44004949927330017,0.6848688721656799,-0.015432975254952908,0.5805797576904297
84.05230899861496,2.37093554961255,-1.28958311609689,2.5050089059423635,-1.5484350576097563,-1.6830973908052607,-1.0768505271804476,-0.30889827013015747,0.06589066237211227,0.13480035960674286,0.454362154006958,0.6752552390098572,-0.03460804745554924,0.5799893736839294
84.2183717864917,2.3695458470345825,-1.2901753600231947,2.508479027013729,-1.548322260019378,-1.6332785544422386,-1.0710685266010114,-0.31587037444114685,0.0527452677488327,0.1344738006591797,0.46837571263313293,0.6650851368904114,-0.05369361490011215,0.5791398286819458
84.38443469690829,2.368177933175004,-1.2907627247046414,2.511957640153014,-1.5482097656182916,-1.5834596813172614,-1.0652500748537093,-0.3234003186225891,0.04005599766969681,0.13439545035362244,0.48207929730415344,0.6543664336204529,-0.07269171625375748,0.5780311822891235
84.5504977579946,2.366829971793504,-1.2913457266082418,2.515446307807287,-1.5480975584474734,-1.5336407629913675,-1.059395466956314,-0.3314610719680786,0.027852311730384827,0.1345597803592682,0.4954614043235779,0.6431073546409607,-0.09159182012081146,0.5766643285751343
84.71656054748622,2.36550418876283,-1.2919243620357246,2.5189662739619254,-1.5479855134342104,-1.4838219261438832,-1.0534746135716204,-0.34001168608665466,0.01614869385957718,0.13496015965938568,0.5085158944129944,0.6313053965568542,-0.11037437617778778,0.5750500559806824
84.88262319277636,2.364183025884877,-1.2925028036476154,2.522510923621498,-1.5478734992961116,-1.4340031325568399,-1.0475173375209588,-0.3490280508995056,0.004982948303222656,0.13559098541736603,0.5212292671203613,0.6189748644828796,-0.1290414184331894,0.5731827020645142
85.04868575520884,2.362865714184036,-1.2930812228043107,2.5260804208292806,-1.5477614967378657,-1.3841843638270965,-1.0415242176605577,-0.35848164558410645,-0.005618251860141754,0.13644461333751678,0.53359055519104,0.606126070022583,-0.14758217334747314,0.571061909198761
85.21474907920089,2.361545905526804,-1.2936618356793543,2.529702415828168,-1.5476492341930512,-1.3343653666294835,-1.035465980688063,-0.36832395195961,-0.015646040439605713,0.1375129371881485,0.5455958247184753,0.5927526354789734,-0.16597990691661835,0.5687004327774048
85.38081240161614,2.360224026067308,-1.2942439918955686,2.533352678513176,-1.5475369355176702,-1.2845463699049076,-1.0293691958249083,-0.3785402178764343,-0.02506139874458313,0.13878753781318665,0.5572295784950256,0.5788781046867371,-0.184230238199234,0.566087007522583
85.54687565712678,2.3589003808795885,-1.294827436061722,2.5370272519875923,-1.547424603401823,-1.2347273932517173,-1.0232382586185653,-0.3891006112098694,-0.033840350806713104,0.14025889337062836,0.568480372428894,0.564516007900238,-0.20232383906841278,0.5632200241088867
85.7129381796495,2.357574300728018,-1.295412382451069,2.5407373787461522,-1.5473121994413226,-1.1849086364949,-1.0170476821395837,-0.3999650776386261,-0.04196976125240326,0.14191687107086182,0.5793439745903015,0.5496673583984375,-0.22024300694465637,0.560106635093689
85.8790010117875,2.3562474922600725,-1.295998004699221,2.544464063677647,-1.5471997401093371,-1.1350897868535006,-1.0108201696375916,-0.4111117720603943,-0.04942011833190918,0.14375129342079163,0.5898053646087646,0.5343559384346008,-0.2379835695028305,0.5567378997802734
86.04506406364766,2.354920153465981,-1.2965841232156285,2.548203998886524,-1.5470872515889977,-1.085270871295451,-1.0045615479477759,-0.4225080907344818,-0.05617319047451019,0.14575141668319702,0.599853515625,0.5185971260070801,-0.25553739070892334,0.5531124472618103
86.21112711438346,2.3535926626446275,-1.2971704303474312,2.551961095993128,-1.5469748793411404,-1.0354519560747115,-0.9982468190510817,-0.4341157078742981,-0.06221739947795868,0.14790597558021545,0.6094845533370972,0.5023952722549438,-0.272887647151947,0.5492356419563293
86.37718979259971,2.352265688061624,-1.297756542200263,2.5557229285221004,-1.5468626586719223,-0.9856331526098376,-0.991898600012513,-0.44590672850608826,-0.06753243505954742,0.1502036154270172,0.6186842918395996,0.4857743978500366,-0.29003146290779114,0.5451005697250366
86.54325218803392,2.3509392488451573,-1.2983424350249009,2.559488167623534,-1.5467505692832961,-0.9358144339795733,-0.9855221067781423,-0.4578450620174408,-0.07210716605186462,0.1526331603527069,0.6274423003196716,0.4687507450580597,-0.3069610297679901,0.5407066941261292
86.70931458506678,2.3496155388091764,-1.2989269811244086,2.563249805414456,-1.546638787935035,-0.8859957148697142,-0.9790914743333571,-0.46989747881889343,-0.07593005895614624,0.15518254041671753,0.6357557773590088,0.45133277773857117,-0.32366061210632324,0.5360570549964905
86.87537739156821,2.348295942067506,-1.2995095527074558,2.566997831059432,-1.5465279381991968,-0.8361768729192842,-0.9726322592909968,-0.48203322291374207,-0.07898867130279541,0.15784040093421936,0.643610417842865,0.4335470497608185,-0.34012898802757263,0.531144917011261
87.04144056871057,2.3469800685791173,-1.3000903370065553,2.5707335353232375,-1.54641793173611,-0.7863579197765769,-0.9661471719812532,-0.4942130744457245,-0.08127987384796143,0.16059498488903046,0.6509972810745239,0.41540923714637756,-0.3563587963581085,0.5259715914726257
87.20750348749485,2.345677160779235,-1.3006643892495673,2.5744191171781514,-1.5463109594562863,-0.736539044141294,-0.9596105709622367,-0.5064223408699036,-0.0827815979719162,0.1634351760149002,0.6579138040542603,0.3969409167766571,-0.372336208820343,0.5205315351486206
87.37356634560695,2.344383007663208,-1.3012340819275672,2.57807032531052,-1.5462060852767574,-0.6867201867076638,-0.9530510447257736,-0.5186129212379456,-0.08350259065628052,0.166349858045578,0.6643459796905518,0.37816178798675537,-0.3880617618560791,0.5148262977600098
87.53962913348369,2.3430991731958866,-1.3017986383195599,2.5816810131454138,-1.546103684562262,-0.6369013503446421,-0.9464646307694173,-0.5307505130767822,-0.08344186842441559,0.16932815313339233,0.670287013053894,0.35908952355384827,-0.4035278260707855,0.5088566541671753
87.70569203872213,2.3418375087319396,-1.3023520607313293,2.585201832684568,-1.5460067322961177,-0.5870824787731079,-0.9398352157522151,-0.5428268313407898,-0.08257859945297241,0.17236144840717316,0.675732433795929,0.339754581451416,-0.4187260568141937,0.5026141405105591
87.87175509559495,2.3405887856513594,-1.3028989813368508,2.5886693191157657,-1.5459129325157799,-0.5372635617112632,-0.9331854222106075,-0.5547816157341003,-0.08093854784965515,0.1754382848739624,0.6806710362434387,0.32016780972480774,-0.43365541100502014,0.4961073398590088
88.0378183954423,2.3393588274518433,-1.3034364736844042,2.5920592301324397,-1.5458236960380176,-0.4874445717570578,-0.9265073927342944,-0.5665923357009888,-0.0785178393125534,0.17855055630207062,0.6850974559783936,0.30035337805747986,-0.44830963015556335,0.48933398723602295
88.20388169411055,2.338157642170614,-1.3039594462475188,2.595329840785958,-1.545741773703828,-0.4376255821565811,-0.9197952010156709,-0.5782467722892761,-0.07530680298805237,0.18169184029102325,0.6890051364898682,0.2803436815738678,-0.4626852869987488,0.48228785395622253
88.3699449265809,2.3369739217454972,-1.3044734542005891,2.5985286530573672,-1.54566434911555,-0.3878066124154764,-0.9130654091831001,-0.5896797776222229,-0.07134240865707397,0.184850811958313,0.6923865079879761,0.260143518447876,-0.476779043674469,0.4749821424484253
88.53600796903022,2.3358216244020995,-1.3049711690592136,2.6015989511617734,-1.5455950799154927,-0.33798769968067965,-0.9063073471722352,-0.6008898019790649,-0.06661176681518555,0.18802396953105927,0.6952359080314636,0.23979027569293976,-0.49058836698532104,0.4674084484577179
88.70207072356504,2.334703568368419,-1.3054504721133933,2.604529863518842,-1.5455350105792731,-0.28816887332023156,-0.8995258589606374,-0.6118481159210205,-0.06112691015005112,0.19120538234710693,0.6975467205047607,0.21930819749832153,-0.5041122436523438,0.45956864953041077
88.86813337364855,2.333607849448893,-1.305917710631781,2.6073701811528553,-1.5454809967860392,-0.23835007829517973,-0.8927302840709852,-0.6224917769432068,-0.054930612444877625,0.19438418745994568,0.6993146538734436,0.19869926571846008,-0.517345130443573,0.4514771103858948
89.03419616152529,2.332561104982684,-1.3063582611845599,2.610013332503143,-1.5454404977441918,-0.1885312419321581,-0.8859090828810329,-0.6328510046005249,-0.04799248278141022,0.19756613671779633,0.7005323767662048,0.17802128195762634,-0.5302921533584595,0.4431174099445343
89.20025888718598,2.3315499031558993,-1.3067790617355723,2.612513581138766,-1.5454099083812538,-0.13871242423394808,-0.8790737086398641,-0.6428616046905518,-0.040361933410167694,0.20074105262756348,0.7011962532997131,0.15727463364601135,-0.542948305606842,0.43450599908828735
89.36632156451961,2.330566309507619,-1.3071845212319233,2.614902828348522,-1.5453870164822263,-0.08889362103385962,-0.8722273253083673,-0.6524744033813477,-0.03207789361476898,0.2038998156785965,0.7013043165206909,0.13646574318408966,-0.5553081035614014,0.42565497756004333
89.53238388329082,2.3296524955926943,-1.307551093640304,2.6170145212692857,-1.5453840205639064,-0.0390749254024947,-0.8653601460744078,-0.6617584824562073,-0.023088648915290833,0.20706291496753693,0.7008451819419861,0.11567825824022293,-0.5673884153366089,0.41653910279273987
89.6984464331686,2.32877198555578,-1.3078992435517913,2.618997265671869,-1.54539028244649,0.010743839560840903,-0.8584856013882364,-0.670598030090332,-0.013492144644260406,0.21020656824111938,0.6998226642608643,0.094873808324337,-0.5791717767715454,0.4071941673755646
89.86450931537519,2.3279376569381713,-1.3082218516234518,2.6208013051013697,-1.5454093748072222,0.060562704222816205,-0.8516009187473738,-0.6789965629577637,-0.003293663263320923,0.21333584189414978,0.6982319951057434,0.07409043610095978,-0.5906628370285034,0.3976178765296936
90.03057218434711,2.3271830195356533,-1.3085049466678775,2.622336797282597,-1.5454473518733576,0.11038156491439065,-0.8447039163008908,-0.6869821548461914,0.007509045302867889,0.21646538376808167,0.6960650682449341,0.05338548868894577,-0.6018710732460022,0.3878074288368225
90.1966349915167,2.3264727663148217,-1.308767255945722,2.6237340385476875,-1.5454949153572568,0.16020040706526859,-0.8378012562966999,-0.6944555044174194,0.01882721483707428,0.21957048773765564,0.6933289170265198,0.03272424638271332,-0.6127781271934509,0.3777923583984375
90.36269762269164,2.3258474133134412,-1.3089911013308684,2.6248788392069375,-1.5455598275102747,0.2100191964177507,-0.8308890522110808,-0.7014632225036621,0.030671223998069763,0.22267228364944458,0.6900151371955872,0.012173254042863846,-0.623397946357727,0.36756762862205505
90.52876042096601,2.3253098801288044,-1.309178214723929,2.625788362725573,-1.5456406231282616,0.2598380359000595,-0.8239698295896926,-0.7079768776893616,0.04299387335777283,0.22576767206192017,0.6861244440078735,-0.008254589512944221,-0.6337270736694336,0.357148677110672
90.69482330526363,2.324828280834499,-1.3093422170176396,2.626550733092841,-1.54573129032923,0.30965690118934636,-0.8170464104292943,-0.7139270305633545,0.05572887137532234,0.22883714735507965,0.6816643476486206,-0.02858114056289196,-0.6437522768974304,0.34655410051345825
90.86088621827659,2.3244848569586045,-1.309451686193646,2.62697389377595,-1.5458441381835084,0.3594757750932377,-0.8101150894955507,-0.7194151878356934,0.06890042126178741,0.2319241613149643,0.6766210198402405,-0.048702578991651535,-0.6535006761550903,0.3357808589935303
91.02694903887098,2.3242244264107184,-1.309530165438268,2.627207383869273,-1.5459692746707558,0.40929462127155286,-0.8031805777052488,-0.7243391275405884,0.0824190080165863,0.23499536514282227,0.6710084676742554,-0.06866838783025742,-0.6629496216773987,0.3248538374900818
91.19301176420072,2.3240495449960847,-1.3095767004069687,2.627245362408245,-1.546107078223231,0.4591134388704751,-0.7962427767949722,-0.7286919355392456,0.09625028073787689,0.23805129528045654,0.6648285984992981,-0.08846070617437363,-0.6720996499061584,0.3137826919555664
91.35907415021731,2.3240395697712555,-1.3095635162616663,2.6269263835157886,-1.5462675478939756,0.5089321546754522,-0.7893011077148117,-0.7325663566589355,0.11039792746305466,0.24113506078720093,0.6580714583396912,-0.1079879105091095,-0.6809759140014648,0.3025761842727661
91.52513648046309,2.324102761977784,-1.3095236038566218,2.62645052565834,-1.546438000055646,0.5587508537491876,-0.7823586576724009,-0.7358325719833374,0.12476913630962372,0.24419359862804413,0.6507572531700134,-0.1273287832736969,-0.6895466446876526,0.29125210642814636
91.69119876782507,2.3242865509962667,-1.3094395173775772,2.625716871128677,-1.5466248672398795,0.6085695399577833,-0.7754154043583368,-0.7385494709014893,0.139353945851326,0.24725425243377686,0.6428817510604858,-0.1464225798845291,-0.6978282332420349,0.2798197865486145
91.85726114614278,2.3245906222077055,-1.309310332821938,2.6247266488148036,-1.546828050620378,0.6583882534530927,-0.7684736213660794,-0.7407152056694031,0.1541139930486679,0.2503167390823364,0.63444983959198,-0.16525639593601227,-0.7058208584785461,0.2682918608188629
92.02332366446339,2.3249614650668615,-1.3091559298027995,2.623594402500973,-1.5470402680047666,0.7082070089492776,-0.7615331311642292,-0.7422560453414917,0.16898304224014282,0.25334498286247253,0.6254769563674927,-0.183870330452919,-0.713502824306488,0.2566787600517273
92.18938682822015,2.3254652946377434,-1.3089505489631026,2.6221809432960024,-1.5472703817493905,0.7580259580763044,-0.7545971676162954,-0.7432631850242615,0.1839592009782791,0.256379634141922,0.6159566640853882,-0.20218752324581146,-0.720899224281311,0.24499350786209106
92.35544999219259,2.326048987417986,-1.3087135800519274,2.6205988318508635,-1.5475112847818808,0.8078449072680352,-0.7476659589129101,-0.7436678409576416,0.19897788763046265,0.2593831419944763,0.6059055328369141,-0.22024765610694885,-0.7279877662658691,0.23324503004550934
92.5215131563377,2.326696620551132,-1.3084513209920838,2.6188816934785506,-1.5477608259705296,0.8576638565115704,-0.7407385570492557,-0.7434519529342651,0.21399547159671783,0.2623409628868103,0.5953335165977478,-0.2380540817975998,-0.7347596883773804,0.2214418649673462
92.68757583305127,2.3274740168998513,-1.30813633295739,2.6168935228480725,-1.5480278048658778,0.9074826595256412,-0.7338226839176791,-0.7427129745483398,0.2290085256099701,0.265293687582016,0.5842364430427551,-0.2555333077907562,-0.7412410378456116,0.2096000611782074
92.85363839735501,2.328303613647008,-1.3077995860630627,2.614796994455541,-1.548301809594198,0.9573014288167628,-0.7269130712821174,-0.7413511276245117,0.2439436912536621,0.26818323135375977,0.5726367235183716,-0.27274811267852783,-0.7473965287208557,0.1977221816778183
93.01970080788035,2.329209106046303,-1.3074311401642995,2.6125429991232068,-1.5485860306623547,1.007120151974367,-0.7200127482649514,-0.7394084930419922,0.2587779462337494,0.2710202634334564,0.5605387687683105,-0.28966546058654785,-0.753233790397644,0.1858198046684265
93.18576352392851,2.330212059822576,-1.307022314985049,2.610088905406756,-1.548883419299778,1.056938966788815,-0.7131272123358098,-0.736926794052124,0.2734878361225128,0.27381572127342224,0.547947883605957,-0.30625542998313904,-0.7587606310844421,0.1739051640033722
93.3518262527857,2.331265531429741,-1.3065928398956934,2.607531775974549,-1.54918767245383,1.1067577854459694,-0.7062501608737831,-0.7338520288467407,0.28801798820495605,0.2765296697616577,0.5348818302154541,-0.3225514590740204,-0.763952910900116,0.16198067367076874
93.51788878786631,2.3324096361472835,-1.3061267343943004,2.604790808673646,-1.5495042996045485,1.1565765459701525,-0.6993895520269683,-0.730255126953125,0.30235451459884644,0.2791857123374939,0.5213438868522644,-0.3385077118873596,-0.7688267827033997,0.15006154775619507
93.68395149019445,2.3336303635899016,-1.305630353820969,2.601896202654845,-1.5498314911397024,1.2063953566685912,-0.6925452935220373,-0.726131796836853,0.3164593279361725,0.2817678153514862,0.5073467493057251,-0.35412800312042236,-0.7733731269836426,0.13815419375896454
93.85001422972508,2.33490111242417,-1.3051143212873648,2.598901559795514,-1.5501655962842964,1.256214178527782,-0.6857120600637651,-0.7214615345001221,0.3302907943725586,0.2842492163181305,0.49290573596954346,-0.36942732334136963,-0.7775764465332031,0.12626229226589203
94.01607650832236,2.336275097456441,-1.3045585700858875,2.595702419064866,-1.5505140962129753,1.3060328621069683,-0.678904203335566,-0.7163381576538086,0.3438416123390198,0.2866639494895935,0.47802361845970154,-0.38435128331184387,-0.7814594507217407,0.11440466344356537
94.18213933251852,2.3377090426672824,-1.3039802962294882,2.5923862734081267,-1.5508711593297826,1.3558517093658167,-0.6721131362288366,-0.7107200622558594,0.3570651113986969,0.2889721691608429,0.46271923184394836,-0.3989301025867462,-0.7849985361099243,0.10258084535598755
94.34820263200625,2.339195221430832,-1.303382402046548,2.588968200386929,-1.5512356821598385,1.4056706992121353,-0.6653366951889221,-0.7046170830726624,0.3699309527873993,0.2911604046821594,0.4470052719116211,-0.4131629168987274,-0.7881868481636047,0.09079664945602417
94.51426517732861,2.340789400358013,-1.3027449380446434,2.5853415629318266,-1.5516154399734,1.4554894628088428,-0.658594751591301,-0.6981319189071655,0.38243567943573,0.2932656705379486,0.430886834859848,-0.4269965589046478,-0.7910486459732056,0.07907307893037796
94.68032793272639,2.3424310625370923,-1.302090045094426,2.581621261775027,-1.5520016586700547,1.505308289428175,-0.6518707016107613,-0.6912028789520264,0.39453133940696716,0.2952342629432678,0.4143850803375244,-0.4404742121696472,-0.7935516238212585,0.06740276515483856
94.84639097916802,2.344131540437763,-1.3014135617547784,2.577784830974398,-1.5523958667118032,1.5551272033606658,-0.6451689709773646,-0.6838714480400085,0.406200110912323,0.29706794023513794,0.3975111246109009,-0.45358043909072876,-0.7956988215446472,0.05579550191760063
95.0124540270134,2.3459202295506847,-1.3007040866449775,2.573769473279335,-1.5528014735826168,1.6049461177142799,-0.638507205791783,-0.6762105822563171,0.41743478178977966,0.2987864315509796,0.38027462363243103,-0.46628403663635254,-0.7975030541419983,0.04426492378115654
95.1785167840686,2.3477530138255407,-1.299978080465246,2.569662902605258,-1.5532124871550839,1.6547649448308392,-0.631868256047507,-0.6681813597679138,0.4281961917877197,0.30034583806991577,0.36269497871398926,-0.4786156415939331,-0.7989387512207031,0.032806262373924255
95.34457904833573,2.3496436634060713,-1.2992303659418725,2.5654359593049505,-1.5536304847069111,1.704583624110978,-0.6252603289471915,-0.6598331928253174,0.43847155570983887,0.30175119638442993,0.344784677028656,-0.4905591905117035,-0.8000100255012512,0.021429266780614853
95.5106413095185,2.3516072739070064,-1.2984546917716224,2.5610510199961807,-1.554056276476978,1.7544023024658093,-0.6186987890295969,-0.6512224674224854,0.4482537806034088,0.3030121624469757,0.3265562355518341,-0.5020961761474609,-0.8007231950759888,0.010142805986106396
95.67670375262243,2.3536109401317598,-1.2976635453163508,2.5565772116087593,-1.5544860929810178,1.8042210353969859,-0.6121659020062187,-0.6423265933990479,0.4575098752975464,0.30409276485443115,-0.30802804231643677,0.5132492780685425,0.8010572195053101,0.0010557302739471197
95.84276654049917,2.3556666227769125,-1.296852234199538,2.5519867393804625,-1.5549209856937711,1.8540398717600075,-0.6056721069629836,-0.6331964135169983,0.4662318825721741,0.30499839782714844,-0.28921374678611755,0.5240046381950378,0.801016092300415,0.012158098630607128
96.00882910096149,2.35778520991749,-1.296016107679695,2.5472516906895457,-1.5553612503593406,1.9038586398987034,-0.599233254011264,-0.6238833665847778,0.4744143486022949,0.3057345151901245,-0.2701284885406494,0.5343494415283203,0.8006027936935425,0.023157792165875435
96.17489152176965,2.3599411288999677,-1.2951653119384652,2.542434558646508,-1.5558046861542894,1.9536773661411522,-0.5928291943484133,-0.6143730282783508,0.4820267856121063,0.3062689006328583,-0.25079113245010376,0.5443029999732971,0.7997989058494568,0.03405562788248062
96.34095376962588,2.362142630523765,-1.294296634941865,2.537519129934489,-1.5562519851448924,2.0034960404980198,-0.5864687517477005,-0.6047099828720093,0.4890618622303009,0.30660223960876465,-0.2312179058790207,0.5538570284843445,0.7986047267913818,0.04484561085700989
96.50701649991323,2.3644078997146307,-1.2934035357173412,2.5324795246325986,-1.5567048498991372,2.0533148595842263,-0.5801729413342048,-0.5949506163597107,0.4955132305622101,0.3067396581172943,-0.21142879128456116,0.5630000233650208,0.7970232963562012,0.055520832538604736
96.67307928778997,2.366711499667748,-1.2924959097527247,2.5273719001474926,-1.5571613797509616,2.103133695947249,-0.5739182080308196,-0.5850843787193298,0.501357913017273,0.3066534399986267,-0.19144101440906525,0.5717492699623108,0.7950384616851807,0.06608303636312485
96.83914207566671,2.3690548160286995,-1.2915732713210604,2.5221954982617034,-1.5576217892300828,2.1529525323102705,-0.5677066084712102,-0.575145423412323,0.5065886974334717,0.3063400983810425,-0.17127138376235962,0.5801026225090027,0.7926477789878845,0.07652851194143295
97.00520486354345,2.371467993335283,-1.2906247805019735,2.5169142731230174,-1.5580889108605314,2.202771368673292,-0.561575464104568,-0.5652029514312744,0.5112029314041138,0.3058083653450012,-0.15094739198684692,0.5880470275878906,0.7898558974266052,0.08685173094272614
97.1712676514202,2.3739214018391332,-1.2896617582036618,2.5115823312603096,-1.558560234908854,2.2525902050363147,-0.5554937985243431,-0.5552456378936768,0.5151848793029785,0.30503544211387634,-0.13048219680786133,0.5955988764762878,0.7866488695144653,0.0970553457736969
97.33733053399868,2.376416248812665,-1.2886838148751962,2.5061999473685415,-1.5590359341281195,2.302409069809861,-0.5494639079376137,-0.5453070998191833,0.5185313820838928,0.30401986837387085,-0.10989389568567276,0.6027576923370361,0.7830250263214111,0.1071370467543602
97.50339389564535,2.3789689512259535,-1.287685197002594,2.5007533789422927,-1.5595179008683222,2.3522280783038614,-0.5435091658296631,-0.5354374051094055,0.5212400555610657,0.302763968706131,-0.0892082154750824,0.6095194220542908,0.7789843678474426,0.11709479242563248
97.669456809779,2.3815732857640137,-1.2866677712030643,2.495236519358002,-1.5600056586210242,2.4020469525439587,-0.5376252759556936,-0.5256699323654175,0.5233182907104492,0.30127277970314026,-0.06843680888414383,0.6158841848373413,0.7745277285575867,0.12692491710186005
97.83551959765575,2.3842184299406,-1.285635154657072,2.4896530446628056,-1.5604982009101038,2.4518657889069804,-0.5317993860820575,-0.5160304307937622,0.5247716307640076,0.2995474934577942,-0.04758967086672783,0.6218547224998474,0.7696530818939209,0.13662375509738922
98.00158228376092,2.3869050896437214,-1.2845868514718548,2.4839932589505453,-1.5609957428940546,2.501684594738532,-0.5260340305017467,-0.5065573453903198,0.5256078243255615,0.2975943684577942,-0.026681536808609962,0.6274303197860718,0.7643614411354065,0.1461874395608902
98.16764385323955,2.3896468508954016,-1.283517250236989,2.4782100105137923,-1.5615000683289306,2.5515030655821227,-0.5203528990560197,-0.4973173141479492,0.5258498787879944,0.2954346239566803,-0.005726865492761135,0.63260418176651,0.7586604952812195,0.15560676157474518
98.33370539758585,2.392433184275794,-1.2824296046965311,2.4723011850196754,-1.5620103395084524,2.6013215288860096,-0.5147446677982411,-0.48833876848220825,0.5255093574523926,0.2930733561515808,0.015265533700585365,0.6373794078826904,0.7525491118431091,0.16487623751163483
98.49976724298652,2.3952599344881254,-1.281325129249916,2.466259774015444,-1.5625262286527137,2.6511400825062115,-0.5092060280962566,-0.47965529561042786,0.5245994925498962,0.2905178368091583,0.036284398287534714,0.6417585015296936,0.7460272908210754,0.17399053275585175
98.66582974600549,2.398128306888791,-1.2802029147631149,2.4600655250923174,-1.5630480853644322,2.7009588334119017,-0.5037417239788161,-0.4713110327720642,0.5231379270553589,0.28777965903282166,0.05731722712516785,0.6457422375679016,0.7390967011451721,0.18294182419776917
98.83189309021434,2.401040238098668,-1.2790618409086951,2.4536989253514503,-1.563576280668519,2.750777836674558,-0.4983565746150966,-0.4633500576019287,0.5211440920829773,0.28487107157707214,0.07835143059492111,0.6493328213691711,0.7317585349082947,0.19172196090221405
98.99795518711865,2.404004095272571,-1.2778989342961902,2.4471468483090155,-1.5641115079186951,2.8005964657458504,-0.4930595453597227,-0.45581507682800293,0.5186314582824707,0.2817995846271515,0.09936772286891937,0.6525352001190186,0.7240126729011536,0.20032356679439545
99.16401792702669,2.407025621957138,-1.2767135007334598,2.440428761321865,-1.5646535333954823,2.8504152877182616,-0.48784790209151746,-0.4487284719944,0.5155995488166809,0.27856144309043884,0.12034142017364502,0.6553599834442139,0.7158538699150085,0.20874470472335815
99.33008071490343,2.4101081892754355,-1.275505426298113,2.4335719369017053,-1.565202011799176,2.9002341240812832,-0.4827155797241925,-0.4421049952507019,0.5120453238487244,0.2751508355140686,0.14124678075313568,0.657818615436554,0.7072769999504089,0.21698668599128723
99.49614411457527,2.4132611661114685,-1.2742722551635086,2.426591663829468,-1.5657567025567154,2.9500531439828372,-0.47766400531694525,-0.4359690546989441,0.5079710483551025,0.27156803011894226,0.1620570570230484,0.6599211692810059,0.6982795596122742,0.22504939138889313
99.66220773039228,2.416497765615551,-1.2730113571084165,2.4195104347382297,-1.5663181245399944,2.9998722287279405,-0.4726946111842796,-0.4303400218486786,0.503374457359314,0.2678113281726837,0.18274208903312683,0.6616793870925903,0.6888592839241028,0.23293472826480865
99.82826993326316,2.4198313531985085,-1.271719565487054,2.4123552841039126,-1.5668860447752264,3.0496908895892045,-0.4678077643858367,-0.42523398995399475,0.4982517659664154,0.26387903094291687,0.20326972007751465,0.6631057858467102,0.6790147423744202,0.240647092461586
99.99433094991683,2.4232712838890174,-1.2703948159347038,2.405135606608266,-1.5674609912295996,3.0995091945853046,-0.46300641528900505,-0.42067304253578186,0.4926113188266754,0.2597786486148834,0.2236153781414032,0.6642100811004639,0.6687477827072144,0.24818828701972961
100.16039260684107,2.4268079369298667,-1.2690398726561054,2.3978581458240664,-1.5680420727673328,3.149327691662575,-0.4582824467943098,-0.4166698455810547,0.4864707887172699,0.2555231750011444,0.2437669187784195,0.664997935295105,0.6580605506896973,0.255561500787735
100.32645618086681,2.4304278701975752,-1.2676588750950257,2.3905310694939526,-1.5686282695502578,3.199146763870299,-0.45362482813794985,-0.4132326543331146,0.4798494279384613,0.2511269450187683,0.2637145221233368,0.6654732823371887,0.6469556093215942,0.26277047395706177
100.492519435312,2.434093713760376,-1.2662636041641235,2.383176565170288,-1.569217562675476,3.2489657402038574,-0.4490041136741638,-0.41034889221191406,0.4727688729763031,0.2466050386428833,0.28345996141433716,0.6656339168548584,0.635434627532959,0.26982346177101135
