time,ur20-shoulder_pan_joint,ur20-shoulder_lift_joint,ur20-elbow_joint,ur20-wrist_1_joint,ur20-wrist_2_joint,ur20-wrist_3_joint,target-POS_X,target-POS_Y,target-POS_Z,target-ROT_X,target-ROT_Y,target-ROT_Z,target-ROT_W
0.0,0.6350702047348022,-1.307995621358053,1.737431526184082,-1.6658424139022827,-1.0689235925674438,0.0,0.5628600120544434,0.8409217596054077,0.46847793459892273,0.833888053894043,-0.4676460325717926,-0.2912358045578003,0.03345905616879463
0.20009128376841545,0.6410870829071051,-1.3152755313457694,1.7394283115684053,-1.6637320547244099,-1.067003334094909,0.0,0.5547345876693726,0.8426328897476196,0.4740583300590515,0.8354135155677795,-0.46493351459503174,-0.2913150191307068,0.032504793256521225
0.3999560885131359,0.647103961079408,-1.3225554413334857,1.7414250969527287,-1.6616216955465373,-1.0650830756223741,0.0,0.546583890914917,0.844257116317749,0.4796074628829956,0.8369285464286804,-0.46221184730529785,-0.2914023995399475,0.03155163675546646
0.6000408343970776,0.6531344207030819,-1.3298517837203054,1.7434263895321154,-1.659506572811928,-1.0631584826932792,0.0,0.5383902788162231,0.8457974195480347,0.48513710498809814,0.8384363055229187,-0.45947474241256714,-0.2914980947971344,0.03059759922325611
0.7999076321721077,0.6591651522909984,-1.3371484551606891,1.7454277723666491,-1.6573913546886108,-1.0612338029680708,0.0,0.5301728844642639,0.8472498059272766,0.4906354546546936,0.8399336934089661,-0.45672836899757385,-0.2916019856929779,0.029644645750522614
0.9999927133321762,0.6652097141274645,-1.3444618600235663,1.7474337449630786,-1.6552712857454626,-1.0593047093838488,0.0,0.521914541721344,0.8486171364784241,0.4961140751838684,0.841423749923706,-0.4539666473865509,-0.29171425104141235,0.02869083546102047
1.1998600885272026,0.6712547719935757,-1.3517758650400553,1.7494398821739006,-1.653151042824932,-1.0573754574940901,0.0,0.5136341452598572,0.8498957753181458,0.5015608668327332,0.8429030776023865,-0.4511955976486206,-0.2918347120285034,0.027738288044929504
1.3993183709681034,0.6749192476694041,-1.3617520266200192,1.755437281292165,-1.6511409377540573,-1.0562436708770244,0.0,0.5051372647285461,0.8478403687477112,0.5063605904579163,0.8438044786453247,-0.4495079219341278,-0.291888952255249,0.027154088020324707
1.7321402330014235,0.6784794745305253,-1.3718745151996548,1.761635125314949,-1.6491317654458464,-1.0551470087274741,0.0,0.49661219120025635,0.8455590009689331,0.5110622644424438,0.8446772694587708,-0.44786474108695984,-0.2919427454471588,0.026586364954710007
2.006696646226359,0.6822018128775814,-1.368095539840868,1.746535269943167,-1.6094863755514128,-1.0932130983367443,0.0,0.49671289324760437,0.837310791015625,0.5110639929771423,0.8474770188331604,-0.4477207660675049,-0.28109440207481384,0.04811198636889458
2.2065064098069196,0.6858372841710033,-1.3611871308105412,1.7269532203012814,-1.5623549842573954,-1.1391757191204277,0.0,0.49877458810806274,0.8275364637374878,0.5109163522720337,0.8502680063247681,-0.44694599509239197,-0.26793861389160156,0.0741099938750267
2.4064988429972654,0.6893339913900802,-1.3545424122090248,1.7081186074490222,-1.5170225739915988,-1.1833839702467133,0.0,0.500743567943573,0.8177683353424072,0.5117525458335876,0.8525691628456116,-0.4451849162578583,-0.25517797470092773,0.09909731894731522
2.606306371403647,0.6926898264624551,-1.3481653899615296,1.6900427862766392,-1.4735164744659397,-1.225811199729516,0.0,0.5026598572731018,0.8081137537956238,0.5134626626968384,0.8544190526008606,-0.44255954027175903,-0.2428457885980606,0.12302471697330475
2.979351431906545,0.695918633460799,-1.3420297564702404,1.67265118727267,-1.431657206775625,-1.266632435731875,0.0,0.5045629143714905,0.7986182570457458,0.5159475207328796,0.8558632135391235,-0.43917128443717957,-0.2309132218360901,0.14596478641033173
3.279336697756604,0.7038723629748229,-1.342790679453859,1.6676631516526004,-1.4240547875219438,-1.2684825688455303,0.0,0.4985601603984833,0.8022321462631226,0.519890546798706,0.8575648069381714,-0.43566152453422546,-0.2298821359872818,0.14810717105865479
3.7572573349449137,0.712547265309173,-1.344578560807469,1.6645070726956195,-1.4215265789779403,-1.2645441142806586,0.0,0.49129486083984375,0.8077449798583984,0.5239996910095215,0.8593208193778992,-0.4321834444999695,-0.23048561811447144,0.14717857539653778
4.067495308890935,0.7150823963893015,-1.3462073156071532,1.6671080486210168,-1.4331199651695083,-1.293919075943486,0.0,0.4952486753463745,0.8031976819038391,0.5215802788734436,0.8645536303520203,-0.4287342429161072,-0.21567456424236298,0.1490587741136551
4.267452091053125,0.7163027809278877,-1.3478046081751796,1.6709501381392062,-1.4477664173933253,-1.330499730297104,0.0,0.5018635392189026,0.7965685129165649,0.5180796384811401,0.8701698780059814,-0.42531919479370117,-0.19739633798599243,0.15146785974502563
4.4933402927342625,0.7104884403782776,-1.3475636560477657,1.6740676572878783,-1.4538108808767995,-1.3448249966042345,0.0,0.5090813636779785,0.7904399633407593,0.5148862600326538,0.8706535696983337,-0.42674389481544495,-0.19109460711479187,0.15275704860687256
4.719288853010946,0.7013892824155167,-1.3464638049285975,1.6768452645468528,-1.4558331161415827,-1.348744360953743,0.0,0.5164406895637512,0.7844567894935608,0.5117320418357849,0.8688507676124573,-0.4304075241088867,-0.19044305384159088,0.1535550206899643
4.996909046445491,0.6922739258626989,-1.3453619958219458,1.6796278165844003,-1.4578589514493794,-1.3526707026715576,0.0,0.5237393379211426,0.7783876657485962,0.5085805654525757,0.867026686668396,-0.43406471610069275,-0.18980158865451813,0.15436266362667084
5.12386237610811,0.687340620443993,-1.3469980907502828,1.6823002863643244,-1.4556440635899397,-1.3483321180262469,0.0,0.5247930288314819,0.7751299142837524,0.508373498916626,0.8651385307312012,-0.4365402162075043,-0.19269685447216034,0.15438851714134216
5.493923514513673,0.6890951234179759,-1.3530146303994157,1.684797798800879,-1.4466444670903909,-1.3307705158347247,0.0,0.5159785151481628,0.7764491438865662,0.512905478477478,0.8631078004837036,-0.4371497333049774,-0.2012183666229248,0.15315407514572144
5.693902052371206,0.6908515568754791,-1.3590377900604922,1.6872980592559168,-1.4376349683148184,-1.3131895905732927,0.0,0.5071922540664673,0.7777469754219055,0.5174984931945801,0.860984742641449,-0.4377695322036743,-0.20972229540348053,0.15191993117332458
5.893879472641649,0.6926102374830018,-1.365068655645919,1.6898015185001294,-1.4286139429452476,-1.2955861725858333,0.0,0.49843496084213257,0.7790234088897705,0.522152304649353,0.8587689399719238,-0.4383999705314636,-0.2182091623544693,0.15068557858467102
6.319293794087707,0.6943714822988069,-1.371108314411539,1.6923086278618795,-1.4195797646541806,-1.2779570882948923,0.0,0.48970744013786316,0.7802786231040955,0.5268666744232178,0.8564600348472595,-0.43904122710227966,-0.22667936980724335,0.149450421333313
6.532593932850377,0.6935791643332938,-1.374581086536153,1.696030974883797,-1.424386749790205,-1.291891248323322,0.0,0.4912819266319275,0.7755516767501831,0.5263106822967529,0.8584515452384949,-0.43827351927757263,-0.21990209817886353,0.15039996802806854
6.732564349575059,0.6916593700221781,-1.3769184741221292,1.7002882996455058,-1.4353047903525529,-1.319759585158234,0.0,0.49748995900154114,0.7682040333747864,0.5235825181007385,0.8621740341186523,-0.43690210580825806,-0.20633770525455475,0.15230615437030792
7.206373290490593,0.6897399199389314,-1.379255442603859,1.7045448610494827,-1.4462208732604709,-1.3476229250733474,0.0,0.5038041472434998,0.7608733773231506,0.5210603475570679,0.8656660914421082,-0.43555575609207153,-0.19270333647727966,0.15420368313789368
7.467100752750165,0.696555664536815,-1.3805142990470483,1.7032171332676607,-1.4471523789536258,-1.3508193217574933,0.0,0.4996584355831146,0.7639686465263367,0.5229321718215942,0.8678829669952393,-0.43234896659851074,-0.19010774791240692,0.1539880931377411
7.7074281467667145,0.7059269087117115,-1.38145613799561,1.7002533822874837,-1.445156174109157,-1.3467821085577982,0.0,0.49236252903938293,0.7700477838516235,0.5260607004165649,0.8697491884231567,-0.4285827875137329,-0.1907733976840973,0.15316231548786163
7.920072762311854,0.7137640250222061,-1.3821990339997747,1.697191481437824,-1.4412941153609213,-1.3382620995434882,0.0,0.48505648970603943,0.7760370373725891,0.5293282866477966,0.8705968260765076,-0.42582347989082336,-0.19389314949512482,0.1521216332912445
8.132774612864598,0.7156479064606607,-1.3821691884326681,1.693739104402824,-1.4301554543255053,-1.3122617791632083,0.0,0.4780118763446808,0.7819652557373047,0.5332282781600952,0.8674302697181702,-0.4270358085632324,-0.206502303481102,0.1502065360546112
8.332736349662884,0.7175292699705418,-1.3821393827560795,1.6902913416915313,-1.4190316808261723,-1.28629620988152,0.0,0.4710666239261627,0.7878903746604919,0.5373048186302185,0.8640742301940918,-0.4282638430595398,-0.2190350592136383,0.14828801155090332
8.589631882249313,0.71967878417527,-1.3822772315714766,1.6869282566934403,-1.408267976273351,-1.261323475733713,0.0,0.4641721248626709,0.7937201857566833,0.5415717959403992,0.8607581853866577,-0.42931199073791504,-0.23097768425941467,0.14640969038009644
8.846820874854131,0.7277808618561202,-1.3861111281099618,1.6853589598058607,-1.405207067921962,-1.2576900942674147,0.0,0.456170916557312,0.7974371314048767,0.5462750792503357,0.8623867034912109,-0.42603567242622375,-0.2315271496772766,0.14552611112594604
9.046053386076494,0.7356839828886587,-1.3902903636518469,1.684109733497858,-1.4020697618930071,-1.2541493890936124,0.0,0.4480729103088379,0.8007455468177795,0.5510406494140625,0.8639621734619141,-0.4228278696537018,-0.23207098245620728,0.14466816186904907
9.246209042861267,0.7421466210966658,-1.3969699172643233,1.6851778772120736,-1.3983793225895373,-1.2512796773684554,0.0,0.43957507610321045,0.801677942276001,0.5562438368797302,0.8652491569519043,-0.4201933443546295,-0.23250412940979004,0.14395545423030853
9.457022659765698,0.7486092593046731,-1.4036494708767997,1.6862460209262888,-1.3946888832860673,-1.2484099656432983,0.0,0.43106377124786377,0.8025142550468445,0.5614193677902222,0.8665266036987305,-0.417551189661026,-0.2329442799091339,0.14324675500392914
9.636432394761002,0.7498255190091028,-1.4090642747204076,1.6891460261773734,-1.392544098297631,-1.2478744962998372,0.0,0.427091121673584,0.8004525899887085,0.563995897769928,0.8667675852775574,-0.4170525074005127,-0.23302437365055084,0.14311088621616364
9.983694195945935,0.7401400329631738,-1.4118509836965512,1.6958525598196508,-1.3936111155741187,-1.2521894808356773,0.0,0.4324917197227478,0.7925110459327698,0.5612233281135559,0.8648573756217957,-0.42100992798805237,-0.23235461115837097,0.1441648006439209
10.183782704373078,0.7304118137286435,-1.4146499878698267,1.7025886832590365,-1.3946828406216258,-1.2565235034504643,0.0,0.4377942979335785,0.7844958305358887,0.5584434866905212,0.8629171848297119,-0.4249676764011383,-0.23169781267642975,0.14523248374462128
10.37770490740724,0.7210687925441454,-1.4154995396171675,1.7078506706287784,-1.3963748392798123,-1.2607026960490786,0.0,0.4438587427139282,0.7777125835418701,0.5550931692123413,0.8610396385192871,-0.42875048518180847,-0.2310691624879837,0.14625605940818787
10.577712968190388,0.7125781035688531,-1.4121343686870111,1.7099157363939574,-1.3994036940605643,-1.2645383923090148,0.0,0.4517447352409363,0.7736116051673889,0.5505104660987854,0.8593300580978394,-0.4321700632572174,-0.2304813414812088,0.1471700519323349
10.777632776846366,0.7040770317228272,-1.4087922172233558,1.7119953733518727,-1.4024260814487184,-1.2683812996572865,0.0,0.459573358297348,0.7694001197814941,0.5459392666816711,0.8576033115386963,-0.4355805814266205,-0.22990283370018005,0.14809061586856842
10.977673974086718,0.6954194714032442,-1.4057970103829378,1.714294624303612,-1.4053509936374338,-1.272332891032864,0.0,0.4672856330871582,0.764832615852356,0.5415008068084717,0.8558424115180969,-0.43903619050979614,-0.2292960286140442,0.14901088178157806
11.25258112162899,0.6867619110836611,-1.40280180354252,1.7165938752553513,-1.4082759058261494,-1.2762844824084414,0.0,0.47493845224380493,0.7601752877235413,0.5370672941207886,0.8540650606155396,-0.4424782693386078,-0.22870156168937683,0.1499384343624115
11.525692552152393,0.6901511216541117,-1.4064238172325412,1.7209820637926874,-1.4256779918504008,-1.3198152704442112,0.0,0.4807053804397583,0.7526188492774963,0.53419429063797,0.8617455363273621,-0.43755367398262024,-0.2065858691930771,0.15252381563186646
11.774124304250893,0.6918311699770369,-1.412973813412445,1.7270206368884713,-1.4375243372224205,-1.3528505753188431,0.0,0.48364633321762085,0.7445890307426453,0.5336318016052246,0.8669335246086121,-0.434242844581604,-0.1897803544998169,0.15441100299358368
12.063976723681067,0.6873026316744903,-1.4245278033316051,1.7362140608352172,-1.434265083053546,-1.3548117322009106,0.0,0.4799017012119293,0.7358222603797913,0.5366479158401489,0.8660241961479187,-0.4360538125038147,-0.1894567310810089,0.15480691194534302
12.240176916378728,0.6857509552813331,-1.4316463240932102,1.7405494566986837,-1.4279773511112508,-1.3462897033484598,0.0,0.4745595455169678,0.7329450249671936,0.5398833751678467,0.8644369840621948,-0.4373871088027954,-0.19395102560520172,0.15435022115707397
12.496384084922331,0.6884486695470049,-1.432418574779912,1.7379446116409907,-1.4173906986706715,-1.3228461471636228,0.0,0.467094749212265,0.7384248375892639,0.5436549186706543,0.8617802858352661,-0.4380510151386261,-0.20526579022407532,0.15268200635910034
12.696353868347662,0.6911453756650822,-1.4331905368731623,1.735340740025264,-1.4068080025083114,-1.2994113519380437,0.0,0.45969584584236145,0.7438896894454956,0.5475742816925049,0.8589658141136169,-0.4387318193912506,-0.21652881801128387,0.1510210931301117
13.166914362296993,0.6938417220808301,-1.4339623959976233,1.7327372157290613,-1.396226717927449,-1.2759796825816039,0.0,0.4523652195930481,0.7493404746055603,0.551639199256897,0.8559936881065369,-0.43942990899086,-0.22774042189121246,0.14936651289463043
13.514676317388545,0.6870735262666233,-1.4303049666949508,1.7334836966801441,-1.397763916864208,-1.2761502543131287,0.0,0.4584120213985443,0.7470078468322754,0.548089861869812,0.8541324138641357,-0.4423537850379944,-0.22871625423431396,0.14989952743053436
13.743818662861946,0.6788623191816385,-1.425972224678727,1.7347409316531817,-1.401148740856715,-1.2799192960328527,0.0,0.46645021438598633,0.7433983087539673,0.5433635711669922,0.8524399995803833,-0.44560402631759644,-0.2281462848186493,0.1507718563079834
13.972554471240661,0.674726836770458,-1.4216936949625947,1.7348021688572552,-1.4091570569785596,-1.2947434656009544,0.0,0.4747317433357239,0.740249752998352,0.5387670993804932,0.8536795973777771,-0.44620418548583984,-0.22142872214317322,0.151994526386261
14.172542527214906,0.6740626102865734,-1.4174657852370536,1.733845999650501,-1.4210897831150713,-1.3189557575835704,0.0,0.4833170473575592,0.7375658750534058,0.5343993306159973,0.8572814464569092,-0.44457319378852844,-0.20943331718444824,0.15349507331848145
14.372521493480823,0.6733994613438091,-1.4132447342361987,1.7328913815888205,-1.4330031513918748,-1.3431287711862046,0.0,0.4919837713241577,0.73489910364151,0.5301856398582458,0.8606963157653809,-0.4429662823677063,-0.19739675521850586,0.15497474372386932
14.624105505392771,0.6705226561579928,-1.4119002373900866,1.734196129329207,-1.441622678556572,-1.3621106435347563,0.0,0.49903732538223267,0.7304153442382812,0.5271799564361572,0.8626290559768677,-0.44273388385772705,-0.18825246393680573,0.1562645584344864
14.907272902709014,0.661239650782949,-1.4188598996012378,1.7420328001833056,-1.4407618646032887,-1.366173057121126,0.0,0.5011425018310547,0.7206426858901978,0.5272517800331116,0.8607348203659058,-0.44640904664993286,-0.1875794529914856,0.1570616215467453
15.149256829343953,0.6519253393518889,-1.4252491657180988,1.7495055949691347,-1.4401075452704122,-1.3702513987141052,0.0,0.5034793019294739,0.7111366391181946,0.527073323726654,0.8588167428970337,-0.45008304715156555,-0.18691357970237732,0.15786825120449066
15.396383350214423,0.642779351654768,-1.422323201340073,1.7507970232307677,-1.4427088908211874,-1.3742905515700896,0.0,0.5113617181777954,0.706089437007904,0.5235564708709717,0.8569297194480896,-0.45367541909217834,-0.18623746931552887,0.15863697230815887
15.596361478290023,0.6336331443123605,-1.4193971666936076,1.7520884825066705,-1.445310298844525,-1.3783298014282697,0.0,0.5191850066184998,0.7009493708610535,0.5200416445732117,0.8550249934196472,-0.45725497603416443,-0.18557223677635193,0.15941429138183594
15.974781328229366,0.624486706058608,-1.4164710581744897,1.7533799743876288,-1.4479117725447714,-1.3823691532640872,0.0,0.5269478559494019,0.6957176327705383,0.5165293216705322,0.8531028032302856,-0.4608217179775238,-0.18491792678833008,0.1602003127336502
16.302654543728405,0.6317380000567601,-1.408947006014013,1.7459640097622622,-1.449283464317502,-1.379160164937484,0.0,0.5268883109092712,0.7043316960334778,0.5156123042106628,0.8546254634857178,-0.4579954445362091,-0.1854422688484192,0.1595826894044876
16.620576533763487,0.640524964211706,-1.400992350113691,1.737732579870545,-1.4505399853229315,-1.375272359595045,0.0,0.5259659886360168,0.7142800688743591,0.5148919224739075,0.8564560413360596,-0.45455965399742126,-0.1860860288143158,0.15884079039096832
16.87255208445265,0.636731056686091,-1.393775448457751,1.7342386963227376,-1.4535981263304991,-1.37694990882782,0.0,0.5329527258872986,0.7148403525352478,0.5111634135246277,0.8556671738624573,-0.4560447037220001,-0.1858079582452774,0.15916118025779724
17.107258668710827,0.6300585327083854,-1.3867273516000316,1.7318288059348947,-1.4570684941781658,-1.3799008611799264,0.0,0.5417546033859253,0.7131586074829102,0.5067228674888611,0.8542726635932922,-0.4586509168148041,-0.18532276153564453,0.15972764790058136
17.25224876420667,0.6303670267331065,-1.3809756851944208,1.7278091689583244,-1.4588595465420446,-1.3797662824714376,0.0,0.5451194047927856,0.7159898281097412,0.504621684551239,0.8543381094932556,-0.4585304260253906,-0.1853431910276413,0.15969952940940857
17.5497228808091,0.6401569369339888,-1.376992693385233,1.7216085909359988,-1.458367264508869,-1.3754410225577962,0.0,0.5410216450691223,0.7250429391860962,0.5057327151298523,0.8563821911811829,-0.45470350980758667,-0.18605314195156097,0.15886616706848145
17.788153951695076,0.6493720659062625,-1.3751982150688535,1.7171029962127704,-1.4572929685403107,-1.3713745617289486,0.0,0.5358566641807556,0.7326447367668152,0.507530689239502,0.8582898378372192,-0.45108750462532043,-0.1867280900478363,0.1580861657857895
18.042906954664463,0.6565901641823128,-1.3813568667362803,1.7187243346552623,-1.454087335738978,-1.3682081451477364,0.0,0.5271533727645874,0.7350292205810547,0.5118529200553894,0.8597792983055115,-0.44824475049972534,-0.18724627792835236,0.15746377408504486
18.407350613490735,0.6638082624583632,-1.3875155184037071,1.7203456730977544,-1.4508817029376455,-1.3650417285665242,0.0,0.5184286236763,0.7373136281967163,0.516151487827301,0.8612578511238098,-0.4453939199447632,-0.18777133524417877,0.15684662759304047
18.694598121769616,0.6667649749524295,-1.3783039047379813,1.7128305628624176,-1.4531324535438142,-1.3637480977707614,0.0,0.5219973921775818,0.7438451647758484,0.5135800242424011,0.8618617057800293,-0.44422370195388794,-0.18798521161079407,0.15659233927726746
18.910771924644333,0.6689734004473225,-1.3664321880307586,1.7037382131643302,-1.4563295236915865,-1.3627833114309003,0.0,0.5276549458503723,0.7511239051818848,0.5097105503082275,0.8623120784759521,-0.44334858655929565,-0.18814432621002197,0.15640167891979218
19.110272297858224,0.6651861060076779,-1.3576482076201488,1.6988918881878932,-1.459559045913647,-1.3644410629220813,0.0,0.5356502532958984,0.752554714679718,0.5053329467773438,0.8615404367446899,-0.4448486864566803,-0.1878688484430313,0.15672606229782104
19.33836627964966,0.6592025258497409,-1.3499932799895098,1.6955995084682465,-1.4628010572763581,-1.367059473646235,0.0,0.5445083379745483,0.7517603039741516,0.500758707523346,0.8603146076202393,-0.4472140967845917,-0.18743814527988434,0.1572422981262207
19.50219473225697,0.659876436987245,-1.3417945463459247,1.6893348262097132,-1.464862959169109,-1.3667652253908078,0.0,0.549053430557251,0.7561548352241516,0.497874915599823,0.8604533076286316,-0.4469478726387024,-0.18748576939105988,0.157183438539505
19.73790305065607,0.6675301354498548,-1.3330256804786478,1.6799539491765043,-1.4656876212736074,-1.3634173133263183,0.0,0.5489868521690369,0.7660889625549316,0.496751993894577,0.8620193004608154,-0.443920373916626,-0.18803702294826508,0.15652309358119965
19.935290909881342,0.6740731234450961,-1.3232763380445927,1.6701077200050616,-1.466832313162406,-1.3605606032476714,0.0,0.5502190589904785,0.7757191061973572,0.49497804045677185,0.8633502125740051,-0.44132453203201294,-0.18850934505462646,0.15595871210098267
20.164753846069196,0.6793138833600727,-1.3123982989874003,1.659732796954392,-1.4683481494425423,-1.358279742648872,0.0,0.553005576133728,0.7849777340888977,0.4924318194389343,0.8644126057624817,-0.43924009799957275,-0.18888507783412933,0.1555032730102539
20.349440946199408,0.6859050701654655,-1.3091293258932706,1.6546530518758893,-1.4678369961416358,-1.355421933250932,0.0,0.5501425266265869,0.7915725111961365,0.4931333363056183,0.8657446503639221,-0.43661168217658997,-0.18935298919677734,0.1549253910779953
20.60506790010244,0.6938198225124336,-1.3132543954817144,1.6547144295499603,-1.4653539559779345,-1.3519985852362681,0.0,0.5418257713317871,0.7954936623573303,0.49706026911735535,0.8673349618911743,-0.43344587087631226,-0.18991510570049286,0.15423017740249634
20.87598785086982,0.7017392742413322,-1.3173819143290404,1.6547758436670075,-1.46286944150985,-1.3485732046097048,0.0,0.5334660410881042,0.7993252873420715,0.5009836554527283,0.8689126372337341,-0.4302684962749481,-0.19048595428466797,0.15354090929031372
21.146642692114924,0.7022982361532472,-1.3165191965190532,1.6521216628448825,-1.4506968574639734,-1.3173579766944588,0.0,0.5262361168861389,0.805618405342102,0.5037923455238342,0.8646425008773804,-0.432466596364975,-0.2059614509344101,0.15147872269153595
21.60907945345284,0.7026803290134801,-1.315535074128313,1.6493987914882735,-1.4382759675274472,-1.2854349393588487,0.0,0.5191962718963623,0.8120253086090088,0.5068507194519043,0.8599212169647217,-0.4348275363445282,-0.22171518206596375,0.14934149384498596
21.871328375811625,0.7123120569293712,-1.3200031609659002,1.6508732876340384,-1.4487571220902187,-1.3151726204788416,0.0,0.5171316862106323,0.8107997179031372,0.5079970955848694,0.866927981376648,-0.428270548582077,-0.20562230050563812,0.15079648792743683
22.171268654197945,0.7198656718754745,-1.3143735036711894,1.6449897692367013,-1.4598591681869089,-1.3407962675890717,0.0,0.5216150283813477,0.8142289519309998,0.505537748336792,0.8724965453147888,-0.42295417189598083,-0.19176875054836273,0.15193507075309753
22.45796576348466,0.7228116263587572,-1.302692601082408,1.634613739056195,-1.4617885180660175,-1.3395376840015274,0.0,0.5262166261672974,0.8224210739135742,0.5021181106567383,0.8730741739273071,-0.42176008224487305,-0.19197677075862885,0.15167288482189178
22.68399774338921,0.7181104591543345,-1.2950050797954484,1.6304272627151473,-1.464300005833511,-1.3415491607655006,0.0,0.5343473553657532,0.8229010105133057,0.4977840781211853,0.8721526265144348,-0.4236646592617035,-0.1916426718235016,0.1520891636610031
23.078740878208688,0.7118669582512374,-1.2881222034960684,1.6274885371534578,-1.4669290679622533,-1.344220169986434,0.0,0.5431897044181824,0.8217394948005676,0.4932484030723572,0.8709210157394409,-0.42618876695632935,-0.19120393693447113,0.1526457965373993
23.441477852630232,0.7079126189947931,-1.2827509482036645,1.622622812623007,-1.451030366448771,-1.2995752367713242,0.0,0.5384106040000916,0.8295341730117798,0.4942159354686737,0.8634812235832214,-0.4314230680465698,-0.21396514773368835,0.1499769389629364
23.687485035858156,0.7149520778632339,-1.2768973080128068,1.614978401496385,-1.4515509951682741,-1.2990162586840224,0.0,0.5370144844055176,0.8373834490776062,0.49407780170440674,0.8652347922325134,-0.42839255928993225,-0.21324732899665833,0.14958009123802185
23.96649237582393,0.7274649073564702,-1.267329572965665,1.603726390936002,-1.4672593446927205,-1.3375537407798601,0.0,0.5433344841003418,0.8442777395248413,0.4905875325202942,0.8739842176437378,-0.41987094283103943,-0.19230452179908752,0.15125754475593567
24.26504748057338,0.7284258237259703,-1.2556182559165314,1.5934331955222918,-1.4688842056326818,-1.3371445958645458,0.0,0.5494250059127808,0.8511141538619995,0.48656904697418213,0.874171793460846,-0.4194803833961487,-0.19237206876277924,0.15117157995700836
24.454437789912703,0.7273884395721572,-1.2520904525356753,1.5892792415858186,-1.460008129642061,-1.312244413930402,0.0,0.5463961362838745,0.8566093444824219,0.48749709129333496,0.8704565763473511,-0.42188677191734314,-0.20484256744384766,0.14952057600021362
24.663514688310794,0.7252593549658356,-1.2530246201305602,1.5884709356181517,-1.445391364099393,-1.2739506327341281,0.0,0.5386334657669067,0.8614789247512817,0.49149465560913086,0.864234209060669,-0.4258515536785126,-0.22397029399871826,0.14692457020282745
24.850526240631996,0.7248467571006644,-1.2520520385788785,1.5885144960664306,-1.4484850943323837,-1.2426262472480196,0.0,0.5350127816200256,0.8694926500320435,0.4931192100048065,0.8608130216598511,-0.4282231628894806,-0.23713265359401703,0.13926221430301666
25.118952895388176,0.7255134798072639,-1.249876693587943,1.5890943676015177,-1.4627346744139285,-1.215605318630287,0.0,0.5339049100875854,0.879429042339325,0.49328601360321045,0.8592385053634644,-0.42939838767051697,-0.2466430962085724,0.12842637300491333
25.25902653034829,0.7238394149585111,-1.2472359707120637,1.588408061936756,-1.4666181820638682,-1.2106735190176035,0.0,0.5363594889640808,0.8812238574028015,0.49172937870025635,0.8585283756256104,-0.43036505579948425,-0.24852222204208374,0.12629950046539307
25.668996479478015,0.7196493528820801,-1.2441000290527557,1.5863603304907794,-1.4593352687790446,-1.2295290824431782,0.0,0.5425869226455688,0.8742416501045227,0.48820358514785767,0.8588088750839233,-0.4312092661857605,-0.2422056645154953,0.13357499241828918
25.868960768100155,0.7154540640804473,-1.240960175588562,1.5843100446841845,-1.4520432707155912,-1.2484081664865272,0.0,0.5488039255142212,0.8671941757202148,0.4847909212112427,0.8590272665023804,-0.43194109201431274,-0.23590834438800812,0.14087708294391632
26.170138370370587,0.7125392096921439,-1.2369406566592474,1.5810111310604458,-1.4456628950204933,-1.2645460426800674,0.0,0.5544039011001587,0.8622579574584961,0.4817359447479248,0.8593185544013977,-0.43218690156936646,-0.23048648238182068,0.14718063175678253
26.54347923202404,0.7183464538301395,-1.2269784861328268,1.5692572382569627,-1.4455277051315323,-1.2619299631241785,0.0,0.5558134913444519,0.8720583915710449,0.48034486174583435,0.8604923486709595,-0.4298486113548279,-0.23088134825229645,0.14654995501041412
26.94026992816823,0.7241417403298486,-1.2170368286120372,1.55752754777652,-1.4453927936107185,-1.2593192703115217,0.0,0.5571026802062988,0.8818628787994385,0.47888004779815674,0.861656129360199,-0.4275090992450714,-0.23128105700016022,0.14592385292053223
27.359896226225082,0.7393816891632928,-1.220174617220845,1.5570188744333056,-1.4664672286544516,-1.320295560793397,0.0,0.5583457350730896,0.8802887797355652,0.4783002436161041,0.8746327757835388,-0.41597041487693787,-0.19918259978294373,0.1493726521730423
27.711408377648784,0.7429413884356284,-1.2270966857274495,1.5606487881867768,-1.4632591012293534,-1.3154879481012836,0.0,0.5508596897125244,0.8801425695419312,0.48291873931884766,0.874901533126831,-0.4147706925868988,-0.2010047882795334,0.14869272708892822
27.92635613589443,0.7443326769419986,-1.233338268375226,1.5638018358352719,-1.4554229813068429,-1.297616381590827,0.0,0.5422899723052979,0.8810691833496094,0.48798608779907227,0.8727594614028931,-0.41555649042129517,-0.20956988632678986,0.1472553312778473
28.12633413358487,0.7457251863368376,-1.239585328158943,1.5669576503574223,-1.4475799850043365,-1.2797291323593736,0.0,0.5337532758712769,0.8819782137870789,0.49311214685440063,0.8705270290374756,-0.4163486659526825,-0.21811580657958984,0.14581458270549774
28.32631291358627,0.7471191290216633,-1.2458388179518707,1.5701167131142861,-1.439728916018006,-1.2618234720383361,0.0,0.5252498388290405,0.8828696608543396,0.498296320438385,0.86820387840271,-0.41714754700660706,-0.2266429364681244,0.14437009394168854
28.545724759154886,0.7464732432242996,-1.2529410347333911,1.575431274869672,-1.4339339914767446,-1.2493508734740992,0.0,0.5189042091369629,0.8809031248092651,0.5024139881134033,0.8661027550697327,-0.41842618584632874,-0.23280368745326996,0.14348502457141876
28.826413907412782,0.7400888981437732,-1.2624179523850156,1.5868009271874604,-1.433935636044404,-1.2521894844948696,0.0,0.5184555053710938,0.8709585070610046,0.5033518671989441,0.8648390769958496,-0.42103347182273865,-0.2323683798313141,0.14418426156044006
29.02208098054339,0.7345747485479561,-1.2724786657176135,1.5980577345013471,-1.4335024843648059,-1.2546434008879312,0.0,0.5168989300727844,0.8614223003387451,0.5048854351043701,0.8637408018112183,-0.42327913641929626,-0.2319962978363037,0.14479003846645355
29.22204290360619,0.7314109942759349,-1.2840562492483056,1.6089638115670837,-1.4319088426253075,-1.2560581875535397,0.0,0.5126272439956665,0.8529718518257141,0.5080955028533936,0.8631101250648499,-0.4245643615722656,-0.23177993297576904,0.14513473212718964
29.550944316827138,0.7286504986437264,-1.2941845190082746,1.6188893091988552,-1.432275286749874,-1.2540785442469005,0.0,0.5085854530334473,0.8465912938117981,0.5108343362808228,0.8623700141906738,-0.42588481307029724,-0.23273125290870667,0.14413928985595703
29.960292979958915,0.7290924868944664,-1.2928012121197665,1.620999091946843,-1.448085808864123,-1.2253651165758697,0.0,0.5069707036018372,0.856459379196167,0.5108128190040588,0.8607102632522583,-0.42734095454216003,-0.2428617775440216,0.13257285952568054
30.249787216279415,0.7305363536306205,-1.2914163994775119,1.6220713262761999,-1.4617827203190006,-1.199591556328501,0.0,0.504921019077301,0.86603182554245,0.5114762187004089,0.8593447208404541,-0.4279686510562897,-0.2518531382083893,0.122226282954216
30.544525330786062,0.7391784302578238,-1.290066505118249,1.6156041414171207,-1.4597401011676472,-1.1959328201692674,0.0,0.4992974102497101,0.8734377026557922,0.5151259303092957,0.8611379861831665,-0.42435306310653687,-0.2523590922355652,0.12116328626871109
30.7679655895555,0.7485005480558531,-1.2895422526193725,1.60858987400004,-1.4520602452511069,-1.2016653105014967,0.0,0.4931555390357971,0.8777799010276794,0.5188958048820496,0.8636658787727356,-0.42002934217453003,-0.24952319264411926,0.1240752786397934
31.21908299181444,0.7599049107772038,-1.2916069491027988,1.5998979782166494,-1.4267617028877648,-1.2367855562031895,0.0,0.4858585596084595,0.8725246787071228,0.5232651829719543,0.8683632612228394,-0.41328927874565125,-0.23607926070690155,0.139296755194664
31.644916863806895,0.7549253551002216,-1.3066985882774858,1.6187431027785129,-1.4490270192374688,-1.1954563306146382,0.0,0.47823643684387207,0.8745542764663696,0.5284467339515686,0.8647636771202087,-0.417473703622818,-0.25112560391426086,0.12180070579051971
32.004294373456965,0.7540452390881146,-1.3118996181289342,1.6216194530415693,-1.4389434569197908,-1.212178614635763,0.0,0.4770410358905792,0.8659642934799194,0.5294007062911987,0.8656209707260132,-0.41711288690567017,-0.24528352916240692,0.12865905463695526
32.3428939527303,0.7540057982106113,-1.3156580799799193,1.622042200034219,-1.4241391984213605,-1.2371769406788589,0.0,0.4766227602958679,0.8559945225715637,0.5300135612487793,0.867091178894043,-0.4158433675765991,-0.23644372820854187,0.13900206983089447
32.506963689308435,0.7597436206755775,-1.3161279563904644,1.6183440694607145,-1.417674460132814,-1.2434971786709264,0.0,0.47256791591644287,0.8571014404296875,0.5324218273162842,0.8687158823013306,-0.4129774570465088,-0.23369571566581726,0.14201639592647552
32.778169133810465,0.7686559782547798,-1.314795335695101,1.612382046922609,-1.4157742641331696,-1.239584260967965,0.0,0.4664131999015808,0.8642534613609314,0.5357465744018555,0.8704542517662048,-0.40929773449897766,-0.23429791629314423,0.14102856814861298
33.04893040544447,0.7732698793532586,-1.3162908037054888,1.6121351468621206,-1.4232555493475474,-1.2217137412482766,0.0,0.4609763026237488,0.8719379901885986,0.5390852093696594,0.8705037236213684,-0.40820932388305664,-0.24019314348697662,0.13377395272254944
33.24891710168776,0.7764672842284074,-1.3187104565866867,1.6137614864129943,-1.433798264790675,-1.1993000408654595,0.0,0.45580095052719116,0.8797466158866882,0.5425820350646973,0.8699216842651367,-0.40782058238983154,-0.24783290922641754,0.12448804825544357
33.62073208579097,0.7791976285870074,-1.3214012066086953,1.6155428254236535,-1.4420513217851747,-1.1812126968945276,0.0,0.45109280943870544,0.8856817483901978,0.5458839535713196,0.8694161176681519,-0.4073128402233124,-0.25400492548942566,0.11701846122741699
34.07056896284306,0.7778623311297445,-1.3265298060684387,1.618722434345987,-1.4302798460838408,-1.200916624636189,0.0,0.45045962929725647,0.8757050633430481,0.5460551381111145,0.8703188300132751,-0.4071406126022339,-0.2471528798341751,0.1252872347831726
34.2705406647929,0.7765312221707078,-1.3316423183787425,1.6218920696206816,-1.4185452945935348,-1.220558746024554,0.0,0.4498291313648224,0.8657307028770447,0.5463489294052124,0.8711467981338501,-0.4068343937397003,-0.2403290867805481,0.13353231549263
34.525035756353724,0.7738077248944345,-1.3364838182967835,1.625868824814672,-1.4091706904127093,-1.2373342510034904,0.0,0.450214684009552,0.8560519814491272,0.5462343692779541,0.8714548349380493,-0.4071626663208008,-0.23464353382587433,0.1404542475938797
34.78798563714321,0.7647453528947082,-1.3401498073574913,1.6335460261616663,-1.4103880027643967,-1.2413022656099673,0.0,0.45512938499450684,0.8476911783218384,0.543760359287262,0.869694173336029,-0.41091400384902954,-0.23403124511241913,0.14146052300930023
35.015004345153876,0.7583324709912553,-1.342216385424101,1.6392014856804067,-1.4147056166527838,-1.2383304819176046,0.0,0.4584341049194336,0.843887984752655,0.5419352650642395,0.8681201934814453,-0.41388705372810364,-0.2356477826833725,0.13976751267910004
35.438613067137204,0.7598625247758233,-1.339486033365432,1.638796803590284,-1.4283310102532887,-1.2145314728793861,0.0,0.45724743604660034,0.8538135290145874,0.5421819686889648,0.8670909404754639,-0.4144483506679535,-0.24392326176166534,0.12995091080665588
35.7038026705053,0.7613974109445704,-1.3367470580085328,1.638390843388666,-1.441999437070753,-1.190657299192763,0.0,0.45607414841651917,0.8637320399284363,0.542631208896637,0.8659548759460449,-0.4148198664188385,-0.2522335648536682,0.12010346353054047
35.94017064386632,0.7535960855115252,-1.336236576291304,1.648483791015358,-1.4721321838434882,-1.1658233029276335,0.0,0.46208032965660095,0.8687649965286255,0.5383880734443665,0.8637216091156006,-0.41867250204086304,-0.260072261095047,0.10516969114542007
36.28471516445033,0.7436081420803672,-1.3361955983517515,1.6610648396058185,-1.506482855437312,-1.1402334702623795,0.0,0.46981024742126465,0.8726401329040527,0.5333728790283203,0.8610605001449585,-0.4230397641658783,-0.267838716506958,0.08873917162418365
36.54229691472098,0.7386342055021425,-1.3342179590917598,1.6622390807640237,-1.5071474681349288,-1.1469773246191786,0.0,0.4752454161643982,0.8688436150550842,0.5299244523048401,0.8605852127075195,-0.42501986026763916,-0.26559287309646606,0.09061741828918457
36.79271441750532,0.737171058364359,-1.3309374224162236,1.6555645566953747,-1.484671678257364,-1.175831956206994,0.0,0.4790094494819641,0.8598536252975464,0.5276979207992554,0.8615700006484985,-0.42522311210632324,-0.25659090280532837,0.10508831590414047
36.99268604494935,0.735711630253538,-1.32766522420784,1.6489069979300306,-1.4622530173358674,-1.2046132451007676,0.0,0.48276665806770325,0.8507757186889648,0.5258414149284363,0.8623923063278198,-0.42505550384521484,-0.24762806296348572,0.11953031271696091
37.19265065022117,0.7342565527203779,-1.3244027804726795,1.642269285449836,-1.4399011867876337,-1.233308736529363,0.0,0.4865228235721588,0.8416301608085632,0.5243532657623291,0.8630542159080505,-0.4245200455188751,-0.23871155083179474,0.13392798602581024
37.45242031754591,0.7334169664274136,-1.3244744787807199,1.6389205584765958,-1.422029697066647,-1.2551598758431781,0.0,0.4877256453037262,0.8334420323371887,0.5245916843414307,0.8635098338127136,-0.42374974489212036,-0.23191788792610168,0.14491680264472961
37.766103930838135,0.7345998533566256,-1.3355429148530769,1.6463893487146446,-1.4187762304767908,-1.2546316559243853,0.0,0.48046159744262695,0.8285478353500366,0.5294120907783508,0.8637456297874451,-0.4232689440250397,-0.23199844360351562,0.14478759467601776
37.966333840828156,0.735880664367685,-1.3465595003905637,1.6537645038207647,-1.4155100335705642,-1.2540599240967392,0.0,0.4731435179710388,0.8237131834030151,0.534156084060669,0.8640007972717285,-0.4227480888366699,-0.232085719704628,0.14464767277240753
38.16727075694513,0.7411824512690404,-1.3545243435126721,1.656616319147977,-1.4119656488599392,-1.2517017046813192,0.0,0.4646494388580322,0.8233357667922974,0.539432942867279,0.8650555610656738,-0.4205876290798187,-0.2324436753988266,0.14406520128250122
38.376457118497356,0.7464947590249124,-1.3624729533211686,1.6594507085123646,-1.4084234339079893,-1.2493389440516756,0.0,0.45615291595458984,0.8228870034217834,0.5446630716323853,0.8661061525344849,-0.41841769218444824,-0.2328069508075714,0.14348413050174713
38.58587582476766,0.7542967086145925,-1.3665801321313102,1.658161439862596,-1.4053946679308618,-1.2459015561766251,0.0,0.44802460074424744,0.8261493444442749,0.5494855046272278,0.8676487803459167,-0.4152175188064575,-0.23332466185092926,0.14261619746685028
38.81288640968846,0.7620984175810477,-1.370687184270214,1.6568722109757064,-1.402365995365186,-1.2424642743155072,0.0,0.4398573935031891,0.8293179869651794,0.5543052554130554,0.8691772818565369,-0.4120064675807953,-0.2338527888059616,0.141754150390625
39.011417038171075,0.7683478769987454,-1.37209437943949,1.655129830095936,-1.4041756032775248,-1.2334946607625672,0.0,0.43394991755485535,0.834839940071106,0.5576327443122864,0.8700677156448364,-0.40976399183273315,-0.23646575212478638,0.13841767609119415
39.229489310539186,0.771868802774363,-1.3687522541186228,1.6525895710165832,-1.4144978501096934,-1.2147886959965304,0.0,0.4320470690727234,0.8446240425109863,0.5584233403205872,0.8698123097419739,-0.40915682911872864,-0.24274982511997223,0.13072749972343445
39.43610374570145,0.7753926808269862,-1.3654073264439537,1.650047181943886,-1.4248287520893748,-1.1960670463813472,0.0,0.43010684847831726,0.8543897271156311,0.5593377351760864,0.8694911599159241,-0.4084262549877167,-0.2490638643503189,0.12304575741291046
39.7446365729953,0.7802727913138977,-1.3608765576448594,1.644680512158418,-1.4280483985501538,-1.1887927134078051,0.0,0.42851004004478455,0.861838698387146,0.5599640011787415,0.8701102137565613,-0.406566321849823,-0.2512538433074951,0.12034763395786285
39.99751854659124,0.7901228337790213,-1.3531489943886783,1.6295930758045623,-1.4055875976811454,-1.222171057920795,0.0,0.4277518391609192,0.8607620000839233,0.5600795149803162,0.8741960525512695,-0.40076425671577454,-0.2385714054107666,0.13510270416736603
40.42370031259807,0.7939556118829028,-1.3520329614638864,1.627808031731807,-1.4153136509124697,-1.2029151713966026,0.0,0.4243115782737732,0.8698509931564331,0.5624327659606934,0.8740029335021973,-0.39993488788604736,-0.245026096701622,0.12701596319675446
40.623669742120825,0.797784512772395,-1.3509180575110302,1.6260247933984862,-1.4250298653290967,-1.1836787640069408,0.0,0.42083966732025146,0.8788894414901733,0.5649271011352539,0.8737379908561707,-0.3989705741405487,-0.2515030801296234,0.11895612627267838
40.84611773963864,0.8010592174096354,-1.3535759689623494,1.6269699353475409,-1.4306062957537973,-1.170394343962553,0.0,0.4160532057285309,0.8835015892982483,0.5682573318481445,0.8736533522605896,-0.39794406294822693,-0.25593748688697815,0.11342952400445938
41.14524704401161,0.8031797426932101,-1.3641342920027717,1.6336267173743682,-1.4275285314766515,-1.169543426418296,0.0,0.40856942534446716,0.8789024353027344,0.5730310082435608,0.874072790145874,-0.3970223665237427,-0.2560565769672394,0.11315925419330597
41.43897379817521,0.8053046851848172,-1.374714608796206,1.640297365961178,-1.4244443559931916,-1.168690736351051,0.0,0.401070237159729,0.8742438554763794,0.5777234435081482,0.874491810798645,-0.396097868680954,-0.2561768591403961,0.1128888875246048
41.71766867769233,0.8004169363144831,-1.3791799859790577,1.6452812205017997,-1.4178375272273775,-1.181355311648114,0.0,0.4031541347503662,0.8650670051574707,0.5765265226364136,0.8742060661315918,-0.39786919951438904,-0.25206875801086426,0.1180049255490303
41.91765705031625,0.7950450558891253,-1.3832304800542097,1.6501537562289832,-1.4109840481663245,-1.1949557733607228,0.0,0.40581855177879333,0.8555528521537781,0.57498699426651,0.8738327622413635,-0.39975839853286743,-0.2476964145898819,0.12351559847593307
42.11763380003444,0.7896679474302383,-1.3872849161603005,1.6550310340163277,-1.4041238991469915,-1.208569471345217,0.0,0.4084058403968811,0.8460086584091187,0.573506772518158,0.8734189867973328,-0.4015783965587616,-0.2433498501777649,0.12905314564704895
42.31759482902757,0.78428520403921,-1.3913436011061724,1.659913422939067,-1.3972565610455525,-1.2221974357825685,0.0,0.4109165668487549,0.8364359140396118,0.5720855593681335,0.8729655146598816,-0.40332919359207153,-0.23902927339076996,0.13461704552173615
42.72188456139737,0.7791584138908504,-1.3955249314589657,1.665100472201636,-1.3922455679270285,-1.2325171961991486,0.0,0.4128705561161041,0.8279852867126465,0.5709441304206848,0.872357964515686,-0.4050721526145935,-0.23588337004184723,0.13880655169487
43.18390656871886,0.777854046493375,-1.4014420479098308,1.6746743931905261,-1.4144930013230017,-1.1942394866855741,0.0,0.4078403413295746,0.836290180683136,0.5733270645141602,0.8699068427085876,-0.40742138028144836,-0.24952828884124756,0.12249726802110672
43.438669391742096,0.7834480855625789,-1.406086568730689,1.6746409895216692,-1.4111435437616797,-1.1927614104881872,0.0,0.4010632634162903,0.8370469808578491,0.5774643421173096,0.8710335493087769,-0.4050181806087494,-0.2496083378791809,0.12229649722576141
43.70790716257169,0.7930811737395967,-1.409961696436894,1.6689492687697571,-1.39273252287069,-1.212963667244869,0.0,0.3933122158050537,0.833274245262146,0.5825304388999939,0.874289333820343,-0.3999074101448059,-0.2416408360004425,0.13153649866580963
44.00671887046829,0.8000999587643502,-1.412946665204762,1.6660281214988326,-1.3857638778275996,-1.2173264300573903,0.0,0.38694190979003906,0.8337533473968506,0.5866671204566956,0.8760719299316406,-0.3965887725353241,-0.23944009840488434,0.1337296962738037
44.39928082027012,0.8021010094206839,-1.4142276727593222,1.6684592246913401,-1.4009388564765066,-1.1909956872478915,0.0,0.38305121660232544,0.8426699042320251,0.588975191116333,0.875092089176178,-0.39679503440856934,-0.2485642433166504,0.12240564078092575
44.755129162430094,0.8050215805443488,-1.4161906213611393,1.6699351725224645,-1.4102867940761972,-1.1728389690404553,0.0,0.37863215804100037,0.8489083647727966,0.5917750597000122,0.8746650815010071,-0.3961077332496643,-0.25475066900253296,0.11472377926111221
45.19208105286511,0.8122142939198043,-1.4213223532451496,1.6669634657624235,-1.3925005173146245,-1.1927565637322284,0.0,0.3717462122440338,0.8428825736045837,0.5958021879196167,0.877325177192688,-0.3922487795352936,-0.2471456080675125,0.1239374652504921
45.42241032367175,0.8193696549137867,-1.4264274356024873,1.6640071913321213,-1.374806606223683,-1.2125707246353719,0.0,0.36500149965286255,0.8367708921432495,0.5999429821968079,0.8798782825469971,-0.3882618248462677,-0.23951244354248047,0.1330442875623703
45.652542899620656,0.822467771310736,-1.435771110537446,1.6677134527649142,-1.367470075422602,-1.216463129115856,0.0,0.3579375743865967,0.8315003514289856,0.6046484708786011,0.8807215094566345,-0.38670819997787476,-0.23786044120788574,0.13493980467319489
45.852432533425215,0.8243719479961598,-1.4463758481828233,1.6733899385743494,-1.363182073455715,-1.2156611433867648,0.0,0.3507522940635681,0.8264515399932861,0.6094203591346741,0.8810772895812988,-0.3858970105648041,-0.237984299659729,0.13472051918506622
46.09479187362162,0.8262813946844315,-1.457009935519341,1.6790821346362061,-1.3588822040068074,-1.2148569380805152,0.0,0.3435477018356323,0.8213427066802979,0.6141132116317749,0.8814332485198975,-0.38508298993110657,-0.23810917139053345,0.13450105488300323
46.2720106073708,0.8216315392426723,-1.4648063200741506,1.68635841711685,-1.3568275124829436,-1.2168331070981258,0.0,0.34288060665130615,0.8141132593154907,0.6149932146072388,0.8805708885192871,-0.38706180453300476,-0.23779384791851044,0.13502658903598785
46.4832025290568,0.8119717043930885,-1.4704436876935592,1.6948498996260142,-1.3564845545989273,-1.2209329238692577,0.0,0.34708869457244873,0.8052725791931152,0.6130011081695557,0.8787604570388794,-0.3911609351634979,-0.23715457320213318,0.13612806797027588
46.87321113456554,0.802257822606337,-1.4761125964788637,1.7033888921215061,-1.3561396778598274,-1.2250556791836336,0.0,0.35117560625076294,0.7963699698448181,0.6109802722930908,0.876916766166687,-0.3952658474445343,-0.23652827739715576,0.13724471628665924
47.10234110087732,0.8020123301691789,-1.469459611496458,1.6995367451140486,-1.3588463315032948,-1.2251519601102612,0.0,0.355012983083725,0.8000102043151855,0.6084202527999878,0.8768672347068787,-0.3953704237937927,-0.23651818931102753,0.13727732002735138
47.356772284844865,0.805673619181508,-1.457736336123691,1.6905801622493533,-1.3628065392027235,-1.223586881132451,0.0,0.3587169647216797,0.8088423609733582,0.6055489182472229,0.8775614500045776,-0.3938268721103668,-0.2367600053548813,0.13686136901378632
47.568716615948794,0.8008874845931435,-1.4514348465356468,1.6892804026274713,-1.3662598875176408,-1.2256399280006607,0.0,0.365752249956131,0.8095647096633911,0.6011496186256409,0.8766558170318604,-0.3958432674407959,-0.23643936216831207,0.13740141689777374
47.76868611997735,0.7928414862023603,-1.4472227607010348,1.6909336903872756,-1.3695187820493229,-1.2290892118779202,0.0,0.37406355142593384,0.8070657849311829,0.596185028553009,0.8751201629638672,-0.3992236852645874,-0.23591068387031555,0.13831542432308197
47.967933979395745,0.7857774158824897,-1.4413934965393174,1.6909932815227042,-1.3731670407054821,-1.2321458651298898,0.0,0.38254159688949585,0.8059877753257751,0.5910654664039612,0.8737688064575195,-0.4021783173084259,-0.23543553054332733,0.13910700380802155
48.16794563508403,0.7790018647117094,-1.4350931727781555,1.6905872853649846,-1.3769281863460756,-1.2350870973642425,0.0,0.39106202125549316,0.8052548766136169,0.5858811736106873,0.872464656829834,-0.4050023555755615,-0.2349810153245926,0.13986548781394958
48.49460442921849,0.7722344864909942,-1.4288004487281012,1.6901817789366227,-1.3806847951372332,-1.2380247817626222,0.0,0.39955925941467285,0.8044233918190002,0.5806799530982971,0.8711511492729187,-0.40781471133232117,-0.23453499376773834,0.1406274437904358
48.61187746627556,0.7695068195412296,-1.4321830870128067,1.693692776819758,-1.3799527842920944,-1.23920795162737,0.0,0.399656742811203,0.8008409738540649,0.5808764696121216,0.8706182837486267,-0.40894603729248047,-0.23435813188552856,0.14093637466430664
48.86021723975125,0.7700757822635811,-1.4434718149410914,1.700406350616532,-1.3755538422411435,-1.238959338208574,0.0,0.392890602350235,0.795045018196106,0.5854142904281616,0.8707289695739746,-0.4087103307247162,-0.234396293759346,0.14087297022342682
49.05901743778432,0.7675031545832209,-1.451059807805367,1.7064210782329072,-1.373198359625691,-1.2400919958566394,0.0,0.3904772698879242,0.7892913818359375,0.5872148275375366,0.8702309727668762,-0.4097743034362793,-0.23421809077262878,0.14115510880947113
49.365076108263196,0.757991810616937,-1.4504453651639515,1.7108744509659637,-1.3753671022887548,-1.244275412414393,0.0,0.3976653516292572,0.7836464643478394,0.5831630825996399,0.8683752417564392,-0.41369789838790894,-0.23357218503952026,0.1422061026096344
49.56501446886486,0.7484597914973753,-1.4498359596155397,1.7153404707328657,-1.377537922550295,-1.248468346815789,0.0,0.4047813415527344,0.777907133102417,0.5791181921958923,0.866494357585907,-0.41761329770088196,-0.2329399734735489,0.14326785504817963
49.765104635046185,0.7386790929758215,-1.450199650365299,1.720383391932583,-1.3793561866430817,-1.252836502289009,0.0,0.4114832282066345,0.7714470028877258,0.5754519104957581,0.8645660877227783,-0.4216058552265167,-0.2322578877210617,0.1443268060684204
49.96509021370238,0.7288784452635703,-1.4505640829164856,1.7254365989208322,-1.3811781593561725,-1.2572135672656082,0.0,0.41810092329978943,0.7649058103561401,0.5717906951904297,0.8626118898391724,-0.42558911442756653,-0.2315903753042221,0.14539724588394165
50.31069745591194,0.7202385004308728,-1.4515678821296096,1.730289279356282,-1.3824984285472122,-1.2610715326449349,0.0,0.423456072807312,0.7587360143661499,0.5688434839248657,0.8608707785606384,-0.4290860593318939,-0.23101595044136047,0.14634904265403748
50.7086787137482,0.7253659311857106,-1.4600384725671423,1.7326953160945642,-1.3779168396145531,-1.2587724560700566,0.0,0.4150319993495941,0.7577464580535889,0.5741425156593323,0.8619027137756348,-0.4270135164260864,-0.23136268556118011,0.1457892209291458
50.908667272636634,0.7305007381997589,-1.4685212486925412,1.7351048141278886,-1.373328659664057,-1.2564700720717197,0.0,0.406593382358551,0.7566669583320618,0.5793973207473755,0.8629299998283386,-0.4249330759048462,-0.23171421885490417,0.1452309936285019
51.14966134324127,0.7362843492824301,-1.4758976864767481,1.7365493571156498,-1.3690834778246033,-1.253884369065549,0.0,0.39835017919540405,0.7564870715141296,0.5844372510910034,0.8640827536582947,-0.42258331179618835,-0.23210981488227844,0.14460082352161407
51.39897894349578,0.7460801510143985,-1.4763325907019385,1.731968382978671,-1.3670017351291412,-1.2495469759306816,0.0,0.3913314640522003,0.7623884677886963,0.5884193181991577,0.8660328984260559,-0.418584406375885,-0.23276066780090332,0.14351516962051392
51.62169426922504,0.7558537056413791,-1.476766507222373,1.7273978126264318,-1.3649247202496937,-1.2452194333872293,0.0,0.38423997163772583,0.7681983113288879,0.5924052000045776,0.8679564595222473,-0.4145771861076355,-0.2334263026714325,0.14244116842746735
51.81875586870434,0.7606889992641104,-1.4809074764909524,1.72732578583503,-1.3621532255052742,-1.2430746822371477,0.0,0.37847989797592163,0.7689328193664551,0.5959199070930481,0.8688985109329224,-0.4125886857509613,-0.2337644398212433,0.14191555976867676
52.10902706863867,0.7557251570597132,-1.4924247191963558,1.7361916471341492,-1.35799465515254,-1.2452612884435625,0.0,0.37543433904647827,0.7597419023513794,0.5984125137329102,0.8679258823394775,-0.41463181376457214,-0.23342867195606232,0.14246425032615662
52.33954989370783,0.7497149583929198,-1.5014329536691051,1.7441517233866957,-1.355139129325262,-1.2479184968202148,0.0,0.37446147203445435,0.7513046860694885,0.5994676947593689,0.8667439818382263,-0.41709840297698975,-0.2330205887556076,0.14312602579593658
52.608813496439765,0.7397889740324542,-1.5008100946703737,1.7485862765211468,-1.3572666715258108,-1.2523373158724662,0.0,0.38163864612579346,0.7456351518630981,0.5954329967498779,0.8647847175598145,-0.42115411162376404,-0.2323371320962906,0.14420834183692932
52.82571821002143,0.7298374016043134,-1.5001856300114245,1.7530322614332026,-1.3593996982900898,-1.2567675261416336,0.0,0.38874608278274536,0.7398694753646851,0.5914006233215332,0.8627976775169373,-0.4252021610736847,-0.2316686064004898,0.14530305564403534
53.03534775180934,0.7226696413972041,-1.4943988342285885,1.7532978059090285,-1.3633827045257982,-1.259983308052743,0.0,0.39693206548690796,0.7384100556373596,0.5864729881286621,0.861361563205719,-0.42810383439064026,-0.23117835819721222,0.1460820883512497
53.23534312797902,0.7163418728963674,-1.4870545456619617,1.752302046267088,-1.367923836138382,-1.2628326455991639,0.0,0.40545111894607544,0.7381768226623535,0.5812416672706604,0.8600878715515137,-0.4306564927101135,-0.23074470460414886,0.1467674970626831
53.434024333490115,0.7093303002717867,-1.4806591044837003,1.7521058781563352,-1.3721482953686035,-1.2660043122484037,0.0,0.41387590765953064,0.7369363307952881,0.5761260390281677,0.8586714863777161,-0.43347489833831787,-0.2302606701850891,0.14752230048179626
53.634001586122494,0.7012293307599612,-1.4757754540824166,1.7531836468233932,-1.3758681846264034,-1.2696894960216567,0.0,0.42213889956474304,0.734147846698761,0.5712347626686096,0.8570290803909302,-0.4367177486419678,-0.22969523072242737,0.14838699996471405
53.833972375376206,0.6931302926110623,-1.4708929679987266,1.7542611585381884,-1.3795871870204528,-1.27337380120534,0.0,0.43036210536956787,0.7312564253807068,0.5663368701934814,0.8553724884986877,-0.43994802236557007,-0.2291407585144043,0.14925800263881683
54.03183416603325,0.6866128407727766,-1.4639093977159792,1.75334636108298,-1.3838847086763955,-1.2763548776426825,0.0,0.4387825131416321,0.7303503155708313,0.5612232685089111,0.8540351986885071,-0.4425371587276459,-0.228689506649971,0.14995290338993073
54.23186295805691,0.6808210414339191,-1.4559618225032918,1.7515174661048316,-1.3884476625414715,-1.2790133035272053,0.0,0.44729703664779663,0.7303060293197632,0.555976390838623,0.852842390537262,-0.4448305368423462,-0.22828687727451324,0.15056782960891724
54.42894901288865,0.6732605547664304,-1.4505218458920641,1.7518785479329273,-1.3922560069249015,-1.2825020440212596,0.0,0.4554784297943115,0.7277724146842957,0.5511026978492737,0.8512816429138184,-0.4478132724761963,-0.22775433957576752,0.15136291086673737
54.69774544079474,0.6648519356598974,-1.4462843292541594,1.7532897816675046,-1.3957024960669702,-1.2863889423714578,0.0,0.4634630084037781,0.7239924073219299,0.546419620513916,0.8495338559150696,-0.4511178731918335,-0.22716741263866425,0.15224920213222504
54.9587870150537,0.6650189947698895,-1.448757794189951,1.7569359647459044,-1.4093715326721696,-1.3195620822488943,0.0,0.4695744514465332,0.7169527411460876,0.5437027812004089,0.8548687696456909,-0.4484145939350128,-0.21056251227855682,0.15423046052455902
55.224813170581015,0.6679576295709974,-1.453396345064853,1.7612985596927764,-1.4263223301549637,-1.3621468392867464,0.0,0.47541964054107666,0.7090097665786743,0.542060136795044,0.86195307970047,-0.44383445382118225,-0.18861930072307587,0.15643107891082764
55.49042667041424,0.658747357861892,-1.4512168788784923,1.7632528048868454,-1.429164086720624,-1.3672658275712302,0.0,0.4831400513648987,0.7036669850349426,0.5386696457862854,0.8602240085601807,-0.44739335775375366,-0.18739870190620422,0.15727514028549194
55.69040321524146,0.6492262852073216,-1.4488643120918179,1.7651471100673037,-1.431650884766241,-1.3714411698536877,0.0,0.4908410906791687,0.6982953548431396,0.5352321863174438,0.8582606911659241,-0.45114460587501526,-0.18671515583992004,0.15809635818004608
55.886576015156535,0.6390567617275943,-1.4500783298358622,1.7693494466126445,-1.4328280877970294,-1.3759269728500578,0.0,0.49674004316329956,0.6907747387886047,0.5330294370651245,0.8561534285545349,-0.4551343321800232,-0.1859728842973709,0.1589594930410385
56.19333212575892,0.6285853237259609,-1.4528265984672215,1.7745525254682823,-1.4334456843159047,-1.3805564399426633,0.0,0.5017920732498169,0.6823106408119202,0.531352162361145,0.8539652824401855,-0.4592251777648926,-0.1852124184370041,0.1598496288061142
56.31836305688313,0.628113503509406,-1.4576972291459949,1.7776135381146199,-1.431551345622158,-1.3807643111253767,0.0,0.49908456206321716,0.6797992587089539,0.5330759882926941,0.8538657426834106,-0.45940908789634705,-0.18517915904521942,0.15989065170288086
56.567694914766165,0.6354906145039486,-1.4642303963734955,1.7789911959653388,-1.427686689266427,-1.3775015699526905,0.0,0.4903419315814972,0.6818984150886536,0.5374459624290466,0.8554099798202515,-0.45652952790260315,-0.18571427464485168,0.15926328301429749
56.816060173104525,0.6428804167275474,-1.4707748029495444,1.7803712238727585,-1.4238153843406707,-1.374233215716082,0.0,0.4815637171268463,0.6838955879211426,0.541796088218689,0.8569453358650208,-0.4536364674568176,-0.18625734746456146,0.15864044427871704
57.06153592623248,0.6472285422069425,-1.4726416562155829,1.7788969282123108,-1.415051026695132,-1.3561565121450792,0.0,0.47370457649230957,0.6888440847396851,0.545172929763794,0.8555387854576111,-0.45317116379737854,-0.19476908445358276,0.15733496844768524
57.26151433370485,0.6509378411142307,-1.4735244240363161,1.7768212131293295,-1.4052534996422847,-1.334955974511437,0.0,0.4660717248916626,0.694402277469635,0.548462986946106,0.8533926010131836,-0.4532330632209778,-0.2049272507429123,0.15590229630470276
57.461490021715306,0.6546490191974544,-1.4744076390779628,1.7747444464638444,-1.395451009043084,-1.3137446964276083,0.0,0.4584742486476898,0.6999335289001465,0.5518775582313538,0.8511134386062622,-0.4533121585845947,-0.21505242586135864,0.1544877290725708
57.90387181766726,0.6583626184825302,-1.4752914303360685,1.772666324899407,-1.3856421232217033,-1.292519579938662,0.0,0.45091474056243896,0.7054384350776672,0.5554150342941284,0.8487011194229126,-0.4534089267253876,-0.22514420747756958,0.1530904769897461
58.39516797558111,0.6787984548523686,-1.4847338930009182,1.7753219009598882,-1.4091899789310474,-1.3520448396318272,0.0,0.4481165111064911,0.7020654678344727,0.5574314594268799,0.8634091019630432,-0.4399454593658447,-0.1920960247516632,0.15515056252479553
58.838785577266535,0.6805280879834446,-1.4885582353795537,1.7745797695770429,-1.3974639218502183,-1.3303168783930452,0.0,0.43982529640197754,0.7051494717597961,0.562092125415802,0.8607481718063354,-0.4408918619155884,-0.20273755490779877,0.1537025421857834
59.038758210538944,0.6822572119614826,-1.49238145198446,1.7738378566558133,-1.385741316575137,-1.3085953132259334,0.0,0.43159717321395874,0.7082200646400452,0.5668714642524719,0.8579471707344055,-0.4418540894985199,-0.2133323848247528,0.15225271880626678
59.23873427107843,0.6839863226236278,-1.496204639146976,1.7730959494480159,-1.3740188015752237,-1.2868739153354547,0.0,0.42343345284461975,0.7112776041030884,0.5717685222625732,0.8550062775611877,-0.44283249974250793,-0.2238815426826477,0.1508001834154129
59.45011484919921,0.6882841042433853,-1.5020408114493111,1.7732780441039444,-1.366146422797262,-1.2755941904198287,0.0,0.4151105582714081,0.7128961086273193,0.5769138932228088,0.8543803691864014,-0.4418734908103943,-0.22880153357982635,0.14977186918258667
59.66319694808217,0.6946429605828196,-1.5094920508971004,1.77420162063194,-1.3613641133051941,-1.2726942816656537,0.0,0.40661051869392395,0.713289201259613,0.5821626782417297,0.855686366558075,-0.4393446743488312,-0.2292366772890091,0.14908920228481293
59.86320230802985,0.7010110029223948,-1.5169540544010283,1.7751265313580464,-1.356574895291637,-1.269790183704992,0.0,0.3980857729911804,0.7135819792747498,0.5873826742172241,0.8569852113723755,-0.4368048906326294,-0.22967906296253204,0.14840948581695557
60.268253786866644,0.7073841618614657,-1.5244220534811994,1.7760521852321256,-1.3517818292335528,-1.2668837523574954,0.0,0.38954290747642517,0.7137734889984131,0.5925704836845398,0.8582760095596313,-0.4342556297779083,-0.2301284521818161,0.14773321151733398
60.48252543169019,0.7017283730333018,-1.525413489809513,1.7791199825892998,-1.352308390399177,-1.2694643402481744,0.0,0.392640620470047,0.7098178267478943,0.5909208059310913,0.8571314811706543,-0.4365181624889374,-0.22972823679447174,0.14833229780197144
60.68249266329167,0.6917033996097771,-1.5240565438765574,1.7829679226906812,-1.3547651781835846,-1.2740379377319289,0.0,0.39989417791366577,0.7043007016181946,0.5868080854415894,0.8550848960876465,-0.4405142664909363,-0.22903218865394592,0.14940230548381805
60.904664810746944,0.6829989904538766,-1.5227356886930563,1.786669915301467,-1.3588421488094902,-1.2819496992914516,0.0,0.40709227323532104,0.6987905502319336,0.5826072096824646,0.853933572769165,-0.4436534345149994,-0.22648432850837708,0.15057796239852905
61.127006613407055,0.6811702364329123,-1.52160933253161,1.7895953469795354,-1.371264992230462,-1.307059955415152,0.0,0.4144144654273987,0.6937618851661682,0.5780167579650879,0.8574109077453613,-0.4424453675746918,-0.21426838636398315,0.15224169194698334
61.32698731193296,0.6793394406710577,-1.5204817188322959,1.7925240448013338,-1.3837017053283278,-1.332198246275133,0.0,0.4218340516090393,0.688726544380188,0.5735923051834106,0.8607038855552673,-0.44125789403915405,-0.20197680592536926,0.15390132367610931
61.780387910578554,0.6775063880263092,-1.51935271508603,1.7954563529264507,-1.3961537495765204,-1.3573675259432576,0.0,0.42934685945510864,0.6836848855018616,0.5693373084068298,0.8638110160827637,-0.4400908648967743,-0.18961095809936523,0.15555790066719055
62.19253116477464,0.6680981378397023,-1.5069711905818408,1.7878929034323738,-1.380492454515511,-1.3123556365559776,0.0,0.43117377161979675,0.6924580335617065,0.5678224563598633,0.8545817136764526,-0.4476616680622101,-0.21372555196285248,0.15365713834762573
62.42246254335943,0.660929522626779,-1.5000624078985825,1.7850273616752574,-1.3761370456822308,-1.2969268223005508,0.0,0.4357398450374603,0.6946167349815369,0.5655640959739685,0.8501685261726379,-0.45195794105529785,-0.2225039154291153,0.1530996710062027
62.838006030596745,0.6565122292022275,-1.4994743450603425,1.787694491378236,-1.3853493778320296,-1.3166854999188606,0.0,0.44309794902801514,0.6888833045959473,0.5619640350341797,0.8521159887313843,-0.45228344202041626,-0.21325422823429108,0.1544683426618576
63.03797797469045,0.6520955711138521,-1.498886366802763,1.7903612374698439,-1.3945603849786383,-1.336441335660602,0.0,0.4504769444465637,0.6831117868423462,0.5584694743156433,0.8539516925811768,-0.4526231288909912,-0.20397494733333588,0.15586163103580475
63.237947460092556,0.6476789040229759,-1.4982983873467037,1.7930279889970964,-1.4037714109000983,-1.356197211670782,0.0,0.45787498354911804,0.6773015856742859,0.5550812482833862,0.8556755185127258,-0.45297637581825256,-0.19466589391231537,0.1572801023721695
63.47766047197172,0.6427840626608347,-1.497303167264369,1.795462553147253,-1.4123602520989798,-1.3742753414695197,0.0,0.46539291739463806,0.6716746687889099,0.5517272353172302,0.8569251894950867,-0.4536743462085724,-0.1862507164478302,0.15864896774291992
63.7180213711969,0.6338723326314515,-1.4928832726183874,1.7959410824323085,-1.4157051895156976,-1.378218937183123,0.0,0.4737526774406433,0.6678411364555359,0.5478045344352722,0.8550728559494019,-0.4571618437767029,-0.18559464812278748,0.15939873456954956
63.9179821021668,0.6249669263712775,-1.4884665143324143,1.796419272152684,-1.4190477533627297,-1.3821597345187384,0.0,0.48206204175949097,0.6639044880867004,0.5438779592514038,0.8532052636146545,-0.46063461899757385,-0.18494932353496552,0.1601562201976776
64.11552975771943,0.6174323863375518,-1.4821451273151194,1.7953032006505532,-1.4229709078070818,-1.3855050726937097,0.0,0.49068188667297363,0.661641538143158,0.5396188497543335,0.8516172766685486,-0.4635627567768097,-0.1844000518321991,0.16079246997833252
64.31548745257774,0.6108374857715795,-1.474516800550764,1.7930935192117334,-1.4272926298046247,-1.3884422686451878,0.0,0.49952733516693115,0.6604957580566406,0.5351018905639648,0.8502213954925537,-0.4661180377006531,-0.18391600251197815,0.16134516894817352
64.51537853924552,0.6045016196300631,-1.4666326902851248,1.7906035998351606,-1.4316429292879866,-1.3912675319857817,0.0,0.5083714127540588,0.6595456600189209,0.5305444002151489,0.8488735556602478,-0.46856656670570374,-0.18345262110233307,0.16187684237957
64.71526960728684,0.5987573686560038,-1.4581643897163532,1.7874736380595142,-1.4360584976022917,-1.3938371496512063,0.0,0.5172337293624878,0.6591780781745911,0.5259383916854858,0.847648024559021,-0.4707808196544647,-0.1830284148454666,0.16235417127609253
64.94267860770498,0.5917480371458412,-1.4538345989208428,1.7871382445498918,-1.4389531581561048,-1.3969812307072205,0.0,0.5242802500724792,0.6560739874839783,0.5226003527641296,0.8461472988128662,-0.47347554564476013,-0.18250703811645508,0.16293185949325562
65.2135782177998,0.5815969418108017,-1.4597825888068585,1.793743020645116,-1.4380707208520944,-1.4015519626741957,0.0,0.526743471622467,0.6463853120803833,0.5225077271461487,0.8439642190933228,-0.4773642420768738,-0.18174390494823456,0.16375873982906342
65.41369125726357,0.5713861996902826,-1.465765528465786,1.8003866057210354,-1.437183098437824,-1.406149551789106,0.0,0.5290767550468445,0.6366562247276306,0.5223905444145203,0.8417470455169678,-0.48125988245010376,-0.1809893250465393,0.1646014004945755
65.62915587041452,0.566144745876479,-1.4715348569408586,1.8053549287055952,-1.4355822525022008,-1.4085079941498815,0.0,0.5284940004348755,0.6305736303329468,0.5233394503593445,0.8406000137329102,-0.4832534193992615,-0.18060891330242157,0.16503995656967163
65.97751823028622,0.5746543955201435,-1.4766870830134817,1.8056724268062012,-1.4320187945954606,-1.4046702452411384,0.0,0.5201773047447205,0.63448166847229,0.5272783637046814,0.8424553871154785,-0.4800148904323578,-0.1812380850315094,0.164339080452919
66.17749455159603,0.5831744580993566,-1.4818456136697566,1.8059903134171922,-1.4284509762204207,-1.4008278002245986,0.0,0.5118087530136108,0.6382884979248047,0.5312092304229736,0.8442983627319336,-0.4767612814903259,-0.18187710642814636,0.1636449247598648
66.37663055917321,0.5896409195742581,-1.4896425375236457,1.8082679807862176,-1.4239413886812282,-1.3979255592520163,0.0,0.5030238628387451,0.6394920349121094,0.5357385873794556,0.845693826675415,-0.4742841124534607,-0.18235252797603607,0.16310766339302063
66.57660393750368,0.5958493982014874,-1.497792789754065,1.8108033239294448,-1.4193033355397928,-1.3951415102764673,0.0,0.49416467547416687,0.6402725577354431,0.5403079390525818,0.847026526927948,-0.4718996286392212,-0.18281139433383942,0.16259324550628662
66.77551823442874,0.6023871810452694,-1.5055547968041576,1.813003123143487,-1.41478047606743,-1.3922134246712154,0.0,0.4853452742099762,0.6413435935974121,0.5447787642478943,0.848423182964325,-0.4693821668624878,-0.18329599499702454,0.16205225884914398
66.97551796918808,0.6109866559464243,-1.510755661625752,1.813027449362617,-1.4110362329149437,-1.388384138827894,0.0,0.4768991768360138,0.6448114514350891,0.5488576292991638,0.8502567410469055,-0.46605995297431946,-0.18391825258731842,0.1613241732120514
67.17550410663782,0.6195941961978266,-1.5159614042796397,1.8130517983970327,-1.4072884780791528,-1.3845512615406903,0.0,0.4684067368507385,0.6481729745864868,0.5529276132583618,0.8520768284797668,-0.4627231955528259,-0.18455059826374054,0.16060315072536469
67.37526365330515,0.6282889851333809,-1.521026204120746,1.8129634928383465,-1.4035920517747824,-1.3806826060006672,0.0,0.4599148631095886,0.6515461206436157,0.556961178779602,0.8539009094238281,-0.4593409597873688,-0.1851959079504013,0.15987949073314667
67.57523747867046,0.6378238540126486,-1.5246171579418246,1.8117224277217894,-1.400443686091696,-1.376471309489533,0.0,0.45180973410606384,0.6560336947441101,0.5607218146324158,0.8558966517448425,-0.45561692118644714,-0.18588338792324066,0.15906450152397156
67.83155654294512,0.6473608109418467,-1.5282088981492676,1.8104810908232116,-1.3972946309450385,-1.3722590907426029,0.0,0.44364774227142334,0.6604169607162476,0.5644830465316772,0.8578736782073975,-0.45187801122665405,-0.18658284842967987,0.15825870633125305
68.08669545778892,0.6504588374517011,-1.5267204941337542,1.8066818710486328,-1.386487794968742,-1.3475154483066263,0.0,0.43697795271873474,0.6672493815422058,0.5672922134399414,0.8551346063613892,-0.45246097445487976,-0.1986737847328186,0.15669211745262146
68.2866683704581,0.652940642399705,-1.524746323095034,1.802638386782485,-1.3749496209004128,-1.3208105544006798,0.0,0.4305398464202881,0.674326479434967,0.5701971054077148,0.8517361879348755,-0.453485906124115,-0.21178783476352692,0.15505445003509521
68.54924170833752,0.655422464211451,-1.5227721386419193,1.7985948750410612,-1.3634113684307607,-1.2941054790362982,0.0,0.42419758439064026,0.6814085245132446,0.5732937455177307,0.8481199145317078,-0.4545401334762573,-0.22483061254024506,0.1534174382686615
68.79499417812131,0.6581878074259758,-1.5315916472862865,1.8013499488045044,-1.3567349391922388,-1.2894814062970965,0.0,0.4164227843284607,0.679685115814209,0.578208327293396,0.8481425642967224,-0.4537266790866852,-0.22670045495033264,0.15294817090034485
69.1338072951779,0.6610003542061622,-1.5420502859635743,1.8051328715530284,-1.3507793923044533,-1.288173445878045,0.0,0.4084046483039856,0.6765757203102112,0.5833093523979187,0.8487297892570496,-0.45262691378593445,-0.22689901292324066,0.15265461802482605
69.37127062956169,0.6594651867122787,-1.5460234509055208,1.8094454331641552,-1.3580800753593683,-1.3077124975006804,0.0,0.4113158583641052,0.6703696250915527,0.5818530917167664,0.8514906167984009,-0.45172935724258423,-0.2173394411802292,0.15384380519390106
69.5712432628341,0.6566381689526707,-1.548072224195886,1.8139171188433318,-1.3693207363054156,-1.333451056613866,0.0,0.41754841804504395,0.6632512807846069,0.5786193609237671,0.8547223806381226,-0.45091524720191956,-0.20482006669044495,0.15547896921634674
70.02140361264576,0.6538089807971336,-1.550122570397915,1.818392237584915,-1.3805700270822001,-1.3592093760783006,0.0,0.42386311292648315,0.6561272144317627,0.5755621194839478,0.8577567338943481,-0.4501265287399292,-0.19222883880138397,0.1571221649646759
70.27527816141601,0.643677076950974,-1.5495355655056682,1.8190545193034557,-1.3656444809179498,-1.3290267431882095,0.0,0.4219573438167572,0.6562551856040955,0.5762549638748169,0.8503708243370056,-0.45678961277008057,-0.2092009037733078,0.1563577502965927
70.57385153823537,0.6418980074512619,-1.5570155024093353,1.8234560227917278,-1.361411851394153,-1.298780409193962,0.0,0.41379398107528687,0.6593140959739685,0.5805362462997437,0.8465468287467957,-0.4598628878593445,-0.22240202128887177,0.14973954856395721
70.88122493836092,0.6500976243964686,-1.5718127719533674,1.832609639972251,-1.3787906976886188,-1.2978699107939349,0.0,0.40491044521331787,0.6603766679763794,0.5849997401237488,0.8513516783714294,-0.45625728368759155,-0.21756476163864136,0.14033934473991394
71.0811960815172,0.6582980325210624,-1.586611469282957,1.8417641403834517,-1.3961712208644628,-1.2969593245401003,0.0,0.3960089683532715,0.6613165140151978,0.589455246925354,0.8560326099395752,-0.4525502920150757,-0.2127818614244461,0.13088274002075195
71.28116577181028,0.6664985791963858,-1.6014104166452618,1.8509187954653337,-1.4135520376944914,-1.2960487229013744,0.0,0.387090802192688,0.6621323823928833,0.5939016342163086,0.8605877161026001,-0.4487435817718506,-0.20805451273918152,0.12137212604284286
71.4811360954027,0.6746987920665186,-1.6162087616129168,1.8600730779048167,-1.4309321470342633,-1.2951381583289032,0.0,0.3781571686267853,0.6628230214118958,0.59833824634552,0.8650155067443848,-0.44483909010887146,-0.20338404178619385,0.11180958896875381
71.6811073503177,0.6828981571914746,-1.6310055767147293,1.8692264139665768,-1.4483104596031346,-1.2942276878913939,0.0,0.3692092299461365,0.6633871793746948,0.6027640104293823,0.8693141937255859,-0.44083812832832336,-0.19877135753631592,0.10219752788543701
71.88108089628624,0.6910960748926834,-1.6457997797531398,1.8783781342012844,-1.4656857044000606,-1.2933173781781004,0.0,0.3602484464645386,0.6638237833976746,0.6071784496307373,0.8734825253486633,-0.436742901802063,-0.19421781599521637,0.09253817796707153
72.20700968676206,0.6996623058656367,-1.6587769927999367,1.886002577124262,-1.481298507940421,-1.2922032756910828,0.0,0.35165169835090637,0.6648604273796082,0.6114005446434021,0.8773759007453918,-0.43246108293533325,-0.1902005821466446,0.08374162763357162
72.54514700820546,0.7120085382215103,-1.6532227517323157,1.8780434262136134,-1.4789425699734908,-1.289005282241429,0.0,0.3468056917190552,0.6732748746871948,0.613767147064209,0.8797292709350586,-0.42717042565345764,-0.19107748568058014,0.08420927822589874
72.74502798071008,0.7242885019284163,-1.647698323164653,1.870126996204579,-1.4765992775506924,-1.2858244540855435,0.0,0.3418321907520294,0.681624174118042,0.6160983443260193,0.8820361495018005,-0.42189455032348633,-0.19195060431957245,0.08468805253505707
72.95159067690466,0.7357005025402987,-1.6464272899950088,1.8654529701220215,-1.4760713337388858,-1.2824083466559606,0.0,0.3353393077850342,0.6879697442054749,0.6190555691719055,0.8843875527381897,-0.4169048070907593,-0.19243448972702026,0.08377242833375931
73.1679017850171,0.7458949289955543,-1.6512530165426604,1.865417740979569,-1.4781455207938854,-1.2786466925358186,0.0,0.32679083943367004,0.6913994550704956,0.6229463219642639,0.8868239521980286,-0.4123058319091797,-0.19238479435443878,0.08083996921777725
73.36733743645348,0.7563706250660421,-1.6550811361827649,1.864579416683534,-1.4798412381913075,-1.2749323207239553,0.0,0.3184751868247986,0.6952326893806458,0.6267320513725281,0.8892338871955872,-0.40756937861442566,-0.19244275987148285,0.07820537686347961
73.56862512415813,0.7682677399556547,-1.6539297027777478,1.859726520395504,-1.4796481928395335,-1.2714486194595127,0.0,0.3114721179008484,0.7015872597694397,0.6299853324890137,0.8916454911231995,-0.4022728204727173,-0.19289280474185944,0.07705368101596832
73.91514111902723,0.780122595666758,-1.652782359324812,1.8548908618506095,-1.4794558331950134,-1.2679772924853892,0.0,0.3043808043003082,0.7078419923782349,0.6332356929779053,0.8940138220787048,-0.3969729244709015,-0.19336165487766266,0.07591423392295837
74.23945984818263,0.7795656980330864,-1.645881810792965,1.8538935560901455,-1.4969457107307618,-1.2688602154789748,0.0,0.31112879514694214,0.7136024236679077,0.6302595734596252,0.8950783014297485,-0.39670902490615845,-0.1909189522266388,0.07075715810060501
74.47714863662485,0.7812302529430667,-1.6397274104589667,1.8520194114589328,-1.5113989738368072,-1.269036817119357,0.0,0.3155411183834076,0.7196034789085388,0.6283510327339172,0.8963566422462463,-0.3955254554748535,-0.18896271288394928,0.06631292402744293
74.78629349129073,0.7930311155568232,-1.6373411986036386,1.8463559748646443,-1.51169935895287,-1.265906842047158,0.0,0.3090294599533081,0.7265667915344238,0.6313720345497131,0.8987007737159729,-0.39017587900161743,-0.1893438994884491,0.06518097221851349
74.98675055830523,0.8047812668964708,-1.6349652409006923,1.8407168754815355,-1.5119984532385538,-1.262790317264911,0.0,0.3024200201034546,0.7334393262863159,0.6343840956687927,0.9009999632835388,-0.38482823967933655,-0.18974310159683228,0.0640607699751854
75.18561828124447,0.8149868704297273,-1.6268009626468822,1.831829900470541,-1.5144414254108365,-1.260153492173944,0.0,0.2999931871891022,0.742952287197113,0.635806679725647,0.9029815793037415,-0.3801610767841339,-0.19006188213825226,0.06307405978441238
75.66121268957468,0.8250536027108212,-1.6183715979988977,1.8228178738955902,-1.5169857763745107,-1.2575568658298164,0.0,0.29764923453330994,0.7525858879089355,0.6370816230773926,0.9049109220504761,-0.37554171681404114,-0.19038818776607513,0.06210455670952797
75.87436688254357,0.8209757598292158,-1.6279086351750311,1.8347999994039528,-1.538112812641968,-1.261111416474231,0.0,0.29951804876327515,0.7486137747764587,0.6361861228942871,0.9060700535774231,-0.376365065574646,-0.18572019040584564,0.05379967764019966
76.07434003735662,0.8114438572747388,-1.6443874669185004,1.8548964749466499,-1.5664561092748825,-1.2670435708460397,0.0,0.3029146194458008,0.7393743991851807,0.6344338655471802,0.9067890644073486,-0.3793078660964966,-0.1789885014295578,0.04268721863627434
76.31894490424665,0.8018797871472418,-1.6609219102274846,1.8750607706166267,-1.5948950568084284,-1.2729957446219315,0.0,0.3061593174934387,0.7300885915756226,0.6326371431350708,0.9073299169540405,-0.3822813928127289,-0.17209160327911377,0.03158913180232048
76.5208168855839,0.8023110705796596,-1.6723502762919356,1.8829550280314746,-1.5968555531841246,-1.2814709664107757,0.0,0.30220863223075867,0.7230129837989807,0.6340710520744324,0.9085168242454529,-0.3816779553890228,-0.1672576665878296,0.030721887946128845
76.76609147849376,0.8076341302556576,-1.681269972825113,1.8848372311171884,-1.5858547707393873,-1.2911739924910803,0.0,0.2948401868343353,0.7169573307037354,0.6370739340782166,0.9100578427314758,-0.37929007411003113,-0.1634645015001297,0.03482932597398758
76.96606310593779,0.8129564024071961,-1.6901883497264212,1.8867191557388123,-1.5748556158144928,-1.300875583049179,0.0,0.28753072023391724,0.7108173370361328,0.6400477886199951,0.9115740656852722,-0.37686896324157715,-0.1596493422985077,0.03891703858971596
77.16604033994372,0.8182785775444256,-1.6991065640636684,1.8886010460567382,-1.5638566613820546,-1.3105769967668084,0.0,0.2802802324295044,0.7045935392379761,0.6429926156997681,0.913065493106842,-0.37441450357437134,-0.15581193566322327,0.04298526793718338
77.366017629829,0.8236007086014538,-1.7080247045370027,1.8904829207881602,-1.55285779804698,-1.3202783301337808,0.0,0.2730899155139923,0.6982870101928711,0.6459088325500488,0.9145318865776062,-0.37192675471305847,-0.15195252001285553,0.04703371971845627
77.67045479968897,0.8289233101066118,-1.7169436333266075,1.8923649618673173,-1.5418579624707807,-1.3299805210471176,0.0,0.26596057415008545,0.6918982863426208,0.6487960815429688,0.9159731864929199,-0.3694058060646057,-0.1480707824230194,0.05106252431869507
77.74725022517539,0.8257874297159824,-1.7186725106663658,1.8945174133203155,-1.5414784970772586,-1.3303231411962844,0.0,0.2669912278652191,0.6896824240684509,0.6481719017028809,0.9153628349304199,-0.37086257338523865,-0.1481335461139679,0.051264915615320206
78.03144863079815,0.8144061766808702,-1.713392488032417,1.8969334622281198,-1.5514518244020303,-1.3215420025322506,0.0,0.2759726941585541,0.6914828419685364,0.6441515684127808,0.9127361178398132,-0.3761949837207794,-0.15202946960926056,0.047719694674015045
78.23132954742341,0.8030576639803857,-1.7081276543857742,1.8993425609126515,-1.561396461557718,-1.3127861244803292,0.0,0.2849811017513275,0.6931319236755371,0.6401503086090088,0.9100708961486816,-0.38147714734077454,-0.15587694942951202,0.04414203763008118
78.43131073023706,0.7917248125421893,-1.7028700863555888,1.90174833497418,-1.5713273748383072,-1.304042329782972,0.0,0.29402729868888855,0.6946316957473755,0.636163055896759,0.9073638916015625,-0.3867169916629791,-0.1596815288066864,0.04052729904651642
78.63136869128375,0.7804088715786183,-1.6976203634799305,1.9041505192259023,-1.5812434695661295,-1.2953115822625907,0.0,0.30310750007629395,0.6959820985794067,0.6321901082992554,0.9046161770820618,-0.39191359281539917,-0.16344262659549713,0.03687640652060509
78.91492681288317,0.7691234073398862,-1.692384779451415,1.9065462337807,-1.5911328577132555,-1.2866043488795378,0.0,0.3122079372406006,0.6971813440322876,0.6282361745834351,0.9018314480781555,-0.39706048369407654,-0.16715550422668457,0.03319461643695831
79.06646390227324,0.7595015988567801,-1.691175897934796,1.9070524417319317,-1.5822723340655642,-1.2803662528083655,0.0,0.3159460723400116,0.6937749981880188,0.6265936493873596,0.8986063599586487,-0.4019879996776581,-0.1721038669347763,0.035951633006334305
79.35138767413378,0.7520994037411822,-1.6952450978970797,1.9050822014499016,-1.54889684108551,-1.2773880940037714,0.0,0.3124745488166809,0.6845267415046692,0.6281352043151855,0.8947145938873291,-0.40659958124160767,-0.1787216067314148,0.04712773114442825
79.55135172061205,0.7447449601765028,-1.6992880474557788,1.9031246711853296,-1.5157366533666081,-1.2744291472976939,0.0,0.3088515102863312,0.6753743886947632,0.6298879384994507,0.8906440138816833,-0.41111820936203003,-0.1853407323360443,0.058171339333057404
79.79272881792384,0.736084675058097,-1.7026030340811265,1.9029064443897699,-1.491215655441249,-1.2731509637267826,0.0,0.30785834789276123,0.6669736504554749,0.630500316619873,0.8868376016616821,-0.41585206985473633,-0.19013641774654388,0.06658881157636642
80.07726560313725,0.7235548113876312,-1.703883857552915,1.9076647340349313,-1.4910591960542356,-1.276665678653654,0.0,0.314724326133728,0.6604435443878174,0.6273106336593628,0.8842101097106934,-0.4214209020137787,-0.18969310820102692,0.06777441501617432
80.2776325387946,0.7109708229594983,-1.705170213747313,1.9124435778761104,-1.490902060815782,-1.280195575955904,0.0,0.3214969038963318,0.6538103222846985,0.6241158246994019,0.8815328478813171,-0.42698854207992554,-0.18927036225795746,0.06897326558828354
80.46227594643678,0.704100319420468,-1.7093785986761911,1.916800951439364,-1.489053427892941,-1.2821184000861114,0.0,0.3230600953102112,0.64839106798172,0.6232160925865173,0.8800540566444397,-0.4300178289413452,-0.189052015542984,0.06963253021240234
80.78555022582454,0.7088905354338677,-1.7195325735791422,1.9202891591308309,-1.4837616542100533,-1.280761351993024,0.0,0.3142271637916565,0.6455287337303162,0.6269283890724182,0.8810829520225525,-0.427907794713974,-0.18921443819999695,0.06917751580476761
80.98555249378127,0.7136924791244255,-1.7297114080164442,1.9237859068492094,-1.478456924908218,-1.2794009814982166,0.0,0.30539339780807495,0.6425771117210388,0.6305691003799438,0.882108747959137,-0.42578887939453125,-0.18938052654266357,0.06872265040874481
81.27737774620701,0.7185029951605748,-1.7399084135303222,1.9272888969002386,-1.4731427256967429,-1.2780381824938791,0.0,0.2965661287307739,0.6395379304885864,0.6341354250907898,0.8831309080123901,-0.4236624538898468,-0.18955019116401672,0.06826815009117126
81.52852556800832,0.7091405708024975,-1.7485162192466155,1.9341981119650022,-1.4687808451178217,-1.2807091961903825,0.0,0.29697221517562866,0.6309599280357361,0.6336598992347717,0.8811403512954712,-0.4277960956096649,-0.18921047449111938,0.06914786249399185
81.72853364741792,0.6968755794011897,-1.7568538228768713,1.941831568825605,-1.4645854379143022,-1.2842063564453587,0.0,0.2990635335445404,0.6212712526321411,0.6323317289352417,0.8785004615783691,-0.4331901967525482,-0.18878546357154846,0.07030788064002991
81.94802556733677,0.6866677888546624,-1.7589537962271824,1.9459615934253998,-1.4637271802616836,-1.2871313890522456,0.0,0.3035651445388794,0.6156188249588013,0.6301041841506958,0.8762789964675903,-0.43765977025032043,-0.18843822181224823,0.07127455621957779
82.23834274942136,0.680258695055675,-1.7497474548610419,1.9437196544778397,-1.4689158862448655,-1.2889993348859616,0.0,0.3126831650733948,0.6171693205833435,0.6262980699539185,0.8748781085014343,-0.4404550790786743,-0.1882064938545227,0.07187432050704956
82.43827915424562,0.6738665949676538,-1.7405655241072497,1.9414836600309644,-1.4740908343751382,-1.2908623278616618,0.0,0.32179194688796997,0.6186102032661438,0.6224392652511597,0.8734713196754456,-0.4432363212108612,-0.18798106908798218,0.0724746361374855
82.63681902224279,0.6651937014054499,-1.7335939802544942,1.940889853871526,-1.4781102125211383,-1.293425721956934,0.0,0.33087724447250366,0.6177990436553955,0.618522047996521,0.8715547919273376,-0.4469965994358063,-0.18765980005264282,0.07328077405691147
82.862994890073,0.6558422446907282,-1.7272950702305772,1.9407912968265717,-1.4817775779105278,-1.296197591306025,0.0,0.33992886543273926,0.6162148714065552,0.6145819425582886,0.8694703578948975,-0.45103663206100464,-0.18731971085071564,0.0741519033908844
83.05274513702895,0.6533423817003782,-1.717815155888215,1.9369408060194535,-1.4867258688022118,-1.2969354292772575,0.0,0.3471243679523468,0.6194285750389099,0.6117085218429565,0.8689090013504028,-0.452114462852478,-0.18723304569721222,0.07438662648200989
83.26032274966498,0.6579261138356511,-1.7050575405522599,1.9292167406079213,-1.4929928522374492,-1.2955703661041358,0.0,0.3523585796356201,0.6277456283569336,0.6098592877388,0.8699345588684082,-0.45013830065727234,-0.18740107119083405,0.07396063953638077
83.53392243496322,0.6591106648755803,-1.6947979560273114,1.923789219681092,-1.4981520683880152,-1.2952240619727209,0.0,0.35795122385025024,0.6331958174705505,0.60761559009552,0.8702001571655273,-0.44962653517723083,-0.187440425157547,0.07384847849607468
83.8705655529197,0.6469523146406722,-1.6942316811528886,1.9273210539800074,-1.4990200154460525,-1.2988768256082688,0.0,0.36519855260849,0.6271747350692749,0.604273796081543,0.867479681968689,-0.45486077666282654,-0.18697664141654968,0.07496915757656097
84.13390655543999,0.6347613707168915,-1.693663888228178,1.930862356299342,-1.4998902892668349,-1.3025393814474597,0.0,0.37236151099205017,0.6210461258888245,0.6009330749511719,0.8647176027297974,-0.460084468126297,-0.18653234839439392,0.0761009007692337
84.33791271848015,0.6217375446594295,-1.7009771129661064,1.9383079407836878,-1.4911239352495695,-1.2921728004995345,0.0,0.3714948892593384,0.6133763194084167,0.6002596020698547,0.8598333597183228,-0.4663170874118805,-0.1933911144733429,0.07638531923294067
84.53789941472344,0.6080951645618832,-1.712801476347834,1.948032605614465,-1.4768435586978719,-1.2738065585104605,0.0,0.36607426404953003,0.6050137877464294,0.6010791063308716,0.8535453677177429,-0.4731804430484772,-0.2043898105621338,0.07606174796819687
84.73787838098936,0.5941908850257266,-1.724852837812701,1.9579439595890458,-1.462289034777805,-1.2550877307972002,0.0,0.3604671359062195,0.5967778563499451,0.6019208431243896,0.8469250202178955,-0.48015013337135315,-0.21555384993553162,0.07556577771902084
84.93784155202441,0.5800052602108972,-1.737148051800879,1.9680558642386003,-1.4474400082495598,-1.2359901381299039,0.0,0.35467395186424255,0.5886749625205994,0.6027841567993164,0.8399515151977539,-0.48723042011260986,-0.22689174115657806,0.07488713413476944
85.13778844354086,0.5655168292745876,-1.749705719231125,1.978383617443836,-1.4322740146374202,-1.2164848885535406,0.0,0.3486948013305664,0.5807116031646729,0.603668212890625,0.832601010799408,-0.49442562460899353,-0.23841269314289093,0.07401449233293533
85.3376965920382,0.5507015748415677,-1.7625466568648949,1.9889443394522865,-1.4167659133750325,-1.1965396483461166,0.0,0.3425304889678955,0.5728954076766968,0.6045718193054199,0.824847400188446,-0.5017408132553101,-0.2501267194747925,0.07293493300676346
85.53755210218362,0.5355334033398668,-1.7756934809813654,1.9997566304817906,-1.4008883906043559,-1.1761192886771963,0.0,0.336181640625,0.5652339458465576,0.6054936051368713,0.8166614770889282,-0.5091807842254639,-0.26204439997673035,0.07163441181182861
85.73730889213614,0.5199829969719898,-1.7891716024171094,2.0108413890670747,-1.3846107574584254,-1.1551843400583528,0.0,0.3296499252319336,0.557736337184906,0.6064314246177673,0.8080106377601624,-0.5167511701583862,-0.27417775988578796,0.0700969472527504
85.93749261898331,0.5039714964766129,-1.8030493714566995,2.0222548282647828,-1.3678504667615843,-1.1336286371235575,0.0,0.3229176998138428,0.5503912568092346,0.6073857545852661,0.7988309860229492,-0.5244797468185425,-0.2865748107433319,0.06829893589019775
86.18016936657669,0.4874868007315813,-1.8173372765973526,2.0340055740885705,-1.3505948514733428,-1.111435888570542,0.0,0.315998375415802,0.543222963809967,0.6083520650863647,0.7890936136245728,-0.532360315322876,-0.29922959208488464,0.06622110307216644
86.31028150285415,0.4741824797734038,-1.8255982186779358,2.044189231208387,-1.3530576235923968,-1.0988404912049312,0.0,0.31604915857315063,0.5390376448631287,0.6067487001419067,0.7837127447128296,-0.537968635559082,-0.30448266863822937,0.060616374015808105
86.60038888779252,0.4651371506323583,-1.8261069721075245,2.052206090670047,-1.3803285748364535,-1.0985791789337531,0.0,0.32482966780662537,0.5381999015808105,0.6020499467849731,0.7841483354568481,-0.5406602025032043,-0.30034154653549194,0.05092007666826248
86.800450965285,0.4560076116765244,-1.8266204619078314,2.060297585143869,-1.4078534120052302,-1.0983154339088725,0.0,0.33365103602409363,0.537212610244751,0.5974379181861877,0.7845032811164856,-0.543336033821106,-0.2960503101348877,0.04116828739643097
87.00040698376267,0.4468046240023869,-1.8271380828223025,2.0684541770887837,-1.4355996912447773,-1.098049567009697,0.0,0.3424972593784332,0.5360733270645142,0.5929210186004639,0.7847752571105957,-0.5459907054901123,-0.2916119694709778,0.031375207006931305
87.2003442081508,0.4375217914471522,-1.827660194602331,2.076681535412733,-1.4635866964795359,-1.0977813934562364,0.0,0.35136932134628296,0.5347779393196106,0.5884999632835388,0.7849628329277039,-0.5486241579055786,-0.2870209813117981,0.02153676748275757
87.40037702348798,0.4281510835406018,-1.8281872489207305,2.0849867775074835,-1.4918386389414438,-1.0975106812546764,0.0,0.3602687418460846,0.533321738243103,0.5841741561889648,0.785064160823822,-0.5512362718582153,-0.2822711765766144,0.011647369712591171
87.60024451044171,0.41870206839349877,-1.828718707620283,2.0933614231731323,-1.5203266715340553,-1.097237706820028,0.0,0.36918017268180847,0.5317026972770691,0.579951286315918,0.7850772738456726,-0.5538222789764404,-0.27736520767211914,0.0017204303294420242
87.80031519335478,0.4091546960287371,-1.8292556984094954,2.101823242669464,-1.5491112433509944,-1.0969618909246066,0.0,0.37811633944511414,0.5299138426780701,0.5758262872695923,-0.7850003242492676,0.5563850998878479,0.27229008078575134,0.008262121118605137
88.28007177626225,0.3995232807250485,-1.829797416183513,2.110359549276172,-1.5781491979751416,-1.096683647096392,0.0,0.38705697655677795,0.5279543399810791,0.5718090534210205,-0.7848309874534607,0.5589183568954468,0.2670508325099945,0.0182818491011858
88.67103286357973,0.4103476520661914,-1.8364222461671316,2.1094729450581773,-1.579956313576889,-1.1008655365472912,0.0,0.38046395778656006,0.5305412411689758,0.5758328437805176,-0.789497971534729,0.5541300773620605,0.26315775513648987,0.019511518999934196
88.87101151319597,0.4232878117472373,-1.8436765665945278,2.1076120693848286,-1.5789483119925616,-1.105508908348957,0.0,0.3722212016582489,0.5334711670875549,0.580675482749939,-0.7946079969406128,0.5485493540763855,0.25941526889801025,0.019884353503584862
89.07098517092321,0.4362333614439572,-1.8509339086925816,2.1057504185936073,-1.5779398905413644,-1.1101542142725667,0.0,0.36392727494239807,0.5362581610679626,0.5855146050453186,-0.7996541857719421,0.5429271459579468,0.2556772530078888,0.020308569073677063
89.30779830842873,0.44457550976047366,-1.860015076550714,2.1062266388935442,-1.5746860489483792,-1.1134258356293625,0.0,0.3557679057121277,0.5365662574768066,0.5894588828086853,-0.8029196858406067,0.5392786860466003,0.2531297206878662,0.02058582380414009
89.56891151328006,0.44000986397685,-1.8742158909518891,2.1132603441582742,-1.5651327517057523,-1.1128460479765625,0.0,0.3480701744556427,0.53033047914505,0.5908111333847046,-0.8013498783111572,0.5412554144859314,0.2539045810699463,0.020329048857092857
89.77372446266186,0.435422463533451,-1.8884843702356398,2.1203275640389525,-1.5555339343459074,-1.1122634977171726,0.0,0.34029996395111084,0.5241535902023315,0.5920132994651794,-0.7997661828994751,0.5432369112968445,0.25468510389328003,0.020074745640158653
89.98785504951421,0.4294778458757944,-1.8986270636394063,2.127784382900667,-1.5554739565473708,-1.1110975767681206,0.0,0.3368885815143585,0.51947420835495,0.5915300846099854,-0.7982916235923767,0.545434296131134,0.25443506240844727,0.022237159311771393
90.35624369876201,0.41978874466510324,-1.8972292465811527,2.1362839397385907,-1.5819649585778988,-1.108314404431304,0.0,0.34565916657447815,0.5186668634414673,0.5868005156517029,-0.7971112728118896,0.5481957793235779,0.25125443935394287,0.031083762645721436
90.55619580568488,0.4099964100802082,-1.8958165363590953,2.144874055846413,-1.6087382113008473,-1.1055015785419986,0.0,0.35444018244743347,0.5176834464073181,0.5821230411529541,-0.7958647608757019,0.5509291291236877,0.24794605374336243,0.03998822346329689
90.75621917741115,0.4000940977194328,-1.8943879599789897,2.153560647606278,-1.6358121546060087,-1.102657161786127,0.0,0.36323079466819763,0.5165199041366577,0.5774976015090942,-0.7945505380630493,0.5536336898803711,0.24450483918190002,0.048954058438539505
90.95608282731588,0.39008954860392836,-1.8929446342143297,2.16233692437292,-1.6631656237431567,-1.099783377754449,0.0,0.37201717495918274,0.5151737928390503,0.5729312896728516,-0.7931685447692871,0.5563048124313354,0.24093098938465118,0.057971496134996414
91.16543171773253,0.37995906616004665,-1.891483140432763,2.171223673458826,-1.6908634075886773,-1.0968734196599554,0.0,0.3808120787143707,0.5136383771896362,0.5684168934822083,-0.7917147278785706,0.5589461922645569,0.2372131496667862,0.06705886870622635
91.36900413772537,0.375418562592132,-1.882153450717213,2.170535871298727,-1.705033327924685,-1.0960157430773472,0.0,0.3900066614151001,0.5148523449897766,0.5656283497810364,-0.7908807396888733,0.5602958798408508,0.23593424260616302,0.07008025050163269
91.57917267154254,0.3738727129578486,-1.8686860985597233,2.16476052279238,-1.711940443879773,-1.0962535228583732,0.0,0.3994186520576477,0.5175622701644897,0.563619077205658,-0.7903991937637329,0.5609747171401978,0.2359943836927414,0.06987764686346054
91.77060397784508,0.3682703611457054,-1.8577907283026809,2.1616108471108615,-1.7168556010253315,-1.0971450337296282,0.0,0.40846213698387146,0.5174385905265808,0.5604861974716187,-0.7886540293693542,0.5634301900863647,0.23620052635669708,0.06914173066616058
91.97058361466325,0.35891624076337186,-1.8492632257614847,2.160884485114366,-1.7199342242118776,-1.0986411573755726,0.0,0.4171297252178192,0.5146177411079407,0.5563758015632629,-0.7857219576835632,0.5675129294395447,0.23655356466770172,0.06791529059410095
92.16740034963287,0.3486342611203336,-1.8421111660879124,2.1611901156326114,-1.7222255044783332,-1.1003340917143134,0.0,0.42512115836143494,0.510817289352417,0.5520704984664917,-0.7824797630310059,0.5719757080078125,0.2369343340396881,0.06656777113676071
92.36733854259647,0.33577360308432475,-1.8387215959369108,2.1643339575723446,-1.722358189728532,-1.1025726866959504,0.0,0.43130433559417725,0.5045610070228577,0.5473201870918274,-0.778404951095581,0.5775206089019775,0.23737384378910065,0.06487847864627838
92.62129119836587,0.3228690122908479,-1.8353204468167033,2.167488539059391,-1.7224913282392795,-1.104818928848527,0.0,0.437384694814682,0.49819663166999817,0.5425679087638855,-0.7742722034454346,0.5830430388450623,0.23784516751766205,0.06319031119346619
92.75360834174077,0.3144275906070336,-1.8393502922533225,2.1710709903453034,-1.7148765370423782,-1.1016429768544413,0.0,0.43633830547332764,0.49366429448127747,0.5416001677513123,-0.7706795930862427,0.5866860151290894,0.24077942967414856,0.0622713603079319
93.03205768621675,0.31111749329020044,-1.851938969003167,2.1751491016208315,-1.69833497295655,-1.092221678639763,0.0,0.42719462513923645,0.49135273694992065,0.5449194312095642,-0.7677056193351746,0.5882047414779663,0.24651288986206055,0.06224695220589638
93.23201998180858,0.3077951970945617,-1.864574039477212,2.179242242178113,-1.6817324473592548,-1.0827656596105246,0.0,0.4180159568786621,0.48908913135528564,0.548173725605011,-0.764667272567749,0.5897282361984253,0.25225040316581726,0.06224459782242775
93.4319734112095,0.3044600445470989,-1.8772580041201599,2.183351222038085,-1.6650656746576444,-1.0732730484473119,0.0,0.40880271792411804,0.4868740439414978,0.5513616800308228,-0.7615633010864258,0.5912564396858215,0.25799256563186646,0.06226414442062378
93.63192047036401,0.3011112719747841,-1.8899937672674343,2.1874769820623854,-1.64833083854509,-1.0637416715610581,0.0,0.39955559372901917,0.48470816016197205,0.5544836521148682,-0.7583927512168884,0.5927897095680237,0.26373985409736633,0.06230615824460983
93.83186082399598,0.2977481943175706,-1.9027839342803454,2.1916203662597664,-1.6315245155679647,-1.0541695791133219,0.0,0.39027488231658936,0.48259201645851135,0.5575382709503174,-0.7551543116569519,0.5943277478218079,0.26949283480644226,0.062370724976062775
94.03184874958507,0.2943691632149345,-1.9156347740615314,2.1957834054459386,-1.6146384683668702,-1.0445520794909646,0.0,0.3809586465358734,0.48052558302879333,0.5605258345603943,-0.75184565782547,0.5958711504936218,0.27525344491004944,0.06245815008878708
94.27075422381128,0.2909739608190425,-1.928547115111091,2.199966368014131,-1.597671608289857,-1.0348885526489524,0.0,0.37160882353782654,0.47850996255874634,0.5634450316429138,-0.7484663724899292,0.5974195599555969,0.28102123737335205,0.062568798661232
94.50255070242628,0.30032343931429767,-1.9322367637106186,2.1967273978733335,-1.5852897185766686,-1.0287842238985194,0.0,0.36382749676704407,0.4825636148452759,0.5675874352455139,-0.7496983408927917,0.5941153168678284,0.2850768268108368,0.06091488525271416
94.7025316244696,0.31146627641093855,-1.9346206456787887,2.192442367630037,-1.573565050510765,-1.02318739548849,0.0,0.3561955392360687,0.4873538315296173,0.5719219446182251,-0.7515479922294617,0.590128481388092,0.28887003660202026,0.05897429212927818
94.90254797402366,0.3225988600843236,-1.9370023340448628,2.1881612803887216,-1.5618511712577257,-1.017595717171752,0.0,0.3484906554222107,0.4920182228088379,0.57626873254776,-0.7533568143844604,0.5861459970474243,0.2926391661167145,0.056996364146471024
95.1024847327505,0.3337147951614617,-1.9393804606350586,2.1838865954431417,-1.5501548099189362,-1.012012401118202,0.0,0.3407194912433624,0.4965532124042511,0.5806252956390381,-0.7551237940788269,0.5821706652641296,0.2963816821575165,0.054982829838991165
95.30245280254229,0.3448207529774926,-1.9417564527048767,2.1796157473000943,-1.538468946810864,-1.0064340964471152,0.0,0.3328794836997986,0.5009602904319763,0.5849933624267578,-0.7568503618240356,0.5782005190849304,0.30009958148002625,0.05293258652091026
95.54138053706187,0.3540397679372584,-1.946105086311768,2.176714478733703,-1.5270180594345681,-1.0017996450164914,0.0,0.32479366660118103,0.5039623379707336,0.5891100764274597,-0.7582512497901917,0.5749074816703796,0.3031754195690155,0.051195524632930756
95.79131535269435,0.3539387850087372,-1.9602425862116017,2.1805901974752246,-1.5166941857478438,-1.0018270031606586,0.0,0.3157920837402344,0.5005773901939392,0.591841995716095,-0.7582181096076965,0.5749512314796448,0.3031783699989319,0.051178090274333954
96.05320549043829,0.35389363269857865,-1.9743850081076721,2.1844444582485387,-1.50637878675932,-1.001839857524341,0.0,0.30676189064979553,0.4972151815891266,0.5944535136222839,-0.7582034468650818,0.5749707818031311,0.3031792938709259,0.051170285791158676
96.31530101877962,0.3648021016236353,-1.9815147104101203,2.1819248336972525,-1.5035399547752661,-0.9990065257967915,0.0,0.29904329776763916,0.5004162788391113,0.5999308824539185,-0.7618007063865662,0.5702228546142578,0.30280330777168274,0.053064294159412384
96.51534858626638,0.3757001259965313,-1.9886375862231591,2.1794076216156015,-1.500703840892986,-0.9961759069046747,0.0,0.2912452816963196,0.5034826397895813,0.60539311170578,-0.7653598189353943,0.5654417276382446,0.3024555742740631,0.05495980381965637
96.79091995816962,0.3865700348357827,-1.9957420859115247,2.176896903624857,-1.4978750438281903,-0.993352590653658,0.0,0.2833830416202545,0.5064078569412231,0.6108306646347046,-0.7688747048377991,0.5606359243392944,0.30213674902915955,0.05685339495539665
97.06061369895455,0.4207128199204712,-1.993554467768915,2.165629086936949,-1.5071222133496815,-1.0271922946353418,0.0,0.2755467891693115,0.5108168721199036,0.614687442779541,-0.7855820059776306,0.5467626452445984,0.28533855080604553,0.04993347451090813
97.34855692611399,0.47630257738113435,-1.9829811321542747,2.146315699857468,-1.5273666545453828,-1.0945094167509668,0.0,0.26852330565452576,0.5170572996139526,0.6180643439292908,-0.8127613663673401,0.5237422585487366,0.2525551915168762,0.03645184636116028
97.6264045739533,0.5305087242338405,-1.9726709633528419,2.1274830165705447,-1.5471072183206733,-1.1601510380457398,0.0,0.2626093924045563,0.5237462520599365,0.6225301623344421,-0.83710777759552,0.5003979802131653,0.21958354115486145,0.025207888334989548
98.0151440451569,0.5811521977428822,-1.9630384255156124,2.109888102478291,-1.5655503428859376,-1.2214783948520722,0.0,0.25774216651916504,0.5306884050369263,0.6278115510940552,-0.8578896522521973,0.477917343378067,0.18801642954349518,0.0164372306317091
98.26384581815073,0.5990272078029392,-1.9721327323575857,2.1211120159858377,-1.5903480886713035,-1.240799183134732,0.0,0.250447154045105,0.530220627784729,0.6240547895431519,-0.8654664754867554,0.46907660365104675,0.17472635209560394,0.02013566717505455
98.46389053579041,0.6105072563048551,-1.9852250638631406,2.1384392272317068,-1.616888575823917,-1.2518582370768312,0.0,0.24257180094718933,0.5280433297157288,0.6182856559753418,-0.8704920411109924,0.46293243765830994,0.16505150496959686,0.026363402605056763
98.6638036575503,0.622087680927665,-1.9984318685305258,2.1559179394272867,-1.643661120458393,-1.263013986162272,0.0,0.23474471271038055,0.5257445573806763,0.6125093698501587,-0.8753264546394348,0.4567299485206604,0.15532982349395752,0.03276912868022919
98.86379216055938,0.6337809756650062,-2.011767395037045,2.173567010164253,-1.6706946071807125,-1.2742784662068938,0.0,0.22695863246917725,0.5233199596405029,0.6067225933074951,-0.8799682855606079,0.4504663646221161,0.14555624127388,0.039361875504255295
99.06378923173615,0.6455837286795457,-2.0252277523795024,2.1913812898453546,-1.6979811482345744,-1.2856483904917329,0.0,0.2192171961069107,0.5207683444023132,0.6009297966957092,-0.8844087719917297,0.44414734840393066,0.13573917746543884,0.04614243283867836
99.26366392712661,0.6574870570241746,-2.0388028100703597,2.209347371149097,-1.725500207317926,-1.2971152018237406,0.0,0.2115270346403122,0.5180891156196594,0.5951368808746338,-0.8886381387710571,0.43778204917907715,0.12589187920093536,0.053107280284166336
99.46373397674033,0.6695101475052707,-2.0525144495528513,2.227494213347488,-1.753296142012364,-1.3086973833937043,0.0,0.20387700200080872,0.5152759552001953,0.5893374681472778,-0.8926562070846558,0.431364506483078,0.11600461602210999,0.06026989966630936
99.66364726613828,0.6816302096542444,-2.066336679615364,2.2457874180437294,-1.7813162635040134,-1.3203729805015672,0.0,0.19628222286701202,0.5123312473297119,0.5835442543029785,-0.8964486122131348,0.42491164803504944,0.10610257089138031,0.06761826574802399
99.8636574503369,0.6938616334384123,-2.0802859111835517,2.2642487044843445,-1.809593839661266,-1.3321558554079942,0.0,0.1887347549200058,0.5092488527297974,0.5777524709701538,-0.9000133872032166,0.4184206426143646,0.09618036448955536,0.07516282051801682
100.06361389722296,0.7061930777186758,-2.094349210344051,2.2828609551185752,-1.8381026511387506,-1.3440350828743817,0.0,0.18124228715896606,0.506028950214386,0.5719687342643738,-0.9033406972885132,0.41190245747566223,0.08625419437885284,0.08289763331413269
100.26359006952116,0.7186272114716142,-2.108529620910322,2.301628198319734,-1.8668488682883269,-1.3560132340010145,0.0,0.1738038957118988,0.5026676654815674,0.5661939382553101,-0.9064252972602844,0.4053611755371094,0.07632870227098465,0.09082572162151337
100.46356324296066,0.7311595684948121,-2.12282204943676,2.320543693102997,-1.895822165788824,-1.3680860063693594,0.0,0.16642284393310547,0.49916312098503113,0.5604310035705566,-0.909260094165802,0.3988043963909149,0.06641461700201035,0.09894495457410812
100.7187018295593,0.7437861577317382,-2.137221944354165,2.3396014156367055,-1.9250133167990342,-1.380249555282292,0.0,0.15910208225250244,0.4955131709575653,0.5546828508377075,-0.9118385910987854,0.39223992824554443,0.05652245506644249,0.10725334286689758
100.87449633438736,0.755256149082277,-2.1408648640184325,2.3412859944564883,-1.9316882142955532,-1.3865801207141002,0.0,0.1546332985162735,0.49593624472618103,0.5557952523231506,-0.9140985608100891,0.3868442475795746,0.05251523479819298,0.109623484313488
101.2113404107094,0.7653987949648126,-2.1327281355666714,2.3239687936647737,-1.9137114378639426,-1.3864992591488359,0.0,0.15312424302101135,0.5009021162986755,0.5643414855003357,-0.9162024855613708,0.3827042281627655,0.05484767630696297,0.10536660254001617
101.41131617322566,0.7755425544694393,-2.1245905137345584,2.3066496915134356,-1.8957326876539322,-1.3864183887052939,0.0,0.15149745345115662,0.505856990814209,0.572872519493103,-0.9182702302932739,0.3785453736782074,0.057137466967105865,0.10108660906553268
101.61129195436837,0.7856878724107514,-2.1164516416787595,2.2893279285415074,-1.8777511752782898,-1.38633750583722,0.0,0.1497528851032257,0.5107983350753784,0.5813881158828735,-0.920301616191864,0.37436771392822266,0.0593842975795269,0.09678375720977783
101.81126306027176,0.7958353672831519,-2.1083110232248976,2.272002448753158,-1.8597658045205312,-1.3862566056137087,0.0,0.14789073169231415,0.5157241821289062,0.5898874998092651,-0.9222968220710754,0.37017154693603516,0.06158842518925667,0.09245776385068893
102.01124247357251,0.8059854508190744,-2.10016832806912,2.2546725491707518,-1.8417758456280857,-1.3861756847522506,0.0,0.14591112732887268,0.520632266998291,0.5983710885047913,-0.9242554903030396,0.3659568428993225,0.06374936550855637,0.08810936659574509
102.21121708124878,0.8161381213843809,-2.0920235575223805,2.237338232584359,-1.823781301497291,-1.3860947432658741,0.0,0.14381401240825653,0.5255201458930969,0.606837809085846,-0.9261776208877563,0.36172404885292053,0.06586703658103943,0.08373862504959106
102.4111923594773,0.826294004166867,-2.083876210040666,2.2199984315700836,-1.8057810640483276,-1.3860137761703113,0.0,0.14159998297691345,0.5303856730461121,0.6152876615524292,-0.9280630946159363,0.3574732542037964,0.06794130802154541,0.07934585213661194
102.61116344675423,0.8364533470490761,-2.0757260867653176,2.202652722901892,-1.7877746939353754,-1.3859327814893347,0.0,0.13926902413368225,0.5352267026901245,0.6237198710441589,-0.9299116134643555,0.3532046377658844,0.06997194141149521,0.07493123412132263
102.81113881811501,0.8466168289656529,-2.0675726430350223,2.185299947390388,-1.7697609878179592,-1.385851753810184,0.0,0.13682149350643158,0.5400408506393433,0.6321346759796143,-0.9317232966423035,0.34891828894615173,0.07195893675088882,0.07049494236707687
103.01111219644548,0.8567845532124141,-2.0594157959828414,2.1679399286718866,-1.7517397626150741,-1.38577069230934,0.0,0.13425737619400024,0.5448259711265564,0.6405311822891235,-0.933497965335846,0.3446144461631775,0.07390198856592178,0.06603731960058212
103.21108525812627,0.8669568884682466,-2.0512552498437415,2.1505720372768806,-1.7337103648820464,-1.3856895940475347,0.0,0.13157746195793152,0.5495796799659729,0.648909330368042,-0.9352353811264038,0.34029340744018555,0.07580093294382095,0.061558544635772705
103.41105269461872,0.8771340650690765,-2.0430908198354776,2.13319587993782,-1.7156723863725967,-1.3856084571884304,0.0,0.12878189980983734,0.5542996525764465,0.6572684049606323,-0.9369353652000427,0.3359552323818207,0.07765559107065201,0.05705899000167847
103.69854061578368,0.8839184127936408,-2.0354209352001504,2.1179807118392637,-1.7000898617851452,-1.38544892162568,0.0,0.12758761644363403,0.5583663582801819,0.6643428206443787,-0.9380338191986084,0.3331547975540161,0.07927936315536499,0.0530584454536438
104.04712985118626,0.8686120635229312,-2.0309931864511674,2.1168718593613742,-1.700530177023638,-1.3847799811672006,0.0,0.13751882314682007,0.5583034753799438,0.6631762385368347,-0.935414731502533,0.34044259786605835,0.07967943698167801,0.052433282136917114
104.27377556530799,0.853357175209374,-2.0265803240859084,2.1157667349187492,-1.7009690118932184,-1.3841132897307225,0.0,0.14744295179843903,0.5580666661262512,0.6620014905929565,-0.9327458143234253,0.34768548607826233,0.08009205013513565,0.05181928351521492
104.49182265178626,0.8462551605556643,-2.0164945646375956,2.1109878104402773,-1.7049366193563698,-1.3838179039900185,0.0,0.1560380607843399,0.5623717904090881,0.6617252826690674,-0.9314839243888855,0.3510510325431824,0.0802825391292572,0.0515323206782341
104.74520711714449,0.8416835611489153,-2.004687746090771,2.1050896947548075,-1.7099808793067237,-1.3836376867294002,0.0,0.16426077485084534,0.568059504032135,0.66163569688797,-0.9306653141975403,0.3532153367996216,0.08040253072977066,0.051345907151699066
104.97931062089131,0.8279115036188619,-2.000741761300487,2.104170710243444,-1.7103928498493874,-1.3831470027380122,0.0,0.17339812219142914,0.5674019455909729,0.660447359085083,-0.9281695485115051,0.3597257733345032,0.08074934035539627,0.05077453702688217
105.29566230416884,0.8108857491174205,-1.9995676099448132,2.1050082488367527,-1.7091704263913647,-1.382546510310236,0.0,0.18280094861984253,0.5643764138221741,0.6588965654373169,-0.9250190258026123,0.36775004863739014,0.08119133859872818,0.05007661506533623
105.55041274373207,0.8112516004951074,-1.9840814227957204,2.0933340185916647,-1.69974134334587,-1.3857896751366545,0.0,0.18885788321495056,0.5696724653244019,0.6592034101486206,-0.925070583820343,0.36826157569885254,0.08215133845806122,0.04334672540426254
105.75047387127552,0.8187099204300946,-1.9628556766757306,2.0766302801953733,-1.6870246507442241,-1.3905801146764853,0.0,0.19347183406352997,0.5785083174705505,0.6600402593612671,-0.9263912439346313,0.36565014719963074,0.08324969559907913,0.03418322280049324
105.95035843868527,0.8260963218878897,-1.9418346044436299,2.060087611240907,-1.6744305816254546,-1.3953243613578996,0.0,0.19797393679618835,0.58741295337677,0.66060870885849,-0.9276344180107117,0.3629930019378662,0.08426585048437119,0.02509474940598011
106.15027465243611,0.8334190087022346,-1.9209948586842185,2.0436876383286435,-1.6619451481702177,-1.400027684460021,0.0,0.20236460864543915,0.5963876247406006,0.6609144806861877,-0.9288021922111511,0.36028948426246643,0.08520310372114182,0.016072774305939674
106.35022227038417,0.8406781088581149,-1.9003360751630798,2.027430074821949,-1.6495681321597016,-1.4046901661869307,0.0,0.2066400945186615,0.6054245233535767,0.6609624624252319,-0.9298956990242004,0.3575422167778015,0.08606341481208801,0.0071185980923473835
106.550194549754,0.847873934547355,-1.879857365408753,2.011314221532453,-1.6372990012960833,-1.40931200705779,0.0,0.21079681813716888,0.6145158410072327,0.660757839679718,0.930915892124176,-0.3547531068325043,-0.0868486538529396,0.001766360248439014
106.75018309001598,0.8550065632029791,-1.8595585090534175,1.9953399050402714,-1.6251376235533872,-1.4138932568074216,0.0,0.21483156085014343,0.6236539483070374,0.6603057384490967,0.9318638443946838,-0.3519245982170105,-0.08756095170974731,0.010581199079751968
106.95836527803678,0.8620766625647924,-1.8394376057662065,1.9795056298677198,-1.6130828604122258,-1.4184343443215797,0.0,0.21874168515205383,0.6328320503234863,0.6596114635467529,0.9327405691146851,-0.3490585684776306,-0.08820202946662903,0.019324984401464462
107.1625982623688,0.8719127183034189,-1.826306587142676,1.9697805128358916,-1.6147248436004786,-1.4184517752265102,0.0,0.21897099912166595,0.6426370143890381,0.6598572731018066,0.9343830943107605,-0.3445150852203369,-0.08839540183544159,0.02058791182935238
107.36275933945096,0.8823587879153775,-1.8148256098199624,1.9614925308793267,-1.6195219419760163,-1.4174255606089654,0.0,0.21820849180221558,0.6526080369949341,0.6602553129196167,0.9361822009086609,-0.3395964205265045,-0.08850034326314926,0.020122112706303596
107.56274039187944,0.8927141412559878,-1.8034443361650243,1.953276523823182,-1.624277381153972,-1.4164082578948602,0.0,0.21728219091892242,0.6625599265098572,0.6605432629585266,0.9379395246505737,-0.33471009135246277,-0.08861147612333298,0.019662130624055862
107.75712671020544,0.8968123130266725,-1.7895966573868896,1.9428413764754349,-1.623598528056774,-1.4131584268171145,0.0,0.22007861733436584,0.6718667149543762,0.6603735685348511,0.9383302927017212,-0.33293792605400085,-0.09076210111379623,0.02122778445482254
107.9571124564997,0.8986068712910408,-1.7748727341025194,1.9316136712072667,-1.6209277212200324,-1.4090963617743986,0.0,0.2242637276649475,0.6809366345405579,0.6599184274673462,0.9382103681564331,-0.33232077956199646,-0.09364932775497437,0.02353654056787491
108.15717619174636,0.9003954484262784,-1.7601978845585904,1.9204233870451066,-1.6182658159836958,-1.4050478352921405,0.0,0.22842060029506683,0.6900141835212708,0.6593001484870911,0.9380735754966736,-0.3317134380340576,-0.09652061015367508,0.02584168314933777
108.35711147898353,0.90217627473363,-1.745586628712035,1.909281596159992,-1.6156154461566685,-1.4010168531647431,0.0,0.23254352807998657,0.6990877389907837,0.6585208177566528,0.9379205703735352,-0.33111637830734253,-0.0993732139468193,0.028140882030129433
108.55701260530866,0.9039501815630996,-1.7310321455340107,1.8981830971867708,-1.6129753744565956,-1.397001533593294,0.0,0.2366330325603485,0.7081593871116638,0.6575815081596375,0.937751293182373,-0.3305293023586273,-0.10220835357904434,0.030435115098953247
108.74958044180191,0.9092364769267463,-1.7182455416187759,1.888021097934923,-1.6131361270990887,-1.3943225747621142,0.0,0.23830951750278473,0.7176339030265808,0.6572225093841553,0.9383756518363953,-0.32816773653030396,-0.1037759780883789,0.03142625093460083
108.94957717770255,0.9184838992931644,-1.7074736185864678,1.8789309300876715,-1.616461030174918,-1.3931570663058965,0.0,0.23715965449810028,0.7275606393814087,0.6575891971588135,0.9398947358131409,-0.3237916827201843,-0.10391994565725327,0.030941888689994812
109.14750641474045,0.9282125654755687,-1.6973946310304078,1.8701546825687212,-1.6195017088880155,-1.3919435713390922,0.0,0.2351776659488678,0.737244725227356,0.6580689549446106,0.94147127866745,-0.3191785216331482,-0.10407127439975739,0.030432244762778282
109.34746353217876,0.9397383019652189,-1.6895207730083472,1.8623105771484623,-1.6216205385289262,-1.3905470193484528,0.0,0.23069442808628082,0.7461082935333252,0.6592068672180176,0.9433120489120483,-0.3136999309062958,-0.10423608124256134,0.02982350066304207
109.54726519325293,0.9511750588037252,-1.6817077018297641,1.854527028879103,-1.6237230106275269,-1.3891612488561624,0.0,0.22607740759849548,0.7549015283584595,0.6602857112884521,0.9451061487197876,-0.3082512617111206,-0.10440994054079056,0.02922239527106285
109.76477565054388,0.9585156663962203,-1.673169068958229,1.8469196497761255,-1.6259830505266033,-1.388269358055955,0.0,0.22469483315944672,0.7629216909408569,0.6606122851371765,0.9462404251098633,-0.3047478199005127,-0.10452837496995926,0.028838740661740303
110.03166763210042,0.9547354363991492,-1.6625924287996072,1.8397400590039852,-1.628688487742346,-1.388718278343639,0.0,0.23255275189876556,0.7688690423965454,0.6589492559432983,0.9456571340560913,-0.3065530061721802,-0.10447285324335098,0.029038045555353165
110.19240524930942,0.9569366100618598,-1.6562796323606188,1.834581326774983,-1.6302527430077585,-1.3884678474981975,0.0,0.23391030728816986,0.7738344073295593,0.6586670875549316,0.9459981322288513,-0.3055016100406647,-0.10449875891208649,0.028920063748955727
110.50419797193567,0.9687494607103221,-1.6568185200549712,1.8326699660084924,-1.6299832025769716,-1.3870936106745004,0.0,0.22472438216209412,0.7772063612937927,0.6607288718223572,0.9478047490119934,-0.2998526096343994,-0.10466153919696808,0.02829381823539734
110.80425607831339,0.9805481684808527,-1.6573567625686547,1.8307608936093747,-1.6297139848521531,-1.3857210191491505,0.0,0.21549981832504272,0.7804610133171082,0.6627905964851379,0.94957435131073,-0.2941978871822357,-0.10483517497777939,0.02767128311097622
111.10367171722899,0.9904473901839487,-1.6691997875381277,1.8462392898278421,-1.6679535452999288,-1.3790611235732062,0.0,0.20611132681369781,0.7835597991943359,0.6641181111335754,0.9519398212432861,-0.28824082016944885,-0.10301841795444489,0.010719775222241879
111.65446065553571,0.9985893458018826,-1.6901418609891765,1.8757651747883286,-1.737228633265213,-1.3681670892392404,0.0,0.19652432203292847,0.7860687375068665,0.6654181480407715,-0.9541134238243103,0.2816871404647827,0.09971969574689865,0.019384343177080154
111.90190669553904,0.9910856016608015,-1.6952995066877659,1.884630859673347,-1.7534360172158487,-1.3656433611334513,0.0,0.20110850036144257,0.7839054465293884,0.6643176674842834,-0.9531447887420654,0.284637987613678,0.09907594323158264,0.026076754555106163
112.17286349547375,0.9785979233584238,-1.6955198687041826,1.8870492398734708,-1.7530360253400055,-1.365739327770679,0.0,0.21020923554897308,0.7802837491035461,0.662307858467102,-0.9513100981712341,0.2907106280326843,0.09924205392599106,0.02544492296874523
112.37223531392682,0.9659745173071734,-1.696668494993141,1.8902649284923554,-1.7524789232080291,-1.3658737318420873,0.0,0.218917578458786,0.7758728861808777,0.6602874994277954,-0.9494163393974304,0.2968369722366333,0.0994037389755249,0.024804631248116493
112.57217808899749,0.9531976486721758,-1.6988264427426678,1.894348600334153,-1.7517508204504348,-1.3660499707689997,0.0,0.22718101739883423,0.7706273794174194,0.6582520604133606,-0.947459876537323,0.3030249774456024,0.09956002980470657,0.02415468357503414
112.85715090889944,0.9421978493887149,-1.7015187772169262,1.8980552044673635,-1.7490366856881412,-1.367076231071678,0.0,0.23380574584007263,0.7650488018989563,0.6565901637077332,-0.945756733417511,0.30841943621635437,0.09951216727495193,0.022779617458581924
113.18019687395156,0.9462493746088898,-1.7085798814105533,1.8985321452479464,-1.729894926496908,-1.375137062466127,0.0,0.22744856774806976,0.7574830651283264,0.6581014394760132,-0.9465116858482361,0.3071514368057251,0.09765547513961792,0.015394020825624466
113.380153749246,0.9502805458423222,-1.715605512143364,1.899006689981165,-1.7108493313652904,-1.3831573979864493,0.0,0.22115637362003326,0.7498661875724792,0.6596338748931885,-0.9472244381904602,0.30582350492477417,0.09577567875385284,0.008047853596508503
113.58011807512105,0.954292047247767,-1.7225968617851424,1.8994789192053827,-1.6918966679298149,-1.391138598820857,0.0,0.21492938697338104,0.7421997785568237,0.6611879467964172,-0.9478952884674072,0.3044366240501404,0.09387318789958954,0.0007406608783639967
113.780091844607,0.9582846741939424,-1.729555316525308,1.8999489265504692,-1.6730331784065244,-1.3990822474186222,0.0,0.20876739919185638,0.7344847321510315,0.6627632975578308,0.948524534702301,-0.3029915988445282,-0.09194847196340561,0.00652838870882988
114.0088911263932,0.9622591331900106,-1.73648210768652,1.9004167951858513,-1.654255524835635,-1.406989749435868,0.0,0.20267003774642944,0.7267224788665771,0.6643604040145874,0.9491124153137207,-0.30148929357528687,-0.09000207483768463,0.013759876601397991
114.20580397149308,0.9564051185749817,-1.7445994042836157,1.9054646084320779,-1.6453784719693805,-1.4106070317477073,0.0,0.20299020409584045,0.718123197555542,0.6644331216812134,0.9482020735740662,-0.304425984621048,-0.08919207006692886,0.016806146129965782
114.41154187850043,0.9445919612835273,-1.7534626962290725,1.9132968774590842,-1.6424560816961078,-1.4116432360781772,0.0,0.20702770352363586,0.709033191204071,0.6635196208953857,0.94637131690979,-0.31007155776023865,-0.0890863686800003,0.017336692661046982
114.69186190503788,0.932670767818407,-1.7624070466184532,1.9212007758021086,-1.6395069649639138,-1.4126889169226933,0.0,0.2109203040599823,0.6998746395111084,0.662531852722168,0.9444890022277832,-0.31575632095336914,-0.08898921310901642,0.017873937264084816
114.93910169574423,0.9372177401429967,-1.7722211965784427,1.9283232886782926,-1.6380301075547625,-1.4258818243229072,0.0,0.20629796385765076,0.6923639178276062,0.6623926162719727,0.9458099007606506,-0.31344884634017944,-0.08252480626106262,0.019568827003240585
115.13910405683322,0.9467478235771478,-1.7823538624949748,1.9352517654700407,-1.6369878589913776,-1.4428072215462016,0.0,0.19927425682544708,0.6852467656135559,0.6625193357467651,0.9480226635932922,-0.30870726704597473,-0.07408317923545837,0.021548891440033913
115.3390868787746,0.9563532660698904,-1.7925666523862624,1.9422350291366477,-1.6359373688558074,-1.4598664562127717,0.0,0.19237229228019714,0.6780128479003906,0.6626464128494263,0.9501534700393677,-0.3039093613624573,-0.06555122882127762,0.023461170494556427
115.5390532163064,0.9660358041925318,-1.8028614126261608,1.9492743421847931,-1.6348784472295728,-1.4770626124676192,0.0,0.18559430539608002,0.6706637740135193,0.6627742648124695,0.9522000551223755,-0.2990548312664032,-0.0569281205534935,0.025303764268755913
115.73900180282993,0.9757972278648489,-1.8132400463101934,1.9563710059060897,-1.6338108983597899,-1.4943988692024535,0.0,0.17894282937049866,0.6632012128829956,0.6629032492637634,0.9541602730751038,-0.2941439151763916,-0.048213157802820206,0.027074821293354034
115.93894295739932,0.9856391946499634,-1.8237043158083814,1.9635262253673869,-1.6327345409686351,-1.5118781702439947,0.0,0.17242012917995453,0.6556263566017151,0.6630340218544006,0.9560315608978271,-0.28917646408081055,-0.0394056998193264,0.02877235971391201
116.1388783563952,0.9955638198821394,-1.8342564702065327,1.9707415384402522,-1.6316491437145775,-1.5295042724190244,0.0,0.16602878272533417,0.6479407548904419,0.6631667613983154,0.9578114748001099,-0.28415244817733765,-0.030504710972309113,0.03039434179663658
116.37131880666165,1.0052552534394281,-1.8446648988726677,1.9776966454637468,-1.6301842760193361,-1.54477506989508,0.0,0.15941278636455536,0.6405909061431885,0.6633995771408081,0.9594202637672424,-0.2792644202709198,-0.02275581657886505,0.03172093257308006
116.60635618258706,1.0129991140343184,-1.8536672060712687,1.982657583731911,-1.626349713743046,-1.5442073878867142,0.0,0.1505930870771408,0.6359449625015259,0.6642196774482727,0.9604918956756592,-0.2755562663078308,-0.02287711203098297,0.03163120895624161
116.8534217441388,1.0207721491074007,-1.862703428861689,1.9876372120040522,-1.6225007050091869,-1.5436375671742522,0.0,0.14182648062705994,0.6311896443367004,0.6649771928787231,0.9615532159805298,-0.2718299329280853,-0.022999854758381844,0.031542643904685974
117.0861300513012,1.0277147260900963,-1.8696963139973821,1.9935114573689716,-1.6308468213872542,-1.5442517703867034,0.0,0.13616199791431427,0.6296893358230591,0.6653391122817993,0.9626708626747131,-0.26846370100975037,-0.02132822759449482,0.027148278430104256
117.48230818241653,1.0320321020513514,-1.8701354092784435,2.0023387866399647,-1.6787765790791034,-1.548707309949327,0.0,0.140109583735466,0.6388619542121887,0.664912223815918,0.9637704491615295,-0.2662290334701538,-0.013868222013115883,0.00873473845422268
117.68227444544253,1.0364773779043752,-1.8705875125160574,2.0114276206926816,-1.7281262295197677,-1.5532948424245312,0.0,0.1439417600631714,0.64809650182724,0.6649740934371948,-0.9644740223884583,0.2639040946960449,0.006263400427997112,0.01026203017681837
118.14814968890622,1.0410585608136576,-1.8710534380725057,2.0207943310171452,-1.7789846650033663,-1.5580226312201095,0.0,0.1476365476846695,0.6573692560195923,0.6655591726303101,-0.9647438526153564,0.2614854872226715,-0.0014875648776069283,0.029871229082345963
118.44335662093619,1.0370101232786595,-1.8819327918282018,2.030113423421136,-1.7853156646377994,-1.5585927305169627,0.0,0.14712056517601013,0.6510615348815918,0.6652590036392212,-0.9640997052192688,0.26339060068130493,-0.002863645786419511,0.033596836030483246
118.73467861417842,1.0309420413039017,-1.895251094949357,2.0394242221456675,-1.7812339345073256,-1.558190548738347,0.0,0.14556890726089478,0.6412100195884705,0.6645492315292358,-0.9632978439331055,0.26630833745002747,-0.0027620107866823673,0.03360584005713463
119.00017506689377,1.041391183825957,-1.9009342672268306,2.0434656701993696,-1.7797125179936317,-1.5588844405330857,0.0,0.13679882884025574,0.6387659907341003,0.6641772985458374,-0.9646732807159424,0.26128271222114563,-0.0029367974493652582,0.03358722850680351
119.22745868533039,1.0545378558746041,-1.905401960151164,2.0466686175310795,-1.7785998423104314,-1.5597573403191172,0.0,0.12690244615077972,0.6373671293258667,0.6638573408126831,-0.9663664102554321,0.25494953989982605,-0.003157170722261071,0.03356802463531494
119.38588855465947,1.0635963355847589,-1.9026813448389501,2.0448587240228115,-1.779613763655704,-1.5603590483999221,0.0,0.12232423573732376,0.640285074710846,0.6639840602874756,-0.9675085544586182,0.2505794167518616,-0.003309096908196807,0.03355647623538971
119.67760891988463,1.066612606214292,-1.889406410858432,2.035688340840666,-1.7837493042793506,-1.5605599413419162,0.0,0.12547919154167175,0.6497476696968079,0.6646854877471924,-0.9678845405578613,0.24912317097187042,-0.0033596153371036053,0.033551398664712906
119.87735369577594,1.0692113757328943,-1.8762562100981965,2.026502493675892,-1.7877402986621922,-1.560733047190956,0.0,0.1288204789161682,0.6591385006904602,0.6653124094009399,-0.9682067632675171,0.24786806106567383,-0.00340310949832201,0.033547140657901764
120.0773450113792,1.0702398395951485,-1.863461456010337,2.0171731921233653,-1.7912160304260276,-1.560801641506656,0.0,0.1330363005399704,0.6681744456291199,0.6660673022270203,-0.9683337807655334,0.24737125635147095,-0.0034203201066702604,0.03354538977146149
120.37236810938671,1.0712655209721202,-1.8507013178348561,2.0078691307812315,-1.7946823586776608,-1.5608700502420152,0.0,0.1372375190258026,0.6772234439849854,0.6666868925094604,-0.9684602618217468,0.24687564373016357,-0.003437509061768651,0.033543627709150314
120.5061565888562,1.078246027023269,-1.848042758343111,2.0060485711695346,-1.7955811917523572,-1.5613365619393835,0.0,0.133633092045784,0.6799720525741577,0.6667234897613525,-0.9693143367767334,0.2435014843940735,-0.003553902730345726,0.03352810814976692
120.75698860171049,1.089925597783102,-1.8533515151138877,2.0101304397998403,-1.794455052270144,-1.562117224163995,0.0,0.12393049895763397,0.6776303648948669,0.6663583517074585,-0.9707167744636536,0.237849161028862,-0.0037489794194698334,0.03350440785288811
120.98301242806234,1.101680368153913,-1.858694452630871,2.0142385897840915,-1.7933216620718975,-1.5629029127287692,0.0,0.11424198001623154,0.6751438975334167,0.6659674644470215,-0.9720948934555054,0.23215243220329285,-0.003945664968341589,0.03348391875624657
121.13942223377383,1.1091771520229061,-1.857351102081007,2.013277808196656,-1.7937687312946742,-1.563404018278231,0.0,0.10979349166154861,0.676887571811676,0.6660304665565491,-0.9729561805725098,0.22851505875587463,-0.004071262665092945,0.033472638577222824
121.46670495770404,1.109531455143456,-1.8448065059814671,2.003825203654831,-1.7968633313103655,-1.5634277552458151,0.0,0.11402802169322968,0.6859128475189209,0.6667970418930054,-0.9729966521263123,0.22834306955337524,-0.004077229183167219,0.033471912145614624
121.66668634540865,1.1098850322668443,-1.8322876148239176,1.9943919683018967,-1.799951590228005,-1.5634514435743383,0.0,0.11826074123382568,0.6949495077133179,0.6674328446388245,-0.9730368256568909,0.2281714379787445,-0.004083096049726009,0.03347120061516762
121.86640638537237,1.1105659585548273,-1.8197579173938272,1.9848499340028878,-1.8029441511224125,-1.5634970763302913,0.0,0.12228439003229141,0.7040706276893616,0.6680122017860413,-0.9731143116950989,0.22784088551998138,-0.004094475414603949,0.0334697924554348
122.06640412710139,1.1128512400897004,-1.8070732909328582,1.9746987226620296,-1.8054937112219838,-1.563650259747235,0.0,0.12527500092983246,0.7135785222053528,0.668820858001709,-0.9733734130859375,0.22673124074935913,-0.004132590256631374,0.03346485272049904
122.26637156359384,1.1151313602275854,-1.794417313192761,1.9645704382257285,-1.8080375130411779,-1.5638030971934898,0.0,0.1282283365726471,0.7231069803237915,0.6694944500923157,-0.9736307263374329,0.22562387585639954,-0.004170666914433241,0.033460211008787155
122.6632970902343,1.1174064549290275,-1.7817892295143407,1.9544644767577948,-1.8105757082635296,-1.5639555977825503,0.0,0.13114382326602936,0.7326547503471375,0.6700329184532166,-0.973886251449585,0.22451864182949066,-0.004208654165267944,0.033455658704042435
122.94134236175222,1.1242457312870606,-1.7863584282393585,1.9583276852059828,-1.8099125027624183,-1.5644145956400455,0.0,0.12463316321372986,0.7300946712493896,0.6697129607200623,-0.9746466279029846,0.22119443118572235,-0.00432267552241683,0.033439915627241135
123.21481367804944,1.1320780963246522,-1.7946688150916739,1.9652298256976428,-1.8085528532896902,-1.5649402821071525,0.0,0.1161620244383812,0.724824070930481,0.6691703796386719,-0.9755034446716309,0.2173844277858734,-0.004453381989151239,0.03342311829328537
123.41410185262811,1.1426479989623421,-1.792792983417882,1.9638523950066886,-1.809105966335481,-1.565650561046825,0.0,0.1093207597732544,0.7273169159889221,0.6691786050796509,-0.9766361713409424,0.21223746240139008,-0.0046293349005281925,0.033397577702999115
123.62285699391595,1.1551477112749526,-1.7835614168440155,1.9564953810786356,-1.8110393965624974,-1.5664909787256633,0.0,0.10349812358617783,0.7354364991188049,0.6695584654808044,-0.9779406785964966,0.206143319606781,-0.004837532062083483,0.03336803615093231
123.80572112794903,1.1597561203830227,-1.774533447021975,1.9490910251940043,-1.8126856009996155,-1.5668007584527155,0.0,0.10315483808517456,0.7426673173904419,0.6700056195259094,-0.9784120321273804,0.2038945108652115,-0.004914433229714632,0.033358484506607056
124.05791235580533,1.1527452439150967,-1.7657465577909779,1.941567995461611,-1.8139186305178252,-1.5663292173744803,0.0,0.11117706447839737,0.7486125826835632,0.670593798160553,-0.9776929020881653,0.20731522142887115,-0.004797665402293205,0.03337489068508148
124.26824363150544,1.145760699626822,-1.7569926712732458,1.9340732215074135,-1.8151470288954155,-1.565859447359313,0.0,0.11926189064979553,0.7544702887535095,0.6711151003837585,-0.97696453332901,0.21072065830230713,-0.004681473597884178,0.03339247778058052
124.4705198662144,1.1468683427998037,-1.745227416144737,1.9238565588554553,-1.816701442196257,-1.5659338536607401,0.0,0.12246871739625931,0.7635065317153931,0.671824038028717,-0.9770808219909668,0.21018075942993164,-0.004699921701103449,0.03339003026485443
124.75532963557902,1.149732323453707,-1.7328244577806264,1.913062910346984,-1.8183245013284672,-1.5661263687141063,0.0,0.12455765157938004,0.773263156414032,0.672462522983551,-0.9773801565170288,0.2087845355272293,-0.004747619386762381,0.03338334336876869
124.93005823349792,1.158002368553037,-1.730064413062214,1.910807940545902,-1.8188616011821,-1.5666828224122265,0.0,0.11922842264175415,0.7762999534606934,0.6724860072135925,-0.9782332181930542,0.2047504335641861,-0.004885000176727772,0.03336140140891075
125.15870945639887,1.1696631126970327,-1.7333170584462039,1.913877513985898,-1.818722024936287,-1.567467538882162,0.0,0.10931524634361267,0.7750325202941895,0.6721749901771545,-0.979407787322998,0.19905643165111542,-0.005079041235148907,0.03333252668380737
125.3535893011836,1.1795491630616046,-1.7386931809494064,1.91873977498278,-1.818239990573421,-1.568133046899397,0.0,0.10011553019285202,0.7718451023101807,0.6717864274978638,-0.9803776144981384,0.19422373175621033,-0.0052435086108744144,0.03330827131867409
125.55341968424597,1.187032347701194,-1.7469087055498012,1.9259984521024125,-1.8172992403094959,-1.5686371483427213,0.0,0.0919109433889389,0.7661669850349426,0.671262800693512,-0.9810957908630371,0.19056251645088196,-0.005367666482925415,0.033287446945905685
125.75353739894905,1.194551589393484,-1.7551638159171852,1.9332921045054365,-1.8163539571249654,-1.5691436787535484,0.0,0.08376172930002213,0.7603905200958252,0.6706792712211609,-0.9818037152290344,0.18688103556632996,-0.00549263646826148,0.03326796740293503
125.94745947159805,1.2048298795787462,-1.760236486205827,1.9378539324572357,-1.815852228503516,-1.5698363047843071,0.0,0.0746198520064354,0.7571901082992554,0.6702344417572021,-0.9827491044998169,0.18184439837932587,-0.005662770476192236,0.03323735296726227
126.14738127328434,1.2171523600259753,-1.762964865369562,1.9404035742679278,-1.8156774017318782,-1.5706668093065645,0.0,0.0647226870059967,0.7558236122131348,0.6699172258377075,-0.9838483929634094,0.17579983174800873,-0.005866773892194033,0.03320048004388809
126.45930969642637,1.229508972261065,-1.7657008018152272,1.9429602782795925,-1.815502090711123,-1.5714996142263993,0.0,0.05484376475214958,0.7543250918388367,0.6695930361747742,-0.9849132299423218,0.16973181068897247,-0.006071994546800852,0.03316735848784447
126.76998275167979,1.2354099479283536,-1.761892030812415,1.9337629308213344,-1.7778009998671362,-1.5609216397660146,0.0,0.04567740857601166,0.7506011724472046,0.6684744358062744,-0.9858226776123047,0.1667950302362442,0.001935414387844503,0.01814337819814682
126.9699228631679,1.2403867615627409,-1.7572549056954663,1.9231040225288814,-1.7355262002222267,-1.5489430744900263,0.0,0.03666835278272629,0.7463470101356506,0.6676503419876099,-0.9863246083259583,0.1644505262374878,0.010869679041206837,0.0012449502246454358
127.1698567906741,1.2453027899363667,-1.7526744169889048,1.9125752988419986,-1.69376773189065,-1.5371108117014003,0.0,0.027742061764001846,0.7418646812438965,0.6672453880310059,0.9864274263381958,-0.16228555142879486,-0.019607800990343094,0.015488604083657265
127.46407662705936,1.2493752138467833,-1.748762187516546,1.905175663818483,-1.668226188954748,-1.5298947299766703,0.0,0.021769292652606964,0.739848256111145,0.6672405004501343,0.9863817095756531,-0.1605118364095688,-0.02489468641579151,0.0258305836468935
127.93067019433512,1.2503298950171207,-1.7472861185359556,1.9097170635029221,-1.7051968642109874,-1.5404755375369321,0.0,0.027142439037561417,0.7482730150222778,0.6675531268119812,0.9869458079338074,-0.1597241908311844,-0.017199954017996788,0.011415157467126846
128.13060801476968,1.2512984192213956,-1.745788646312453,1.9143243142294772,-1.742703620337116,-1.5512097685465012,0.0,0.032525524497032166,0.7566719651222229,0.6681995391845703,-0.9872210621833801,0.15904618799686432,0.009400233626365662,0.0032221332658082247
128.3305452019049,1.2522814952079235,-1.744268675023227,1.9190007875000465,-1.780773904091946,-1.5621052781194953,0.0,0.03791559115052223,0.7650327682495117,0.6691901683807373,-0.9871947765350342,0.15848331153392792,0.0014953112695366144,0.018087688833475113
128.65424582718487,1.253204380258674,-1.7427087517742585,1.9236960134157677,-1.8191959373107889,-1.573096259857307,0.0,0.04333501309156418,0.7733084559440613,0.6705291867256165,-0.9868507385253906,0.15807780623435974,-0.0064637912437319756,0.03309405967593193
128.9784375322252,1.2420333625506002,-1.7385159615221975,1.9197864698563714,-1.8194959027181208,-1.572343527010284,0.0,0.0529000386595726,0.7761884927749634,0.6709395051002502,-0.9859545826911926,0.16357488930225372,-0.006278788670897484,0.033127252012491226
129.17839092437322,1.2309006081411813,-1.7343375325387158,1.9158903173806459,-1.8197948406751105,-1.5715933724459636,0.0,0.06250236183404922,0.7789440751075745,0.671333909034729,-0.9850308299064636,0.1690479964017868,-0.006095080636441708,0.03316342085599899
129.37805996511275,1.220813374154155,-1.7288533942550357,1.9108080201339004,-1.8201971331434401,-1.5709135335355946,0.0,0.07174985855817795,0.7826768159866333,0.6718026995658875,-0.984167754650116,0.17400270700454712,-0.005927753634750843,0.03319157660007477
129.5780257065981,1.2109122830695984,-1.7231837863951953,1.905557497673866,-1.8206141892876262,-1.5702462172363456,0.0,0.08099185675382614,0.7864642143249512,0.6722574830055237,-0.9832963347434998,0.17886167764663696,-0.005763723514974117,0.03322051092982292
129.77795128945405,1.2012151003304883,-1.7173436431232318,1.900139393440996,-1.821031934043961,-1.5695926786035157,0.0,0.09021194279193878,0.7903003692626953,0.6727041602134705,-0.982419490814209,0.1836162805557251,-0.005603323690593243,0.03325005993247032
129.9779797834545,1.1924276298032321,-1.7105701593116522,1.893808082262842,-1.821458322048255,-1.5690006281249904,0.0,0.09910214692354202,0.7948532700538635,0.6732178330421448,-0.9816051721572876,0.18792122602462769,-0.005457270424813032,0.03327302634716034
130.23406108327362,1.1836771186147885,-1.7038251641854518,1.8875034000303257,-1.821882916701588,-1.5684110677594232,0.0,0.10804328322410583,0.7992969155311584,0.6736904978752136,-0.9807754158973694,0.19220444560050964,-0.005312207154929638,0.03329777345061302
130.47322534997494,1.1822654796758891,-1.6866031236300978,1.8666477746693837,-1.796559063191667,-1.5627163869400806,0.0,0.11102817952632904,0.8081187605857849,0.674333930015564,-0.9809432029724121,0.19290317595005035,-0.00044948692084290087,0.023206660524010658
130.6731251165691,1.1825642426640777,-1.6667730193399584,1.8421964405514928,-1.7649725659440956,-1.5557741941769971,0.0,0.11258893460035324,0.8179731965065002,0.6749288439750671,-0.9811612963676453,0.19281622767448425,0.005560975521802902,0.010648686438798904
130.8731325440529,1.182866332079396,-1.6467221266673708,1.8174728652779526,-1.7330343846341278,-1.5487547070392405,0.0,0.11412227898836136,0.8278430700302124,0.6754206418991089,0.981170117855072,-0.19278362393379211,-0.011634196154773235,0.002052057534456253
131.08918179691076,1.1831716346335301,-1.626457965014587,1.7924863205809813,-1.7007564965854867,-1.5416605579456393,0.0,0.11562652885913849,0.837721586227417,0.6758081316947937,0.980962872505188,-0.19280728697776794,-0.017765140160918236,0.01488836482167244
131.28780927583955,1.1910588550359598,-1.615400393240998,1.78032701171321,-1.6921654789208869,-1.5393299933960134,0.0,0.11111844331026077,0.845731794834137,0.6759943962097168,0.9816099405288696,-0.18899831175804138,-0.019555574283003807,0.018414463847875595
131.49701291843488,1.2018335791767625,-1.607985411252209,1.773221348755786,-1.6928149659784024,-1.5388617381296659,0.0,0.1041976734995842,0.8529478907585144,0.676087498664856,0.9826133847236633,-0.18370963633060455,-0.019655026495456696,0.018309488892555237
131.6928741723223,1.2133550514134115,-1.604474589661704,1.769544479978169,-1.6930272743833437,-1.538372154709738,0.0,0.09533359110355377,0.8571012020111084,0.676374077796936,0.9836550951004028,-0.1780482679605484,-0.019756464287638664,0.018192697316408157
131.89293755366637,1.2251111366034122,-1.6022043351964839,1.766957258228985,-1.6931007066125123,-1.537875905571502,0.0,0.08582885563373566,0.8601993322372437,0.6767275929450989,0.9846845269203186,-0.17226538062095642,-0.019860029220581055,0.018073534592986107
132.09286308064296,1.236830241356585,-1.5999412221393494,1.7643781749535283,-1.6931739078501675,-1.537381217455461,0.0,0.07629454880952835,0.8631828427314758,0.6770757436752319,0.985676646232605,-0.16649462282657623,-0.019965337589383125,0.017956558614969254
132.292805706702,1.2485216871730818,-1.5976834503861845,1.7618051787216218,-1.6932469363213496,-1.5368876968814438,0.0,0.06672476977109909,0.866054117679596,0.6774188876152039,0.9866327047348022,-0.16073164343833923,-0.020072422921657562,0.017841750755906105
132.63383329308508,1.2597767459949365,-1.5951282893600447,1.7589476766670025,-1.693148589140204,-1.5364782668606112,0.0,0.0575619712471962,0.8689762949943542,0.6777266263961792,0.9875198006629944,-0.15517912805080414,-0.0201580747961998,0.017821943387389183
132.98817240150194,1.2571781079668496,-1.5826245176569187,1.7465520528617784,-1.6873853960875287,-1.5388257419891538,0.0,0.06325237452983856,0.87716144323349,0.6769632697105408,0.9872686862945557,-0.15647727251052856,-0.019479602575302124,0.020878072828054428
133.18812784255962,1.2545825715921621,-1.5701356700661895,1.7341712240869886,-1.6816290818025503,-1.5411704152445098,0.0,0.0689777284860611,0.885309636592865,0.6760785579681396,0.9870073795318604,-0.15776512026786804,-0.01880992390215397,0.023932255804538727
133.40676201743014,1.2519899455062309,-1.5576608258055915,1.7218042775244187,-1.6758792218816505,-1.5435124594955956,0.0,0.07473767548799515,0.8934200406074524,0.6750724911689758,0.9867359399795532,-0.15904270112514496,-0.018148886039853096,0.026984579861164093
133.59392100415445,1.242755122697894,-1.5463338272259337,1.707473933577737,-1.6513718134081081,-1.538200667213917,0.0,0.08264411240816116,0.8965567946434021,0.6741209626197815,0.9855403304100037,-0.16377951204776764,-0.022640250623226166,0.03706669062376022
133.7962387804966,1.2273077875335663,-1.5360107308780353,1.6912446461796788,-1.6093287598235924,-1.52575890645289,0.0,0.09249060600996017,0.8949117064476013,0.673570990562439,0.9831374883651733,-0.17186090350151062,-0.03211183100938797,0.053603485226631165
134.01135750943558,1.2118326613421841,-1.525774428679866,1.6751685560403724,-1.5676294701872462,-1.5134152265918333,0.0,0.10230191797018051,0.893005907535553,0.6733690500259399,0.9802809953689575,-0.18007835745811462,-0.041742488741874695,0.06984523683786392
134.22657187420376,1.1997317725969425,-1.5240338588062066,1.6734407085052296,-1.5599549423206949,-1.5109243426232144,0.0,0.11208051443099976,0.8911067247390747,0.6724770069122314,0.9788041710853577,-0.18615002930164337,-0.04408149793744087,0.07312577217817307
134.42655365306385,1.187619093204353,-1.5222915929872332,1.671711177420937,-1.552272936685069,-1.5084310316316658,0.0,0.12183581292629242,0.8890942931175232,0.6716017723083496,0.9772704243659973,-0.19222259521484375,-0.046462468802928925,0.0763823613524437
134.62648402291782,1.1754949498087361,-1.5205476782068716,1.6699800094280015,-1.5445836604420893,-1.5059353608546535,0.0,0.131566122174263,0.8869694471359253,0.6707435846328735,0.9756796360015869,-0.19829529523849487,-0.04888517037034035,0.07961419224739075
134.82649647954352,1.1633511501104972,-1.518800936099618,1.6682460347739398,-1.5368819179377133,-1.5034356439641603,0.0,0.141276553273201,0.8847306370735168,0.6699023246765137,0.9740306735038757,-0.20437155663967133,-0.05135095492005348,0.08282305300235748
135.026484833541,1.1511942898598462,-1.5170523153862103,1.6665101952450108,-1.5291718922753355,-1.5009332386495926,0.0,0.15096060931682587,0.8823795318603516,0.6690778732299805,0.9723239541053772,-0.2104475498199463,-0.05385834351181984,0.0860067680478096
135.23328247771008,1.1383157439969598,-1.5159528714009145,1.665631768130537,-1.5220531961330912,-1.4964164662557098,0.0,0.16051431000232697,0.8796429634094238,0.6682326197624207,0.9704458713531494,-0.21695323288440704,-0.057373885065317154,0.08873634040355682
135.44058909870662,1.1213064732087041,-1.518606392166402,1.669708454800305,-1.5183710131550592,-1.4802776977693024,0.0,0.16943864524364471,0.8752506971359253,0.6672172546386719,0.9677901268005371,-0.22595839202404022,-0.06649438291788101,0.0889011025428772
135.64055860273518,1.1041779148120767,-1.5212785223214287,1.6738137316553292,-1.5146630066830922,-1.4640257465886586,0.0,0.178336501121521,0.8707892298698425,0.6662722826004028,0.9649527072906494,-0.23502011597156525,-0.07567579299211502,0.08890944719314575
135.84053544558563,1.0869327713266341,-1.5239688402611036,1.6779469509708733,-1.510929761761172,-1.4476631769234967,0.0,0.18720798194408417,0.8662603497505188,0.6653988361358643,0.9619303941726685,-0.24413400888442993,-0.08491375297307968,0.08875793218612671
136.10774426385166,1.071177831255988,-1.5252218068379273,1.6808751035778144,-1.5081105077077956,-1.4343341356275472,0.0,0.19616204500198364,0.862794041633606,0.664323091506958,0.9591136574745178,-0.25237321853637695,-0.0925411507487297,0.08857060223817825
136.3841290657202,1.0630824495526285,-1.5194560148229077,1.677869060348207,-1.5098079259051396,-1.436101050121282,0.0,0.2056797593832016,0.8646789193153381,0.6619294881820679,0.9581009745597839,-0.2561951279640198,-0.09218094497919083,0.088932566344738
136.5841379088143,1.0550018997253066,-1.5137007865484944,1.6748685246119057,-1.5115022341939937,-1.4378647273795535,0.0,0.21521982550621033,0.8664568066596985,0.6595138907432556,0.9570743441581726,-0.2600049376487732,-0.09182586520910263,0.08929813653230667
136.83891276559015,1.0469423779630467,-1.5079605351404068,1.671875797188409,-1.5131921333738523,-1.439623815009529,0.0,0.2247733324766159,0.8681263327598572,0.6570783853530884,0.9560344219207764,-0.2637994587421417,-0.091476209461689,0.08966697752475739
137.09343035122936,1.0361894980254862,-1.497651697913748,1.6634437158778406,-1.4985285239980621,-1.4329444789696266,0.0,0.2341395616531372,0.8695706725120544,0.6539201736450195,0.9532281756401062,-0.2695278823375702,-0.09724637120962143,0.09619753807783127
137.2933947143573,1.023975203245329,-1.4848627496958817,1.6520582362312732,-1.4749838578780017,-1.4216823763864608,0.0,0.24343341588974,0.8708251714706421,0.6504539251327515,0.9492530226707458,-0.27634623646736145,-0.10640954971313477,0.10596464574337006
137.4933635850865,1.011767996179349,-1.4720812226522404,1.6406793633538204,-1.45145285426297,-1.4104268089791347,0.0,0.25277742743492126,0.8719537854194641,0.6470798254013062,0.9450181722640991,-0.2832031846046448,-0.11564929783344269,0.1155928447842598
137.69333560368602,0.9995727814091789,-1.4593122521133244,1.6293116690210412,-1.427944967381728,-1.3991822989818392,0.0,0.2621687054634094,0.8729600310325623,0.6437990665435791,0.9405258893966675,-0.29009103775024414,-0.12495692074298859,0.1250760406255722
137.89332129410093,0.9873945821467458,-1.4465610976212016,1.6179598355889937,-1.4044698801385933,-1.3879534780109741,0.0,0.2716047763824463,0.8738469481468201,0.6406116485595703,0.9357784390449524,-0.29700222611427307,-0.1343233287334442,0.13440842926502228
138.09327027177994,0.9752421355022172,-1.4338369073462345,1.6066320073011051,-1.3810444344671735,-1.37674840205608,0.0,0.28108036518096924,0.8746181726455688,0.6375185251235962,0.9307805299758911,-0.30392691493034363,-0.14373646676540375,0.14358165860176086
138.37092003221827,0.9631176321633689,-1.4211419750428338,1.5953302261934925,-1.3576728532074438,-1.3655690910250515,0.0,0.29059529304504395,0.8752765655517578,0.6345187425613403,0.9255350232124329,-0.3108590841293335,-0.15318934619426727,0.15259286761283875
138.62022814397608,0.9639881203499223,-1.4097180379100136,1.5856694856877975,-1.3569543975830793,-1.3715284428369505,0.0,0.29612889885902405,0.8815754055976868,0.631308913230896,0.925858736038208,-0.3100442886352539,-0.15070326626300812,0.1547470986843109
138.90075363252902,0.9699667844839845,-1.3988286695693743,1.576683494457499,-1.3651474060393003,-1.3842101852654771,0.0,0.2999948263168335,0.8901673555374146,0.627963125705719,0.9283750653266907,-0.30618834495544434,-0.14350485801696777,0.15419040620326996
139.17895048049985,0.9713768370127898,-1.3934085481648493,1.575859277065334,-1.3852873955163278,-1.3778146758837857,0.0,0.3024172782897949,0.8992595672607422,0.6248371005058289,0.9297249913215637,-0.3057493567466736,-0.1442546397447586,0.14601139724254608
139.37900762198268,0.9688041095184574,-1.392703730740602,1.5821741492293924,-1.4161783773657106,-1.3546149851419338,0.0,0.3036925792694092,0.9088143706321716,0.6221656799316406,0.9299753308296204,-0.30802857875823975,-0.15196791291236877,0.1310345083475113
139.57889690188466,0.966189267617066,-1.3919873757679855,1.58859239304763,-1.4475750308755853,-1.3310355257608868,0.0,0.3050239086151123,0.918438196182251,0.6198207139968872,0.93003910779953,-0.3099915683269501,-0.1597800850868225,0.11576976627111435
139.99533658426878,0.9635253445635042,-1.3912575746564646,1.595131108700644,-1.4795610064120583,-1.3070134747901292,0.0,0.30640923976898193,0.928135871887207,0.6178156137466431,0.9299079179763794,-0.31162381172180176,-0.1677057147026062,0.10018299520015717
140.5891596093116,0.9688581013915052,-1.37115235578002,1.5613928143277858,-1.3940105218752212,-1.3029852004882796,0.0,0.2982266843318939,0.9270838499069214,0.6204144358634949,0.9233847856521606,-0.3121265769004822,-0.17897625267505646,0.1338091790676117
141.24867674882162,0.9745315491024377,-1.3508469680816546,1.5265372604313583,-1.3040764603338337,-1.301319843353336,0.0,0.2895646393299103,0.9245990514755249,0.6247278451919556,0.9154855012893677,-0.3121536374092102,-0.1891394555568695,0.16932964324951172
141.61024223173246,0.9819402433818458,-1.3483247160291087,1.5263737359058367,-1.3325773853094847,-1.3286776236677287,0.0,0.29447758197784424,0.930270791053772,0.6213782429695129,0.9222210645675659,-0.30573180317878723,-0.1725979745388031,0.16200704872608185
141.80257712582335,0.9878372163942125,-1.3465592939393416,1.528337650768591,-1.3659627277077044,-1.3579963244429776,0.0,0.3014964759349823,0.9356405735015869,0.6175858378410339,0.9288013577461243,-0.2999632656574249,-0.15471801161766052,0.15301068127155304
142.2705150156634,0.9883384859353018,-1.341659914153895,1.526156134851861,-1.377290918664648,-1.3839926590750466,0.0,0.3106163442134857,0.9366718530654907,0.6136186122894287,0.9317018389701843,-0.2975720167160034,-0.1414579600095749,0.15287937223911285
142.7272382201937,0.9938493715125996,-1.3442896729987854,1.5254271553027896,-1.3721940395833134,-1.3730014165151163,0.0,0.3016318678855896,0.9383434057235718,0.6170427799224854,0.931549072265625,-0.2958759665489197,-0.14638495445251465,0.1524638682603836
142.9272124739674,0.9994231557261455,-1.3470130097216055,1.5247160201529644,-1.3668931253123513,-1.3615507897448287,0.0,0.2924221158027649,0.9399508833885193,0.6205883026123047,0.9313235878944397,-0.29419147968292236,-0.151534304022789,0.15206925570964813
143.15684701712289,1.0049981751460677,-1.3497369499631044,1.5240047274084714,-1.3615910363057238,-1.3500976254010253,0.0,0.28321218490600586,0.9414865374565125,0.624165415763855,0.931061863899231,-0.29251033067703247,-0.15668076276779175,0.15169885754585266
143.4502895938697,1.0001028763779989,-1.3351341668696572,1.5058225088041175,-1.3177113149151345,-1.3096573913497123,0.0,0.2784266769886017,0.946925938129425,0.6251393556594849,0.9224114418029785,-0.29912665486335754,-0.18083490431308746,0.1642531156539917
143.74753784517978,0.9919637736056715,-1.3214620823407475,1.4933643982234222,-1.2970684059944635,-1.2956923268004075,0.0,0.2853333353996277,0.9506869316101074,0.621891438961029,0.9172418117523193,-0.3047484755516052,-0.19063657522201538,0.17162016034126282
144.02758344268864,0.9864549017999841,-1.314174428309001,1.4888961936981757,-1.297528312751668,-1.3005025552791347,0.0,0.2943522334098816,0.9523453116416931,0.6179014444351196,0.9165632128715515,-0.30693525075912476,-0.18919861316680908,0.17293472588062286
144.2275793217725,0.9809561307856622,-1.3069001365545985,1.4844361818489034,-1.2979873762468823,-1.3053039639639008,0.0,0.3033738434314728,0.9539157748222351,0.6138839721679688,0.9158757925033569,-0.309109091758728,-0.1877719908952713,0.1742551475763321
144.42748409888213,0.9754694643668763,-1.2996418578982623,1.4799859879461104,-1.2984454291930265,-1.3100948031759647,0.0,0.3123939633369446,0.9553978443145752,0.609840989112854,0.9151796102523804,-0.31126919388771057,-0.18635721504688263,0.17558088898658752
144.62761883816188,0.9699860029604055,-1.2923878191338212,1.4755383936047222,-1.2989032145695354,-1.3148828438401485,0.0,0.321426123380661,0.9567942023277283,0.6057660579681396,0.9144739508628845,-0.3134191334247589,-0.18495208024978638,0.17691399157047272
144.82741913950508,0.9645210260957052,-1.2851582334607046,1.4711057919362622,-1.2993594567687905,-1.319654744199679,0.0,0.3304440379142761,0.9581010937690735,0.6016709804534912,0.9137606620788574,-0.31555280089378357,-0.18356047570705414,0.17825061082839966
145.02756503602927,0.959056049231005,-1.277928647787588,1.4666731902678023,-1.2998156989680456,-1.3244266445592094,0.0,0.3394775390625,0.9593228697776794,0.5975419282913208,0.9130376577377319,-0.3176775574684143,-0.18217766284942627,0.1795952171087265
145.2273925133652,0.9536088723411312,-1.2707226095962216,1.4622550260251665,-1.3002704551409436,-1.3291830023632312,0.0,0.34849587082862854,0.9604559540748596,0.5933930277824402,0.9123073220252991,-0.3197863698005676,-0.1808081418275833,0.18094316124916077
145.42742503067916,0.9481653025843305,-1.2635213432599302,1.4578397875010605,-1.3007249101732574,-1.3339362104961683,0.0,0.357521653175354,0.9615034461021423,0.5892132520675659,0.9115678071975708,-0.32188472151756287,-0.17944833636283875,0.18229807913303375
145.6273986884064,0.9427323707183276,-1.2563341497266547,1.4534331772902422,-1.301178477103972,-1.338680129851462,0.0,0.36654233932495117,0.9624641537666321,0.5850087404251099,0.9108203053474426,-0.32396993041038513,-0.17810003459453583,0.18365782499313354
145.82732499769395,0.9373098194641318,-1.2491606886435356,1.4490349867156558,-1.3016311774119582,-1.343414985079598,0.0,0.37555748224258423,0.9633381962776184,0.5807791352272034,0.9100648164749146,-0.32604214549064636,-0.17676319181919098,0.18502262234687805
146.02744515246218,0.9318908121679892,-1.24199191584163,1.4446396706188152,-1.3020835818535108,-1.3481467457997194,0.0,0.3845771551132202,0.9641269445419312,0.5765196084976196,0.9093003869056702,-0.3281038999557495,-0.1754360795021057,0.18639403581619263
146.22726087650722,0.9264888978619483,-1.2348457552555505,1.4402582185178012,-1.3025345592911455,-1.352863581288201,0.0,0.39357811212539673,0.9648284912109375,0.5722410082817078,0.9085291624069214,-0.3301500976085663,-0.17412208020687103,0.18776839971542358
146.68506064117165,0.9210869835559073,-1.2276995946694709,1.435876766416787,-1.3029855367287804,-1.3575804167766827,0.0,0.4025877118110657,0.9654455780982971,0.5679301619529724,0.9077489376068115,-0.3321871757507324,-0.1728169023990631,0.18915008008480072
146.98973295611188,0.9214463745838816,-1.2382225662525923,1.4466416248726464,-1.313197296900147,-1.3502916732827244,0.0,0.3974817991256714,0.9627978801727295,0.5712873935699463,0.9084386825561523,-0.3325745761394501,-0.17467452585697174,0.1833629310131073
147.1897052727346,0.9229988676279435,-1.2524035864792133,1.460542040070085,-1.3254293548974592,-1.3405174243822666,0.0,0.38943374156951904,0.9594165086746216,0.576162576675415,0.9093980193138123,-0.3325493633747101,-0.17720027267932892,0.17608550190925598
147.38967868831799,0.9245511148733875,-1.2665823614943756,1.4744402544828845,-1.3376594762529543,-1.3307447229907523,0.0,0.3813675045967102,0.9559615850448608,0.5809555649757385,0.9103177189826965,-0.332445353269577,-0.17974095046520233,0.16880430281162262
147.62493430179987,0.9286784805354242,-1.279216638567295,1.4858511811202542,-1.3479075963259302,-1.3283038991827816,0.0,0.37302422523498535,0.9528197646141052,0.5854507684707642,0.9121624231338501,-0.3305174708366394,-0.17889165878295898,0.16344887018203735
147.86032963351295,0.9377412978673044,-1.2888936849275006,1.4924979895012764,-1.354359642174437,-1.3399125309545201,0.0,0.3642326295375824,0.9503361582756042,0.5894938111305237,0.9157791137695312,-0.32522353529930115,-0.17151950299739838,0.1617385596036911
148.06049883172795,0.9468724530704952,-1.2986437007324838,1.4991949179188322,-1.3608603394591074,-1.3516086972262995,0.0,0.35545745491981506,0.9477450847625732,0.593549907207489,0.9193259477615356,-0.31989699602127075,-0.16408860683441162,0.15993952751159668
148.2605043965666,0.9560482333958208,-1.3084413661104328,1.5059245750812082,-1.3673928064819802,-1.3633620241570288,0.0,0.346723347902298,0.9450527429580688,0.5976085066795349,0.9227919578552246,-0.3145531117916107,-0.15661968290805817,0.158055379986763
148.4603532384424,0.9652693232414428,-1.3182874118443362,1.5126874629364493,-1.373957530483188,-1.3751733883975275,0.0,0.3380312919616699,0.9422596096992493,0.60166996717453,0.926176130771637,-0.30919286608695984,-0.1491134613752365,0.15608492493629456
148.77853160055554,0.9745472627516422,-1.3281941602074034,1.519492045202284,-1.380562727179463,-1.3870575718065319,0.0,0.32937195897102356,0.9393611550331116,0.6057397127151489,0.9294812679290771,-0.3038109540939331,-0.14156176149845123,0.15402469038963318
149.04500200923633,0.9688643825109773,-1.3356451027599978,1.5278056433108622,-1.3817263192134568,-1.3915335351930676,0.0,0.33218085765838623,0.9315041899681091,0.6064326763153076,0.9289607405662537,-0.3061020076274872,-0.13987912237644196,0.1541660726070404
149.39160035431047,0.9604601870321062,-1.342649343735713,1.5363937255637543,-1.3819001044097001,-1.3946619720154951,0.0,0.33694711327552795,0.9227315783500671,0.6064789295196533,0.9277395009994507,-0.3097802996635437,-0.1392703503370285,0.15472283959388733
149.6854574922781,0.965348290473285,-1.3489279825325962,1.5398289264209168,-1.379881723609727,-1.3928444874497203,0.0,0.3293956518173218,0.9209082722663879,0.6098406910896301,0.9284525513648987,-0.3076416850090027,-0.13962191343307495,0.15439604222774506
149.88538542206692,0.9720409715636567,-1.3551141943193514,1.5425695185804242,-1.3775646055369284,-1.390355540192083,0.0,0.32019662857055664,0.9199367165565491,0.6136304140090942,0.9294193983078003,-0.30470919609069824,-0.14010749757289886,0.15395325422286987
150.10707004413385,0.9787477488789323,-1.3613134355977965,1.5453158830160838,-1.3752426071154262,-1.387861350676546,0.0,0.3109979033470154,0.9188685417175293,0.6173996925354004,0.930377721786499,-0.30176568031311035,-0.14059871435165405,0.15351423621177673
150.32607323260774,0.9808639259067427,-1.369277580876487,1.5500920675525167,-1.3693204238487284,-1.3777532812727522,0.0,0.3027273118495941,0.9153472185134888,0.6214934587478638,0.9296908378601074,-0.3016027510166168,-0.14550276100635529,0.15342654287815094
150.52605024309625,0.9813317050266115,-1.377881924844882,1.5556013225888183,-1.3620999066518538,-1.3649011969640625,0.0,0.29479163885116577,0.9109547138214111,0.6257015466690063,0.9283719658851624,-0.3024504482746124,-0.1519848257303238,0.15345965325832367
150.82893780054613,0.9833064053796526,-1.387300302434948,1.5621890322033902,-1.359283613898192,-1.3557083409093098,0.0,0.2866837978363037,0.9068514108657837,0.629777193069458,0.9279638528823853,-0.3022362291812897,-0.15609824657440186,0.15221524238586426
151.1330516564366,0.9937443412675314,-1.4012557663084917,1.5748120903194596,-1.381238220521903,-1.3671247579329138,0.0,0.2776130735874176,0.9043802618980408,0.6331838369369507,0.9327993988990784,-0.2960098385810852,-0.14696647226810455,0.14375019073486328
151.33301225702135,1.0042191625893913,-1.4152605458079324,1.5874797556243236,-1.4032704100319138,-1.3785815181336503,0.0,0.26859384775161743,0.9017959833145142,0.6366386413574219,0.9374198913574219,-0.28979602456092834,-0.13784430921077728,0.1351333111524582
151.53295648495524,1.0147281947346158,-1.42931106499333,1.6001887935929184,-1.4253745567926026,-1.3900756961754666,0.0,0.25962820649147034,0.8990963101387024,0.6401419639587402,0.941821813583374,-0.2836005985736847,-0.12873876094818115,0.12636737525463104
151.73293522770373,1.0252706397380864,-1.443406256989633,1.6129382392106875,-1.4475489824060117,-1.4016064192897744,0.0,0.2507166564464569,0.8962789177894592,0.6436951756477356,0.9460025429725647,-0.2774280309677124,-0.11965518444776535,0.11745371669530869
151.93292197982638,1.0358414003955005,-1.457539306862236,1.6257219282027373,-1.469782965680083,-1.4131681124461666,0.0,0.24186298251152039,0.8933420777320862,0.6472971439361572,0.9499583840370178,-0.2712855041027069,-0.11060284823179245,0.10839765518903732
152.1328886153814,1.0464354466631676,-1.471703489469907,1.6385337775144755,-1.492065926684865,-1.4247552740706684,0.0,0.23307128250598907,0.8902843594551086,0.6509472131729126,0.9536860585212708,-0.2651800811290741,-0.10159072279930115,0.09920484572649002
152.38046921257953,1.057049769831834,-1.485894782184634,1.65137014858056,-1.514391537059194,-1.436364613409255,0.0,0.22434397041797638,0.887103796005249,0.6546446084976196,0.9571833610534668,-0.2591176927089691,-0.09262600541114807,0.08987931162118912
152.62774369197484,1.0655024868040508,-1.4917603196986464,1.6547517209010238,-1.5146938821941494,-1.4355670438469075,0.0,0.2147727608680725,0.8857181072235107,0.6571300625801086,0.9584046006202698,-0.2550536096096039,-0.0922921746969223,0.08882799744606018
152.9531153888298,1.0735971186305509,-1.4961404367217754,1.656720814138732,-1.5133587337011887,-1.433808204881521,0.0,0.20565515756607056,0.8849292993545532,0.6593218445777893,0.9594135284423828,-0.2512298822402954,-0.0926482155919075,0.08846177160739899
153.29874355406076,1.0780979695963,-1.484578936271081,1.6459634338963165,-1.5147739995026466,-1.432837916367791,0.0,0.20617087185382843,0.8948293328285217,0.6580373644828796,0.9599686861038208,-0.24910090863704681,-0.09284292161464691,0.08825478702783585
153.55570904089367,1.0825881523149505,-1.4730448397367972,1.6352315515856113,-1.5161859107372913,-1.431869927703067,0.0,0.20659571886062622,0.9047192931175232,0.6566423177719116,0.9605176448822021,-0.2469753921031952,-0.09303858131170273,0.08804953843355179
153.72494397639466,1.092591185751371,-1.4695405910762795,1.63097312309416,-1.5183335621163017,-1.4406968378583667,0.0,0.20164570212364197,0.9090569615364075,0.6568130850791931,0.9623135328292847,-0.2417210191488266,-0.08802051097154617,0.08818081021308899
153.9581779363013,1.1077283841895773,-1.4734388372293943,1.6326763836915368,-1.5211698213881786,-1.4586083182128595,0.0,0.191839799284935,0.9082170724868774,0.6585745811462402,0.9651491045951843,-0.2335500419139862,-0.07815421372652054,0.08850596100091934
154.15813075102932,1.1229625413217208,-1.4773620529207754,1.6343905542286645,-1.5240242478259145,-1.476634527441968,0.0,0.18206001818180084,0.9072951674461365,0.660434365272522,0.9678394794464111,-0.22532175481319427,-0.06821338832378387,0.08867836743593216
154.37662983263453,1.1382902716459247,-1.4813093662903019,1.6361152537637211,-1.5268962070874859,-1.494771459563304,0.0,0.1723080277442932,0.9062924385070801,0.6623947024345398,0.9703807830810547,-0.2170407623052597,-0.058202940970659256,0.08869513869285583
154.59499642724546,1.1479437399916674,-1.4864851571400575,1.6393754742073852,-1.5265328169324996,-1.4974057622299564,0.0,0.16272173821926117,0.9041796922683716,0.6642569303512573,0.9715731739997864,-0.21222549676895142,-0.05633541941642761,0.0884995087981224
154.84577039054727,1.1560484816321284,-1.4919930340456913,1.6430522009271464,-1.5252889690207994,-1.495819293315429,0.0,0.15321379899978638,0.9016894102096558,0.6660547852516174,0.9724109768867493,-0.20835211873054504,-0.0566885732114315,0.08827582001686096
155.08094067797614,1.1659158537577645,-1.4903103724901403,1.6402397083848343,-1.5249039771081878,-1.4938989694393532,0.0,0.14450480043888092,0.9050490856170654,0.6668692231178284,0.9734111428260803,-0.20363035798072815,-0.0571138970553875,0.08799582719802856
155.36749808490003,1.1763329462897905,-1.486280059104321,1.6353120649010695,-1.5248009913743155,-1.4918746645286654,0.0,0.13598807156085968,0.9102635383605957,0.6673538088798523,0.9744418263435364,-0.1986391246318817,-0.05756516382098198,0.08770351111888885
155.51475258859787,1.1771281566695606,-1.4801920697256596,1.6298701038444807,-1.5255048351313807,-1.4917190241848899,0.0,0.1372075229883194,0.9151698350906372,0.6664387583732605,0.9745191931724548,-0.19825789332389832,-0.057600636035203934,0.08768274635076523
155.74813529011206,1.1707156987515133,-1.472556214013354,1.6240371937431464,-1.5268138655939294,-1.4929631829827665,0.0,0.14582236111164093,0.9198316931724548,0.6644420623779297,0.9738888144493103,-0.20133155584335327,-0.05732350051403046,0.0878637284040451
155.94789759349422,1.164038177989698,-1.4652771191016056,1.6185226624292322,-1.5280702248346505,-1.4942611199709128,0.0,0.15463803708553314,0.9240851402282715,0.6624534726142883,0.9732221961021423,-0.2045295387506485,-0.05703505128622055,0.08805235475301743
156.14766397606925,1.1566397144628608,-1.4589683756519776,1.6138740875808215,-1.5291833239497286,-1.4957053279212198,0.0,0.16388767957687378,0.9273577928543091,0.6605825424194336,0.9724717140197754,-0.20806929469108582,-0.05671308562159538,0.08825744688510895
156.53447450701717,1.1492412509360237,-1.4526596322023493,1.6092255127324107,-1.5302964230648066,-1.497149535871527,0.0,0.17319178581237793,0.9305384755134583,0.658678412437439,0.9717080593109131,-0.21160586178302765,-0.05639345198869705,0.08846607804298401
156.88938916980857,1.1609946289926547,-1.4429243291742124,1.5962518795793652,-1.5148493040530393,-1.5036150084932651,0.0,0.1658826619386673,0.9361084699630737,0.6586695909500122,0.972463071346283,-0.20567743480205536,-0.053941674530506134,0.09540778398513794
157.0893184779548,1.1737156944594422,-1.4330553184270922,1.582898230869258,-1.4985927412203957,-1.510316710881696,0.0,0.15759113430976868,0.9416918158531189,0.6587479114532471,0.9732134938240051,-0.19921866059303284,-0.05130185931921005,0.10264232754707336
157.28926486655706,1.1863678806331113,-1.4232397442797455,1.5696168866281521,-1.4824242009326696,-1.516982126331394,0.0,0.14921735227108002,0.9471527934074402,0.6588103175163269,0.9738751649856567,-0.19274231791496277,-0.0485895611345768,0.10980289429426193
157.48922688275212,1.1989524581473199,-1.4134766209737653,1.5564065130373073,-1.4663420594158183,-1.5236119242366524,0.0,0.14076396822929382,0.9524913430213928,0.6588573455810547,0.9744483232498169,-0.18624962866306305,-0.04580655321478844,0.11688954383134842
157.68921065464252,1.2114711131646465,-1.403764640383142,1.543265340085965,-1.450344161881159,-1.5302069929004052,0.0,0.13223326206207275,0.9577076435089111,0.6588892936706543,0.9749337434768677,-0.17974171042442322,-0.04295456409454346,0.12390252202749252
157.8892191252076,1.2239253337946758,-1.3941026480315057,1.5301918056649855,-1.4344286066368068,-1.5367681162874534,0.0,0.12362748384475708,0.9628016352653503,0.6589067578315735,0.9753319621086121,-0.17321962118148804,-0.04003533720970154,0.1308419108390808
158.1761507594485,1.2358122018490114,-1.3862032118374032,1.519147427931236,-1.4204813034591857,-1.542149454753073,0.0,0.1148100197315216,0.9669431447982788,0.6591261029243469,0.9756961464881897,-0.16701740026474,-0.03751093149185181,0.13680310547351837
158.47076438515592,1.2442495457524967,-1.389864789553808,1.5213560195888085,-1.4192950776397912,-1.5397950390807145,0.0,0.10506844520568848,0.9653811454772949,0.6607879996299744,0.9763668179512024,-0.16306190192699432,-0.03806166723370552,0.13663792610168457
158.67063203974772,1.2526926935104548,-1.3935288859851607,1.5235661304856956,-1.4181080358429865,-1.5374390038600612,0.0,0.0953538715839386,0.9637196063995361,0.6624414920806885,0.9770205616950989,-0.1591005027294159,-0.038614846765995026,0.13647957146167755
158.88130560104315,1.261160639179393,-1.397203744035252,1.5257827325793318,-1.4169175076501537,-1.5350760488562485,0.0,0.08564580976963043,0.9619547724723816,0.6640902757644653,0.9776588082313538,-0.15512433648109436,-0.03917163982987404,0.13632763922214508
159.1032262697647,1.2686842763812718,-1.3986768710161501,1.5292392942326534,-1.4201883005448162,-1.5352040817793362,0.0,0.07813984900712967,0.9615905284881592,0.6629653573036194,0.9783289432525635,-0.1514391303062439,-0.038501616567373276,0.1358535885810852
159.3951844392423,1.2734770536076214,-1.3937744988678686,1.5362885851484394,-1.4363808558054982,-1.54254613262038,0.0,0.0768754631280899,0.9654749035835266,0.653841495513916,0.9791186451911926,-0.1486084759235382,-0.03427601605653763,0.13441479206085205
159.59511613157434,1.278289047260816,-1.3888524708767838,1.5433661398822154,-1.4526383343953702,-1.5499176210872958,0.0,0.07554081827402115,0.9692854285240173,0.6446965336799622,0.9798835515975952,-0.14577630162239075,-0.030037928372621536,0.13294830918312073
159.79514067676706,1.2831231930699425,-1.3839077841834189,1.5504762763497544,-1.4689706547715649,-1.5573230444206594,0.0,0.07413556426763535,0.9730221629142761,0.6355266571044922,0.9806237816810608,-0.1429411619901657,-0.025784900411963463,0.13145305216312408
159.99515222069664,1.2879772103288496,-1.3789427716461122,1.5576156400531547,-1.4853701114934503,-1.5647589088089036,0.0,0.0726604014635086,0.9766818284988403,0.6263374090194702,0.9813387989997864,-0.14010459184646606,-0.021519331261515617,0.12992951273918152
160.19514834192438,1.292851680244391,-1.3739568387677368,1.5647850858404504,-1.5018386681874685,-1.5722261046022497,0.0,0.07111573964357376,0.9802625179290771,0.6171293258666992,0.9820284247398376,-0.13726671040058136,-0.017240915447473526,0.12837737798690796
160.39512812775416,1.297747215591502,-1.3689493587612267,1.571985514990499,-1.5183783951338619,-1.5797255705100341,0.0,0.06950188428163528,0.9837633371353149,0.6079033017158508,0.9826923608779907,-0.13442739844322205,-0.012949289754033089,0.126796156167984
160.59509897288723,1.3026644521057658,-1.3639196813538332,1.579217862553036,-1.5349914401861784,-1.5872582804149882,0.0,0.06781907379627228,0.9871819615364075,0.5986592769622803,0.9833304286003113,-0.1315866857767105,-0.00864434614777565,0.12518563866615295
160.79506365266485,1.307603970859036,-1.3588672121865175,1.586482983177535,-1.5516797665147568,-1.594825124460527,0.0,0.06606735289096832,0.9905174374580383,0.5893980264663696,0.9839423894882202,-0.128744438290596,-0.0043257842771708965,0.12354522943496704
160.99501393419547,1.312566341764191,-1.3537913683143825,1.5937817151006783,-1.5684452995889755,-1.6024269756956437,0.0,0.06424727290868759,0.9937676787376404,0.5801204442977905,0.9845280647277832,-0.12590080499649048,6.633532393607311e-06,0.12187457084655762
161.19496307951255,1.3175521984444454,-1.3486915016253527,1.6011149902652944,-1.5852901801256711,-1.6100648047671327,0.0,0.06235910952091217,0.9969316124916077,0.5708267092704773,0.9850870966911316,-0.12305574864149094,0.004353121854364872,0.12017335742712021
161.39489248079104,1.3225619617292967,-1.3435671816669548,1.608483427633922,-1.6022158299111255,-1.617739256343299,0.0,0.06040308624505997,1.0000066757202148,0.5615182518959045,0.9856193661689758,-0.12020938843488693,0.008713685907423496,0.11844111979007721
161.7840457800352,1.3275970279359508,-1.3384169801928394,1.6158890809315154,-1.619226966448872,-1.6254524694411319,0.0,0.0583794042468071,1.002992033958435,0.5521942377090454,0.9861243963241577,-0.11736129224300385,0.01308938767760992,0.11667724698781967
162.16999647804826,1.3368315976105414,-1.3257258270701326,1.5998623174942808,-1.597076325785031,-1.625613130644302,0.0,0.05036491900682449,1.0085293054580688,0.5503467321395874,0.9855736494064331,-0.1124126985669136,0.012586940079927444,0.1258944272994995
162.3699526269111,1.3461166249626808,-1.3129357674460582,1.5834782787316024,-1.574318697189511,-1.625647275371121,0.0,0.04215390235185623,1.0139633417129517,0.5486127734184265,0.9848921298980713,-0.10743701457977295,0.01208975538611412,0.13527178764343262
162.56991868504613,1.355382147359658,-1.3001725757600127,1.567128657739527,-1.5516088752948787,-1.6256813483704868,0.0,0.03384828567504883,1.0192493200302124,0.5468688607215881,0.9840971231460571,-0.10247080773115158,0.011679485440254211,0.1446240395307541
162.76988593527406,1.3646278915544698,-1.287436628407813,1.5508139366802831,-1.52894752983032,-1.6257153486375615,0.0,0.025451641529798508,1.0243864059448242,0.54511559009552,0.9831892848014832,-0.09751565754413605,0.01135553140193224,0.1539497822523117
162.9698632437858,1.3738539700267356,-1.2747277704495779,1.5345339170762176,-1.5063343851079658,-1.6257492765859778,0.0,0.01696702092885971,1.0293749570846558,0.5433540940284729,0.9821694493293762,-0.09257282316684723,0.011117341928184032,0.16324743628501892
163.16984681078523,1.3830604944047866,-1.2620458481180692,1.5182884019518308,-1.4837691675264575,-1.6257831326262366,0.0,0.008397621102631092,1.0342143774032593,0.5415852069854736,0.981038510799408,-0.08764363080263138,0.010964320041239262,0.17251601815223694
163.36983373054593,1.3922471576001876,-1.2493912844254387,1.5020779331847744,-1.461252629760428,-1.6258169156290527,0.0,-0.00025312253274023533,1.0389049053192139,0.5398102402687073,0.9797971844673157,-0.08272954821586609,0.010895875282585621,0.18175363540649414
163.56979546734422,1.4014131394357114,-1.2367652091600259,1.4859039580314737,-1.438786782066607,-1.6258506225783091,0.0,-0.008980940096080303,1.0434455871582031,0.5380300283432007,0.9784467220306396,-0.07783257216215134,0.010911264456808567,0.19095835089683533
163.76975476407736,1.4105591488044713,-1.224166645826572,1.4697652256036093,-1.4163698869459456,-1.6258842560808866,0.0,-0.0177837535738945,1.0478368997573853,0.5362450480461121,0.9769876599311829,-0.07295338064432144,0.01100984588265419,0.20012934505939484
163.96971722730726,1.4196856910255862,-1.2115948983515583,1.4536608442325074,-1.3940007058598385,-1.625917817995044,0.0,-0.02665865048766136,1.0520795583724976,0.5344566106796265,0.9754208326339722,-0.06809315085411072,0.011190913617610931,0.20926596224308014
164.1696852039668,1.4287930752151328,-1.199049540929772,1.4375902684626094,-1.371678481163898,-1.6259513094575235,0.0,-0.035602867603302,1.056173324584961,0.532664954662323,0.973747193813324,-0.06325297802686691,0.011453867889940739,0.21836714446544647
164.36965889894694,1.4378813189082669,-1.1865305494066594,1.4215534673519843,-1.3494031698794071,-1.6259847305328092,0.0,-0.04461349546909332,1.0601184368133545,0.5308709740638733,0.9719676375389099,-0.05843406915664673,0.011798013933002949,0.22743183374404907
164.5696408081922,1.4469505173834554,-1.1740377925368053,1.4055502727755385,-1.3271745384785707,-1.626018081571278,0.0,-0.05368761345744133,1.063915729522705,0.5290757417678833,0.9700829386711121,-0.05363766849040985,0.012222534976899624,0.23645861446857452
164.76962243804067,1.4560005453361042,-1.1615714429264032,1.389580905841433,-1.304992894083307,-1.6260513621121344,0.0,-0.06282206624746323,1.067564845085144,0.527279257774353,0.9680941700935364,-0.04886506870388985,0.012726813554763794,0.24544648826122284
165.2232506606101,1.465031512579328,-1.1491313493086628,1.3736451727772365,-1.2828579675413578,-1.6260845725592055,0.0,-0.07201405614614487,1.0710663795471191,0.5254828333854675,0.9660021662712097,-0.044117383658885956,0.01331013347953558,0.2543940246105194
165.6298572026524,1.463526565848525,-1.162705570845349,1.383558807333473,-1.2933594625162146,-1.6250470306295572,0.0,-0.07128242403268814,1.0658559799194336,0.532738447189331,0.9677324295043945,-0.04525675252079964,0.013032988645136356,0.24753940105438232
165.8298583716485,1.46120355082773,-1.1783233621384768,1.3954944715084148,-1.3064090563390387,-1.6239242254376454,0.0,-0.06981519609689713,1.0598760843276978,0.5406181216239929,0.9696996212005615,-0.046846065670251846,0.012700344435870647,0.2394302636384964
166.02982971969575,1.458874409560589,-1.1939823406111891,1.4074616123713597,-1.3194930645008818,-1.6227984591881675,0.0,-0.0683826133608818,1.0537890195846558,0.5484198331832886,0.9716015458106995,-0.04843166097998619,0.012382639572024345,0.23128196597099304
166.2297760710451,1.4565390556489364,-1.2096830871243558,1.4194606738365683,-1.3326119723455592,-1.6216696901214662,0.0,-0.06698523461818695,1.0475951433181763,0.5561418533325195,0.9734379649162292,-0.05001334100961685,0.012080141343176365,0.22309479117393494
166.42969401705594,1.4541973766136918,-1.2254263578826416,1.4314922338221834,-1.34576641172706,-1.620537863871947,0.0,-0.065623939037323,1.0412955284118652,0.5637825131416321,0.975208044052124,-0.05159067362546921,0.011793144978582859,0.21486873924732208
166.62970071810813,1.4518479264595447,-1.2412218744129289,1.443563721860201,-1.3589645055594868,-1.6194022815327886,0.0,-0.06429854780435562,1.0348870754241943,0.5713443756103516,0.9769122004508972,-0.05316438898444176,0.011521674692630768,0.2065991759300232
166.8297167137596,1.449491531716717,-1.2570640798951431,1.4556708912337177,-1.3722016107890582,-1.618263342598793,0.0,-0.06301041692495346,1.0283727645874023,0.5788223743438721,0.9785491228103638,-0.05473349988460541,0.011266157031059265,0.19828972220420837
167.0297028698358,1.447128530297725,-1.272950702519971,1.467812005746332,-1.3854758291839293,-1.617121210396466,0.0,-0.06176050379872322,1.0217547416687012,0.5862132906913757,0.9801178574562073,-0.05629738047719002,0.0110268983989954,0.18994194269180298
167.22966827604503,1.4447587880821708,-1.288882643988164,1.4799877545094016,-1.3987879141687256,-1.6159758201001062,0.0,-0.06054941192269325,1.015033483505249,0.5935155749320984,0.9816177487373352,-0.05785577744245529,0.010804183781147003,0.18155573308467865
167.4296073630783,1.4423821607867737,-1.3048608743262353,1.4921988788512284,-1.412138676258312,-1.6148271019718876,0.0,-0.059377919882535934,1.0082101821899414,0.6007273197174072,0.9830482602119446,-0.05940834432840347,0.010598269291222095,0.17313121259212494
167.62952696684331,1.4399985702134972,-1.3208859192650135,1.5044457805537612,-1.425528554732074,-1.6136750182156014,0.0,-0.05824665352702141,1.001285195350647,0.6078466176986694,0.9844085574150085,-0.06095480918884277,0.010409370996057987,0.16466878354549408
167.82954363304705,1.4376064490257592,-1.3369683161171761,1.5167365126011294,-1.4389663541416833,-1.6125188112753832,0.0,-0.0571555495262146,0.994255542755127,0.614875853061676,0.9856989979743958,-0.062495794147253036,0.01023776177316904,0.15616321563720703
168.0295642853114,1.4352068874901573,-1.3531007349446784,1.529065473197453,-1.4524459498878002,-1.6113590081202736,0.0,-0.05610605329275131,0.9871252775192261,0.621809720993042,0.9869179129600525,-0.06403008103370667,0.010083792731165886,0.14761903882026672
168.22955697927208,1.4328000660013451,-1.369281962941739,1.5414317354739926,-1.4659663285990376,-1.610195695942155,0.0,-0.055098894983530045,0.9798962473869324,0.6286448836326599,0.988064706325531,-0.06555721908807755,0.009947733022272587,0.13903748989105225
168.42952374521226,1.4303858568082606,-1.3855128589876204,1.5538359558164219,-1.479528207920119,-1.6090288129938781,0.0,-0.05413472279906273,0.9725697636604309,0.6353798508644104,0.9891384840011597,-0.06707683205604553,0.009829950518906116,0.13041868805885315
168.62947596389384,1.4279641128682914,-1.4017944116600132,1.5662788897305033,-1.4931324138665218,-1.6078582882039232,0.0,-0.053214240819215775,0.9651463627815247,0.6420129537582397,0.9901387691497803,-0.06858859956264496,0.00973066221922636,0.12176256626844406
168.82941093448133,1.4255346956167776,-1.4181275525387493,1.5787612491622363,-1.5067797248286208,-1.6066840545985004,0.0,-0.05233807861804962,0.9576271176338196,0.6485419869422913,0.9910646677017212,-0.07009214162826538,0.009650180116295815,0.11306945234537125
169.029355441812,1.4230971302834212,-1.434515473537509,1.5912854734840671,-1.5204728078402021,-1.6055058827023152,0.0,-0.05150672793388367,0.9500121474266052,0.6549658179283142,0.9919156432151794,-0.07158740609884262,0.009588734246790409,0.1043381318449974
169.22937790084214,1.4206505538074237,-1.450963977073972,1.6038559971072088,-1.534216511166458,-1.6043233553638914,0.0,-0.05072065070271492,0.9422999024391174,0.6612845063209534,0.9926913380622864,-0.07307436317205429,0.009546780958771706,0.09556617587804794
169.42938467640013,1.4181959719058077,-1.4674663016427585,1.616467652651972,-1.5480051851673609,-1.6031369586861102,0.0,-0.0499807633459568,0.9344953894615173,0.6674932837486267,0.9933902621269226,-0.0745520368218422,0.009524520486593246,0.08675780147314072
169.64969153848148,1.4157332861336203,-1.484023109096123,1.6291209459290747,-1.561839382859847,-1.6019466450866255,0.0,-0.049287956207990646,0.9265997409820557,0.6735894083976746,0.9940119385719299,-0.07601993530988693,0.009522225707769394,0.07791352272033691
169.8258760401995,1.4083206237572603,-1.4934942839813663,1.6367449397149594,-1.5695314670842422,-1.5988647643741607,0.0,-0.0441143698990345,0.9222148060798645,0.6766477227210999,0.994085431098938,-0.07991895079612732,0.00809305440634489,0.07308559119701385
170.06259604219971,1.3956330039324596,-1.4953870803133775,1.6389886518209098,-1.5706550162391608,-1.5937674714315797,0.0,-0.03414049372076988,0.9215589165687561,0.6765702366828918,0.9936020374298096,-0.0864165797829628,0.005131034646183252,0.07253165543079376
170.26261282016216,1.3829181811067197,-1.497283934911723,1.6412371745771928,-1.5717809743493554,-1.5886592495940113,0.0,-0.024168947711586952,0.9207975268363953,0.676497220993042,0.993068516254425,-0.09292255342006683,0.00216995389200747,0.0719413235783577
170.46260407988606,1.3701846531064181,-1.4991835800323485,1.64348900520581,-1.5729085888918328,-1.5835435128911175,0.0,-0.014207231812179089,0.9199310541152954,0.6764286756515503,0.9924851059913635,-0.09943222254514694,-0.0007878027390688658,0.07131481915712357
170.66253865931807,1.3574341854373104,-1.501085752289145,1.6457438314900739,-1.5740377035226512,-1.578420970620635,0.0,-0.00425798911601305,0.91895991563797,0.6763650178909302,0.991851806640625,-0.1059441938996315,-0.003741438966244459,0.07065222412347794
170.86250054512797,1.344661419690916,-1.5029912510736494,1.648002601025053,-1.5751687927543983,-1.5732894700243552,0.0,0.005681817419826984,0.9178835153579712,0.676305890083313,0.9911681413650513,-0.11246070265769958,-0.006691793445497751,0.06995312124490738
171.08603567190576,1.3318650976241708,-1.504900264096236,1.6502655363217644,-1.5763019680104895,-1.5681485055989934,0.0,0.015612218528985977,0.91670161485672,0.6762514114379883,0.9904338717460632,-0.11898209899663925,-0.009638827294111252,0.06921741366386414
171.29651755671455,1.319420328605266,-1.5132368135262493,1.6607682333597267,-1.589220743091661,-1.5620178167517986,0.0,0.02426416054368019,0.9129880666732788,0.6764151453971863,0.9900001287460327,-0.1253759264945984,-0.012432117946445942,0.06345013529062271
171.49647256936385,1.3074784062118783,-1.531089323114465,1.6834696362017447,-1.6195848504741523,-1.5544152192135914,0.0,0.0309307761490345,0.9055507779121399,0.6768600940704346,0.9899271130561829,-0.13151885569095612,-0.014905133284628391,0.05024919658899307
171.69644212927176,1.295494184093626,-1.5490050684380052,1.7062514501419623,-1.6500565111755932,-1.5467856923608627,0.0,0.037416376173496246,0.8979513049125671,0.677253246307373,0.9896525740623474,-0.13756614923477173,-0.017231198027729988,0.03696570545434952
171.92784026799222,1.2834701328044351,-1.5669803561561984,1.7291089786970089,-1.680629443446509,-1.5391308090247346,0.0,0.04371362179517746,0.8901927471160889,0.6775922775268555,0.9891765713691711,-0.14351220428943634,-0.01940629817545414,0.02360624261200428
172.10644645536235,1.2807223544311508,-1.5802967594772193,1.7441791524801777,-1.6941105685720157,-1.5355556673062252,0.0,0.04282018169760704,0.8825708627700806,0.6780393123626709,0.989091694355011,-0.14483048021793365,-0.02036179229617119,0.017520641908049583
172.3584078910436,1.2856414160116645,-1.5897422427311632,1.7527913151208117,-1.6934509609494677,-1.5353564674386024,0.0,0.036174241453409195,0.8751201033592224,0.6785502433776855,0.9894449710845947,-0.14239782094955444,-0.020404884591698647,0.017470553517341614
172.58542250444248,1.2931909822236016,-1.600401380763134,1.7678212493463947,-1.7191662838994644,-1.5314763027878424,0.0,0.027557840570807457,0.87249755859375,0.6784399747848511,0.9901200532913208,-0.1385098546743393,-0.020786380395293236,0.00671153049916029
172.78538692344978,1.302463498644471,-1.6118312769092806,1.787066166025756,-1.7623252403525542,-1.525162633167266,0.0,0.01756901480257511,0.8728407025337219,0.6781753301620483,-0.9907472133636475,0.1335407942533493,0.021519625559449196,0.011123331263661385
172.98532701631143,1.3116816450633582,-1.6231941531173746,1.8061982388868367,-1.8052311314627116,-1.5188859841583773,0.0,0.007572015281766653,0.8728326559066772,0.6781819462776184,-0.9910435676574707,0.12844730913639069,0.022405443713068962,0.028840193524956703
173.2003631928003,1.3177002373783535,-1.6338942163154286,1.8224778311588314,-1.8355800356930156,-1.518147379068418,0.0,0.0013760565780103207,0.8700879812240601,0.6780685782432556,-0.991066575050354,0.1250806599855423,0.021286221221089363,0.04109274968504906
173.51759937468563,1.3153935694932124,-1.643015937331186,1.8315041570044044,-1.8333597091475737,-1.531968592422106,0.0,0.005201411433517933,0.8609079122543335,0.6770346760749817,-0.9910817742347717,0.12653028964996338,0.014526421204209328,0.039191313087940216
173.71757469016705,1.313086643804466,-1.6521386778316205,1.8405314916728603,-1.8311391344484242,-1.5457913504969285,0.0,0.008986775763332844,0.8517129421234131,0.6759864091873169,-0.991048276424408,0.1279594600200653,0.007769094314426184,0.03727174177765846
173.91754579607044,1.3107792386613615,-1.6612633143349087,1.849560702515728,-1.828918098241467,-1.559616981391465,0.0,0.012731931172311306,0.8425033688545227,0.6749240159988403,-0.9909663200378418,0.1293681412935257,0.001014001201838255,0.035334210842847824
174.17380215484576,1.308470967833187,-1.6703913741908822,1.8585933009097788,-1.826696228753068,-1.573447799343111,0.0,0.016437113285064697,0.8332788944244385,0.6738471984863281,-0.9908358454704285,0.13075637817382812,-0.0057397582568228245,0.033378466963768005
174.39441434790703,1.3137621880443837,-1.6783098751756558,1.866331690049677,-1.8259660241352946,-1.5771686108370577,0.0,0.011331030167639256,0.8263811469078064,0.673177182674408,-0.9911753535270691,0.12819679081439972,-0.007460193242877722,0.032882530242204666
174.59431756039473,1.3214618811952197,-1.6858449041225958,1.8736597811064886,-1.8257085928735883,-1.577685140867836,0.0,0.003526202170178294,0.8201642036437988,0.6725962162017822,-0.9916605353355408,0.12438846379518509,-0.007586528081446886,0.0328538678586483
174.79109523569556,1.3273586997940707,-1.6946962818938818,1.8820780266471822,-1.8252352576972282,-1.5780805195001457,0.0,-0.0030114445835351944,0.8128364682197571,0.6719903349876404,-0.9920220971107483,0.12147060036659241,-0.007683319039642811,0.03283210098743439
175.001468916251,1.3311999306575437,-1.70505784716514,1.891747727989793,-1.8245149190440175,-1.5783377640315364,0.0,-0.008141456171870232,0.8042798042297363,0.6713315844535828,-0.9922530651092529,0.11956936866044998,-0.007746178191155195,0.0328172892332077
175.17603422830157,1.3279513690552756,-1.7147336862296396,1.9005036848233574,-1.8236157433393272,-1.578119765386489,0.0,-0.007546141743659973,0.796425998210907,0.6708371043205261,-0.9920580387115479,0.1211773231625557,-0.007692581042647362,0.0328281931579113
175.3971420857034,1.3164763348456658,-1.7236311739724246,1.9082153014391532,-1.8225076418679103,-1.5773503291707751,0.0,-0.0004895066376775503,0.7893514633178711,0.6705648303031921,-0.9913480877876282,0.1268545538187027,-0.007504358887672424,0.032870810478925705
175.70637465662847,1.306150082793138,-1.7298036162296855,1.9134990099995104,-1.8216884346466196,-1.576657878587375,0.0,0.006125450599938631,0.7844284176826477,0.6703863739967346,-0.9906813502311707,0.13195988535881042,-0.007335536647588015,0.032911740243434906
176.081249688856,1.3033369786944446,-1.7188677358070308,1.9035482799528214,-1.822689378328356,-1.576468938604934,0.0,0.010706700384616852,0.7932849526405334,0.6711249947547913,-0.9904952049255371,0.13335007429122925,-0.007289310451596975,0.03292190283536911
176.28119872241436,1.3005277616221482,-1.707946966114155,1.8936112993974425,-1.8236889389491118,-1.576280259691644,0.0,0.015335207805037498,0.8021236062049866,0.6717607378959656,-0.9903073310852051,0.134738028049469,-0.0072431620210409164,0.03293213993310928
176.4755156385821,1.2950759769174487,-1.69886675675831,1.8851772914706553,-1.8243621179584302,-1.5759137973195125,0.0,0.02169441618025303,0.8094465732574463,0.6723371744155884,-0.9899372458457947,0.13743096590042114,-0.007153375074267387,0.03295077383518219
176.67534324630319,1.2868919754763253,-1.6916854212213346,1.878293547349384,-1.8246982744550309,-1.5753635202862384,0.0,0.02987457439303398,0.8151559829711914,0.6728987097740173,-0.9893679022789001,0.14147154986858368,-0.007018674165010452,0.03297928720712662
176.92485267265423,1.2784068986042765,-1.6850834171719196,1.8719449616446402,-1.824990117111385,-1.574792917190969,0.0,0.03825102373957634,0.8203110694885254,0.6733911633491516,-0.9887601733207703,0.1456582248210907,-0.006879196036607027,0.033009741455316544
177.1782400286978,1.265606129036945,-1.6867856997304125,1.8732674743816353,-1.8246467537794486,-1.5739309550930476,0.0,0.04808594658970833,0.8184992074966431,0.6735000014305115,-0.987809956073761,0.1519693285226822,-0.006667391397058964,0.03304842859506607
177.37823860861712,1.2527844799074879,-1.688490758912158,1.8745921442925964,-1.8243028303814959,-1.5730675870334705,0.0,0.057896893471479416,0.8165672421455383,0.6736068725585938,-0.9868177175521851,0.1582845151424408,-0.006455976981669664,0.03309132158756256
177.5853269095893,1.2455147891317337,-1.6920047885160432,1.8776866177897826,-1.823904508730835,-1.5725780949063293,0.0,0.06275344640016556,0.8133804798126221,0.6735498905181885,-0.9862370491027832,0.16186225414276123,-0.006336575839668512,0.03311777859926224
177.94197367592426,1.2526325071050368,-1.7001944179006936,1.8853561691060485,-1.8233661915761712,-1.573057469051331,0.0,0.054926156997680664,0.807171106338501,0.673037052154541,-0.9868057370185852,0.1583593487739563,-0.006453733425587416,0.03309312462806702
178.14187023876877,1.2597654340289164,-1.708401546667733,1.8930421085157103,-1.8228267241597196,-1.573537867510264,0.0,0.04717636480927467,0.8008853197097778,0.6724659204483032,-0.9873629808425903,0.1548469513654709,-0.006571437232196331,0.03306978940963745
178.42440479646714,1.2669253381917227,-1.7166397153817694,1.900757116697006,-1.8222852164389804,-1.5740200828704698,0.0,0.03949256241321564,0.7945135831832886,0.6718349456787109,-0.9879096746444702,0.151319220662117,-0.006689801812171936,0.033047545701265335
178.70399419025267,1.2730420862427256,-1.7197686437193223,1.9013903017437164,-1.805521102000802,-1.5689162338161684,0.0,0.03131183236837387,0.7890584468841553,0.6707034111022949,-0.9885929226875305,0.1482507586479187,-0.0030085353646427393,0.026394153013825417
178.90394056022848,1.2778784398498872,-1.7167558922171768,1.8935284984489722,-1.769385119518216,-1.557138681090832,0.0,0.022477250546216965,0.784606397151947,0.6692626476287842,-0.9892230033874512,0.14585015177726746,0.005163446068763733,0.011787336319684982
179.1039022038945,1.2826810662271266,-1.7137641507095158,1.885721520931841,-1.7335011381688494,-1.5454432613650555,0.0,0.013698749244213104,0.7799521088600159,0.6681503653526306,0.989543080329895,-0.14360485970973969,-0.013208823278546333,0.0027581641916185617
179.3038579429754,1.2874488358583598,-1.710794122815544,1.877971205293236,-1.69787759740456,-1.5338327252514525,0.0,0.0049852789379656315,0.7751133441925049,0.6673645377159119,0.9895607829093933,-0.14151455461978912,-0.021122034639120102,0.01723332144320011
179.59176240881175,1.2910189544979362,-1.7114896626669884,1.87431322619252,-1.6702755122584614,-1.5250830051916642,0.0,-0.0022261468693614006,0.7690069675445557,0.6671727299690247,0.9893754720687866,-0.140043243765831,-0.027034344151616096,0.028164226561784744
179.8962953984374,1.2909217243088607,-1.7236333587994188,1.8833508973794557,-1.6671650190138365,-1.525089171444464,0.0,-0.004910069517791271,0.759402334690094,0.667875349521637,0.9893686175346375,-0.14009130001068115,-0.027032949030399323,0.028165528550744057
180.11307586905167,1.29082425367354,-1.735807085791268,1.8924109183542919,-1.6640468336477738,-1.5250953529461526,0.0,-0.0075991228222846985,0.749786376953125,0.6684544682502747,0.9893618226051331,-0.14013943076133728,-0.027031568810343742,0.028166890144348145
180.30126409154417,1.297615308615824,-1.7428326389615796,1.8972260181864102,-1.662153392782527,-1.524670591342169,0.0,-0.014328660443425179,0.744335949420929,0.6690803170204163,0.9898316860198975,-0.13678231835365295,-0.02712453342974186,0.028072549030184746
180.51004664749527,1.309456349338643,-1.746089276217325,1.898933041004085,-1.661156476860549,-1.5239299049030994,0.0,-0.023978356271982193,0.7418294548988342,0.6697987914085388,0.9906234741210938,-0.1309247761964798,-0.027288926765322685,0.027910390868782997
180.87292060630367,1.3213299078483405,-1.7493548568285322,1.9006447516364104,-1.6601568232147303,-1.523187184395882,0.0,-0.033596962690353394,0.7391916513442993,0.67051100730896,0.9913825392723083,-0.12504631280899048,-0.027456704527139664,0.027750685811042786
181.12393590262744,1.322686906014437,-1.7406892000734515,1.8941884441663657,-1.6624284780967145,-1.523101597012006,0.0,-0.03287322074174881,0.7460645437240601,0.6702244877815247,0.9914669990539551,-0.12437421828508377,-0.027476465329527855,0.027733078226447105
181.32393072000357,1.3213003432138264,-1.728922357924015,1.8856096800768054,-1.665550533356489,-1.523187443451833,0.0,-0.02943696826696396,0.7554328441619873,0.6695749163627625,0.9913806915283203,-0.1250610053539276,-0.027457216754555702,0.02775207906961441
181.595163821639,1.3199163685733009,-1.7171774797787804,1.8770469291204306,-1.668666760983499,-1.5232731296505742,0.0,-0.025978365913033485,0.7647866010665894,0.6688100695610046,0.9912939667701721,-0.125746488571167,-0.027438033372163773,0.027771195396780968
181.85850004650743,1.3309478115386237,-1.7085717485862146,1.8698383110203443,-1.670596375212348,-1.5225964006908572,0.0,-0.03286276385188103,0.771634042263031,0.6689398884773254,0.991972029209137,-0.12028095871210098,-0.027588462457060814,0.02761724591255188
182.05841002039702,1.3425020471707585,-1.700178202153076,1.8627457699207517,-1.6724550736890187,-1.521887562791047,0.0,-0.04035284370183945,0.7782518267631531,0.6690565943717957,0.9926498532295227,-0.11455228924751282,-0.027748731896281242,0.02745874784886837
182.25844780899675,1.35395527258246,-1.6918286155182671,1.855548926168469,-1.6741724451604416,-1.5211944893396756,0.0,-0.04791911691427231,0.7847912311553955,0.6692162752151489,0.9932892322540283,-0.10886944085359573,-0.02790493704378605,0.027299029752612114
182.49287170554103,1.3653145699550697,-1.6835363729062405,1.8483481789689955,-1.6758284074781136,-1.5205107198300873,0.0,-0.05557086318731308,0.7912285923957825,0.6693552732467651,0.9938911199569702,-0.1032293438911438,-0.028060514479875565,0.027141116559505463
182.71703497635514,1.376961056573668,-1.6843195995987448,1.8482779361529338,-1.6755696262219861,-1.519823146373823,0.0,-0.06505557149648666,0.7901862859725952,0.6699869632720947,0.9944753646850586,-0.09744266420602798,-0.028215307742357254,0.02697487361729145
182.91701096238882,1.388664687577868,-1.6864453118763112,1.8492616056963613,-1.6750274891946821,-1.5191341431869096,0.0,-0.07477086037397385,0.7879303097724915,0.6706938743591309,0.9950281977653503,-0.09162396937608719,-0.028372742235660553,0.026809459552168846
183.1699071085257,1.3988018736055394,-1.6859362934388828,1.8482064293492728,-1.6750015898131119,-1.5185379278238105,0.0,-0.0828147903084755,0.7878110408782959,0.6712201237678528,0.9954795837402344,-0.08658133447170258,-0.028511157259345055,0.02666807919740677
183.48355934139101,1.4018654559696604,-1.6736051517732593,1.8380057294715721,-1.6772926061952382,-1.5183606965998555,0.0,-0.08353713899850845,0.7977775931358337,0.670869767665863,0.9956110119819641,-0.0850568562746048,-0.028551755473017693,0.026624303311109543
183.75390437869922,1.4049211795561771,-1.6613056422586405,1.827831196682665,-1.6795777456052143,-1.51818392001384,0.0,-0.08431756496429443,0.8077316284179688,0.6703912615776062,0.9957396984100342,-0.0835360586643219,-0.028592489659786224,0.02658073417842388
183.8892486591577,1.4104776703883792,-1.6589771085260783,1.8256195060348248,-1.679989707773896,-1.5178660089368246,0.0,-0.08856569230556488,0.809313952922821,0.670533299446106,0.9959679841995239,-0.08077003061771393,-0.02866516262292862,0.026500221341848373
184.18738695235314,1.4184544194777928,-1.6662875774568517,1.831105385323758,-1.6785908467428128,-1.5174115050756847,0.0,-0.09605029970407486,0.8027446866035461,0.6713342666625977,0.996282160282135,-0.07679793983697891,-0.028769642114639282,0.026384808123111725
184.38753713296117,1.4264720505837147,-1.6736355136199728,1.8366193805538018,-1.6771848163424636,-1.5169546718151685,0.0,-0.1034729927778244,0.7960755825042725,0.6720938086509705,0.9965819716453552,-0.07280415296554565,-0.028876015916466713,0.026270093396306038
184.58740607277812,1.4346740881599933,-1.68083327131082,1.8419369022202785,-1.6757468806147016,-1.516491664911936,0.0,-0.11092308163642883,0.7894587516784668,0.6728571653366089,0.9968720078468323,-0.06871707737445831,-0.028983958065509796,0.02615191787481308
184.78732843325795,1.4431394019695556,-1.6878233339119881,1.8469807200601858,-1.674263384684512,-1.5160197527717665,0.0,-0.11845551431179047,0.7829350233078003,0.6736482381820679,0.9971539974212646,-0.06449735909700394,-0.02909374050796032,0.02602839097380638
185.15579614160933,1.451635068520556,-1.694838459678863,1.8520426227227231,-1.6727745696167917,-1.5155461485706179,0.0,-0.12591153383255005,0.7763195633888245,0.6744005084037781,0.9974188804626465,-0.060261208564043045,-0.02920541539788246,0.02590588852763176
185.50082542290573,1.457428157271957,-1.683652918648855,1.8426506155764217,-1.6748901098235562,-1.5152285468494369,0.0,-0.12942877411842346,0.7849932909011841,0.6743005514144897,0.9975892901420593,-0.05737186595797539,-0.02927972562611103,0.025820588693022728
185.70076974397188,1.4630717230891388,-1.671618845811875,1.8325863606990478,-1.6771740026779745,-1.5149195231162758,0.0,-0.13285285234451294,0.7943822145462036,0.6740395426750183,0.9977471828460693,-0.05455648526549339,-0.029352568089962006,0.025738008320331573
185.90984287673967,1.46379077611548,-1.6617478295294317,1.824536692177323,-1.6790362662875065,-1.5148810410269842,0.0,-0.13255225121974945,0.802508533000946,0.6735508441925049,0.9977667331695557,-0.05419771745800972,-0.02936144545674324,0.02572706528007984
186.16657866318752,1.454216057245656,-1.6563630889502334,1.8206695778771433,-1.6800238243725842,-1.5154080793467746,0.0,-0.12421002238988876,0.8079761266708374,0.6727845668792725,0.9974959492683411,-0.05897393077611923,-0.029236646369099617,0.025866126641631126
186.43348586517976,1.44468217908187,-1.6510013168372717,1.8168189586490902,-1.6810071700551885,-1.5159328695987748,0.0,-0.11581143736839294,0.8133347034454346,0.6719970703125,0.9972034096717834,-0.06372825801372528,-0.02911432646214962,0.026006394997239113
186.63924916793886,1.4465064609607103,-1.6416105300754698,1.8086755497527736,-1.6823546576798565,-1.5158315342236897,0.0,-0.11633893847465515,0.8210160732269287,0.6717272996902466,0.9972611665725708,-0.06281861662864685,-0.029138049110770226,0.025979822501540184
186.83925152902785,1.4536243938960494,-1.6303617788991893,1.79854831604912,-1.6838689372775386,-1.5154383847933293,0.0,-0.12116580456495285,0.8297734260559082,0.671615481376648,0.9974783658981323,-0.05926906690001488,-0.02923014760017395,0.02587585709989071
187.0388838197786,1.4605040673938157,-1.6190985965494404,1.7883898113899455,-1.68535349017443,-1.5150586557444312,0.0,-0.12591783702373505,0.8385487794876099,0.6714057326316833,0.9976763725280762,-0.055837489664554596,-0.029320107772946358,0.025776103138923645
187.2387983198959,1.4647144908576433,-1.607131859371315,1.7773677855806165,-1.6865340634425343,-1.5148296378720918,0.0,-0.12842804193496704,0.848222017288208,0.6712011098861694,0.9977916479110718,-0.0537368543446064,-0.029373865574598312,0.025713972747325897
187.4387392695743,1.4689162484675995,-1.5951897520188103,1.7663684452008765,-1.6877122068658705,-1.5146010913621777,0.0,-0.1310160905122757,0.857872724533081,0.670874297618866,0.9979024529457092,-0.05164029821753502,-0.02942790277302265,0.025652190670371056
187.63132791181388,1.4744250006114656,-1.5840911587859998,1.7559442343341416,-1.6886983210358948,-1.5143047528059117,0.0,-0.13490533828735352,0.8666781187057495,0.6706198453903198,0.9980409145355225,-0.048891179263591766,-0.029497642070055008,0.025570392608642578
187.83101060574236,1.484102611196918,-1.5756332971378706,1.7473108357176006,-1.6890780286298719,-1.513792145139972,0.0,-0.14278912544250488,0.8727977871894836,0.6709000468254089,0.9982660412788391,-0.04406028985977173,-0.029617613181471825,0.02542440965771675
188.0312617417175,1.4937508898784266,-1.5672010704523434,1.738703604099276,-1.6894565853667676,-1.513281091138409,0.0,-0.15077954530715942,0.8788274526596069,0.6711182594299316,0.9984670877456665,-0.039242859929800034,-0.02973930723965168,0.025280576199293137
188.2309621680278,1.5033167993329473,-1.5588408313219853,1.7301698540871853,-1.689831910291356,-1.512774400104008,0.0,-0.1588296890258789,0.8847326636314392,0.6712741851806641,0.9986432194709778,-0.03446557745337486,-0.029862046241760254,0.025139719247817993
188.46570966865715,1.5094746890788142,-1.5558070687524397,1.7268869634181416,-1.6899353906413785,-1.5124474780542214,0.0,-0.16420219838619232,0.8864914774894714,0.6714741587638855,0.998744547367096,-0.031389784067869186,-0.02994246408343315,0.025050271302461624
188.88059387475755,1.5060723001525935,-1.5677152973141089,1.7383339402026226,-1.6892762844718034,-1.5126248493291323,0.0,-0.16179698705673218,0.876795768737793,0.6718666553497314,0.9986896514892578,-0.03308935835957527,-0.029899584129452705,0.025101039558649063
189.08060817540195,1.502664012206822,-1.5796441722141674,1.7498007636129052,-1.6886160355521593,-1.5128025281281507,0.0,-0.15945565700531006,0.8670767545700073,0.6721372604370117,0.9986317753791809,-0.03479178994894028,-0.029856925830245018,0.02515213005244732
189.2803105761161,1.498510513985252,-1.591509800730888,1.7610051853045925,-1.6877147372280619,-1.513020620832619,0.0,-0.15652677416801453,0.8575351238250732,0.6724228262901306,0.9985573291778564,-0.03686622530221939,-0.029804419726133347,0.025213969871401787
189.54724040898697,1.4938540107791585,-1.6033474923138527,1.7720477853343575,-1.6866512683923283,-1.513265983631938,0.0,-0.15324275195598602,0.8480948209762573,0.672679603099823,0.998468816280365,-0.03919161111116409,-0.029745619744062424,0.025283291935920715
189.7037144950372,1.493961705167023,-1.6120977336741753,1.784450134531103,-1.7084284255451425,-1.525366294290267,0.0,-0.14997035264968872,0.8452811241149902,0.6722452044487,0.9988386034965515,-0.038786161690950394,-0.02335944026708603,0.01646980084478855
190.09816186004514,1.503069130224253,-1.615298472139098,1.7998177648177225,-1.7740339818541324,-1.560240381052597,0.0,-0.14661362767219543,0.8546622395515442,0.6714988946914673,-0.9993706345558167,0.033805783838033676,0.004957821220159531,0.009532253257930279
190.43306293353504,1.513002581475013,-1.6180494348910452,1.813096574186673,-1.8304089496383833,-1.5903238931755777,0.0,-0.14568452537059784,0.8620374202728271,0.6717560291290283,-0.9990049600601196,0.029191404581069946,-0.010687015950679779,0.03198016434907913
190.78944989793945,1.5246420611102065,-1.6180625055817799,1.8135487314712453,-1.8306133176418218,-1.59107246714156,0.0,-0.15549379587173462,0.8601329326629639,0.6714043617248535,-0.999157726764679,0.023387884721159935,-0.010871993377804756,0.031915854662656784
191.24806156812798,1.5357900820721362,-1.618357218352324,1.8144816384222393,-1.8320497257739647,-1.5923339494374662,0.0,-0.1647045910358429,0.85821533203125,0.6710858941078186,-0.9992526769638062,0.0178424920886755,-0.011331044137477875,0.03236347809433937
191.73512978224034,1.5305722829985813,-1.627989305470202,1.8313503345600939,-1.8743314607467596,-1.6105955588528738,0.0,-0.15481875836849213,0.8593412637710571,0.6720649003982544,-0.9983261823654175,0.021077493205666542,-0.020876005291938782,0.04964643344283104
191.98615303358946,1.5253535214159988,-1.6376231693852843,1.8482221424069452,-1.916620995282368,-1.628860536923087,0.0,-0.14494101703166962,0.8600995540618896,0.6734091639518738,-0.9969927072525024,0.024618636816740036,-0.03048856183886528,0.06685745716094971
192.23645615138003,1.5139175891697922,-1.6426141656980746,1.8533315428685004,-1.921408478316987,-1.6294547063539362,0.0,-0.13509419560432434,0.8586458563804626,0.6739623546600342,-0.9966641068458557,0.030402516946196556,-0.031227974221110344,0.06900022178888321
192.58024728844995,1.5016233988257333,-1.64701723504344,1.8569219520365985,-1.921307906694556,-1.6277391359163784,0.0,-0.1252719610929489,0.8568196296691895,0.6743736863136292,-0.9964599013328552,0.03647869452834129,-0.030808355659246445,0.06919312477111816
192.85437157227653,1.497334303991811,-1.64527747149471,1.8470604711835887,-1.8734912012848834,-1.607361935327451,0.0,-0.12818652391433716,0.8496903777122498,0.6723134517669678,-0.9978529810905457,0.037591271102428436,-0.02009797841310501,0.049721598625183105
193.1581925382573,1.4929572490270147,-1.642171414993763,1.836646815711143,-1.8302145795240912,-1.5890266985570782,0.0,-0.13035771250724792,0.8443087935447693,0.6709921360015869,-0.9986628890037537,0.03918329253792763,-0.01036653108894825,0.03208532556891441
193.57946656932685,1.4828132563683765,-1.6380649645813852,1.832195623938721,-1.830047429929056,-1.5883664907486779,0.0,-0.12166165560483932,0.8492211103439331,0.6715120673179626,-0.998451828956604,0.04423805698752403,-0.01020343042910099,0.032135605812072754
193.81256789947608,1.4727073338657248,-1.633973925576824,1.8277611373799953,-1.8298809076423566,-1.5877087606840117,0.0,-0.11291249096393585,0.8540266156196594,0.6720156073570251,-0.9982159733772278,0.049272626638412476,-0.010041676461696625,0.03218815475702286
194.02793008030704,1.4614308231107962,-1.6364412302303095,1.8298360008699655,-1.8296718540536776,-1.5869712462540482,0.0,-0.10371135920286179,0.8532662987709045,0.6721885204315186,-0.9979230165481567,0.054888784885406494,-0.009860035963356495,0.03224274516105652
194.2279012793427,1.4495404358546307,-1.6421437417572542,1.8351206454960014,-1.8294411709114278,-1.5861919959723876,0.0,-0.0943666398525238,0.8497099876403809,0.6721805334091187,-0.9975797533988953,0.06080862507224083,-0.009668502025306225,0.03230061009526253
194.4152577713406,1.4444996080387176,-1.6473821590638547,1.8401519575076417,-1.829313782469207,-1.585861727027136,0.0,-0.09073971956968307,0.845771074295044,0.6720079183578491,-0.9974235892295837,0.06331759691238403,-0.009587647393345833,0.0323263555765152
194.7648468982145,1.4546907916032898,-1.6515534856767937,1.8445852413742232,-1.8294164677850875,-1.5865298991403982,0.0,-0.09958308190107346,0.8411375880241394,0.6715125441551208,-0.9977328181266785,0.058244675397872925,-0.009751532226800919,0.03227589651942253
194.98312900571892,1.4649166882455253,-1.6557390206084972,1.849033625834979,-1.829519502866363,-1.5872003471728715,0.0,-0.10837093740701675,0.836397111415863,0.6710007190704346,-0.9980169534683228,0.053152896463871,-0.009916788898408413,0.03222781419754028
195.1980903890115,1.4697438097174589,-1.6651705496084195,1.8582913593214472,-1.8292660630312887,-1.5875157657495917,0.0,-0.11313116550445557,0.827800452709198,0.6703843474388123,-0.9981420040130615,0.05074876546859741,-0.009994333609938622,0.032203834503889084
195.539715897652,1.4740121937145698,-1.675145004250948,1.8680468285804588,-1.8289757304032537,-1.5877944411289502,0.0,-0.11740724742412567,0.818796694278717,0.669676661491394,-0.9982478022575378,0.04862271621823311,-0.010062978602945805,0.032182686030864716
195.86221612194655,1.4620907866901578,-1.679680106321525,1.8719545270713907,-1.8285397834277617,-1.5870140727510738,0.0,-0.10827326029539108,0.8164403438568115,0.6697397828102112,-0.9979410767555237,0.05456015095114708,-0.009870432317256927,0.03223893791437149
196.1323771007498,1.449316816363878,-1.683965222292815,1.8755893376283936,-1.828094765220574,-1.5861779322501761,0.0,-0.09850747138261795,0.8142906427383423,0.6698282957077026,-0.9975730180740356,0.060919903218746185,-0.009665288031101227,0.03230311721563339
196.3771039910174,1.4408786834194252,-1.6786999590830227,1.8703094445975936,-1.8282080866210497,-1.585623834332311,0.0,-0.09120569378137589,0.8196253180503845,0.6703597903251648,-0.9973075985908508,0.06511962413787842,-0.00952933169901371,0.03234392777085304
196.57725759889252,1.4336478608470866,-1.6707797937261217,1.8625514276050417,-1.8284766562192927,-1.5851482718995564,0.0,-0.08448654413223267,0.8270168900489807,0.6709691882133484,-0.9970661401748657,0.06871740520000458,-0.009412712417542934,0.032378677278757095
196.77577155749566,1.4241467442888096,-1.6654804152405431,1.8571557433948953,-1.8285100965222916,-1.5845211901857355,0.0,-0.07613670825958252,0.832356870174408,0.671502411365509,-0.9967291951179504,0.07344337552785873,-0.00925865676254034,0.032421208918094635
196.97573418836362,1.414162169772499,-1.6607818472017788,1.8523032446850518,-1.828490794507447,-1.5838618240783342,0.0,-0.06737615168094635,0.8371485471725464,0.6720075011253357,-0.9963509440422058,0.07840800285339355,-0.009097184985876083,0.032467614859342575
197.17553698565132,1.4038804687210187,-1.6566158606126742,1.847939813344229,-1.8284238397247088,-1.583181280217049,0.0,-0.05835855379700661,0.8414214849472046,0.672484815120697,-0.9959356188774109,0.08351821452379227,-0.008930493146181107,0.03251376748085022
197.4943261246759,1.3933551540240228,-1.6529000818194821,1.8439901283859523,-1.8283168661498586,-1.5824833414002837,0.0,-0.049126625061035156,0.8452346920967102,0.6729409098625183,-0.9954833388328552,0.08874716609716415,-0.008759676478803158,0.03256048262119293
197.6546394981178,1.3893821987106592,-1.6584063636737791,1.8491874811962858,-1.8280559955436473,-1.582219916775184,0.0,-0.0466877706348896,0.8408409357070923,0.6727672815322876,-0.9953052997589111,0.09072023630142212,-0.008695459924638271,0.03257887437939644
197.92776705512503,1.3897282716563224,-1.6700021324962504,1.860424527196652,-1.8276933409990117,-1.5822429049071787,0.0,-0.048755545169115067,0.8310819268226624,0.6720911264419556,-0.9953209757804871,0.09054837375879288,-0.00870103482156992,0.03257737681269646
198.07961765497797,1.3833193069478449,-1.674265744111279,1.8643828445227293,-1.8274524033343493,-1.5818157947082663,0.0,-0.044222231954336166,0.8278679251670837,0.6719477772712708,-0.9950264692306519,0.09373056143522263,-0.008595949970185757,0.03260139375925064
198.3269837094742,1.371538526796174,-1.6726890729142527,1.8625436692351973,-1.8273085612471185,-1.5810307524177365,0.0,-0.03441227227449417,0.8297711610794067,0.6722936630249023,-0.9944585561752319,0.09957730770111084,-0.008403340354561806,0.03264825791120529
198.52697284578264,1.359776469284461,-1.671114907446624,1.8607074168624709,-1.8271649477613532,-1.5802469577580058,0.0,-0.024579254910349846,0.8315552473068237,0.6726371049880981,-0.9938569664955139,0.10541124641895294,-0.008211929351091385,0.032698459923267365
198.8876276790462,1.3494427826997182,-1.6703336351167661,1.8596648717877147,-1.8270082112903785,-1.5795584197272476,0.0,-0.01602191850543022,0.8325273394584656,0.6729081273078918,-0.9933001399040222,0.11053367704153061,-0.008044558577239513,0.03274558112025261
199.30662774981798,1.3558601185170889,-1.6789353819862276,1.8680105399981572,-1.8266932861535679,-1.5799870009497001,0.0,-0.022809427231550217,0.8251932859420776,0.6723135709762573,-0.9936490058898926,0.10735299438238144,-0.008149281144142151,0.032719023525714874
199.50626709999383,1.3622436044307074,-1.687560587541041,1.8763738233613731,-1.826372785335816,-1.5804133139828807,0.0,-0.029479114338755608,0.8177956938743591,0.671657383441925,-0.9939858317375183,0.10418788343667984,-0.008253626525402069,0.03269350901246071
199.7062679709667,1.366332371344236,-1.6977760809558773,1.8859312556373777,-1.8256743035025698,-1.5806858641854193,0.0,-0.03450258821249008,0.8091702461242676,0.6710513830184937,-0.9941962957382202,0.1021599993109703,-0.008320179767906666,0.03267630189657211
199.9097330275093,1.3704274723774903,-1.7080073997184815,1.8955034938246969,-1.8249747396150877,-1.580958836609535,0.0,-0.039461418986320496,0.8005150556564331,0.6703552007675171,-0.9944030046463013,0.10012856870889664,-0.008386969566345215,0.03265951946377754
200.10393272557184,1.3793712560859004,-1.7138207619355148,1.90107557886359,-1.8246359344094796,-1.5815536436772235,0.0,-0.047390058636665344,0.7952301502227783,0.6698126196861267,-0.9948399066925049,0.09569032490253448,-0.008532080799341202,0.03261973336338997
200.3039116359584,1.3904450922109208,-1.717720119822776,1.9049152584991043,-1.8244536828657303,-1.582289836660989,0.0,-0.056580811738967896,0.7913192510604858,0.6693502068519592,-0.9953534603118896,0.09019239246845245,-0.008712183684110641,0.03257228434085846
200.4908240161173,1.4023704261851502,-1.71808885359339,1.9055907150030638,-1.8246184889905757,-1.5830808633934783,0.0,-0.06584950536489487,0.7901580333709717,0.6690612435340881,-0.9958723783493042,0.08426851034164429,-0.008905754424631596,0.032519545406103134
200.69087037288472,1.4155465162314314,-1.7130799025566448,1.9014452450682144,-1.825311144206678,-1.5839523460935043,0.0,-0.07536550611257553,0.7932388782501221,0.6690390110015869,-0.9964050054550171,0.07771974056959152,-0.009118873625993729,0.03245863318443298
201.01468873115417,1.4286521479156877,-1.7080977365892387,1.8973219427885957,-1.8260000954899898,-1.5848191685913489,0.0,-0.08492229878902435,0.7961924076080322,0.6689957976341248,-0.9968917965888977,0.07120255380868912,-0.009332067333161831,0.03240208700299263
201.77756354152703,1.4432906557538954,-1.7340312518074,1.9573097337158192,-1.9673930762293639,-1.5991796604882857,0.0,-0.09208124130964279,0.7965197563171387,0.6621995568275452,-0.9940451979637146,0.06468992680311203,-0.01962275244295597,0.08546541631221771
202.30066048881932,1.4592197164151544,-1.7629389112231306,2.0239966140084578,-2.1243221604170497,-1.615098631888593,0.0,-0.10023891925811768,0.7930845618247986,0.6578037142753601,-0.9873653650283813,0.05837314948439598,-0.030001726001501083,0.14422918856143951
203.12255419506567,1.4730992866746135,-1.7881272069066905,2.0821033197388803,-2.261060182580085,-1.6289694110078068,0.0,-0.1076214611530304,0.7865650653839111,0.6564103364944458,-0.9785703420639038,0.053571511059999466,-0.03808734565973282,0.19513966143131256
203.43420180331546,1.4611644512082653,-1.7965575019408722,2.0927684138452554,-2.2736654292992426,-1.6250317286451903,0.0,-0.09996792674064636,0.7825840711593628,0.6559107303619385,-0.9772691130638123,0.05910709872841835,-0.03757534176111221,0.20009857416152954
203.6528442428817,1.4462708394447805,-1.8033904549838775,2.098647561835308,-2.273442198244776,-1.6191387651623215,0.0,-0.09069022536277771,0.7788969874382019,0.6553477048873901,-0.9768385291099548,0.06579794734716415,-0.036206550896167755,0.20036505162715912
203.84915806366104,1.431186862765159,-1.8060740864147065,2.0993750285038475,-2.2720219526400864,-1.61315008762047,0.0,-0.08091665804386139,0.7787448763847351,0.6562432646751404,-0.9763685464859009,0.07256560027599335,-0.03481026366353035,0.20056626200675964
204.04913963763016,1.4160555939731714,-1.8078080929204523,2.0989228295923543,-2.270327217576353,-1.6071380227280636,0.0,-0.07101041078567505,0.7792994379997253,0.6574843525886536,-0.9758464097976685,0.07934838533401489,-0.0334109403192997,0.2007765769958496
204.24910282729167,1.4009132748968909,-1.8095433657618318,2.0984703004424254,-2.2686312448567083,-1.6011215672569712,0.0,-0.06109992414712906,0.7797258496284485,0.6587347984313965,-0.9752683043479919,0.08613012731075287,-0.03201589360833168,0.20101776719093323
204.55400026514894,1.3857583506742495,-1.8112800831222466,2.098017394586912,-2.2669338603332156,-1.5951001034181775,0.0,-0.051185786724090576,0.7800241708755493,0.6599944829940796,-0.9746342301368713,0.0929110124707222,-0.03062542714178562,0.20129002630710602
206.11791407596093,1.3756562275521067,-1.7698692770617028,1.9849021874954935,-1.9592276534518498,-1.5851820163318893,0.0,-0.04772515594959259,0.7732317447662354,0.6624288558959961,-0.99141925573349,0.09766674786806107,-0.015566750429570675,0.08547857403755188
207.00528813059782,1.37181363132322,-1.7508403081469532,1.9336075164283288,-1.8202319191693617,-1.5810511579140833,0.0,-0.04762596637010574,0.7653357982635498,0.6679081916809082,-0.9944719076156616,0.09944082051515579,-0.008409520611166954,0.032653797417879105
207.38751032138256,1.363996251396096,-1.7429129894034598,1.926481637267665,-1.8211089783258354,-1.5805297079295106,0.0,-0.04042837396264076,0.7722176313400269,0.6685428619384766,-0.9940766096115112,0.1033186987042427,-0.00828181579709053,0.032685182988643646
207.69256053541048,1.3561788714689733,-1.7349856706599678,1.9193557581070024,-1.821986037482309,-1.5800082579449382,0.0,-0.03312425687909126,0.7790419459342957,0.6691244840621948,-0.9936660528182983,0.10719495266675949,-0.008154492825269699,0.03271810710430145
207.95112611150006,1.3448152321722135,-1.739766036549324,1.9232387550599277,-1.8211847850891076,-1.5792484268979323,0.0,-0.025365814566612244,0.775601327419281,0.6690992712974548,-0.9930424690246582,0.11282661557197571,-0.007968383841216564,0.032761767506599426
208.29962349877786,1.3324224323909688,-1.7480097402409154,1.930120484499638,-1.8199250659795652,-1.5784194404734821,0.0,-0.017593372613191605,0.7693156599998474,0.6688675880432129,-0.9923258423805237,0.11896415799856186,-0.007765998598188162,0.032811831682920456
209.15822936857373,1.3334146228661494,-1.775975013551505,1.991755246561579,-1.9677301673170278,-1.5778998019469395,0.0,-0.017879843711853027,0.7719215750694275,0.6624370217323303,-0.9888497591018677,0.1182451993227005,-0.014222973957657814,0.08939719945192337
211.51892818894805,1.3402992009328403,-1.82788770975393,2.1104740096349794,-2.2592207133400097,-1.577206415350954,0.0,-0.023967087268829346,0.7693809270858765,0.6583601832389832,-0.9729055166244507,0.11327525228261948,-0.02629287913441658,0.19983026385307312
212.5240892093679,1.3271272102236795,-1.815912104157992,2.068657740252983,-2.1351070686198668,-1.5768075547434928,0.0,-0.01516036968678236,0.7647708058357239,0.6580687761306763,-0.980506420135498,0.12052398175001144,-0.021803393959999084,0.15364165604114532
212.90081294612358,1.315132876550726,-1.8050071914060057,2.0305801027113044,-2.022089947593165,-1.57644435472912,0.0,-0.007856053300201893,0.758169412612915,0.6596292853355408,-0.9854860305786133,0.1269877403974533,-0.01714046113193035,0.1113438606262207
213.2321330804519,1.304584127279111,-1.7954165635657173,1.997091668736157,-1.9226939072946754,-1.5761249284073642,0.0,-0.0020292536355555058,0.7506061792373657,0.6625494360923767,-0.9883298277854919,0.1325369030237198,-0.01259213499724865,0.07402397692203522
213.80891545934074,1.2952597562689703,-1.7869391062008269,1.9674901894619161,-1.8348346234290611,-1.5758425774425466,0.0,0.0026382822543382645,0.7426526546478271,0.6664053797721863,-0.989644467830658,0.13731716573238373,-0.008228149265050888,0.04098973423242569
214.02614554839613,1.2966764160811208,-1.7755674855210917,1.952580577666886,-1.8150575724919724,-1.5760214337509924,0.0,0.003114342223852873,0.7478951811790466,0.6680498719215393,-0.9900465607643127,0.1366405487060547,-0.0071798050776124,0.032945599406957626
214.28016835177434,1.3016471966861516,-1.7630000719514327,1.9421673255297585,-1.8171852661728567,-1.5763554573296328,0.0,0.002239898545667529,0.7578378319740295,0.6686369180679321,-0.9903823733329773,0.13418501615524292,-0.007261541672050953,0.03292789310216904
214.46336311225264,1.2956437325272954,-1.757471005861447,1.9373877435351792,-1.8179625302924534,-1.5759517762428485,0.0,0.007922202348709106,0.7622616291046143,0.6690013408660889,-0.9899761080741882,0.1371505856513977,-0.007162444293498993,0.032947320491075516
214.70058931394794,1.2825687357944069,-1.7564772250867706,1.9362383158757164,-1.8178696193496846,-1.5750727364693302,0.0,0.017889097332954407,0.7630103230476379,0.669281542301178,-0.9890605211257935,0.1436050534248352,-0.0069474754855036736,0.03299398347735405
214.88308959780662,1.2730120831878524,-1.7631329131449434,1.941614162766432,-1.8166299214638024,-1.5744298954053466,0.0,0.02339726872742176,0.7576431035995483,0.6691277027130127,-0.988364577293396,0.14831875264644623,-0.006790310610085726,0.033027876168489456
215.08953382401123,1.2659858807962099,-1.7753731077065822,1.9517528848809607,-1.8145522791671558,-1.573956928451895,0.0,0.02556562051177025,0.7478991150856018,0.6685585975646973,-0.9878386855125427,0.15178222954273224,-0.006674530450254679,0.033051490783691406
215.28932931972994,1.2593533374853987,-1.7877875380787063,1.9618693981411852,-1.8122742469614304,-1.5735103483644877,0.0,0.027284523472189903,0.738075852394104,0.667971670627594,-0.9873310327529907,0.15504992008209229,-0.006565139163285494,0.03307363763451576
215.51931025789256,1.253216970396987,-1.8003994709353466,1.9719438874226207,-1.8097517827194853,-1.5730970297245401,0.0,0.02848719246685505,0.7281674146652222,0.6673880815505981,-0.9868517518043518,0.1580715924501419,-0.006463826168328524,0.03309336304664612
215.73106766474336,1.2493379522865367,-1.8095062744200887,1.97670697560073,-1.7958342424370428,-1.56952018583216,0.0,0.02720421366393566,0.7190601229667664,0.6669870615005493,-0.9867008328437805,0.15995290875434875,-0.003997872583568096,0.028643937781453133
215.95615551621904,1.2507308672980106,-1.8103693824026037,1.9691470933767146,-1.755930093473581,-1.5587235211065154,0.0,0.020406244322657585,0.7117434144020081,0.6674870252609253,-0.9871310591697693,0.1592552363872528,0.003858863841742277,0.013970847241580486
216.15614923463454,1.2520946105546402,-1.8112144143544473,1.9617455374174573,-1.7168616552614941,-1.5481529704322812,0.0,0.013705620542168617,0.704365074634552,0.6682966351509094,0.9872607588768005,-0.15869173407554626,-0.011532281525433064,0.0004079942882526666
216.35613987968554,1.253430988188771,-1.8120424894302212,1.9544925051523048,-1.6785771858254461,-1.537794534243636,0.0,0.007100922521203756,0.6969388723373413,0.669401228427887,0.9871082901954651,-0.1582547426223755,-0.01902901940047741,0.014506655745208263
216.67332833280526,1.2547415691787789,-1.8128545798340796,1.9473794811358511,-1.641031737163352,-1.5276360511859044,0.0,0.0005908021703362465,0.6894775629043579,0.6707870960235596,0.9866904616355896,-0.1579374223947525,-0.026355164125561714,0.028337309136986732
216.98477435887406,1.2688955055031554,-1.806950921961944,1.9426728237408324,-1.642186653722076,-1.526499513395469,0.0,-0.008056286722421646,0.6941134929656982,0.6711368560791016,0.9877676963806152,-0.1509672999382019,-0.02671843208372593,0.028458107262849808
217.3013124042802,1.2832460129824488,-1.8009341533808834,1.9380537328842706,-1.6442199897905876,-1.5255774480324422,0.0,-0.016829896718263626,0.6988961100578308,0.6714273691177368,0.9888242483139038,-0.14388349652290344,-0.02692415565252304,0.02826836332678795
217.57815522745378,1.2809874393887668,-1.790840834196706,1.9314199651986765,-1.647576931758921,-1.5257208080047175,0.0,-0.012895823456346989,0.7066831588745117,0.6708561778068542,0.9886613488197327,-0.14499904215335846,-0.02689254842698574,0.02829909883439541
217.8609453800505,1.276484794071967,-1.7802200194310607,1.9245295212944202,-1.6511049502955073,-1.5260081225128401,0.0,-0.007167900912463665,0.7148410677909851,0.6700840592384338,0.9883327484130859,-0.147222101688385,-0.02682897262275219,0.028359675779938698
218.09082008068413,1.265390368937381,-1.7800509167383827,1.9249978745503882,-1.6512560633316178,-1.5267244135681068,0.0,0.0009427405893802643,0.7147434949874878,0.6695771813392639,0.987501859664917,-0.15269629657268524,-0.0266689732670784,0.02850530482828617
218.29079183851331,1.2511726530314857,-1.7847615046601417,1.9289042975695283,-1.6498309620765872,-1.5276439372827866,0.0,0.010081236250698566,0.7107034921646118,0.6692056655883789,0.9863926768302917,-0.15970435738563538,-0.026466606184840202,0.028694679960608482
218.48556215976328,1.237411692787618,-1.786055035945371,1.9304684105765917,-1.6495151756642998,-1.528543475613864,0.0,0.019686173647642136,0.7091845273971558,0.6686797142028809,0.9852719306945801,-0.16647905111312866,-0.026268670335412025,0.028875727206468582
218.69705799007144,1.2239967002229977,-1.7849540017518828,1.9303898160050503,-1.6499765636761488,-1.5294273094477469,0.0,0.029663313180208206,0.7093775272369385,0.6680556535720825,0.9841345548629761,-0.1730753630399704,-0.026075035333633423,0.029051488265395164
218.89201674130953,1.2150876800714252,-1.778749072235079,1.9265872856235995,-1.6520106017842109,-1.530016892646338,0.0,0.03783800080418587,0.7135815024375916,0.6673857569694519,0.983354926109314,-0.17745161056518555,-0.025946730747818947,0.029168566688895226
219.16300460635122,1.2095218262766136,-1.7687791696234805,1.9200367619095005,-1.655204567833488,-1.530388148743342,0.0,0.04473128914833069,0.720783531665802,0.6666185259819031,0.9828579425811768,-0.18018367886543274,-0.025865541771054268,0.029240505769848824
219.42663249799034,1.2041411189970939,-1.7654089449000703,1.921216092031544,-1.675408939358098,-1.535162930167043,0.0,0.05246870219707489,0.7266531586647034,0.6660723090171814,0.9826812744140625,-0.18266211450099945,-0.022176658734679222,0.021914765238761902
219.62918711236588,1.1991014954370647,-1.7775749716195184,1.9406841216708735,-1.73617532367076,-1.550429931829699,0.0,0.06209353730082512,0.7292696237564087,0.6667294502258301,-0.982730507850647,0.18475839495658875,0.009797951206564903,0.002996983705088496
220.10982235785656,1.193973572555962,-1.7899541594782251,1.9604932509537216,-1.7980063967275297,-1.5659644268607753,0.0,0.07174284756183624,0.7314116358757019,0.6682119369506836,-0.9819186329841614,0.18715567886829376,-0.0029342565685510635,0.028282593935728073
220.3964637250638,1.2037087166740703,-1.7936036828446753,1.965584098527454,-1.810214402300904,-1.5697607633843502,0.0,0.06560040265321732,0.7315038442611694,0.6683930158615112,-0.9826472401618958,0.18239404261112213,-0.00564425066113472,0.03324063867330551
220.72263522052356,1.2171004750094303,-1.7951006734575632,1.9670463103132856,-1.8101909393010667,-1.5706633186008558,0.0,0.05561549589037895,0.7310510277748108,0.6681337356567383,-0.9838438034057617,0.175825297832489,-0.005866521503776312,0.03320392221212387
220.9816084380174,1.214362802786159,-1.805247426113579,1.9750629058313478,-1.8080609077543304,-1.570478777385008,0.0,0.054685719311237335,0.7231804132461548,0.6676747798919678,-0.9836026430130005,0.17716875672340393,-0.0058212243020534515,0.03321225568652153
221.18157647055628,1.207195007558294,-1.8178048042916977,1.9849074777356583,-1.8053451616891452,-1.5699956532385535,0.0,0.056113481521606445,0.7133046984672546,0.6670424938201904,-0.9829628467559814,0.18068473041057587,-0.005702486261725426,0.03323338180780411
221.37791174900772,1.2058015772553696,-1.8302423999764985,1.9944709892526788,-1.8024704903150979,-1.5699017494353569,0.0,0.053499892354011536,0.7038626074790955,0.6664220690727234,-0.9828370213508606,0.18136799335479736,-0.005679422989487648,0.03323761373758316
221.70804756276223,1.205700223344725,-1.842670519164452,2.003984869210048,-1.7995561902673003,-1.5698949379074587,0.0,0.05000141263008118,0.6945234537124634,0.6657049059867859,-0.9828278422355652,0.18141767382621765,-0.00567775871604681,0.033237893134355545
221.98242295745573,1.1929002748199709,-1.8448532729600735,2.0054237850259637,-1.7987865731738255,-1.569032660968719,0.0,0.058011170476675034,0.6923104524612427,0.6657284498214722,-0.9816495180130005,0.18768976628780365,-0.005464731715619564,0.033269140869379044
222.20893082663608,1.1779579057377079,-1.845310858317067,2.005502920375938,-1.7983780050756748,-1.5680260557257637,0.0,0.06794268637895584,0.6911622881889343,0.6658890843391418,-0.9802230596542358,0.19500188529491425,-0.005216851830482483,0.03331075981259346
222.41433900197993,1.1688443768948669,-1.8390627698828315,2.0005618127019713,-1.7996605454192238,-1.5674123296009128,0.0,0.07603946328163147,0.6952134966850281,0.6663891077041626,-0.9793263077735901,0.19945640861988068,-0.005065665114670992,0.033335961401462555
222.61433743288765,1.163000305331696,-1.8290772310057148,1.9928230154814912,-1.801886053492397,-1.5670189726879569,0.0,0.08318278938531876,0.7021838426589966,0.6670100688934326,-0.9787406921386719,0.2023106962442398,-0.004968385677784681,0.03335040062665939
222.98270820800883,1.157095975527208,-1.8200869892290152,1.985845014431958,-1.8038765038245592,-1.5666215842308624,0.0,0.0901361033320427,0.7083702683448792,0.6675059199333191,-0.9781405329704285,0.2051926851272583,-0.00487020006403327,0.03336570784449577
223.37784966701594,1.1495096144440229,-1.8327124278103433,1.9953837118270012,-1.8007543267286776,-1.5661115236221472,0.0,0.09121038019657135,0.698445200920105,0.6669676303863525,-0.977357029914856,0.20889313519001007,-0.004743799101561308,0.033382903784513474
223.57783604660955,1.1418788773170883,-1.8454117182698906,2.00497820536044,-1.7976138866123725,-1.565598479439141,0.0,0.09215652197599411,0.6885135769844055,0.6662937998771667,-0.9765546321868896,0.21261219680309296,-0.004616828635334969,0.03340175375342369
223.77697753036347,1.1405589735581698,-1.8581584545936733,2.0143330311613603,-1.7942152343069586,-1.565509795244424,0.0,0.08879963308572769,0.6791591048240662,0.6656867861747742,-0.9764145016670227,0.21325519680976868,-0.0045948452316224575,0.03340483084321022
224.07306418261575,1.1395233602986914,-1.8709352580982386,2.0236974324144414,-1.7907973906976706,-1.5654402277774455,0.0,0.08523677289485931,0.6698451638221741,0.664953887462616,-0.9763041138648987,0.21375958621501923,-0.004577569663524628,0.03340721130371094
224.3686590107307,1.1372222735063853,-1.8746945207704684,2.0184344575257187,-1.7527738797028496,-1.5591864733398444,0.0,0.08071967959403992,0.6609566807746887,0.6654432415962219,-0.9764224290847778,0.2149416208267212,0.001556003582663834,0.019918154925107956
224.56863620748373,1.1348619458554918,-1.8775705950653934,2.011998724288706,-1.71256076830706,-1.5525290480113296,0.0,0.07609197497367859,0.652136504650116,0.6663184762001038,-0.976298987865448,0.21620219945907593,0.008124123327434063,0.005556322168558836
224.7685934180543,1.1325560100685974,-1.8803803925271665,2.0057112973797704,-1.6732743359192463,-1.5460250377279323,0.0,0.07144426554441452,0.6433583498001099,0.6674586534500122,0.9759197235107422,-0.2174781858921051,-0.014571934938430786,0.008460124023258686
224.99079223661954,1.1303004568946675,-1.883128798453742,1.9995612450665612,-1.6348462765741683,-1.5396631341912572,0.0,0.06677975505590439,0.6346264481544495,0.6688504219055176,0.9753013849258423,-0.21876801550388336,-0.020905449986457825,0.022152921184897423
225.13270247671392,1.1240687559660387,-1.8827258489230878,1.9949751796030946,-1.6129998811605344,-1.5362375556825631,0.0,0.06779307872056961,0.6304003000259399,0.6695289611816406,0.9742802977561951,-0.22193220257759094,-0.024594154208898544,0.03031574748456478
225.4553178900506,1.1117774214785143,-1.877624968719074,1.9926101575681618,-1.6153195434108183,-1.5371015950307196,0.0,0.07746365666389465,0.6328439116477966,0.6688207387924194,0.9729006886482239,-0.2279042750597,-0.02440688945353031,0.030465049669146538
225.65421795636672,1.0991634903911462,-1.8731053507062307,1.9905819735899088,-1.6173887977536459,-1.537990583846153,0.0,0.08720770478248596,0.634705126285553,0.668118953704834,0.9714467525482178,-0.23402385413646698,-0.02421589381992817,0.030619556084275246
225.85419641971845,1.0844960784880302,-1.8718262516573094,1.9904416162700522,-1.6180640964074373,-1.5390369280737621,0.0,0.09716036170721054,0.6339318752288818,0.6675487160682678,0.9697082042694092,-0.24112747609615326,-0.02398812770843506,0.03079206682741642
226.11996861758115,1.0698429463494603,-1.8705483979019255,1.9903013955979898,-1.6187387376101505,-1.5400822536111414,0.0,0.10709892213344574,0.6330037117004395,0.6669780015945435,0.9679191708564758,-0.24821089208126068,-0.023764386773109436,0.030969373881816864
226.3433809319515,1.0654561042641664,-1.8616015168750784,1.9852298070890735,-1.6224747490355835,-1.5403949221853215,0.0,0.11334075033664703,0.6386018395423889,0.666397213935852,0.9673733711242676,-0.2503288686275482,-0.023698382079601288,0.03102373704314232
226.5433534534652,1.0662825269913996,-1.848779426673472,1.9776652985975822,-1.6277574328392408,-1.5403355451310485,0.0,0.11769617348909378,0.6475750803947449,0.665701687335968,0.9674765467643738,-0.2499300092458725,-0.023711146786808968,0.031013919040560722
226.73933907616922,1.068745449053097,-1.8359896270754401,1.9699427481136123,-1.632900809096907,-1.5401591026141008,0.0,0.1209445521235466,0.6567944288253784,0.6650106310844421,0.9677829146385193,-0.24874085187911987,-0.02374887466430664,0.030984293669462204
226.9394349420447,1.0762407012108033,-1.8232258022707746,1.9616914639039094,-1.6376463780159651,-1.539622675546271,0.0,0.120749332010746,0.6667891144752502,0.6646056175231934,0.968706488609314,-0.24511991441249847,-0.023863982409238815,0.030894417315721512
227.27244959274697,1.0836821382297308,-1.810553620414039,1.9534994230652771,-1.6423578742387894,-1.5390900999695571,0.0,0.1204230785369873,0.6767629384994507,0.6640710234642029,0.9696099162101746,-0.24152135848999023,-0.023979229852557182,0.030806539580225945
227.52570784778925,1.0927876029084758,-1.8138900022168605,1.95522396912175,-1.6410418367981574,-1.5384441846103785,0.0,0.11292044073343277,0.6756681203842163,0.6645931005477905,0.9706974029541016,-0.23711340129375458,-0.024117344990372658,0.03069516085088253
227.72560077847572,1.1023152537441743,-1.821135833091673,1.9593696256183,-1.6382537081948783,-1.5377694669762902,0.0,0.10375075042247772,0.6717655062675476,0.6653542518615723,0.9718137979507446,-0.23249563574790955,-0.02426261454820633,0.03057965449988842
227.92551999108525,1.1118817772678535,-1.8284112268595443,1.963532196337909,-1.635454204064188,-1.537091996503279,0.0,0.09463103860616684,0.6677368879318237,0.666075587272644,0.9729124903678894,-0.2278536707162857,-0.02441011369228363,0.030465736985206604
228.12476807402106,1.1235494985561898,-1.833440861423284,1.9661207973263695,-1.6334177865962742,-1.5362765336081181,0.0,0.08496126532554626,0.6654481887817383,0.6667875051498413,0.9742228984832764,-0.22218461334705353,-0.02458442747592926,0.030319830402731895
228.32469090016218,1.135706921660384,-1.8379759941315048,1.9683612741582228,-1.6315488554385402,-1.5354288291828713,0.0,0.07519546896219254,0.663433313369751,0.6674891710281372,0.9755531549453735,-0.2162693440914154,-0.024767382070422173,0.030169352889060974
228.71264480227072,1.1479039848307282,-1.842525913933916,1.970609056210028,-1.6296738305096108,-1.5345783607623926,0.0,0.0654601976275444,0.6612733006477356,0.6681768894195557,0.9768514037132263,-0.21032653748989105,-0.024953708052635193,0.030021701008081436
229.01348301629525,1.1484780857201575,-1.8326679570923232,1.9644839343121066,-1.6334254534401114,-1.5345376957264505,0.0,0.06828727573156357,0.6684762239456177,0.6677231192588806,0.9769115447998047,-0.2100466638803482,-0.02496298961341381,0.030015451833605766
229.21343892301422,1.1471859112067042,-1.8205193069211725,1.9570284661828559,-1.6380718625527584,-1.5346270606053785,0.0,0.0731455534696579,0.6771822571754456,0.6669760942459106,0.9767758846282959,-0.21067668497562408,-0.024943603202700615,0.030031561851501465
229.41315862770182,1.1449867459460654,-1.808743415911042,1.9496545192591714,-1.6423947407736008,-1.534779364476869,0.0,0.07855121791362762,0.6855460405349731,0.6662372946739197,0.9765441417694092,-0.21174874901771545,-0.024910608306527138,0.0300588458776474
229.70614580378086,1.1421797637445368,-1.7972310562943068,1.9423434011194012,-1.6464952762062488,-1.534973847040727,0.0,0.08434692770242691,0.6936578750610352,0.6654745936393738,0.9762464165687561,-0.21311672031879425,-0.024868473410606384,0.030093757435679436
229.89756242308823,1.1507945292626678,-1.791729483011907,1.938366666757367,-1.6483364595416683,-1.5343807190238936,0.0,0.08006765693426132,0.6985934972763062,0.6654772758483887,0.9771538972854614,-0.20891691744327545,-0.0249955914914608,0.02998407557606697
230.16597542324536,1.1651804537552857,-1.789281408231601,1.9360853194617174,-1.6490302549873377,-1.5333896271264873,0.0,0.07061047852039337,0.7018131017684937,0.6659008860588074,0.9786288738250732,-0.2018948793411255,-0.025211364030838013,0.029805095866322517
230.40267848973244,1.172340878651025,-1.7965767041703553,1.940485021191779,-1.6464018864044727,-1.5328989988059674,0.0,0.06322039663791656,0.6970605254173279,0.6666457653045654,0.9793442487716675,-0.19839566946029663,-0.02531834878027439,0.02971555106341839
230.60263452683657,1.177089743532656,-1.8071573627269788,1.9471363135368698,-1.6426530408438744,-1.532575414147003,0.0,0.05659213662147522,0.6896159052848816,0.6674202680587769,0.9798117876052856,-0.19607345759868622,-0.025388702750205994,0.02965540811419487
230.80667158897052,1.1824631408096384,-1.8172909462378648,1.9534549392965865,-1.6390437171223053,-1.5322100482549341,0.0,0.049743104726076126,0.6825131773948669,0.668117880821228,0.9803341627120972,-0.1934443861246109,-0.02546827867627144,0.029587410390377045
231.0128776802234,1.1932445374323166,-1.8232711900369079,1.95670772656518,-1.6367395688872632,-1.5314830057848938,0.0,0.04048728197813034,0.6788142323493958,0.6688817739486694,0.9813613891601562,-0.18816497921943665,-0.025625549256801605,0.029448051005601883
231.2629324164268,1.2040708534473827,-1.8292763498025166,1.9599740661807268,-1.6344258206957116,-1.530752934179841,0.0,0.031280066817998886,0.6749815344810486,0.6696197390556335,0.9823639988899231,-0.182857945561409,-0.02578582614660263,0.029310721904039383
231.5014236563284,1.2044242797491538,-1.8411435054018104,1.9671600965893463,-1.629757685597999,-1.5307285937522856,0.0,0.0276554636657238,0.6661879420280457,0.6703313589096069,0.9823961853981018,-0.18268461525440216,-0.02579141966998577,0.029306739568710327
231.73432810554712,1.2030487528972917,-1.854008554911923,1.9750115085314484,-1.6246890058759402,-1.5308207600825752,0.0,0.02491781860589981,0.6565894484519958,0.6709179878234863,0.9822704195976257,-0.18335923552513123,-0.025771314278244972,0.029324445873498917
231.95201094141544,1.1915117922940757,-1.8641751972886467,1.9814632718606893,-1.6205255512777275,-1.5316012416243179,0.0,0.029662322252988815,0.6485393643379211,0.6710427403450012,0.981198251247406,-0.18901385366916656,-0.025599252432584763,0.02946920320391655
232.2320924876038,1.177645868474474,-1.873826283618548,1.9876567849381792,-1.616529192296583,-1.5325394746300476,0.0,0.03590906411409378,0.640730082988739,0.6710155606269836,0.9798662662506104,-0.19580133259296417,-0.02539564110338688,0.02964691072702408
232.41416472280667,1.1792451765666427,-1.8815726887948978,1.9919858695808665,-1.6131739717588862,-1.5324312279657655,0.0,0.03253919631242752,0.6351904273033142,0.6714827418327332,0.9800222516059875,-0.1950189173221588,-0.025418948382139206,0.029626213014125824
232.64346165930505,1.1901872799467617,-1.8881645742593167,1.9951864192840938,-1.6102077407417879,-1.5316907861179394,0.0,0.023524656891822815,0.6309420466423035,0.6722514629364014,0.9810730218887329,-0.18966256082057953,-0.02557964436709881,0.029486041516065598
232.84609379359907,1.2011752143141967,-1.8947840698283576,1.9984003744860406,-1.6072290856695148,-1.5309472429302928,0.0,0.014571288600564003,0.6265575289726257,0.6729888916015625,0.9820985794067383,-0.18427793681621552,-0.025743363425135612,0.029347898438572884
233.04622342285063,1.2160780161607494,-1.89594551829364,1.9983914741397364,-1.6066729118971714,-1.5299598241915446,0.0,0.004725513979792595,0.626175045967102,0.6736149787902832,0.9834429025650024,-0.17696505784988403,-0.025955572724342346,0.029149524867534637
233.2461956463411,1.2315262817475738,-1.8963447336876675,1.9979325477068597,-1.6064550483479931,-1.5289384306717237,0.0,-0.005254166200757027,0.6262111067771912,0.6742289066314697,0.9847787022590637,-0.1693737953901291,-0.026178762316703796,0.028947241604328156
233.61626315654746,1.2469731341940007,-1.8967439125632004,1.9974736632545844,-1.6062372047280284,-1.5279171305845567,0.0,-0.015233065001666546,0.6260878443717957,0.6748428344726562,0.9860556125640869,-0.1617727279663086,-0.026406601071357727,0.028750356286764145
233.88150098005727,1.2458231042326147,-1.8879664664314173,1.9925598373379405,-1.6100487901873954,-1.527990450166568,0.0,-0.012297863140702248,0.6326120495796204,0.6744255423545837,0.985962450504303,-0.16233906149864197,-0.026391156017780304,0.028766654431819916
234.08153174648479,1.2409106803976873,-1.8771214399542286,1.9866432886663252,-1.61476831047067,-1.5283119160976908,0.0,-0.006363041698932648,0.6406286358833313,0.6736886501312256,0.9855612516403198,-0.16475732624530792,-0.026320382952690125,0.02883131057024002
234.36511894054905,1.2360141045961472,-1.8663114007557182,1.9807458274480807,-1.6194726050491737,-1.5286323449434598,0.0,-0.00036514271050691605,0.6485884189605713,0.6728602051734924,0.9851553440093994,-0.16716672480106354,-0.026250310242176056,0.02889612689614296
234.61087952451373,1.2469921749892185,-1.8570827054194108,1.974802327173132,-1.6232302792653956,-1.5279176683150462,0.0,-0.005302559584379196,0.6557114720344543,0.6728389859199524,0.9860572218894958,-0.1617632955312729,-0.026405824348330498,0.028748979791998863
234.91955749790037,1.2610796417739278,-1.8482454128612764,1.9688965777610201,-1.6267676303450496,-1.5270002345765352,0.0,-0.012587585486471653,0.66255784034729,0.6729331016540527,0.9871708154678345,-0.15482206642627716,-0.026609037071466446,0.028564225882291794
235.15949520326302,1.2681863282094168,-1.854364118053175,1.9721859296514024,-1.6242487921379878,-1.5265407535838187,0.0,-0.018834199756383896,0.6579788327217102,0.6735694408416748,0.9877140522003174,-0.1513172835111618,-0.0267109926789999,0.02847043052315712
235.35947912416503,1.2731899217454758,-1.8650518718670406,1.9782829790772096,-1.619879669593138,-1.5262192595224608,0.0,-0.02467343769967556,0.6498949527740479,0.6743029952049255,0.9880890846252441,-0.14884841442108154,-0.026782169938087463,0.028403669595718384
235.5594928660159,1.278051884566527,-1.8758631818886746,1.984276396128676,-1.6152793172272586,-1.525908381571904,0.0,-0.030358964577317238,0.6417040228843689,0.6750757694244385,0.9884476661682129,-0.14644849300384521,-0.026850929483771324,0.02833843044936657
235.7594161578183,1.282825263582665,-1.8867585576421901,1.9902060939172803,-1.610528687781768,-1.5256041676800505,0.0,-0.03592023625969887,0.6334327459335327,0.6758383512496948,0.9887940287590027,-0.14409135282039642,-0.026918279007077217,0.028274191543459892
235.99949349066964,1.287613314735067,-1.897687422971364,1.9961540180678952,-1.605763456126327,-1.5252990187131363,0.0,-0.041415922343730927,0.6251111030578613,0.6765076518058777,0.9891357421875,-0.14172613620758057,-0.02698625810444355,0.028210248798131943
236.23671020212015,1.3007176973615966,-1.9018339163359361,1.9978238797133177,-1.603898441949933,-1.5244792857751668,0.0,-0.05064278095960617,0.6216682195663452,0.6772461533546448,0.9900425672531128,-0.13524802029132843,-0.027165737003087997,0.02802816778421402
236.4366791287287,1.314406214078749,-1.9055340152647249,1.9992102606407078,-1.6022241250990454,-1.5236233908102046,0.0,-0.060066044330596924,0.6184083819389343,0.6779840588569641,0.9909443855285645,-0.12847471237182617,-0.027356751263141632,0.027841586619615555
236.79837778969613,1.3277400569369044,-1.9087449395524154,2.0003431626666512,-1.6007689707669959,-1.5227896971357564,0.0,-0.06909428536891937,0.6153963804244995,0.6786776185035706,0.9917778372764587,-0.12187070399522781,-0.027546413242816925,0.02766362391412258
237.1773446579181,1.3285929461978527,-1.8958179614145712,1.9931514188508743,-1.6065451772202266,-1.5227371978598199,0.0,-0.06719861179590225,0.6251990795135498,0.6781499981880188,0.9918296933174133,-0.12144811451435089,-0.02755822241306305,0.0276518352329731
237.37688752987665,1.329693974002265,-1.882933083597055,1.9859577671625028,-1.6122894966126597,-1.522669594340261,0.0,-0.06548299640417099,0.6349852085113525,0.6775107979774475,0.9918963313102722,-0.120902419090271,-0.027573339641094208,0.02763654850423336
237.57711487156817,1.338578471522575,-1.8702075164075591,1.978065949397841,-1.6175564868293126,-1.5221281575776526,0.0,-0.06892476230859756,0.64436274766922,0.6773788332939148,0.992423415184021,-0.11649807542562485,-0.02769407071173191,0.027512285858392715
237.79908308698361,1.347402181600237,-1.857569017134276,1.9702281271932724,-1.6227874404704596,-1.5215904253077384,0.0,-0.07250788807868958,0.6536880135536194,0.6771179437637329,0.9929274320602417,-0.11212141811847687,-0.02781553380191326,0.0273903738707304
237.97991169848657,1.3463251613839584,-1.8508875833559217,1.9663791445346497,-1.6255698079378038,-1.5216580017801848,0.0,-0.07060925662517548,0.6589082479476929,0.6766698956489563,0.9928669333457947,-0.11265571415424347,-0.027799567207694054,0.02740408666431904
238.3043106442239,1.3310074340363136,-1.8527415893824721,1.968248280887868,-1.6248439386292326,-1.522596231340444,0.0,-0.0606582909822464,0.6581341624259949,0.6760976910591125,0.9919757843017578,-0.12025129050016403,-0.027587255463004112,0.027614349499344826
238.5499487666779,1.3160987095307617,-1.8539228828879477,1.9696885043200887,-1.6243826820587262,-1.5235101979197263,0.0,-0.05088628828525543,0.6577171683311462,0.6755120754241943,0.9910523295402527,-0.12763696908950806,-0.02738487347960472,0.027823233976960182
238.80058329863246,1.3073547172648434,-1.845747113183042,1.965139750920757,-1.6276019297053406,-1.5240574679857566,0.0,-0.04332641139626503,0.6642165780067444,0.674763560295105,0.9904853105545044,-0.13196490705013275,-0.027261817827820778,0.027941299602389336
239.13204568920943,1.2986462326551425,-1.8376045436927717,1.9606094691265015,-1.6308081046118106,-1.5246025156942216,0.0,-0.03568669408559799,0.6706134080886841,0.6739642024040222,0.9899018406867981,-0.1362726390361786,-0.027140846475958824,0.0280605535954237
239.3402615269951,1.3070086067726452,-1.8317448229643487,1.9565580064486645,-1.633012666865955,-1.5240839593881985,0.0,-0.04018046706914902,0.6749987006187439,0.6740368008613586,0.9904626607894897,-0.1321360021829605,-0.027254190295934677,0.027943242341279984
239.54027601390402,1.3220340989539467,-1.8267980245500703,1.9527068749229006,-1.634817828194144,-1.5231502481632622,0.0,-0.049540985375642776,0.6784953474998474,0.6744474768638611,0.9914267659187317,-0.12469734251499176,-0.027462653815746307,0.02773721143603325
239.86879296252957,1.3348968417675515,-1.8216651635399057,1.94883759739098,-1.636688275763593,-1.522350549170975,0.0,-0.05747603625059128,0.6820889711380005,0.6747401356697083,0.9922072887420654,-0.11832356452941895,-0.027644960209727287,0.027564864605665207
240.24504312140445,1.3255627325664208,-1.8143011826454756,1.9445771422442517,-1.6393451626064894,-1.5229261143299888,0.0,-0.04955156147480011,0.6881112456321716,0.6739794015884399,0.9916448593139648,-0.1229495033621788,-0.027515066787600517,0.02769237384200096
240.44722530187744,1.3165273272259566,-1.8067445308996328,1.940165783809184,-1.6420582407244633,-1.523483360558593,0.0,-0.04169058799743652,0.6941942572593689,0.673185408115387,0.991079568862915,-0.1274246871471405,-0.02739093452692032,0.027817465364933014
240.64997082187222,1.3132180311975932,-1.79549440711765,1.9328616314119957,-1.645848497365556,-1.5236894355710888,0.0,-0.03704012930393219,0.7030215263366699,0.6725252866744995,0.990867555141449,-0.12906308472156525,-0.02734481357038021,0.02786261774599552
240.98783442514653,1.3099179682786728,-1.7842756717709227,1.9255778579829914,-1.649628178991877,-1.523894935623494,0.0,-0.0323416143655777,0.7118136882781982,0.6717627644538879,0.9906535148620605,-0.13069652020931244,-0.02729899436235428,0.0279078371822834
241.2879930416107,1.3225649844203042,-1.7803284418806224,1.9222341018425342,-1.6508359251954956,-1.5231144122546993,0.0,-0.04071684181690216,0.7147477865219116,0.6721376180648804,0.9914596676826477,-0.12443450093269348,-0.027471715584397316,0.027731727808713913
241.51467507402927,1.3367783338514667,-1.7771302974709062,1.9193005585835443,-1.651779395781147,-1.522237035754276,0.0,-0.05045582726597786,0.716955840587616,0.6726239323616028,0.9923181533813477,-0.1173907145857811,-0.027669917792081833,0.0275378730148077
241.73033703888166,1.3475358220390816,-1.7816204632662023,1.9217808098560696,-1.6502952186721072,-1.5215823548207295,0.0,-0.059111010283231735,0.7130791544914246,0.6733561754226685,0.9929348826408386,-0.11205510795116425,-0.027817361056804657,0.027388520538806915
241.93009058783161,1.3573769287046102,-1.788154085271752,1.9256998653449582,-1.6481657921887893,-1.5209867319406083,0.0,-0.06737565249204636,0.7075239419937134,0.6741236448287964,0.9934738278388977,-0.1071709543466568,-0.027952522039413452,0.027252092957496643
242.12774661207902,1.3636041591433694,-1.7976218876066656,1.931618113524399,-1.6449276907872665,-1.520613542582181,0.0,-0.0734340101480484,0.6997584700584412,0.6749382019042969,0.9938026070594788,-0.10407883673906326,-0.028036970645189285,0.02716483734548092
242.3276569026183,1.368921976604802,-1.8078479020246405,1.9380522390543022,-1.6414035637791917,-1.5202963412433348,0.0,-0.07887652516365051,0.6914086937904358,0.6756935715675354,0.99407559633255,-0.10143740475177765,-0.028108933940529823,0.027090152725577354
242.6694334075739,1.3742575238268122,-1.8181080102769016,1.9445078161488742,-1.637867687227521,-1.5199780823458504,0.0,-0.0842478945851326,0.683003842830658,0.6763649582862854,0.994342565536499,-0.09878639131784439,-0.028181741014122963,0.027015717700123787
242.93338893847877,1.3851425936898618,-1.812450342227007,1.940243277966609,-1.639821626190649,-1.5193397632703116,0.0,-0.09098099917173386,0.6867732405662537,0.6766274571418762,0.994865357875824,-0.09337549656629562,-0.028326010331511497,0.026859864592552185
243.15521767344376,1.397418787574768,-1.8026309908067994,1.933179026227417,-1.6432108527407043,-1.5186212839634792,0.0,-0.09820540249347687,0.6936815977096558,0.6767227053642273,0.9954195618629456,-0.08726947754621506,-0.028491005301475525,0.026686176657676697
243.33107223067273,1.4004497239885147,-1.7924440262653536,1.9262141552666496,-1.64658828556989,-1.5184428025083128,0.0,-0.09895333647727966,0.7015639543533325,0.6763941049575806,0.9955505132675171,-0.08576136827468872,-0.028532877564430237,0.026644350960850716
243.53974289559952,1.3957738483508828,-1.781934869206519,1.9193215340262837,-1.649961042583753,-1.5187144590265267,0.0,-0.09412729740142822,0.7102934122085571,0.6756889820098877,0.9953473806381226,-0.08808789402246475,-0.028470441699028015,0.026710931211709976
243.73865071051947,1.3906014977169747,-1.7718168081255286,1.9126950976642336,-1.65318419802627,-1.5190160122809029,0.0,-0.08891250938177109,0.7187262177467346,0.6749114394187927,0.9951163530349731,-0.09066084027290344,-0.0284013282507658,0.026784416288137436
243.9385636273884,1.3822478369651219,-1.7639963917215973,1.9076362861438343,-1.6555189570820055,-1.5195089920908165,0.0,-0.08160145580768585,0.7255021929740906,0.6741714477539062,0.9947291612625122,-0.09481476247310638,-0.028287701308727264,0.026901256293058395
244.13846451156965,1.373925646677506,-1.7562054369084668,1.9025965325133545,-1.657844920478742,-1.5200001147145286,0.0,-0.07421081513166428,0.7321849465370178,0.6733839511871338,0.9943262934684753,-0.09895125031471252,-0.02817593514919281,0.02701905556023121
244.33715484404198,1.366505440577237,-1.7477925142301254,1.8969937049980439,-1.660277362950918,-1.520439301035462,0.0,-0.06728634983301163,0.7392659187316895,0.6726053357124329,0.9939523339271545,-0.1026378944516182,-0.028076834976673126,0.02712465450167656
244.53718905636302,1.361454007681735,-1.737690256516595,1.8898698294668754,-1.663003116572678,-1.520742142579222,0.0,-0.061764538288116455,0.747576117515564,0.6719093322753906,0.9936901330947876,-0.1051466166973114,-0.02800784446299076,0.027195101603865623
244.84061292375014,1.356420722633395,-1.727624292312802,1.8827715472687312,-1.6657190776145594,-1.5210438961302948,0.0,-0.05617905780673027,0.7558275461196899,0.6711307764053345,0.9934225082397461,-0.10764565318822861,-0.02793968841433525,0.027265790849924088
245.00263661687896,1.3625997962076388,-1.722897566608286,1.8789305084038885,-1.6669187192423327,-1.5206777419858377,0.0,-0.06012270227074623,0.7594231963157654,0.671169638633728,0.9937503337860107,-0.10457750409841537,-0.02802109159529209,0.027176789939403534
245.22078364375733,1.3757947091544276,-1.7215167441721642,1.8771312895276682,-1.667168232910085,-1.519893660856631,0.0,-0.07008794695138931,0.7600091695785522,0.6717564463615417,0.9944183826446533,-0.09802228212356567,-0.028198787942528725,0.026990553364157677
245.49086300624958,1.388901889389688,-1.72024511744611,1.8754184553974877,-1.6673906067012854,-1.5191148896915052,0.0,-0.08002745360136032,0.7603805661201477,0.6723439693450928,0.9950388669967651,-0.09150613844394684,-0.02837889827787876,0.02680891379714012
245.76246880492621,1.3959574823806171,-1.728888434402091,1.8814373595347054,-1.6651338459575111,-1.5187046889408853,0.0,-0.08671966195106506,0.7529667019844055,0.6731509566307068,0.995355486869812,-0.08799653500318527,-0.028472397476434708,0.026707828044891357
246.11823188930043,1.4030130753715448,-1.7375317513580704,1.887456263671922,-1.6628770852137373,-1.5182944881902654,0.0,-0.0933104157447815,0.7455014586448669,0.6738951802253723,0.995659589767456,-0.08448570221662521,-0.028566956520080566,0.02660774253308773
246.35427829543278,1.4099837468528478,-1.73082960317028,1.8820239960689462,-1.6645147172114414,-1.5178933760114446,0.0,-0.09771301597356796,0.7504522204399109,0.673978328704834,0.9959479570388794,-0.0810159370303154,-0.02865912951529026,0.0265077892690897
246.6417527366039,1.4168991605914982,-1.7188158641947158,1.8726296764609025,-1.6675005652783148,-1.5174969047307265,0.0,-0.1014745905995369,0.7597123384475708,0.6737390160560608,0.9962221384048462,-0.07757255434989929,-0.028750857338309288,0.026408687233924866
246.81890598494795,1.4248212567247864,-1.7187969508556094,1.8721712625658549,-1.667486204709472,-1.5170477747750302,0.0,-0.10759259760379791,0.7590964436531067,0.6741254329681396,0.9965214729309082,-0.07362659275531769,-0.028854509815573692,0.026294037699699402
247.0553999487502,1.433375596055723,-1.7260414064136074,1.8771226431590882,-1.6656550376707588,-1.5165654734274427,0.0,-0.11501467972993851,0.7524431347846985,0.6749073266983032,0.996827244758606,-0.06936421245336533,-0.02896650694310665,0.02617022581398487
247.2628575320161,1.4396658232379898,-1.7343976122678932,1.88297135891678,-1.663486991753742,-1.5162106281072822,0.0,-0.12072982639074326,0.7450405955314636,0.6756245493888855,0.9970403909683228,-0.06622910499572754,-0.029049934819340706,0.02608025074005127
247.48398813455634,1.4371703328344771,-1.7469535159504375,1.8922187599525726,-1.6600427297708502,-1.5163503737782678,0.0,-0.12020909786224365,0.7350707650184631,0.6761581897735596,0.9969570636749268,-0.06747296452522278,-0.029017286375164986,0.02611634135246277
247.75679678772553,1.4346671400915472,-1.759548173471394,1.9014947031223715,-1.6565878370619105,-1.5164905507747308,0.0,-0.1197352260351181,0.7250880002975464,0.6765599846839905,0.9968717098236084,-0.06872061640024185,-0.02898464910686016,0.026152728125452995
247.9954923028226,1.4455516839661742,-1.7684644293830325,1.909834155816459,-1.6617154128971934,-1.5311988318329357,0.0,-0.12403590232133865,0.7174792885780334,0.6761146783828735,0.9974954724311829,-0.0630476102232933,-0.02133050560951233,0.023929689079523087
248.19543999527647,1.4676740650846423,-1.7744351436565213,1.9174961609361847,-1.6740251334149545,-1.5581699596566354,0.0,-0.13216525316238403,0.7117310762405396,0.6752094626426697,0.9984465837478638,-0.05165261775255203,-0.007329853717237711,0.019562603905797005
248.39544375334933,1.4901841640974516,-1.7805105009498294,1.9252924507188292,-1.6865505946747956,-1.5856137847380047,0.0,-0.14023970067501068,0.7058725953102112,0.6745128631591797,0.9990594983100891,-0.04018237069249153,0.0068170358426868916,0.014799635857343674
248.59532819037392,1.5130474698311929,-1.786681186878824,1.9332110723467486,-1.699272593368667,-1.6134882318020358,0.0,-0.14824740588665009,0.6999114751815796,0.6740372776985168,0.9993202686309814,-0.02867008186876774,0.021074004471302032,0.009637054055929184
248.79534547125056,1.5362726987276984,-1.7929495539652966,1.9412550447274282,-1.7121959796509123,-1.6418039277457874,0.0,-0.15619288384914398,0.6938429474830627,0.6737930774688721,0.9992170333862305,-0.017127452418208122,0.035431306809186935,0.004062930587679148
248.99525391777112,1.5598067162239562,-1.7993012614702424,1.949405964900913,-1.7252911874627508,-1.6704960920610867,0.0,-0.16406017541885376,0.6876773834228516,0.6737909317016602,-0.9987396597862244,0.005597322713583708,-0.04984042048454285,0.0019185278797522187
249.28859623329905,1.5836420266111066,-1.8057342863412762,1.9576612367560813,-1.7385540459113364,-1.6995555861420706,0.0,-0.17184948921203613,0.6814125180244446,0.6740389466285706,-0.997879683971405,-0.005900068674236536,-0.06428111344575882,0.008311892859637737
249.53724526091622,1.5954288503323266,-1.7969825094832927,1.952442231723696,-1.743032733493049,-1.7047069250034925,0.0,-0.17853932082653046,0.6865958571434021,0.6735733151435852,-0.9976555109024048,-0.011726737022399902,-0.06679476797580719,0.009192748926579952
249.7371775492947,1.60463503900264,-1.7851336710363166,1.944458281629592,-1.7456570364489774,-1.7048574396926042,0.0,-0.18511863052845,0.6940849423408508,0.6728259325027466,-0.9975901246070862,-0.01635979488492012,-0.06683765351772308,0.00888266135007143
249.93085043727564,1.610732766825021,-1.772911288104253,1.9356914502977123,-1.7482905926615817,-1.7049547740009927,0.0,-0.189705029129982,0.7026023268699646,0.6723876595497131,-0.9975348711013794,-0.019428430125117302,-0.0668671652674675,0.008677282370626926
250.13082642330932,1.6133859852196928,-1.760244764027611,1.9260330748665282,-1.7509405867154955,-1.7049931624240842,0.0,-0.1919935792684555,0.7123352289199829,0.6722920536994934,-0.9975080490112305,-0.02076362445950508,-0.06687863916158676,0.008587782271206379
250.32811550646232,1.6146623203614123,-1.747972069104016,1.916433829527732,-1.753441748261093,-1.7050116357123501,0.0,-0.19333690404891968,0.7221077680587769,0.6722719669342041,-0.9974945187568665,-0.021405871957540512,-0.06688429415225983,0.008544664829969406
250.52811553924488,1.6122837126397778,-1.7366902659685257,1.9069478377419422,-1.7555586552058935,-1.7049772442416775,0.0,-0.1920209527015686,0.7320118546485901,0.672693133354187,-0.9975193738937378,-0.020208900794386864,-0.06687386333942413,0.008624951355159283
250.7280902400534,1.6099091004826733,-1.725427413907663,1.8974777804425191,-1.7576720061888493,-1.7049429105414977,0.0,-0.19066187739372253,0.741912841796875,0.6730062961578369,-0.9975428581237793,-0.019013892859220505,-0.06686373054981232,0.008705091662704945
250.9264452405195,1.6133480499311346,-1.7130531903289274,1.8873565664031757,-1.7594607209193411,-1.7049913948777482,0.0,-0.1936289668083191,0.751375675201416,0.6728926301002502,-0.9975084662437439,-0.02074449509382248,-0.06687785685062408,0.008589031174778938
251.12640561758684,1.6172297212924078,-1.7006195676964984,1.8772067340091025,-1.7612204474043764,-1.7050461871702787,0.0,-0.1970004141330719,0.7607842683792114,0.6726241111755371,-0.997465968132019,-0.02269783802330494,-0.06689460575580597,0.008458093740046024
251.32564217074918,1.6206197386909704,-1.6882680614701648,1.866998562356779,-1.7629060794985416,-1.7050939610592395,0.0,-0.20007026195526123,0.7702566385269165,0.6723270416259766,-0.9974256157875061,-0.024403732270002365,-0.0669097974896431,0.008343761786818504
251.52561228945063,1.6212666497066297,-1.6762529420233483,1.8563552661896425,-1.7641904512701418,-1.705102570468551,0.0,-0.20107491314411163,0.7802033424377441,0.6724815368652344,-0.9974175691604614,-0.02472921647131443,-0.06691248714923859,0.008321884088218212
251.72556694819735,1.6219128113939867,-1.6642517398987609,1.845724298337925,-1.765473335331538,-1.7051111699054335,0.0,-0.20209205150604248,0.7901491522789001,0.6725125312805176,-0.997409462928772,-0.02505440078675747,-0.06691521406173706,0.008300026878714561
251.9239347264092,1.6237420044201516,-1.652210926683297,1.83491561139205,-1.7664580638796235,-1.7051329110369695,0.0,-0.20406539738178253,0.7998692393302917,0.6724964380264282,-0.9973860383033752,-0.025974825024604797,-0.06692180037498474,0.00823816005140543
252.12394040300654,1.627512042003423,-1.64009814795137,1.8238092256450453,-1.7669544901959924,-1.7051762128539207,0.0,-0.2076410949230194,0.8092083930969238,0.6724799871444702,-0.9973350167274475,-0.027871886268258095,-0.06693505495786667,0.008110584691166878
252.32385443746256,1.6312726914137723,-1.628015532542432,1.8127304970944558,-1.7674496803082125,-1.7052194068403963,0.0,-0.21128128468990326,0.8185166120529175,0.6723381280899048,-0.9972804188728333,-0.02976405620574951,-0.06694898009300232,0.007983430288732052
252.52393393068718,1.6350287529592686,-1.615947657514879,1.8016652842173009,-1.7679442663052751,-1.7052625481316719,0.0,-0.2149902731180191,0.8278037905693054,0.6720712184906006,-0.9972221851348877,-0.03165384754538536,-0.06696362048387527,0.007856460288167
252.7238236948769,1.638773586826573,-1.603915855968985,1.7906331476483492,-1.7684373738781038,-1.705305560464322,0.0,-0.21876093745231628,0.8370514512062073,0.6716805100440979,-0.9971605539321899,-0.03353789821267128,-0.06697893887758255,0.00773000018671155
252.9238086588602,1.6425122633438918,-1.591903837413659,1.7796191503956802,-1.7689296706710649,-1.7053485020750132,0.0,-0.2225978672504425,0.8462709188461304,0.6711663603782654,-0.9970954060554504,-0.03541877120733261,-0.06699489057064056,0.007603915873914957
253.3771234563336,1.6462440807570164,-1.5799138565196469,1.7686253598002064,-1.7694210642794415,-1.7053913649035526,0.0,-0.22649945318698883,0.8554580807685852,0.6705291271209717,-0.9970268607139587,-0.037296004593372345,-0.06701157242059708,0.00747802946716547
253.68330851611748,1.648088519406468,-1.5870657003096273,1.7759615930783086,-1.7693557377300726,-1.705410225344904,0.0,-0.2275879681110382,0.8487955927848816,0.6702790856361389,-0.9969916343688965,-0.03822385147213936,-0.06701888144016266,0.007415710017085075
253.8832731958951,1.6495371060252597,-1.5982343532646162,1.787144322552632,-1.7691735978750138,-1.7054240512437164,0.0,-0.22805142402648926,0.8388112783432007,0.6700273752212524,-0.996963381767273,-0.038952477276325226,-0.06702427566051483,0.007366704288870096
254.08323420626178,1.6509858670820448,-1.6094043511425695,1.798328398645007,-1.7689914360867753,-1.705437878807436,0.0,-0.2284867912530899,0.8288291692733765,0.6696682572364807,-0.9969346523284912,-0.03968120738863945,-0.06702977418899536,0.007317719515413046
254.28297687736406,1.648959005316018,-1.6214413169752726,1.8094971928844903,-1.7683977239784459,-1.705418473827297,0.0,-0.2260182946920395,0.8191540241241455,0.6698705554008484,-0.996974766254425,-0.038661714643239975,-0.06702206283807755,0.007386212702840567
254.48295616027966,1.646832278877974,-1.633515822972841,1.8206777903466238,-1.7677917994428656,-1.7053981139529903,0.0,-0.22350776195526123,0.809475839138031,0.6699666976928711,-0.9970157146453857,-0.03759187459945679,-0.06701422482728958,0.007458123378455639
254.6772262681748,1.6506249087661975,-1.6433564475791622,1.8302829908058136,-1.767042578806987,-1.7054326789497591,0.0,-0.22588184475898743,0.8000695109367371,0.6694799661636353,-0.9969419240951538,-0.03949965164065361,-0.0670274943113327,0.007329773623496294
254.8770982999827,1.6558489816647983,-1.6526564909332668,1.8395068692690062,-1.7662587275858015,-1.7054805261248192,0.0,-0.2293487936258316,0.7907209992408752,0.6688034534454346,-0.996834397315979,-0.04212726280093193,-0.0670471265912056,0.007153100799769163
255.07128416043773,1.6563343514701714,-1.6640184613580153,1.8497377578304852,-1.7650619524855493,-1.7054853956836504,0.0,-0.22890909016132355,0.7810218334197998,0.6687467098236084,-0.9968239665031433,-0.042371395975351334,-0.06704917550086975,0.007136781699955463
255.27122419742003,1.655065466028312,-1.6761492138741252,1.8603463161995688,-1.763711729262724,-1.7054743552642202,0.0,-0.22706659138202667,0.7711964249610901,0.6688279509544373,-0.9968509674072266,-0.04173315316438675,-0.06704458594322205,0.007179686799645424
255.4711932730402,1.6537947312223091,-1.6882976466141513,1.8709703362382513,-1.7623595381282722,-1.7054632987536953,0.0,-0.22524787485599518,0.7613648772239685,0.6687830686569214,-0.9968774318695068,-0.04109405726194382,-0.06704001128673553,0.007222671061754227
255.66921057594075,1.6493465664684597,-1.7005386889655885,1.8809548067707555,-1.760705334419524,-1.7054199041206766,0.0,-0.2210870385169983,0.7523902058601379,0.6691951751708984,-0.9969672560691833,-0.03885667026042938,-0.06702238321304321,0.007372966501861811
255.86918920693054,1.6438916957561094,-1.7128412005504394,1.890765509317163,-1.7589521774501093,-1.7053662687691764,0.0,-0.21626724302768707,0.7436420917510986,0.6696628332138062,-0.9970703721046448,-0.03611266613006592,-0.06700192391872406,0.00755738653242588
256.06462775212776,1.6402276421356279,-1.7250590446639043,1.9005987831320341,-1.7570637582985764,-1.7053303337491719,0.0,-0.212860107421875,0.7344864010810852,0.6698980331420898,-0.9971354603767395,-0.03426939249038696,-0.06698909401893616,0.007681434508413076
256.2672458864911,1.6406180050297579,-1.7370279019789363,1.9104361592640775,-1.754879405333325,-1.7053344710117655,0.0,-0.21245276927947998,0.7244967818260193,0.6697729825973511,-0.9971286654472351,-0.034465741366147995,-0.06699053943157196,0.007668187376111746
256.47585463709237,1.6454347910143843,-1.7425119065808432,1.915477444946477,-1.7537841258791376,-1.7053775981696386,0.0,-0.21556992828845978,0.7186852693557739,0.6691916584968567,-0.9970421195030212,-0.03688891977071762,-0.06700564920902252,0.007505051326006651
256.79091372853003,1.6584770128194668,-1.7358950425411535,1.9115651716271376,-1.7547217796261483,-1.7054931758047658,0.0,-0.225308358669281,0.7205639481544495,0.6679250001907349,-0.9967778921127319,-0.04344908520579338,-0.06705181300640106,0.007063701283186674
257.0126466413824,1.668337914529605,-1.735016222409154,1.911912919575814,-1.754612250303595,-1.7055779153862543,0.0,-0.23239760100841522,0.7185100317001343,0.6669567823410034,-0.9965490698814392,-0.04840782657265663,-0.06709106266498566,0.006730535067617893
257.3104541425906,1.6717933981414708,-1.7458435018344785,1.9209605174073965,-1.7523639378394762,-1.705600466128298,0.0,-0.23395401239395142,0.708640992641449,0.6665832996368408,-0.9964631795883179,-0.050145212560892105,-0.06710241734981537,0.006613526027649641
257.61552764825456,1.6744749475054916,-1.756466303896615,1.9297556583459656,-1.7501725517045075,-1.705617043467498,0.0,-0.23492923378944397,0.6991757154464722,0.6661944389343262,-0.9963945150375366,-0.05149345099925995,-0.06711120158433914,0.006522673182189465
257.9358305530265,1.6608987746396384,-1.7624417674578632,1.9329663592581594,-1.7492477874611623,-1.7055082862050495,0.0,-0.22507153451442719,0.6981363296508789,0.6675059795379639,-0.9967243075370789,-0.044667039066553116,-0.06705813109874725,0.006981550715863705
258.24866703201207,1.6472395117111196,-1.7684538025659433,1.936196710578655,-1.7483173633960332,-1.705398863317035,0.0,-0.21522563695907593,0.6969510912895203,0.6687971949577332,-0.9970080256462097,-0.03779679909348488,-0.067014180123806,0.007444215472787619
258.5202133626154,1.6488495560979806,-1.778580890990307,1.9440927539900197,-1.7458684015439467,-1.7054168900114732,0.0,-0.21569159626960754,0.6882849335670471,0.6686082482337952,-0.996976912021637,-0.0386066734790802,-0.06702141463756561,0.007389876060187817
258.73382145806414,1.65277549821941,-1.789350458131207,1.9527104585576391,-1.7431847903650273,-1.7054542556844505,0.0,-0.2176465392112732,0.6784924864768982,0.6681063771247864,-0.9968984127044678,-0.04058140516281128,-0.06703632324934006,0.007257115561515093
258.94511284105437,1.663078300382968,-1.7950442058125544,1.957999669936151,-1.741383695811382,-1.705533316496154,0.0,-0.2241278886795044,0.6710910201072693,0.6670966744422913,-0.9966742992401123,-0.0457630529999733,-0.06706978380680084,0.006908162962645292
259.1586250298128,1.673424816814979,-1.8007581714164091,1.963264376274775,-1.7395318877157404,-1.7056115493462893,0.0,-0.23050834238529205,0.6636109948158264,0.666087806224823,-0.9964215755462646,-0.050965484231710434,-0.06710820645093918,0.006558329798281193
259.3746618454366,1.6771197349858582,-1.8118177298194613,1.9714658262946705,-1.7361724535477683,-1.7056311629013712,0.0,-0.23198918998241425,0.6537242531776428,0.6658391356468201,-0.9963248372077942,-0.05282306298613548,-0.0671190470457077,0.006433101836591959
259.5746685837417,1.680823639839084,-1.8229041869882399,1.9796872236646015,-1.7328048486527776,-1.7056508241600234,0.0,-0.23340563476085663,0.6438309550285339,0.6654883027076721,-0.9962244033813477,-0.054685018956661224,-0.06713065505027771,0.006307623814791441
259.77463989453605,1.6845358064935152,-1.8340153732223792,1.987926959397259,-1.729429732095559,-1.7056705292743946,0.0,-0.234757199883461,0.6339345574378967,0.6650345325469971,-0.9961202144622803,-0.056550923734903336,-0.06714294850826263,0.006181864067912102
259.9765778251494,1.6850260866615778,-1.8454883022793722,1.995998992497977,-1.7259622525972922,-1.7056720113841213,0.0,-0.23402142524719238,0.6247014999389648,0.6648457646369934,-0.9961062073707581,-0.05679730325937271,-0.06714410334825516,0.006165240425616503
260.19442738423504,1.6757011389663408,-1.8580219443484298,2.003531299220625,-1.722225872022229,-1.705617983146117,0.0,-0.22720970213413239,0.6174331903457642,0.6656560897827148,-0.996362566947937,-0.05210991948843002,-0.0671120136976242,0.006480926647782326
260.5859216387086,1.6663002722533087,-1.870657629005433,2.0111249301830223,-1.7184590717222903,-1.7055635150374668,0.0,-0.22050242125988007,0.6100532412528992,0.6663447022438049,-0.9965983033180237,-0.04738322272896767,-0.06708408147096634,0.00679958937689662
260.9564067083997,1.6611394845033718,-1.8608188085460104,2.004062606140683,-1.7219350622048342,-1.705522749760116,0.0,-0.21808771789073944,0.6191816926002502,0.6669182777404785,-0.9967184066772461,-0.04478801414370537,-0.06706525385379791,0.006974026560783386
261.1563501540226,1.65614345284138,-1.850206283361092,1.996497468269981,-1.7256595748427217,-1.7054825814230277,0.0,-0.21574115753173828,0.6288877129554749,0.6673981547355652,-0.9968281388282776,-0.042275357991456985,-0.06704793870449066,0.0071430872194468975
261.35624291707103,1.6517479073178405,-1.8393534321334888,1.98861970801909,-1.729230186765661,-1.7054438788550732,0.0,-0.21370260417461395,0.6386603713035583,0.6678800582885742,-0.9969194531440735,-0.040064554661512375,-0.06703205406665802,0.007291817106306553
261.5562161463899,1.6477420508638105,-1.8283565345592516,1.9805486736379985,-1.7326986149770476,-1.7054061539332104,0.0,-0.21184460818767548,0.6484748721122742,0.6683235168457031,-0.9969983100891113,-0.03804954141378403,-0.06701724976301193,0.0074272663332521915
261.7506666700942,1.6410444529270496,-1.8193727811937952,1.97353903687681,-1.7355791404594625,-1.7053337183876676,0.0,-0.20804722607135773,0.6574006676673889,0.6689850091934204,-0.9971214532852173,-0.03468035161495209,-0.06698957830667496,0.007653460372239351
261.95065589953487,1.6310722974089689,-1.8128392142407472,1.9678214089422827,-1.7377441116298529,-1.7052190555202267,0.0,-0.20186194777488708,0.6651943325996399,0.6699801683425903,-0.9972833395004272,-0.029663214460015297,-0.06694918125867844,0.007990344427525997
262.180537637181,1.6227002953069616,-1.8110828672111647,1.9656883484498295,-1.738499789052023,-1.7051209839035912,0.0,-0.1964101642370224,0.6686986088752747,0.6707934141159058,-0.9973995089530945,-0.02545067109167576,-0.066918283700943,0.008273397572338581
262.5323791226906,1.6191998845191808,-1.8240851974674819,1.9746218709366188,-1.7349038081470916,-1.7050733194950405,0.0,-0.19358474016189575,0.6591129302978516,0.6710612177848816,-0.997442901134491,-0.023689253255724907,-0.06690306216478348,0.008391551673412323
262.7882230931332,1.6156848372510377,-1.8371418951575087,1.9835927477039115,-1.7312927911486586,-1.7050254557844016,0.0,-0.1908186376094818,0.6495005488395691,0.671190083026886,-0.9974832534790039,-0.021920448169112206,-0.06688837707042694,0.008510241284966469
262.9331341030135,1.6074875905329988,-1.8415329901051367,1.9859487906930569,-1.7303625805754466,-1.7048938091174901,0.0,-0.18541239202022552,0.6479297876358032,0.67182856798172,-0.9975658655166626,-0.017795410007238388,-0.06684668362140656,0.008785841055214405
263.18305623132136,1.5949178381279316,-1.837811960882211,1.9821134966264957,-1.7319415203084314,-1.704683906001814,0.0,-0.1774018406867981,0.6538021564483643,0.6730324029922485,-0.997658908367157,-0.011469732038676739,-0.06678521633148193,0.00920894742012024
263.43793905304614,1.58240904665501,-1.8341089779503068,1.9782968030139305,-1.7335128024810427,-1.7044750208767219,0.0,-0.16931256651878357,0.6595498323440552,0.6742198467254639,-0.9977110028266907,-0.005174361169338226,-0.06673193722963333,0.009631128050386906
263.6364885882383,1.5714308066824854,-1.84058597096961,1.9817621489206199,-1.7319766125834362,-1.7042671026802823,0.0,-0.16211970150470734,0.6567222476005554,0.6751565933227539,-0.9977242946624756,0.00035046800621785223,-0.06667938083410263,0.010000762529671192
263.83645526104624,1.5612233048252628,-1.8526319367624293,1.9892046437717357,-1.7287429301763617,-1.7040585522668106,0.0,-0.1555563062429428,0.6492135524749756,0.675869345664978,-0.9977090954780579,0.005487152840942144,-0.06662826985120773,0.010344250127673149
264.0349843815809,1.5535112965580562,-1.8655033228967615,1.9971400689466274,-1.7248392919201514,-1.703886435041984,0.0,-0.1507657766342163,0.6405385732650757,0.676443874835968,-0.9976803660392761,0.009367675520479679,-0.06658588349819183,0.010603033937513828
264.23496770643646,1.5466885124889107,-1.8787142759338509,2.005279012187986,-1.7206793238021165,-1.7037271247310954,0.0,-0.1466829776763916,0.6314210891723633,0.6768746376037598,-0.9976422786712646,0.012800444848835468,-0.06654734909534454,0.010831760242581367
264.4349116922265,1.5398263745490632,-1.8920014298491161,2.0134649009162198,-1.7164953609561553,-1.703566895517115,0.0,-0.14270834624767303,0.6222525835037231,0.6771658658981323,-0.9975919127464294,0.01625284180045128,-0.06651093810796738,0.011062233708798885
264.70016393524827,1.5378805564577527,-1.9010926915800719,2.019333532305711,-1.7135315595259009,-1.7035138886873213,0.0,-0.1417454034090042,0.6154645681381226,0.6770303845405579,-0.9975757002830505,0.01723167859017849,-0.06649722158908844,0.011127064004540443
265.08715565153955,1.5540049110358285,-1.8946421086279888,2.016605248288342,-1.7150924650275936,-1.7038551531235955,0.0,-0.15147820115089417,0.617412805557251,0.675778329372406,-0.9976840615272522,0.009118827059864998,-0.06656739115715027,0.010583092458546162
265.28706689202784,1.5699997077788954,-1.888243355568245,2.0138988858039477,-1.7166408287846555,-1.7041936755287816,0.0,-0.16123126447200775,0.6191927194595337,0.6745051741600037,-0.997725248336792,0.001070187776349485,-0.06664985418319702,0.010045305825769901
265.4869405070841,1.5858785031364324,-1.8818910091138812,2.011212151064937,-1.7181779631185488,-1.7045297428188033,0.0,-0.17100834846496582,0.6208071112632751,0.6732105612754822,-0.9977007508277893,-0.006920504849404097,-0.06674432754516602,0.00951352808624506
265.6868283341229,1.6017287594689715,-1.8761100261960895,2.0088607631138533,-1.7194736781288091,-1.7048001868575815,0.0,-0.18086494505405426,0.6218221783638,0.6719048023223877,-0.9976134896278381,-0.014897337183356285,-0.06681876629590988,0.00897984579205513
265.92536389648905,1.617515115333963,-1.8706254985428357,2.0066800857524423,-1.7206477496369934,-1.7050378233673051,0.0,-0.19075560569763184,0.6224610805511475,0.6705886125564575,-0.997463047504425,-0.0228415559977293,-0.0668897032737732,0.008447499014437199
266.1020062893525,1.6260933444608983,-1.8740445329309887,2.009636589180507,-1.7190277223269124,-1.7051650873181614,0.0,-0.19587941467761993,0.6177036762237549,0.6698634028434753,-0.9973544478416443,-0.027157990261912346,-0.06693251430988312,0.008158828131854534
266.3532327051889,1.6275495549662766,-1.8863082601472005,2.017699640778897,-1.7146302165568974,-1.7051832833653826,0.0,-0.19622203707695007,0.6077144742012024,0.669647216796875,-0.9973342418670654,-0.027890676632523537,-0.06693847477436066,0.008109684102237225
266.6352095183844,1.6291239393927983,-1.89852337112296,2.025887387342578,-1.710584815771525,-1.705173993258553,0.0,-0.19662071764469147,0.5978050231933594,0.6692256331443787,-0.9973122477531433,-0.028676418587565422,-0.0669277012348175,0.008153134025633335
266.91923176077563,1.6388295436564297,-1.9052587192992214,2.041571962589186,-1.7322166023390078,-1.7032142291668613,0.0,-0.20280399918556213,0.5931627154350281,0.6628865003585815,-0.9971814155578613,-0.03310283273458481,-0.06569112837314606,0.014768458902835846
267.119205753779,1.6485317118407223,-1.9119916829572106,2.0572509850187326,-1.7538407305955934,-1.7012551588913114,0.0,-0.2089081108570099,0.5883890390396118,0.6565678119659424,-0.9969894886016846,-0.03753785043954849,-0.06438980251550674,0.0213694479316473
267.3191848318036,1.6582304472432532,-1.9187222643853301,2.0729244599602112,-1.7754572078909014,-1.699296781766054,0.0,-0.21493065357208252,0.5834848880767822,0.650270402431488,-0.9967366456985474,-0.041980911046266556,-0.06302408874034882,0.027955731377005577
267.51916636851985,1.6679253009032011,-1.9254501520205527,2.0885916618781892,-1.7970650335840233,-1.6973391884456497,0.0,-0.22086869180202484,0.5784513354301453,0.6439946889877319,-0.9964226484298706,-0.04643109813332558,-0.06159425526857376,0.03452608361840248
267.71913766068775,1.6776155876563819,-1.9321748703830202,2.1042514835248434,-1.818662680585559,-1.6953825172790493,0.0,-0.22671914100646973,0.5732901096343994,0.6377412676811218,-0.9960475564002991,-0.050887331366539,-0.06010080501437187,0.04107937216758728
267.9191042403634,1.687301313339095,-1.9388964235229191,2.1199039343318242,-1.8402501619034137,-1.6934267670877827,0.0,-0.23247939348220825,0.5680024027824402,0.6315101981163025,-0.9956113696098328,-0.0553489550948143,-0.05854408070445061,0.04761476814746857
268.11907102493007,1.6969824837777059,-1.9456148154835424,2.1355490237147303,-1.8618274905233523,-1.6914719366953845,0.0,-0.23814710974693298,0.5625891089439392,0.6253021359443665,-0.995113730430603,-0.059815336018800735,-0.05692435801029205,0.05413181707262993
268.319042689627,1.7066591047886537,-1.9523300503012941,2.151186761073119,-1.883394679409016,-1.6895180249273942,0.0,-0.2437196671962738,0.5570516586303711,0.6191170811653137,-0.9945549368858337,-0.06428571790456772,-0.05524197593331337,0.060629650950431824
268.5190167757626,1.716330859166757,-1.9590419078469292,2.1668166337929966,-1.9049510215755943,-1.6875650958341595,0.0,-0.2491944283246994,0.5513914823532104,0.612955629825592,-0.9939349889755249,-0.06875934451818466,-0.053497426211833954,0.06710731238126755
268.7189818466957,1.725996949091991,-1.965749834461397,2.1824373525710037,-1.926494738847096,-1.6856133105121964,0.0,-0.2545683681964874,0.5456106066703796,0.6068182587623596,-0.9932537078857422,-0.07323507219552994,-0.05169112607836723,0.07356365025043488
268.918960868841,1.7356582357539516,-1.9724544277800022,2.1980503091178094,-1.948027750637193,-1.68366249506935,0.0,-0.25983959436416626,0.539709746837616,0.6007049083709717,-0.9925112128257751,-0.07771266251802444,-0.04982340708374977,0.07999856024980545
269.11893817735273,1.7453134917179272,-1.9791548360062046,2.213653519858608,-1.969547321247523,-1.6817128973503088,0.0,-0.2650049924850464,0.5336911678314209,0.594616174697876,-0.9917076230049133,-0.08219083398580551,-0.047894760966300964,0.08641036599874496
269.3189084078129,1.7549624603295495,-1.9858508810308937,2.2292465700315107,-1.9910528786485262,-1.6797645691789476,0.0,-0.27006205916404724,0.5275567770004272,0.588552713394165,-0.990842878818512,-0.08666873723268509,-0.04590579867362976,0.09279847890138626
269.51888370466787,1.7646052121446847,-1.992542611817361,2.2448295736571158,-2.012544580094652,-1.6778174963085637,0.0,-0.2750084698200226,0.5213080048561096,0.5825144052505493,-0.9899170398712158,-0.09114579856395721,-0.04385676980018616,0.09916207194328308
269.71885842410285,1.774241218302624,-1.9992296613548657,2.260401676079147,-2.0340212468646506,-1.6758717855271743,0.0,-0.27984175086021423,0.5149468183517456,0.5765019655227661,-0.9889304041862488,-0.09562109410762787,-0.04174834489822388,0.10550020635128021
269.918835956132,1.7838704916590415,-2.005912038564793,2.2759628980727973,-2.0554829076111636,-1.6739274342389496,0.0,-0.2845594882965088,0.5084750652313232,0.5705155730247498,-0.9878827929496765,-0.10009381920099258,-0.03958093747496605,0.11181240528821945
270.11880857077796,1.7934921582519014,-2.012589136948214,2.2915118272867137,-2.0769276144533886,-1.6719846189150676,0.0,-0.2891590893268585,0.5018951296806335,0.5645556449890137,-0.9867746233940125,-0.10456303507089615,-0.03735519200563431,0.11809731274843216
270.31878785369355,1.8031064398981043,-2.0192611104382583,2.307048822184291,-2.0983558617753646,-1.6700432947660662,0.0,-0.2936384081840515,0.49520865082740784,0.5586221814155579,-0.9856058359146118,-0.10902803391218185,-0.03507152572274208,0.12435421347618103
270.5187472249325,1.8127117902275005,-2.0259268859084036,2.322571383780582,-2.119764203037535,-1.668103774036357,0.0,-0.2979947328567505,0.4884186089038849,0.5527164936065674,-0.9843767881393433,-0.11348751932382584,-0.03273075819015503,0.1305818259716034
270.72242551339326,1.8223090957487418,-2.0325870785644895,2.3380809447026834,-2.141154614084517,-1.666165877721338,0.0,-0.3022262156009674,0.4815264046192169,0.5468379855155945,-0.9830874800682068,-0.11794114857912064,-0.030333172529935837,0.1367799937725067
270.87391422262453,1.8228405109014176,-2.040425935940384,2.347972558207609,-2.155025938521338,-1.6646513073453815,0.0,-0.3020070791244507,0.47773629426956177,0.5450801849365234,-0.9823228120803833,-0.11793321371078491,-0.02878013625741005,0.14249616861343384
271.23581792319175,1.8070234025730463,-2.0504065186195315,2.347752961001563,-2.155365670632833,-1.6638970616153015,0.0,-0.29394471645355225,0.4795590937137604,0.5506987571716309,-0.9825300574302673,-0.1098862811923027,-0.028886981308460236,0.14739415049552917
271.43574356192704,1.79111959060138,-2.060441811228113,2.347532160043388,-2.1557072650323765,-1.6631386813840612,0.0,-0.2858433425426483,0.4811984598636627,0.5563206672668457,-0.9826440215110779,-0.10180039703845978,-0.02907407656311989,0.15232211351394653
271.6358175976014,1.7751168289304964,-2.070539541017601,2.3473099853146704,-2.1560509847502494,-1.6623755826931264,0.0,-0.2777020037174225,0.48265254497528076,0.5619490146636963,-0.9826631546020508,-0.09367069602012634,-0.029343102127313614,0.15728262066841125
271.83585134426113,1.7590275044980244,-2.0806918918402784,2.3470866087897586,-2.1563965637302047,-1.6616083562190371,0.0,-0.26953238248825073,0.4839179813861847,0.5675783753395081,-0.9825860261917114,-0.08550488948822021,-0.029695240780711174,0.16227099299430847
272.0358381150102,1.7428490497378444,-2.0909004838283094,2.346861994821787,-2.156744057120418,-1.6608368795262798,0.0,-0.26133865118026733,0.48499244451522827,0.573208212852478,-0.9824110269546509,-0.07730299979448318,-0.030132027342915535,0.16728657484054565
272.2357864966428,1.7265782841458897,-2.101167323877211,2.3466360992541486,-2.15709353323422,-1.6600610009511263,0.0,-0.25312498211860657,0.4858742356300354,0.5788390636444092,-0.9821368455886841,-0.06906493008136749,-0.03065481223165989,0.1723295897245407
272.43569656366464,1.7102115105827604,-2.1114947448789816,2.346408870757521,-2.1574450714816367,-1.6592805441938672,0.0,-0.2448953241109848,0.48656147718429565,0.584470272064209,-0.9817618727684021,-0.060790322721004486,-0.03126532956957817,0.1773994117975235
272.63558168986793,1.6937448833732536,-2.121885173451592,2.3461802559403786,-2.1577987544630606,-1.658495325871798,0.0,-0.23665368556976318,0.4870520234107971,0.5901023149490356,-0.9812844395637512,-0.05247868597507477,-0.03196517005562782,0.18249636888504028
272.83561238178964,1.6771607365596246,-2.132349756800222,2.3459500095369696,-2.1581549616216233,-1.6577045035759956,0.0,-0.2283974289894104,0.487343966960907,0.5957396626472473,-0.9807024002075195,-0.04412278160452843,-0.03275678679347038,0.18762437999248505
273.0356724662518,1.6604655146846325,-2.142884428423555,2.34571822102026,-2.158513554536441,-1.6569083846173005,0.0,-0.22013628482818604,0.48743537068367004,0.6013792753219604,-0.9800140261650085,-0.03572751209139824,-0.03364164009690285,0.1927804797887802
273.2356908088362,1.643660630674968,-2.1534882967659814,2.3454849100066513,-2.1588745028595793,-1.65610703637174,0.0,-0.21187762916088104,0.48732393980026245,0.6070184707641602,-0.9792175889015198,-0.027295395731925964,-0.03462131321430206,0.19796222448349
273.43568216169234,1.626741641932495,-2.1641641651033647,2.3452500148172244,-2.1592379020126042,-1.6553002469920788,0.0,-0.2036258578300476,0.48700806498527527,0.6126576066017151,-0.9783113598823547,-0.018825901672244072,-0.035697776824235916,0.2031697928905487
273.63565114418026,1.609704373615698,-2.1749146677573554,2.345013477490467,-2.1596038416659975,-1.6544878173991728,0.0,-0.19538605213165283,0.4864858388900757,0.6182969212532043,-0.9772931933403015,-0.010318838059902191,-0.03687308356165886,0.20840319991111755
273.8355964710748,1.5925443073393746,-2.1857426558253956,2.344775235295268,-2.159972418869138,-1.6536695321318466,0.0,-0.18716320395469666,0.4857553541660309,0.6239357590675354,-0.9761609435081482,-0.0017739043105393648,-0.038149282336235046,0.2136618047952652
274.0355304358339,1.5752564297345384,-2.1966512927392974,2.344535218628398,-2.16034374130305,-1.6528451521254075,0.0,-0.17896227538585663,0.48481500148773193,0.6295744180679321,-0.9749122262001038,0.006809413433074951,-0.03952876478433609,0.21894562244415283
274.23545167872663,1.557836272392135,-2.207643398061593,2.3442933654525926,-2.160717904943688,-1.6520144643018144,0.0,-0.17078886926174164,0.48366308212280273,0.6352126598358154,-0.9735448956489563,0.01543124858289957,-0.041013769805431366,0.22425442934036255
274.43535641858335,1.5402790634177055,-2.2187219828538627,2.344049609517139,-2.161095012285498,-1.651177241111193,0.0,-0.16264864802360535,0.4822978377342224,0.6408498287200928,-0.9720565676689148,0.02409176155924797,-0.042606715112924576,0.22958731651306152
274.88026862997435,1.5225734176968213,-2.2298942311141854,2.3438037927565256,-2.161475307866792,-1.6503329396493807,0.0,-0.15454469621181488,0.4807172119617462,0.6464883685112,-0.9704437851905823,0.03279419243335724,-0.04431071877479553,0.23494656383991241
275.2984865264255,1.5500040745318626,-2.2213614941746225,2.342448952057843,-2.165962802775744,-1.6629361185580547,0.0,-0.16386914253234863,0.48078662157058716,0.6453137993812561,-0.970841109752655,0.02090848609805107,-0.04720202833414078,0.2340986281633377
275.49858291384163,1.578551309433908,-2.2122986291423254,2.3410751150675297,-2.170527219048954,-1.6758170444698641,0.0,-0.17377755045890808,0.4807206392288208,0.6439297795295715,-0.9711029529571533,0.008480037562549114,-0.050133977085351944,0.23318152129650116
275.6984180280227,1.6066713538470194,-2.203371383890983,2.33972183663911,-2.1750233318515773,-1.6885052158449534,0.0,-0.183671772480011,0.4804595708847046,0.6425617933273315,-0.971165120601654,-0.0037847671192139387,-0.05305836349725723,0.23239795863628387
275.89851693000975,1.6344518268966408,-2.1945519420555133,2.338384900098148,-2.1794651506021587,-1.7010401677019387,0.0,-0.19357389211654663,0.48000240325927734,0.6412060856819153,-0.971034824848175,-0.015919717028737068,-0.05597992613911629,0.23174162209033966
276.0983458974618,1.661831851790963,-2.185859630136351,2.3370672351430453,-2.183842941712834,-1.7133944315505187,0.0,-0.20345357060432434,0.4793512225151062,0.6398655772209167,-0.9707192182540894,-0.027894018217921257,-0.05888815596699715,0.23121027648448944
276.29843285989347,1.68889581761465,-2.1772676572065595,2.3357647805452273,-2.1881701981510533,-1.725606084968121,0.0,-0.21333295106887817,0.47850465774536133,0.6385358572006226,-0.970224142074585,-0.03974081203341484,-0.06178821623325348,0.23079827427864075
276.54039998031226,1.7067049139869723,-2.1741860918753417,2.339980937677991,-2.1967911828119844,-1.7323936099992407,0.0,-0.22005422413349152,0.4763233959674835,0.6354418396949768,-0.9694771766662598,-0.04753102734684944,-0.06296593695878983,0.2321421056985855
276.85401890215843,1.6993473655925393,-2.1863227661545865,2.3596650199983547,-2.2176129486295584,-1.7243178929644536,0.0,-0.21800364553928375,0.470851331949234,0.6273289918899536,-0.9683995842933655,-0.04430783912539482,-0.0593726709485054,0.2381468564271927
277.0539846063909,1.692009553931012,-2.1984268836247187,2.3792962994753766,-2.238378859750902,-1.7162638391606224,0.0,-0.21605144441127777,0.4653737246990204,0.6191956996917725,-0.9672520160675049,-0.04115094617009163,-0.05584259703755379,0.2441551834344864
277.25394297180145,1.6846913268813257,-2.2104986952176677,2.398875183087496,-2.259089346676643,-1.7082312816181793,0.0,-0.2141970843076706,0.4598919451236725,0.6110427975654602,-0.9660357236862183,-0.038060445338487625,-0.05237582325935364,0.2501663267612457
277.45390688789456,1.67739223495286,-2.2225389423925392,2.4184028733834286,-2.2797456814593606,-1.7002197269718262,0.0,-0.2124398797750473,0.4544066786766052,0.6028704047203064,-0.9647518992424011,-0.0350363589823246,-0.04897237569093704,0.2561795115470886
277.653874901807,1.6701120120329394,-2.2345480641165936,2.43788008231008,-2.300348617194451,-1.692228883133689,0.0,-0.21077920496463776,0.44891950488090515,0.5946788787841797,-0.963401734828949,-0.03207864612340927,-0.045632388442754745,0.2621939182281494
277.85385036630004,1.6628505919434327,-2.2465261695542402,2.457306986917699,-2.3208983411651607,-1.6842586774660042,0.0,-0.20921432971954346,0.44343119859695435,0.5864688158035278,-0.9619865417480469,-0.029187452048063278,-0.042356010526418686,0.2682085931301117
278.05382767481177,1.6556078014455473,-2.2584735444722437,2.476684050682227,-2.341395343635009,-1.6763089198201795,0.0,-0.2077447474002838,0.4379432499408722,0.5782408118247986,-0.9605074524879456,-0.026362763717770576,-0.03914332762360573,0.2742227017879486
278.25380658519833,1.6483838687902987,-2.2703898123581996,2.496010662950285,-2.361838978656604,-1.668379860726761,0.0,-0.20636975765228271,0.4324568510055542,0.5699953436851501,-0.9589658379554749,-0.023604772984981537,-0.035994742065668106,0.28023481369018555
278.4537739844379,1.6411786508093265,-2.282275209376068,2.5152872067486154,-2.3822296513945354,-1.6604713430427567,0.0,-0.2050887942314148,0.4269734025001526,0.5617334842681885,-0.9573628902435303,-0.020913509652018547,-0.03291016072034836,0.2862442135810852
278.6537535653767,1.6339916060301145,-2.2941306287140697,2.5345151307105147,-2.4025688942089487,-1.6525827724426396,0.0,-0.20390109717845917,0.42149364948272705,0.5534545183181763,-0.955699622631073,-0.018288837745785713,-0.02988959290087223,0.29225030541419983
278.85373033372133,1.6268227004055273,-2.3059561265347965,2.553694525924288,-2.422856803452792,-1.644714111555942,0.0,-0.2028060108423233,0.41601893305778503,0.545159637928009,-0.9539772868156433,-0.01573074981570244,-0.02693312242627144,0.29825225472450256
279.0537105107066,1.6196720938011224,-2.317751439131359,2.572824964692199,-2.443092926708627,-1.6368655358526623,0.0,-0.20180292427539825,0.4105503261089325,0.5368489027023315,-0.9521971344947815,-0.01323933620005846,-0.024040911346673965,0.304248571395874
279.25367997748225,1.612539648670061,-2.329516793394714,2.591906815001403,-2.4632776532322103,-1.6290368943600446,0.0,-0.2008911520242691,0.40508919954299927,0.5285233855247498,-0.9503604173660278,-0.010814580135047436,-0.021213028579950333,0.3102388083934784
279.45365169805854,1.6054252288405717,-2.3412524139475654,2.6109404411602544,-2.4834113683878747,-1.621228037614623,0.0,-0.20007000863552094,0.3996365964412689,0.520182728767395,-0.9484680891036987,-0.008456422947347164,-0.018449416384100914,0.31622177362442017
279.65362874579995,1.5983282663496121,-2.3529592376756927,2.629927362673715,-2.50349567950361,-1.6134383422146101,0.0,-0.19933870434761047,0.39419326186180115,0.5118273496627808,-0.9465214014053345,-0.006164602003991604,-0.015750039368867874,0.32219716906547546
279.8536073581633,1.5912488179647868,-2.3646371709378595,2.648867427668069,-2.5235304259278353,-1.6056678704686833,0.0,-0.19869667291641235,0.38876041769981384,0.5034577250480652,-0.944521427154541,-0.003939241636544466,-0.013114802539348602,0.3281640112400055
280.0535887458679,1.5841869994827706,-2.376286022721183,2.667760326345657,-2.543515279957475,-1.597916749476405,0.0,-0.1981431245803833,0.38333937525749207,0.49507397413253784,-0.9424695372581482,-0.001780192251317203,-0.010543925687670708,0.3341209888458252
280.2535594606158,1.577142680013368,-2.387906008936125,2.6866064088847237,-2.563450612010073,-1.5901848355714174,0.0,-0.1976774036884308,0.3779313266277313,0.4866771399974823,-0.9403665065765381,0.0003125784278381616,-0.008037310093641281,0.3400677442550659
280.4535284803566,1.5701157299588773,-2.3994973433611086,2.7054060220056297,-2.5833367888454304,-1.5824719865060157,0.0,-0.19729875028133392,0.3725370764732361,0.4782671630382538,-0.9382138252258301,0.002339230850338936,-0.005594942718744278,0.346002995967865
280.6534948737678,1.563106020998179,-2.4110602376687655,2.7241595090134187,-2.603174173610639,-1.5747780614336853,0.0,-0.19700652360916138,0.3671577572822571,0.46984434127807617,-0.9360122680664062,0.004299777094274759,-0.0032167299650609493,0.35192617774009705
280.853473523384,1.556113008796699,-2.4225955897684353,2.7428683261984195,-2.622964306765431,-1.5671024628874772,0.0,-0.1967998743057251,0.3617943227291107,0.4614081382751465,-0.9337630867958069,0.006194576621055603,-0.0009024653118103743,0.35783666372299194
281.053449770188,1.549136745593197,-2.4341033134894574,2.761532333803203,-2.6427070404747988,-1.5594452482051642,0.0,-0.19667814671993256,0.3564477264881134,0.45295974612236023,-0.9314673542976379,0.00802366342395544,0.0013478101463988423,0.36373379826545715
281.38140031219876,1.5421773508195995,-2.4455832118224046,2.7801512123045056,-2.6624020367479506,-1.5518065484763965,0.0,-0.19664056599140167,0.35111916065216064,0.444499135017395,-0.9291260838508606,0.009787154383957386,0.003534147283062339,0.3696163296699524
281.58361100212875,1.578646806432059,-2.4240038913844777,2.782909240313165,-2.688380503971719,-1.5755405145277501,0.0,-0.20235314965248108,0.3500303030014038,0.4424521327018738,-0.9289031624794006,-0.0027677598409354687,-0.0007499241037294269,0.3703116774559021
281.80061809578876,1.6396256332315446,-2.383313593306307,2.7755360087391088,-2.716385555208632,-1.6171715312969892,0.0,-0.2120056450366974,0.35177522897720337,0.44435328245162964,-0.9293826818466187,-0.023463454097509384,-0.008894072845578194,0.3682636320590973
282.00064809853177,1.6956003215798978,-2.3459624851714023,2.768767850656384,-2.7420924127761017,-1.6553861594161197,0.0,-0.22176435589790344,0.3533822298049927,0.44584161043167114,-0.9291052222251892,-0.04256606474518776,-0.01650199294090271,0.3669866919517517
282.20051845395903,1.7474014885540368,-2.3113963080964344,2.7625043323180827,-2.7658825447183397,-1.6907514716753698,0.0,-0.2315937578678131,0.3547718822956085,0.4469914436340332,-0.9282292127609253,-0.06030659377574921,-0.02362845651805401,0.3663266599178314
282.4004550450478,1.7958029589582045,-2.2790986998685248,2.756651886993278,-2.7881113367393437,-1.7237957680616807,0.0,-0.241488516330719,0.3559001088142395,0.44786176085472107,-0.9268681406974792,-0.07691411674022675,-0.030340036377310753,0.3661682605743408
282.60040070721845,1.8413361176769463,-2.248715074962152,2.751146262481421,-2.80902283192258,-1.7548818317606356,0.0,-0.2514303922653198,0.3567388653755188,0.44849520921707153,-0.9251060485839844,-0.092546246945858,-0.03668219968676567,0.36642637848854065
282.8004811503921,1.8844523846615446,-2.219944207306887,2.7459328755113566,-2.828824348767411,-1.7843178528858883,0.0,-0.2614109218120575,0.3572719097137451,0.4489257335662842,-0.9230052828788757,-0.10734043270349503,-0.042697567492723465,0.3670370280742645
283.0005613327954,1.9254574228928516,-2.1925821323718417,2.7409747669603894,-2.8476562656295603,-1.8123125114227632,0.0,-0.27140936255455017,0.357489675283432,0.44917863607406616,-0.9206159710884094,-0.12138911336660385,-0.04841388761997223,0.3679496645927429
283.20048756757717,1.9634640097441802,-2.167132766148414,2.7348744982661772,-2.860644750231751,-1.8376104338117751,0.0,-0.2814047336578369,0.3576231896877289,0.4492098093032837,-0.9185653328895569,-0.13479092717170715,-0.053745344281196594,0.36766892671585083
283.4003454246555,1.9988394469409891,-2.1433612526266743,2.7277625090182793,-2.8684774918128713,-1.860537873128358,0.0,-0.29139575362205505,0.3576912581920624,0.44902870059013367,-0.916808009147644,-0.14769010245800018,-0.058819010853767395,0.36632081866264343
283.6001788997088,2.0328561837939,-2.1205027557672387,2.7209236771643988,-2.8760093933331117,-1.8825847149978805,0.0,-0.30138009786605835,0.3574816584587097,0.44870856404304504,-0.9148035645484924,-0.16013780236244202,-0.06377703696489334,0.36527055501937866
283.800105153117,2.0656694207826463,-2.098452984270976,2.714326800711555,-2.883274818897833,-1.903851547564631,0.0,-0.3113546073436737,0.3569948673248291,0.4482630789279938,-0.9125747680664062,-0.1721772402524948,-0.06862516701221466,0.36448991298675537
284.0002053775821,2.097406605050449,-2.077126296468738,2.7079462572848993,-2.890301987537448,-1.924420971550291,0.0,-0.3213147521018982,0.35623183846473694,0.44770312309265137,-0.9101404547691345,-0.18384389579296112,-0.07336816936731339,0.3639545440673828
284.2001461968754,2.1281136488062726,-2.0564918403687846,2.7017728165494206,-2.8971010650194136,-1.9443227434601744,0.0,-0.3312358558177948,0.35519644618034363,0.4470394253730774,-0.9075221419334412,-0.19514523446559906,-0.07800073176622391,0.36364489793777466
284.39904218399863,2.153091734734422,-2.0373367665496644,2.6922553858805607,-2.898442497771613,-1.9597675015379123,0.0,-0.3410966396331787,0.35617056488990784,0.44788503646850586,-0.9054973721504211,-0.20475436747074127,-0.0817967876791954,0.3625730574131012
284.59891620883684,2.1767454809639544,-2.0187953867071182,2.6824802834847357,-2.899002508072573,-1.9742672313191558,0.0,-0.35099637508392334,0.35720643401145935,0.44877737760543823,-0.9034541845321655,-0.21394270658493042,-0.08543815463781357,0.36152371764183044
284.7991174072955,2.199863763418595,-2.0006737389926608,2.6729264658350154,-2.8995498410907548,-1.9884387221834756,0.0,-0.36095088720321655,0.35798001289367676,0.4494919180870056,-0.9012890458106995,-0.2229386419057846,-0.08903973549604416,0.3606221079826355
284.9989277669225,2.2223978780842586,-1.98301000085253,2.663614060260075,-2.9000833437424416,-2.002252118604535,0.0,-0.37091338634490967,0.35849130153656006,0.45003747940063477,-0.8990175724029541,-0.23171879351139069,-0.09258785098791122,0.3598628640174866
285.19879655772786,2.244432628961765,-1.9657376972693612,2.6545080208190504,-2.90060502379053,-2.0157594053751167,0.0,-0.38089606165885925,0.3587453365325928,0.4504254162311554,-0.8966417908668518,-0.24031220376491547,-0.0960903987288475,0.35923558473587036
285.3965479866598,2.2625343728387364,-1.950067182935404,2.6438148764891456,-2.898798001952157,-2.0266405636361537,0.0,-0.390558123588562,0.3602278530597687,0.4519122838973999,-0.8946394324302673,-0.24749070405960083,-0.09898975491523743,0.35856616497039795
285.64786122177827,2.278164111879997,-1.9354147113305475,2.6321486429499927,-2.895544341356798,-2.0358727646354904,0.0,-0.4000752866268158,0.36244043707847595,0.4540327787399292,-0.8928716778755188,-0.2537807524204254,-0.10151315480470657,0.35786938667297363
285.88877516714274,2.281174393480943,-1.9209299185083932,2.6237428169866006,-2.8993000931466946,-2.028725179518028,0.0,-0.40854132175445557,0.36691224575042725,0.4535906910896301,-0.8930836319923401,-0.2567586302757263,-0.098234623670578,0.3561270534992218
286.0943212286692,2.2761671665892935,-1.9065167598052821,2.6173899941926457,-2.907522241555659,-2.011144332303565,0.0,-0.4162411093711853,0.3729459047317505,0.4515211880207062,-0.8945434093475342,-0.2576161324977875,-0.0912349745631218,0.3536975681781769
286.2942974754732,2.2711661191084396,-1.8921213883585533,2.6110450114072634,-2.915734243024264,-1.9935851815848706,0.0,-0.42389488220214844,0.3790142238140106,0.44938308000564575,-0.8959418535232544,-0.25844842195510864,-0.08422565460205078,0.35128140449523926
286.49427837889004,2.266170197594172,-1.877740771859326,2.604706532093378,-2.923937827367197,-1.9760440286196894,0.0,-0.4315018057823181,0.38511738181114197,0.4471769332885742,-0.897278904914856,-0.2592560052871704,-0.07720576971769333,0.348878413438797
286.6942606606643,2.2611782215175174,-1.8633715121888779,2.598373058477565,-2.9321349330794844,-1.9585167284591376,0.0,-0.4390605390071869,0.39125511050224304,0.44490182399749756,-0.8985550403594971,-0.2600392997264862,-0.07017440348863602,0.34648799896240234
286.8942319155793,2.256189685458534,-1.8490121545104334,2.5920439493179965,-2.9403263900891194,-1.9410015065259976,0.0,-0.44656962156295776,0.3974270224571228,0.442558228969574,-0.899770200252533,-0.2607986032962799,-0.06313127279281616,0.34411054849624634
287.0942044557195,2.251203161672405,-1.8346585891015683,2.5857173931909014,-2.9485145428334585,-1.9234933498731748,0.0,-0.45402827858924866,0.4036332368850708,0.44014495611190796,-0.9009247422218323,-0.2615346312522888,-0.05607510730624199,0.3417451083660126
287.2941890658002,2.246217418115975,-1.8203072695614684,2.5793918269652276,-2.956701414396713,-1.9059879326806217,0.0,-0.46143603324890137,0.409873902797699,0.4376622438430786,-0.902018666267395,-0.2622477412223816,-0.04900454357266426,0.3393917977809906
287.4941677712958,2.2412318211826894,-1.8059563720718759,2.5730664467648476,-2.964888045196511,-1.8884830302957967,0.0,-0.468790739774704,0.41614827513694763,0.4351089596748352,-0.9030522704124451,-0.26293841004371643,-0.04191944748163223,0.33705011010169983
287.69414902861524,2.2362452858299693,-1.7916027733689113,2.566739875962863,-2.9730762169338436,-1.8709748330315794,0.0,-0.476091593503952,0.4224565625190735,0.4324851632118225,-0.9040252566337585,-0.26360681653022766,-0.03481874614953995,0.3347198963165283
287.89412311475087,2.2312569358473135,-1.7772439513058278,2.5604110028840554,-2.9812673683956747,-1.8534602644300249,0.0,-0.4833368957042694,0.42879828810691833,0.42979031801223755,-0.9049375653266907,-0.26425331830978394,-0.027701780200004578,0.3324012756347656
288.0940898248117,2.226265903146857,-1.7628774071166544,2.554078726158646,-2.9894629250311424,-1.8359362765525324,0.0,-0.49052557349205017,0.4351728856563568,0.427023708820343,-0.9057894349098206,-0.2648785412311554,-0.02056785300374031,0.3300936222076416
288.2940601111512,2.2212710091639756,-1.7484997483369915,2.54774155050544,-2.997664822109701,-1.8183987313472347,0.0,-0.49765658378601074,0.44158071279525757,0.4241849184036255,-0.90658038854599,-0.2654825448989868,-0.013415712863206863,0.3277970254421234
288.49402501444627,2.2162713205138225,-1.7341082882453838,2.5413982917103697,-3.005874592301807,-1.800844351611654,0.0,-0.5047282576560974,0.4480211138725281,0.42127329111099243,-0.9073106050491333,-0.2660658657550812,-0.006244692951440811,0.32551106810569763
288.6940045208793,2.211265499744417,-1.7196991770247398,2.5350472529069616,-3.014094431778898,-1.7832684414253832,0.0,-0.5117399096488953,0.45449429750442505,0.41828763484954834,-0.9079796075820923,-0.26662877202033997,0.0009465402108617127,0.32323533296585083
288.89398773397613,2.2062527864979664,-1.7052702260070085,2.5286874694058947,-3.0223255890912686,-1.7656683311002983,0.0,-0.5186896920204163,0.4609996974468231,0.41522765159606934,-0.9085873961448669,-0.2671715319156647,0.008158707991242409,0.32096993923187256
289.09397998090196,2.2012320737642668,-1.6908182486951293,2.5223175367092674,-3.030569882011988,-1.7480401338188658,0.0,-0.5255762338638306,0.46753713488578796,0.4120924174785614,-0.9091334342956543,-0.26769447326660156,0.01539270393550396,0.31871455907821655
289.47769384471263,2.196202874235767,-1.6763418423883236,2.515936836555,-3.0388281107274837,-1.7303821385981855,0.0,-0.5323976874351501,0.4741053879261017,0.4088815450668335,-0.9096174836158752,-0.2681979238986969,0.022648876532912254,0.31646937131881714
289.6298921529986,2.2064353946511517,-1.673568516924791,2.5122568296704184,-3.0338219016986,-1.741331400510041,0.0,-0.5358260869979858,0.47211429476737976,0.408772736787796,-0.9088984727859497,-0.27146661281585693,0.018636783584952354,0.3160094618797302
289.89048128062615,2.230094064215649,-1.681161023438658,2.5109890500930834,-3.017120869775474,-1.777501740401478,0.0,-0.5360941290855408,0.4625610411167145,0.4117048382759094,-0.9068818092346191,-0.27719220519065857,0.004673667252063751,0.3173452615737915
290.09042945736775,2.2535514312518505,-1.6886889282320787,2.509732057565018,-3.0005619405154804,-1.813364320769514,0.0,-0.5361257195472717,0.4531007707118988,0.4149375557899475,-0.9045198559761047,-0.28288647532463074,-0.009172586724162102,0.31895899772644043
290.290384302379,2.276789541139093,-1.6961464693337815,2.5084868142071617,-2.98415778837151,-1.848891691857085,0.0,-0.5359378457069397,0.4437468349933624,0.41846224665641785,-0.9018224477767944,-0.28853410482406616,-0.02288021147251129,0.3208439350128174
290.49038018146285,2.2997974286643363,-1.703530127803228,2.5072539076042526,-2.967916153862214,-1.884067089598842,0.0,-0.5355483889579773,0.43450793623924255,0.42226842045783997,-0.8987995982170105,-0.2941223382949829,-0.03643205389380455,0.32299232482910156
290.6903456994308,2.3225543223153498,-1.7108332376763198,2.506034450823909,-2.9518516999291378,-1.918858757658893,0.0,-0.5349745750427246,0.425396203994751,0.42634427547454834,-0.8954640030860901,-0.2996359169483185,-0.04980608820915222,0.32539474964141846
290.89026424148807,2.3450477133248495,-1.718051784657291,2.504829114164165,-2.9359732567104735,-1.9532475721231481,0.0,-0.5342334508895874,0.41641873121261597,0.430677205324173,-0.8918285965919495,-0.3050629198551178,-0.06298556178808212,0.3280414938926697
291.0902338386489,2.3672809198109652,-1.725186833591881,2.503637719819486,-2.92027848189375,-1.987238605866063,0.0,-0.5333414673805237,0.40757572650909424,0.43525707721710205,-0.8879040479660034,-0.3103953003883362,-0.07596374303102493,0.33092403411865234
291.2902969033433,2.38925253038499,-1.7322379315392384,2.5024603434209123,-2.9047683718007495,-2.0208297010989633,0.0,-0.5323138236999512,0.3988683521747589,0.44007253646850586,-0.8837022185325623,-0.31562474370002747,-0.0887317955493927,0.3340330421924591
291.49015137040743,2.410925305639226,-1.7391931276817252,2.501298980488961,-2.8894692143228973,-2.053963924695069,0.0,-0.531167209148407,0.3903106451034546,0.4451029896736145,-0.8792428374290466,-0.3207353949546814,-0.10126101225614548,0.33735305070877075
291.690128753425,2.432332888038567,-1.746063218511222,2.5001518282498205,-2.874357260708022,-2.0866927106281574,0.0,-0.5299135446548462,0.3818884789943695,0.450344443321228,-0.874531626701355,-0.3257281184196472,-0.11356426030397415,0.3408792316913605
291.89016724982986,2.4534682952539395,-1.7528459632686344,2.4990192608603796,-2.859437439893504,-2.119005384028488,0.0,-0.5285665392875671,0.3736032247543335,0.45578306913375854,-0.8695825338363647,-0.3305952548980713,-0.1256313920021057,0.34460070729255676
292.1646389674726,2.464721597377114,-1.7609440216799737,2.5024362967785403,-2.851608862091455,-2.1390105301046387,0.0,-0.5244702100753784,0.3674165904521942,0.4588477611541748,-0.8666082620620728,-0.3325701057910919,-0.13309895992279053,0.3473784923553467
292.5063495150323,2.456308771255792,-1.7718784919898882,2.515103463940715,-2.857898012441724,-2.13465937884958,0.0,-0.5149664282798767,0.36518827080726624,0.4567023515701294,-0.8680229783058167,-0.3288729786872864,-0.13161373138427734,0.34793177247047424
292.7063645421083,2.447859649977371,-1.782860136496913,2.527825280612523,-2.8642142958500996,-2.1302894555771172,0.0,-0.5055119395256042,0.36282429099082947,0.45445752143859863,-0.8694146275520325,-0.32515862584114075,-0.1301291286945343,0.3485061228275299
292.9061881823952,2.4372482068248136,-1.7948875935228286,2.5398032968096413,-2.869682155932824,-2.1246706368726085,0.0,-0.49574795365333557,0.36131834983825684,0.45296740531921387,-0.87114417552948,-0.3205551207065582,-0.12827029824256897,0.3491402864456177
293.10617040829015,2.42610242832441,-1.8072086908404843,2.5516773101235075,-2.874989539680117,-2.1187458056722264,0.0,-0.48595741391181946,0.3598637878894806,0.4515490233898163,-0.8729166984558105,-0.3157293498516083,-0.12632820010185242,0.34981802105903625
293.30604447038127,2.414879282142055,-1.8196153142376799,2.5636337461129646,-2.8803337642795532,-2.1127798476491724,0.0,-0.47621768712997437,0.35823798179626465,0.4500100016593933,-0.8746516704559326,-0.3108688294887543,-0.12438461929559708,0.35053306818008423
293.6749105371541,2.4035760367295524,-1.8321104833035056,2.5756755147981303,-2.8857161304365526,-2.106771310777285,0.0,-0.46653231978416443,0.3564411401748657,0.44834765791893005,-0.8763485550880432,-0.3059729337692261,-0.12243957817554474,0.3512863218784332
294.0379050567299,2.3947614843607448,-1.8334881077423706,2.565203878232999,-2.8782138840249423,-2.1019740288566933,0.0,-0.46831318736076355,0.36345112323760986,0.45500612258911133,-0.8776590824127197,-0.30220913887023926,-0.12092765420675278,0.35179629921913147
294.39606476200424,2.3859783936443995,-1.834795727631013,2.554618060544326,-2.870647509858391,-2.0971914686241444,0.0,-0.47001543641090393,0.37050336599349976,0.461778461933136,-0.8789355754852295,-0.2984597384929657,-0.11942829191684723,0.35232219099998474
294.7572414902248,2.372985252151093,-1.8479091584681917,2.566030552010364,-2.875107213715762,-2.089989829457751,0.0,-0.4601770043373108,0.36919546127319336,0.4604910612106323,-0.8807962536811829,-0.2929760217666626,-0.11721940338611603,0.35301902890205383
295.09766830397683,2.359866450095815,-1.8611494132216049,2.57755341709866,-2.879610048704525,-2.0827185410825626,0.0,-0.45038753747940063,0.36769765615463257,0.4590708017349243,-0.8826109170913696,-0.2874395549297333,-0.11500483006238937,0.3537660539150238
295.2956717266197,2.3530244644758698,-1.8640581242898908,2.569094438988113,-2.85470251232984,-2.087305898749007,0.0,-0.4476770758628845,0.3722584843635559,0.4614611566066742,-0.8844357132911682,-0.2858578860759735,-0.12109102308750153,0.3484186828136444
295.5100133128445,2.3502233389414933,-1.8602850871698855,2.5476610280154737,-2.8106529285295183,-2.099591623960375,0.0,-0.4492817521095276,0.38066455721855164,0.4666305482387543,-0.8861015439033508,-0.28688743710517883,-0.13254867494106293,0.3390432298183441
295.7099520459752,2.3474082938284586,-1.856493300769874,2.5261211084103903,-2.766384449988818,-2.11193840038718,0.0,-0.4506564140319824,0.3888944983482361,0.47213664650917053,-0.8875230550765991,-0.28799310326576233,-0.1440327912569046,0.3295714855194092
295.90989124476715,2.3445850064337113,-1.8526904122487793,2.504518121224396,-2.721986356022278,-2.1243213274280803,0.0,-0.4518011808395386,0.3969305455684662,0.4779719412326813,-0.8886944055557251,-0.28917425870895386,-0.15551497042179108,0.32002440094947815
296.10983804315134,2.341759275087954,-1.8488842317945782,2.4828964336246706,-2.6775498292816553,-2.136714973628182,0.0,-0.4527178406715393,0.40475618839263916,0.4841254651546478,-0.8896122574806213,-0.29042983055114746,-0.1669667512178421,0.31042349338531494
296.3097845062594,2.3389370449826075,-1.845082767412497,2.4613015365145983,-2.63316836190235,-2.149093263402068,0.0,-0.453410267829895,0.412356436252594,0.49058327078819275,-0.8902750611305237,-0.2917581796646118,-0.17835906147956848,0.30079129338264465
296.5097311183791,2.3361239417403596,-1.841293596657687,2.4397764755490625,-2.588930420586394,-2.16143152279149,0.0,-0.4538845121860504,0.4197194576263428,0.4973292052745819,-0.8906839489936829,-0.2931568920612335,-0.1896648406982422,0.2911498248577118
296.7096954442541,2.33332485671938,-1.837523308051696,2.4183586780009807,-2.5449129252322074,-2.1737082983193954,0.0,-0.45414793491363525,0.42683687806129456,0.5043461322784424,-0.8908419609069824,-0.294623464345932,-0.20086011290550232,0.28151875734329224
296.92824045778656,2.330544637280852,-1.8337784308533724,2.397085234490936,-2.5011921038560243,-2.185902329479326,0.0,-0.45420926809310913,0.433701753616333,0.5116144418716431,-0.8907536864280701,-0.2961547374725342,-0.2119220495223999,0.2719176113605499
297.16344688817094,2.3209824479275447,-1.8395677606321152,2.3903793875124304,-2.483067450425398,-2.1879150679886936,0.0,-0.4489557147026062,0.43757176399230957,0.5170314311981201,-0.8920884132385254,-0.29257991909980774,-0.21522772312164307,0.2687975764274597
297.4405416685842,2.3063834979322433,-1.8523831765908882,2.394297803459569,-2.4835649755872606,-2.1824834063849594,0.0,-0.43990135192871094,0.43923234939575195,0.5209146738052368,-0.8945258855819702,-0.28519418835639954,-0.212930828332901,0.27045875787734985
297.6403292666875,2.2916445756248702,-1.8653214646330976,2.398253788529141,-2.4840672709378864,-2.17699966691033,0.0,-0.4308007061481476,0.4407199025154114,0.5247556567192078,-0.8968889713287354,-0.2777312695980072,-0.21064351499080658,0.2721850275993347
297.84056188796984,2.276725331675872,-1.8784180446651106,2.4022581726408627,-2.48457571156293,-2.1714488372588416,0.0,-0.4216347932815552,0.442034512758255,0.5285623073577881,-0.8991809487342834,-0.2701718509197235,-0.20836159586906433,0.2739822268486023
298.0406159374617,2.261666366000961,-1.8916372768081744,2.4063000586167016,-2.4850889138368815,-2.165846022969137,0.0,-0.4124348759651184,0.4431688189506531,0.5323211550712585,-0.90139240026474,-0.26253777742385864,-0.2060929536819458,0.27584636211395264
298.23764758442866,2.2458287263176877,-1.9037744702845152,2.408861707303259,-2.4853088375976653,-2.159632267843035,0.0,-0.4037370979785919,0.445174902677536,0.5364898443222046,-0.9036584496498108,-0.2546168267726898,-0.20367303490638733,0.27764880657196045
298.4376148719095,2.2287393000734133,-1.9139514846989645,2.40883258155806,-2.485017311882231,-2.1523962166071096,0.0,-0.3958674669265747,0.4488331973552704,0.5414550304412842,-0.9060653448104858,-0.24625076353549957,-0.2009812444448471,0.2793072462081909
298.6375908765696,2.2115663610684035,-1.9241782322383085,2.4088033134809086,-2.4847243615363284,-2.1451248041714055,0.0,-0.38793206214904785,0.45232900977134705,0.5464334487915039,-0.9083593487739563,-0.2378435730934143,-0.19831623136997223,0.2810416519641876
298.8375533397995,2.1943092866918272,-1.9344550836768104,2.408773902010682,-2.4844299759389403,-2.137817766908354,0.0,-0.379934698343277,0.45565950870513916,0.5514246821403503,-0.910538911819458,-0.22939680516719818,-0.1956796795129776,0.28285232186317444
299.03751202185975,2.176964847586072,-1.9447839621462641,2.408744341643541,-2.484134100000987,-2.130473737434592,0.0,-0.37187787890434265,0.45882242918014526,0.5564289093017578,-0.912602961063385,-0.22091098129749298,-0.19307321310043335,0.28473982214927673
299.23748350029217,2.159529252955128,-1.9551671251236082,2.4087146259187784,-2.4838366690559015,-2.123091110640986,0.0,-0.363764226436615,0.46181532740592957,0.5614471435546875,-0.9145504832267761,-0.2123863697052002,-0.19049829244613647,0.2867048680782318
299.4876041871506,2.14431590366287,-1.9613251430881118,2.405157033363508,-2.4767165936020876,-2.1101977538688423,0.0,-0.3591252863407135,0.46505796909332275,0.5647116303443909,-0.9171839356422424,-0.20685462653636932,-0.18634340167045593,0.2850629389286041
299.8698376142759,2.1374349912774564,-1.9516469441642665,2.3883790186754847,-2.4440292962821517,-2.0766553996309884,0.0,-0.36742839217185974,0.46962326765060425,0.5615624785423279,-0.9226793050765991,-0.21220700442790985,-0.17596368491649628,0.2695694863796234
300.06995585051965,2.1302524735545267,-1.9415445287572752,2.3708655871561763,-2.409909243712842,-2.041642811141577,0.0,-0.37590011954307556,0.4739780128002167,0.5584990978240967,-0.9281713962554932,-0.2172478437423706,-0.16487260162830353,0.2532155215740204
300.2699898393233,2.122760674384094,-1.9310071002001767,2.3525980218275278,-2.3743199710657543,-2.0051225697000157,0.0,-0.3845359981060028,0.47809237241744995,0.555578887462616,-0.9336232542991638,-0.22190630435943604,-0.15303193032741547,0.23597967624664307
300.4699529358525,2.114934945956525,-1.9199999906478797,2.333516222910779,-2.337144390629752,-1.9669745247338846,0.0,-0.39335134625434875,0.48194873332977295,0.5528620481491089,-0.9390041828155518,-0.22611306607723236,-0.14037562906742096,0.21780423820018768
300.6698838086207,2.106751583102274,-1.908489858105379,2.3135623891056722,-2.298269892640086,-1.9270831207543697,0.0,-0.4023604691028595,0.48552900552749634,0.5504231452941895,-0.9442741870880127,-0.22978650033473969,-0.12683679163455963,0.19863702356815338
300.8697967254896,2.0981943176622297,-1.8964538209443107,2.292696853083629,-2.2576191963345664,-1.8853690554356826,0.0,-0.41157010197639465,0.4888160228729248,0.5483516454696655,-0.9493798613548279,-0.2328295111656189,-0.11235933750867844,0.178447425365448
301.0696425312538,2.0892618332537696,-1.8838900276350852,2.2709164050541806,-2.2151860483287877,-1.8418259118130673,0.0,-0.42097318172454834,0.4917949438095093,0.5467535257339478,-0.9542507529258728,-0.2351311445236206,-0.09691302478313446,0.15724702179431915
301.26951769230556,2.0799662401848606,-1.8708155116702065,2.248250574084634,-2.1710279778012964,-1.7965127239530887,0.0,-0.43055209517478943,0.49445995688438416,0.5457448959350586,-0.9588037729263306,-0.23657448589801788,-0.08049441128969193,0.13508693873882294
301.5724874945931,2.074434527202418,-1.8574498782675017,2.2276692852531337,-2.1347401560382377,-1.759356719963273,0.0,-0.4401845932006836,0.49704286456108093,0.5454959869384766,-0.961908757686615,-0.2380794882774353,-0.0667540654540062,0.11659136414527893
301.8760958749911,2.085516361950463,-1.8445899052311876,2.218563144701245,-2.136400379190149,-1.7614732364677839,0.0,-0.4496130049228668,0.5003606081008911,0.5456856489181519,-0.9605759978294373,-0.24340324103832245,-0.06739672273397446,0.11621639877557755
302.0680928107461,2.0979599224209204,-1.83330401395906,2.2110992784372625,-2.137833969822821,-1.7638137336263493,0.0,-0.4591045081615448,0.501745343208313,0.5452971458435059,-0.9590436220169067,-0.24937835335731506,-0.0681135430932045,0.1157856434583664
302.2682192053756,2.113571034452577,-1.825337891911215,2.207156393453351,-2.138787040888479,-1.7666791496629197,0.0,-0.46861758828163147,0.4990037679672241,0.5438440442085266,-0.9570684432983398,-0.25687187910079956,-0.06900013238191605,0.11522004753351212
302.46814501174896,2.1290410971308047,-1.8174437452845902,2.20324913318192,-2.139731500776579,-1.7695186761229855,0.0,-0.47807151079177856,0.49611416459083557,0.5423610210418701,-0.9550480246543884,-0.26428550481796265,-0.06989139318466187,0.11468025296926498
302.672969154999,2.144382504708692,-1.8096152494731863,2.19937436721725,-2.1406681061663364,-1.7723345879688617,0.0,-0.48746973276138306,0.49307748675346375,0.5408480763435364,-0.9529823660850525,-0.27162444591522217,-0.07078733295202255,0.11416555941104889
302.8557153913774,2.1540740684934736,-1.7986753859912814,2.1912970319513634,-2.1416015440714884,-1.7740899615357701,0.0,-0.49613404273986816,0.4951755106449127,0.5408010482788086,-0.9516472220420837,-0.2762565612792969,-0.07135169953107834,0.11383683234453201
303.16651430864033,2.1599156138988267,-1.7856364607167088,2.1803757617573085,-2.142531618133674,-1.7751227269186594,0.0,-0.5043582916259766,0.5007969737052917,0.5416574478149414,-0.9508320689201355,-0.2790490686893463,-0.07168588042259216,0.11362732201814651
303.45463718959195,2.172267070291064,-1.7666124711324176,2.1602676101540452,-2.096761759589108,-1.822214459128449,0.0,-0.5017549991607666,0.5057178139686584,0.5398210287094116,-0.9479644894599915,-0.2853258550167084,-0.10006134957075119,0.09970036149024963
303.76941115501603,2.1893438574456,-1.7426002549968997,2.133266181067395,-2.020690582811535,-1.899355354063839,0.0,-0.4931797683238983,0.5106324553489685,0.5385332703590393,-0.9407918453216553,-0.2955247461795807,-0.14682312309741974,0.07758008688688278
304.0964870386342,2.2075041001234856,-1.717064557426352,2.104551616645771,-1.939792986643621,-1.9813905378333958,0.0,-0.4849938750267029,0.5160751342773438,0.5400918126106262,-0.9291778802871704,-0.30820751190185547,-0.19643928110599518,0.05520942807197571
304.42316762944296,2.2254841312947784,-1.6917822610141873,2.076121998576868,-1.8596981703693334,-2.062611652962848,0.0,-0.47827404737472534,0.5219701528549194,0.5444791316986084,-0.913634717464447,-0.32249704003334045,-0.24512359499931335,0.03437375649809837
304.72388118394304,2.2291636164825213,-1.6856405145952533,2.0647431225658357,-1.8212988856147725,-2.101101137767431,0.0,-0.471263587474823,0.5248669385910034,0.5498719215393066,-0.9059048295021057,-0.3272629380226135,-0.2675192058086395,0.025859486311674118
305.0468944325122,2.2198713838597963,-1.6967974488057604,2.0684669226717247,-1.819281373035859,-2.1022598525761853,0.0,-0.4624658226966858,0.5245712995529175,0.5546106100082397,-0.9076425433158875,-0.32241588830947876,-0.26737311482429504,0.027289127930998802
305.24665535753695,2.2103797297296905,-1.707818894409764,2.071916466358164,-1.8169481537372671,-2.1033258201892804,0.0,-0.45367270708084106,0.5242922306060791,0.559339702129364,-0.9093804955482483,-0.3174856901168823,-0.2672305703163147,0.02859702706336975
305.4466032362553,2.200120237451757,-1.7179365763976127,2.0739490966126573,-1.8131217496689798,-2.103914820320831,0.0,-0.4449743330478668,0.5246472358703613,0.5642549991607666,-0.9112047553062439,-0.3123128414154053,-0.26703816652297974,0.02927808091044426
305.71553826282684,2.1897925944996732,-1.7275773672054417,2.075663687308962,-1.8096473775579658,-2.1045532082027485,0.0,-0.4364941716194153,0.5252296328544617,0.5690926313400269,-0.9130123257637024,-0.3070727288722992,-0.2668553590774536,0.030048688873648643
305.9904888575399,2.1791424384534004,-1.7260447605785951,2.070439975349206,-1.8140244998153416,-2.106170553249517,0.0,-0.433062881231308,0.5337080955505371,0.5731329321861267,-0.9149326682090759,-0.30122795701026917,-0.26664116978645325,0.03259521350264549
306.39567395822246,2.168527076254228,-1.7245171609469896,2.0652333291520963,-1.8183873221017217,-2.1077826144623186,0.0,-0.4295005798339844,0.5421270728111267,0.5771797895431519,-0.9167968034744263,-0.2953794598579407,-0.26645830273628235,0.03513430058956146
306.74668153790185,2.1557726026802655,-1.7219737899738317,2.0627254200639507,-1.7995381496905987,-2.067572470335284,0.0,-0.4291848838329315,0.5388830900192261,0.5691559314727783,-0.9227197766304016,-0.29222509264945984,-0.2506760358810425,0.018820470198988914
306.9466066178436,2.1422474668403795,-1.7192239008139028,2.060345718653279,-1.7777519108780224,-2.0217868894813065,0.0,-0.42942628264427185,0.5341678857803345,0.560344934463501,-0.9288394451141357,-0.28848034143447876,-0.23245683312416077,0.00019080471247434616
307.1952300362909,2.127997725992487,-1.716326687184901,2.0578385254687617,-1.7547984809971926,-1.9735483601635162,0.0,-0.43001067638397217,0.5289391279220581,0.551841139793396,0.9347652196884155,0.2837473154067993,0.2129080444574356,0.01927480287849903
307.3519075658692,2.1202844772395815,-1.7191144785423815,2.057330465900549,-1.7434269494485644,-1.9559448695888026,0.0,-0.4277775287628174,0.5260853171348572,0.5508687496185303,0.9371727705001831,0.280607134103775,0.20559853315353394,0.02637978456914425
307.76960433888513,2.121343207265797,-1.7289934567644307,2.0594003620606904,-1.7474682680480904,-1.9784027001060909,0.0,-0.42173177003860474,0.5265700221061707,0.558822512626648,0.9354265332221985,0.2803557813167572,0.21464091539382935,0.017520589753985405
307.96956529337245,2.1223925849814913,-1.7387851688566105,2.0614519737562778,-1.7514738875878735,-2.0006621489779843,0.0,-0.4157465398311615,0.5269611477851868,0.5668215751647949,0.9335804581642151,0.27993643283843994,0.22357675433158875,0.008750177919864655
308.16946789118725,2.1234330092637226,-1.748493336728825,2.0634860808217086,-1.7554453306366833,-2.0227316772031774,0.0,-0.4098185896873474,0.5272555947303772,0.5748636722564697,0.9316372275352478,0.27935341000556946,0.23240859806537628,6.801301788073033e-05
308.3694542521544,2.124465428071243,-1.7581268057558475,2.065504536587039,-1.7593862156838809,-2.0446313929267674,0.0,-0.4039420485496521,0.527450442314148,0.5829516053199768,-0.9295983910560608,-0.2786104381084442,-0.24114324152469635,0.00853133574128151
308.8095268028414,2.1254899986013367,-1.7676870427408387,2.067507648384685,-1.7632971427731916,-2.0663646306248564,0.0,-0.3981161117553711,0.5275427103042603,0.5910813808441162,-0.927466869354248,-0.2777117192745209,-0.24978114664554596,0.017046654596924782
309.1821633003833,2.142392266046182,-1.7720846461861326,2.086236670987837,-1.8062037820246628,-2.082016424827832,0.0,-0.4041748642921448,0.52386873960495,0.5864418745040894,-0.9247390031814575,-0.28210029006004333,-0.2531285285949707,0.03468646481633186
309.53343710845064,2.1569191678461377,-1.776034563384382,2.103924227793789,-1.8482569866082341,-2.0951164371595623,0.0,-0.4095897674560547,0.52077716588974,0.5821982622146606,-0.9224715828895569,-0.28518083691596985,-0.25507310032844543,0.05153340846300125
309.99909087912005,2.1431509191101323,-1.7796531505731352,2.1019136066606383,-1.8554607049583112,-2.092617433182267,0.0,-0.40379080176353455,0.5273749828338623,0.5869738459587097,-0.9253294467926025,-0.27733662724494934,-0.25255200266838074,0.05538386479020119
310.2114692987604,2.129428449585356,-1.7832597060162072,2.0999096708112392,-1.862640471057793,-2.0901267383540243,0.0,-0.3978898823261261,0.5338600873947144,0.5917738080024719,-0.928070068359375,-0.2694963216781616,-0.2500919699668884,0.05925972759723663
310.3939526029505,2.116574325152695,-1.7935753593744461,2.1032122548167598,-1.8678364435408412,-2.0839411195656417,0.0,-0.3903004229068756,0.5347264409065247,0.5957002639770508,-0.9310237169265747,-0.2622261941432953,-0.24601346254348755,0.06252572685480118
310.5938324206151,2.1043259341339353,-1.8092493647612544,2.1107229477664347,-1.8714990386979964,-2.074801356681048,0.0,-0.3815253973007202,0.5311130285263062,0.5988342761993408,-0.9341356158256531,-0.2553786039352417,-0.24062258005142212,0.06536993384361267
310.79360947614686,2.0919125509095133,-1.8251345071632323,2.118334813661513,-1.8752109709193014,-2.0655384764306515,0.0,-0.3727993071079254,0.5273195505142212,0.6018743515014648,-0.9371722936630249,-0.2484472095966339,-0.23518683016300201,0.06833171099424362
311.0735289382344,2.079315976758572,-1.8412540750962598,2.1260590119272793,-1.8789776821070254,-2.0561388989088805,0.0,-0.3641190528869629,0.5233405828475952,0.6048197746276855,-0.9401335120201111,-0.24142420291900635,-0.22970135509967804,0.07141811400651932
311.34449638724965,2.061097116950336,-1.841804650512526,2.11873926636079,-1.8748382116069016,-2.0427375240898216,0.0,-0.35863158106803894,0.5301218032836914,0.6089997887611389,-0.9438996315002441,-0.23288093507289886,-0.22357766330242157,0.06951890885829926
311.54443716929,2.0427101256703635,-1.8415931321247532,2.110728776217021,-1.8703374292248505,-2.029218998862176,0.0,-0.3531905710697174,0.5373331308364868,0.6132814884185791,-0.9475597143173218,-0.22427460551261902,-0.2174273133277893,0.06750376522541046
311.7823008037679,2.0244305498728874,-1.8413828494122102,2.102765082781354,-1.8658629400902271,-2.015779447888004,0.0,-0.34764355421066284,0.5444402098655701,0.617600679397583,-0.9510700106620789,-0.2156820297241211,-0.2112843096256256,0.06562002003192902
312.00036708101175,2.0102091791779073,-1.8292052425568146,2.082583576893648,-1.8324196757481426,-2.005109347746078,0.0,-0.3445451259613037,0.5525808930397034,0.620450496673584,-0.9532254934310913,-0.21195578575134277,-0.2093954086303711,0.05088507756590843
312.28150558129613,2.0021194790479746,-1.7960875130561555,2.0406143556137804,-1.7480781256628275,-1.9985727295482267,0.0,-0.34528857469558716,0.5625079870223999,0.6213127970695496,-0.9525094032287598,-0.21596939861774445,-0.21425659954547882,0.013307648710906506
312.62572239822606,1.9934959477114138,-1.764149750449202,2.0003241047203457,-1.6701049485325243,-1.9904844142102645,0.0,-0.3459008038043976,0.572330892086029,0.622846782207489,0.9510737657546997,0.21862472593784332,0.21722543239593506,0.02179480716586113
312.89065373828333,1.9845562487993296,-1.7537052599304042,1.9885151004770991,-1.6696428596372825,-1.9745545034954042,0.0,-0.3483690917491913,0.5819823741912842,0.6237413883209229,0.9537885785102844,0.2141011357307434,0.2094515562057495,0.02403949946165085
313.09057157253545,1.975686085456804,-1.7433420096864876,1.9767979500920247,-1.6691843650034173,-1.9587485002438112,0.0,-0.3507121205329895,0.591661274433136,0.624605655670166,0.9563999176025391,0.2095867097377777,0.20170877873897552,0.026195421814918518
313.29046860104125,1.9668793269911637,-1.7330528370644225,1.9651645551519097,-1.6687291477382642,-1.9430554799950697,0.0,-0.3529309034347534,0.6013709306716919,0.6254402995109558,0.9589107632637024,0.2050797939300537,0.1939934939146042,0.028265532106161118
313.5721781714724,1.9581323926660095,-1.722833558593631,1.9536101856393615,-1.6682770227552182,-1.9274690621303574,0.0,-0.3550253212451935,0.6111114621162415,0.6262468099594116,0.9613236784934998,0.20057998597621918,0.186303973197937,0.030251966789364815
313.76262586754,1.9475802469217063,-1.7247122287971455,1.9512638414948609,-1.667097344125223,-1.9229483433801309,0.0,-0.34969785809516907,0.6143039464950562,0.6289096474647522,0.9629336595535278,0.19519110023975372,0.18370310962200165,0.03020358458161354
313.98994307421157,1.9360110866100795,-1.7331650002861656,1.953907942554557,-1.6655185644481898,-1.9244188974674807,0.0,-0.3404052257537842,0.6137940883636475,0.632556676864624,0.9641100168228149,0.1892998218536377,0.1838802546262741,0.029078863561153412
314.18936915151784,1.9244647671423554,-1.7417568133519268,1.9566446774154285,-1.6638863399829094,-1.9258834478974032,0.0,-0.3311421573162079,0.6130216121673584,0.6361657977104187,0.9652441143989563,0.18340903520584106,0.18407385051250458,0.027959419414401054
314.38951841942975,1.9152505482358286,-1.7530868128642232,1.9616396375720175,-1.6609589780768312,-1.9269631296548069,0.0,-0.3226219713687897,0.6089664101600647,0.6394991278648376,0.9661301970481873,0.17869603633880615,0.18419557809829712,0.02705831453204155
314.6185020433481,1.9059747344758822,-1.764492550718129,1.9666679878446658,-1.6580120474553428,-1.9280500288269757,0.0,-0.314145565032959,0.6047682166099548,0.6427547931671143,0.9669961333274841,0.17394490540027618,0.1843300312757492,0.02615325152873993
314.7683949807785,1.899929187595196,-1.7661686957448393,1.966187802799999,-1.6580928237734684,-1.9287552013895146,0.0,-0.3101567327976227,0.6063028573989868,0.6443713307380676,0.967546820640564,0.17084459960460663,0.1844223588705063,0.025564080104231834
315.09649821110435,1.8984496750195685,-1.7541551362924475,1.9579624796987123,-1.6624313320459967,-1.9289208325783282,0.0,-0.3123634159564972,0.6160354614257812,0.6437033414840698,0.9676806330680847,0.17008516192436218,0.1844421923160553,0.02541925013065338
315.29641774036355,1.8969743554138465,-1.7421756235214234,1.9497604673369184,-1.6667575448943963,-1.9290859943648526,0.0,-0.31453973054885864,0.6257599592208862,0.6429176330566406,0.9678134322166443,0.16932767629623413,0.18446221947669983,0.025274906307458878
315.48725944497056,1.8902986010837959,-1.7340479066548207,1.9425153681287213,-1.670133915852977,-1.929804112841852,0.0,-0.3125266134738922,0.6350407600402832,0.6438479423522949,0.9684091806411743,0.165896937251091,0.18454179167747498,0.024619508534669876
315.6872302528507,1.8814259693676942,-1.7275734446122168,1.9356914251503619,-1.6730998595736104,-1.9307558063979122,0.0,-0.3086285889148712,0.6440966725349426,0.645511269569397,0.969180166721344,0.16133204102516174,0.18465575575828552,0.023749656975269318
315.90051265545605,1.8776600305246447,-1.7197848002022678,1.9292777902130933,-1.6758830657686372,-1.9311571675070158,0.0,-0.30816203355789185,0.651810884475708,0.6457774043083191,0.9695003628730774,0.15939266979694366,0.18470604717731476,0.02338060550391674
316.1763498914046,1.8865499370508223,-1.7086950478379466,1.9238501820808673,-1.6782267590868531,-1.9301946248100412,0.0,-0.31656134128570557,0.6561998128890991,0.6425825357437134,0.9687390327453613,0.16396844387054443,0.1845826506614685,0.02425062470138073
316.37613462103434,1.8953698815807423,-1.6976925698685952,1.9184652882672584,-1.6805520079520622,-1.9292396571543076,0.0,-0.3249923884868622,0.6604472994804382,0.6393173933029175,0.9679598808288574,0.16850261390209198,0.18447107076644897,0.025115402415394783
316.6243643248984,1.9038039803328317,-1.6913442544678592,1.916279299621945,-1.681571985866788,-1.928311054391023,0.0,-0.33204546570777893,0.6612178087234497,0.6365393400192261,0.9671943783760071,0.17283235490322113,0.1843666434288025,0.02594233863055706
316.9500247031334,1.9111132072196737,-1.6992455027903712,1.9239028871021238,-1.6785902100437897,-1.9274567987011038,0.0,-0.3345836400985718,0.6516093611717224,0.635461688041687,0.9665186405181885,0.1765781193971634,0.18425866961479187,0.02665526606142521
317.2281717093803,1.9184471928599325,-1.707173515237452,1.9315522981783537,-1.6755983339662106,-1.9265996493664381,0.0,-0.3370090425014496,0.6419721245765686,0.6343289613723755,0.9658244252204895,0.18033230304718018,0.18415769934654236,0.027371849864721298
317.4104879078513,1.9265971174168768,-1.7044990826872866,1.9319030511885356,-1.675625817076464,-1.9256056744846246,0.0,-0.34280017018318176,0.6399489045143127,0.6320157051086426,0.9650384783744812,0.18449734151363373,0.18403291702270508,0.028164945542812347
317.63302019431075,1.9353886194342975,-1.693410339787304,1.9264597980441367,-1.6780500749478229,-1.9245038329112953,0.0,-0.35140031576156616,0.6438819766044617,0.6287214159965515,0.9641714692115784,0.1889827996492386,0.18389327824115753,0.02901911363005638
317.88389235363775,1.9440962145356995,-1.682427428884791,1.9210684958159236,-1.6804511954757315,-1.9234125074168085,0.0,-0.3600083589553833,0.6476660370826721,0.6253634691238403,0.9632896780967712,0.19341923296451569,0.18376559019088745,0.029867101460695267
318.0328444755919,1.9427877718104074,-1.67563067666776,1.9158296230101366,-1.682486787317827,-1.9235804093741786,0.0,-0.36118853092193604,0.6534622311592102,0.6249690055847168,0.9634232521057129,0.19275318086147308,0.18378612399101257,0.02973996475338936
318.28179961111084,1.9321485477668237,-1.6727443570453069,1.9107403945974595,-1.6841788303485719,-1.9249213826242075,0.0,-0.3552899658679962,0.6611605882644653,0.6274006366729736,0.9644923806190491,0.18733103573322296,0.18394945561885834,0.028705419972538948
318.47874153446094,1.922578581386277,-1.6682903287112412,1.904728185949575,-1.686133171243844,-1.9261064423326504,0.0,-0.350408136844635,0.6694648265838623,0.629443347454071,0.9654273986816406,0.18244488537311554,0.18409885466098785,0.027774956077337265
318.6786529053344,1.9146950558588183,-1.6613113873950152,1.897219854895238,-1.6885133843339268,-1.9270449987198206,0.0,-0.3472168445587158,0.6788333058357239,0.6308428645133972,0.9661809802055359,0.17841246724128723,0.18421193957328796,0.027005819603800774
318.87855382676855,1.9065623131033047,-1.6547167379656966,1.8898270824481782,-1.6907264431952527,-1.927989056079376,0.0,-0.343643456697464,0.6880403757095337,0.6323796510696411,0.9669411778450012,0.1742464303970337,0.1843251734972,0.026211410760879517
319.07862568314806,1.8980535299456078,-1.6487050141819501,1.8826104675902366,-1.6926860539800141,-1.9289412910001007,0.0,-0.3395547568798065,0.6969965696334839,0.6341519355773926,0.9677190184593201,0.1698807179927826,0.18443526327610016,0.025378016754984856
319.3908648053205,1.889577327817311,-1.642716309923524,1.8754214859127978,-1.6946381612081085,-1.9298898797127402,0.0,-0.33535459637641907,0.7058979272842407,0.635890007019043,0.9684718251228333,0.1655263751745224,0.18455494940280914,0.024549540132284164
319.61324151886765,1.8822259693756769,-1.6486972287693826,1.8778221050791568,-1.6938059761143929,-1.9306746063719342,0.0,-0.32880592346191406,0.7048571109771729,0.6384788155555725,0.9691111445426941,0.16174407303333282,0.1846473515033722,0.023828547447919846
319.8129714494771,1.8754028915009855,-1.6603922280924743,1.8847979968227335,-1.6916452350611761,-1.9313820609396346,0.0,-0.32124751806259155,0.6990157961845398,0.6413908004760742,0.969691812992096,0.15822921693325043,0.1847291886806488,0.0231582373380661
320.124952001346,1.868525744909453,-1.6721799031285611,1.8918291682395492,-1.689467371457357,-1.9320951216518643,0.0,-0.313723623752594,0.693051278591156,0.6442129611968994,0.9702627062797546,0.1546831876039505,0.18481825292110443,0.022483592852950096
320.2756613149335,1.86328731600339,-1.6711715919806287,1.889468714924135,-1.6900840828546295,-1.9326247690135945,0.0,-0.31042638421058655,0.696313738822937,0.6455750465393066,0.9706892371177673,0.1519794762134552,0.18488360941410065,0.021969232708215714
320.5160083878165,1.8592386697209786,-1.6609039734871727,1.8803135896834433,-1.6927226827802084,-1.9330212921641243,0.0,-0.31008321046829224,0.7063026428222656,0.6458671689033508,0.9710143804550171,0.1498880386352539,0.18493016064167023,0.021570926532149315
320.71571762443835,1.8549415955373187,-1.6508595192206652,1.871161785801162,-1.695236927869082,-1.9334364694749004,0.0,-0.3094470798969269,0.7162613868713379,0.6462252140045166,0.9713546633720398,0.14766688644886017,0.18497924506664276,0.021147970110177994
320.91565363810713,1.8497405920792396,-1.6415717202147477,1.86198540782925,-1.697317266480868,-1.933919890050215,0.0,-0.3079410493373871,0.726108729839325,0.6470605134963989,0.9717608094215393,0.1449761688709259,0.18503236770629883,0.020634854212403297
321.1156123387938,1.844547569698199,-1.6322981735814697,1.8528231112514608,-1.699394412758163,-1.9344025688039013,0.0,-0.306344598531723,0.7359489798545837,0.6478217840194702,0.9721579551696777,0.14228777587413788,0.18508917093276978,0.02012300118803978
321.46184250099327,1.8393601988796602,-1.6230347193422867,1.8436707859944115,-1.7014692984786663,-1.9348847222586492,0.0,-0.30465736985206604,0.7457849979400635,0.6485092043876648,0.972546398639679,0.13960076868534088,0.1851496398448944,0.019612308591604233
321.78509831552236,1.8495950884818928,-1.6175262476376668,1.8424328635321463,-1.701873950038681,-1.9339068276504001,0.0,-0.3133390545845032,0.7453671097755432,0.6450914740562439,0.9717748761177063,0.14489983022212982,0.18502043187618256,0.020618215203285217
321.9850611512813,1.8606514072801947,-1.6122361526086282,1.8416313903449586,-1.7021861651320547,-1.932851187673428,0.0,-0.32258230447769165,0.7442625761032104,0.6414438486099243,0.9709048271179199,0.15061672031879425,0.1848975569009781,0.021707240492105484
322.24451697865277,1.8681216711348465,-1.6066741631850798,1.8393972207195053,-1.7026915800602702,-1.9321397494593349,0.0,-0.3293193280696869,0.7450328469276428,0.6388246417045593,0.9702955484390259,0.1544748693704605,0.18482506275177002,0.022444361820816994
322.60131104082683,1.8606558205183004,-1.5999357177784006,1.8311583228260466,-1.7040082012836977,-1.9328619704511998,0.0,-0.32552406191825867,0.7541235685348511,0.6405220031738281,0.9709033966064453,0.15061941742897034,0.18490317463874817,0.021708529442548752
322.8012569265149,1.8532068362427812,-1.5932124954084599,1.8229380376893514,-1.7053218480861654,-1.9335825598506082,0.0,-0.32161983847618103,0.7631765604019165,0.6421791911125183,0.97149258852005,0.14676904678344727,0.1849888414144516,0.02097550965845585
323.00133075729826,1.8457796931165453,-1.5864899389117058,1.8147243222038572,-1.7066331789199032,-1.9343009697403366,0.0,-0.31761443614959717,0.7721998691558838,0.6437948942184448,0.9720631241798401,0.14292629063129425,0.18508192896842957,0.02024558000266552
323.2012637534819,1.8421673400620573,-1.5763773626044966,1.8044304947592738,-1.7078227140365256,-1.934626431794988,0.0,-0.3171881139278412,0.7821778059005737,0.6442331075668335,0.972337007522583,0.14105519652366638,0.18511781096458435,0.019888898357748985
323.4012387336872,1.8385565488445004,-1.5662691585706803,1.7941411179538236,-1.7090117348457565,-1.9349517531328686,0.0,-0.3166939914226532,0.7921581864356995,0.6445835828781128,0.9726066589355469,0.13918402791023254,0.18515554070472717,0.019532611593604088
323.6012256907008,1.834948068934817,-1.5561674249114057,1.7838583274936342,-1.710199994549459,-1.9352768662289195,0.0,-0.316132128238678,0.8021382689476013,0.6448466777801514,0.9728720188140869,0.13731326162815094,0.1851949691772461,0.019176756963133812
323.798984514334,1.8287448489181328,-1.5485573598823934,1.7746200317333873,-1.710933965703187,-1.9358075326024422,0.0,-0.3129251003265381,0.8113849759101868,0.6462554931640625,0.9733218550682068,0.13409453630447388,0.18525290489196777,0.018563518300652504
323.9989478530071,1.8219102256926547,-1.541571850099922,1.7656516748962827,-1.711554944365306,-1.9363881654897075,0.0,-0.30898091197013855,0.8204197287559509,0.6479228138923645,0.9738039374351501,0.13054536283016205,0.18532079458236694,0.017888285219669342
324.1970770077489,1.8164111874410935,-1.5333108812695413,1.7558279643894037,-1.7120902605589945,-1.9368446422833918,0.0,-0.30628228187561035,0.8298748731613159,0.6491292715072632,0.9741823673248291,0.12768742442131042,0.18537478148937225,0.017344728112220764
324.39705787391284,1.8120905792012403,-1.5239195740215228,1.745244649370493,-1.7125500609992443,-1.9371915520405063,0.0,-0.30469369888305664,0.8397169709205627,0.6498976349830627,0.9744742512702942,0.12544040381908417,0.18541428446769714,0.016917064785957336
324.59691431538084,1.8081186149346336,-1.5143053441906225,1.734428243945943,-1.712867781058538,-1.937505161917075,0.0,-0.3033660054206848,0.8495986461639404,0.6505656242370605,0.9747380018234253,0.12337353080511093,0.18545015156269073,0.01652393490076065
324.79688618496874,1.8045654902523216,-1.5044196167723634,1.723327725557808,-1.7130144192322427,-1.9377787473733579,0.0,-0.3023780882358551,0.8595327138900757,0.6511225700378418,0.9749704003334045,0.12152376770973206,0.18548065423965454,0.016171973198652267
325.1190906479101,1.8027354678983316,-1.4953708605007898,1.7135873445456682,-1.7120937363951707,-1.9390891140246076,0.0,-0.3022540211677551,0.8677926063537598,0.6511691808700562,0.9749528169631958,0.12066256254911423,0.18611681461334229,0.016374465078115463
325.50931387919985,1.8151668769216873,-1.4932533315983283,1.715108295163664,-1.702340257422304,-1.948979337958771,0.0,-0.30977046489715576,0.8621835112571716,0.6476851105690002,0.9728250503540039,0.12800852954387665,0.19177882373332977,0.021118713542819023
325.7093685619911,1.8276642186530452,-1.4911245719162705,1.7166373124773011,-1.6925350487315984,-1.9589220168677086,0.0,-0.31724369525909424,0.8564865589141846,0.6442572474479675,0.9705563187599182,0.13542716205120087,0.19751936197280884,0.025804154574871063
325.9092092641076,1.8402178601532457,-1.4889862223005612,1.7181732179214833,-1.682685668168617,-1.9689094869439427,0.0,-0.32466670870780945,0.8507080078125,0.6408885717391968,0.9681457877159119,0.1429111361503601,0.20333296060562134,0.03042508475482464
326.1091635689517,1.8528489838941622,-1.4868346745925172,1.7197186031166478,-1.6727754963144656,-1.9789586006126416,0.0,-0.33205166459083557,0.8448399901390076,0.6375744938850403,0.9655867218971252,0.15047167241573334,0.20922836661338806,0.03498666733503342
326.3257292432133,1.8655611350205097,-1.4846693249228275,1.7212739018020462,-1.6628017517069327,-1.9890721783324556,0.0,-0.33939921855926514,0.8388821482658386,0.6343146562576294,0.9628751277923584,0.15810924768447876,0.21520614624023438,0.03948779031634331
326.4852453258941,1.8724253889290452,-1.4792527359929115,1.7179508726697805,-1.656894947347182,-1.9954435256489922,0.0,-0.3441295325756073,0.8390334844589233,0.6322376728057861,0.9612225890159607,0.16232313215732574,0.2189289778470993,0.0420992337167263
326.79384157411954,1.869929757927896,-1.4686559759093218,1.706842956729862,-1.6575004055254687,-1.9958201632921782,0.0,-0.3447403311729431,0.8490075469017029,0.6318920254707336,0.961441695690155,0.1610216647386551,0.21898509562015533,0.041802603751420975
326.99381547399065,1.8674339558658148,-1.4580584894797086,1.695734279407171,-1.658105905204378,-1.996196826751675,0.0,-0.34530043601989746,0.8589807748794556,0.6314505338668823,0.9616586565971375,0.15971943736076355,0.21904221177101135,0.04150623083114624
327.19160704292557,1.8633207002517842,-1.4488336997763416,1.6849073613897865,-1.6583516753800485,-1.9968014088225539,0.0,-0.3441225588321686,0.8687875270843506,0.631944477558136,0.9620139002799988,0.15757118165493011,0.21913030743598938,0.04101584851741791
327.3915965703895,1.8583239718363136,-1.4403591479640663,1.67423475610229,-1.6584009154662949,-1.9975304819187099,0.0,-0.3419381380081177,0.8784949779510498,0.6329360604286194,0.962438702583313,0.15495909750461578,0.21923840045928955,0.040420256555080414
327.6610537975276,1.853329487657301,-1.431888402421926,1.663566944321243,-1.658450133436791,-1.9982592275581208,0.0,-0.33966299891471863,0.8881856203079224,0.6338685750961304,0.9628550410270691,0.15234608948230743,0.21935056149959564,0.039825744926929474
327.7876174682387,1.8553880339817443,-1.4271956848703062,1.659956210554975,-1.6586149800759051,-1.9979403812087855,0.0,-0.3425702452659607,0.8908704519271851,0.6323840618133545,0.9626869559288025,0.15342208743095398,0.2192944586277008,0.04006790742278099
328.08701797364677,1.8645024272987676,-1.4262825039904399,1.6634053729089053,-1.6588955015576736,-1.9965735245354304,0.0,-0.3506898283958435,0.8864883184432983,0.6285318732261658,0.9619196653366089,0.15818488597869873,0.21907706558704376,0.04114864021539688
328.2870152869674,1.8736262782864586,-1.425368375536366,1.6668581143317316,-1.6591763141262648,-1.995205249525186,0.0,-0.35876142978668213,0.882011890411377,0.6246837377548218,0.9611241221427917,0.16294531524181366,0.21887314319610596,0.04223356395959854
328.4869581737968,1.8827556009946644,-1.4244536988647227,1.6703129264192476,-1.6594572951026798,-1.993836153938361,0.0,-0.36678051948547363,0.8774428963661194,0.6208416819572449,0.9603005647659302,0.16770119965076447,0.21868287026882172,0.04332222789525986
328.6868289203795,1.8919365119454894,-1.4228556304426268,1.673061376164428,-1.6597389628505368,-1.9923646886933986,0.0,-0.37499886751174927,0.8733186721801758,0.6169275641441345,0.9594575762748718,0.1724696308374405,0.21845676004886627,0.04440564289689064
328.8867991135868,1.901134330146783,-1.4210532960860018,1.675599416489897,-1.6600208818550053,-1.990862422853907,0.0,-0.3832469880580902,0.8692591786384583,0.6129957437515259,0.9585893154144287,0.17723694443702698,0.218229740858078,0.04549021273851395
329.2634347108488,1.9103354577366638,-1.419250313246811,1.678138370006028,-1.6603029022943485,-1.9893596164969451,0.0,-0.39144963026046753,0.8651044964790344,0.609068751335144,0.9576930403709412,0.18199774622917175,0.2180165797472,0.046578411012887955
329.55767225381146,1.9065862566230534,-1.4280017384720898,1.6848918103840518,-1.6599510033116922,-1.9899878650850602,0.0,-0.3858698606491089,0.860393762588501,0.611841082572937,0.9580593109130859,0.18006004393100739,0.21810995042324066,0.04613712430000305
329.75766010489474,1.9006572067541425,-1.4385516693255285,1.6923759703612895,-1.6594917518056123,-1.990974864496746,0.0,-0.3780280351638794,0.8555036187171936,0.6156594753265381,0.9586302042007446,0.17699231207370758,0.21825900673866272,0.045439381152391434
329.95126603078256,1.8986579088985114,-1.4500818847332928,1.7024165904318451,-1.6588820466786482,-1.991305809821494,0.0,-0.37322983145713806,0.8474590182304382,0.6181027889251709,0.9588204026222229,0.17595697939395905,0.21830959618091583,0.04520413279533386
330.16472794462516,1.8978505448835277,-1.4619152271734526,1.7132380762387973,-1.6582263767318923,-1.9914377658917224,0.0,-0.36934977769851685,0.8384501934051514,0.6200413703918457,0.958897054195404,0.17553865909576416,0.2183293253183365,0.04510890692472458
330.3676038363546,1.902695165190396,-1.4700479255166086,1.722892862221427,-1.6576186885026745,-1.990631260346806,0.0,-0.37104320526123047,0.8291240930557251,0.6193644404411316,0.9584358930587769,0.1780468374490738,0.21820487082004547,0.04567837715148926
330.57755645704395,1.909005290953292,-1.4772311376981528,1.732254611473921,-1.6570228643578826,-1.9895814188168461,0.0,-0.37408140301704407,0.8196971416473389,0.6179929971694946,0.957823634147644,0.18131037056446075,0.21804888546466827,0.046421635895967484
330.7576721776912,1.909703494413493,-1.4851173092113736,1.7397480607917835,-1.6563252973112275,-1.9894611477273758,0.0,-0.3724268674850464,0.8130211234092712,0.6188300848007202,0.9577556848526001,0.1816709339618683,0.21802988648414612,0.04650331288576126
331.01741022629017,1.9017761584199218,-1.4940789732114412,1.7443654133864235,-1.6554717927609217,-1.99076963174094,0.0,-0.3637315630912781,0.8105190396308899,0.6230685710906982,0.9585260152816772,0.1775701642036438,0.21822065114974976,0.04556789994239807
331.3588443224883,1.8938005530541133,-1.503095204583932,1.7490108809381337,-1.654613091240426,-1.9920860830845089,0.0,-0.3550405502319336,0.8078947067260742,0.6272708177566528,0.9592803120613098,0.17343826591968536,0.21842294931411743,0.044629376381635666
331.5744017652748,1.8983541136479345,-1.5069957000078846,1.7543849367117248,-1.6540805161338772,-1.9913363195024283,0.0,-0.3575502038002014,0.802211582660675,0.6261336207389832,0.9588519334793091,0.1757982224225998,0.21830713748931885,0.04516522213816643
331.80827357227616,1.9075717876859546,-1.5089918090671408,1.760030217092917,-1.65366934500559,-1.9898173857421906,0.0,-0.3641296327114105,0.7953578233718872,0.6230275630950928,0.9579642415046692,0.1805691421031952,0.21808242797851562,0.04625224694609642
331.9881475302206,1.9103808256687,-1.5166931005668187,1.7678488821542335,-1.652547289150734,-1.98935849570904,0.0,-0.3641405701637268,0.787670910358429,0.6231364607810974,0.9576876759529114,0.18202170729637146,0.21801882982254028,0.046584807336330414
332.229641276824,1.908270485682581,-1.528787511655485,1.7773476741315908,-1.6508776174285207,-1.989713320993401,0.0,-0.3591862916946411,0.7793472409248352,0.6256153583526611,0.9578943252563477,0.18093125522136688,0.21807169914245605,0.04633655771613121
332.39894661107877,1.91210699091916,-1.5333594278392255,1.7828325857784655,-1.6501171748072447,-1.9890504364092518,0.0,-0.3608006536960602,0.7735640406608582,0.6248618960380554,0.957520067691803,0.1829119771718979,0.21796678006649017,0.046784937381744385
332.67868219944336,1.9222799775525787,-1.5299002046340857,1.7840271163994048,-1.6503277879556026,-1.9873031723855408,0.0,-0.36936813592910767,0.7704384326934814,0.6207634210586548,0.9565034508705139,0.188157856464386,0.2177058756351471,0.04797870293259621
332.8633452778715,1.929700808917282,-1.5320884202166292,1.7887727901918082,-1.6496492986019016,-1.986019316505184,0.0,-0.3742290735244751,0.7644333243370056,0.6185301542282104,0.9557419419288635,0.19197730720043182,0.21752144396305084,0.04885066673159599
333.09290836988606,1.9332033874844323,-1.5423310870848377,1.7985858933351913,-1.647702487785967,-1.9853951884280383,0.0,-0.3737987279891968,0.7544514536857605,0.6188912987709045,0.9553790092468262,0.1937766671180725,0.2174280434846878,0.04925990104675293
333.3686875978351,1.9367095895655677,-1.5525843502739929,1.808409148404018,-1.6457536629406302,-1.9847704146732086,0.0,-0.37330153584480286,0.7444690465927124,0.6191632151603699,0.9550116658210754,0.19557666778564453,0.21733656525611877,0.04967004060745239
333.62217879104213,1.9461805202924314,-1.5517885916147254,1.8114220931523333,-1.6454971600954706,-1.9830191083477078,0.0,-0.38031476736068726,0.7395558953285217,0.6158256530761719,0.9540092945098877,0.20042723417282104,0.2170661985874176,0.05076909065246582
333.8853533018956,1.9566207059041245,-1.5491964615625953,1.8133276098241724,-1.645515819261944,-1.9810847409537944,0.0,-0.38850730657577515,0.7353655099868774,0.6119148135185242,0.952871561050415,0.20576290786266327,0.21678312122821808,0.05198454484343529
334.06102872476947,1.9611387064049866,-1.554120468474698,1.8188937572329111,-1.6442180211314041,-1.9802504099025677,0.0,-0.39014777541160583,0.7289308309555054,0.6112439632415771,0.9523681402206421,0.20806853473186493,0.21666766703128815,0.05251261591911316
334.2942899762981,1.9599458339668896,-1.5663005005641812,1.827996251698366,-1.6416489946475197,-1.980476867996026,0.0,-0.38551846146583557,0.7203894257545471,0.6135998964309692,0.9525007605552673,0.2074604481458664,0.21670106053352356,0.052374180406332016
334.5521404229601,1.9587600412616937,-1.5784997593060959,1.8371161629093584,-1.6390751645149315,-1.9807019434339568,0.0,-0.3809063732624054,0.711812436580658,0.6158307790756226,0.9526321887969971,0.206855908036232,0.21673449873924255,0.052236683666706085
334.8103562032103,1.9673960955465846,-1.5834974246448292,1.8439545296077382,-1.6372591188970151,-1.979023130275019,0.0,-0.38522881269454956,0.7029954791069031,0.6139140725135803,0.95167076587677,0.21125218272209167,0.21647527813911438,0.05323168635368347
335.0103421916484,1.976051412775671,-1.5885062374063732,1.850808149461292,-1.6354390225420101,-1.9773405724795694,0.0,-0.38943493366241455,0.6941329836845398,0.6119773983955383,0.9506836533546448,0.21564993262290955,0.21622775495052338,0.05423235520720482
335.3285246102298,1.9838866496808991,-1.5916110865210948,1.855934131651177,-1.6341429594985335,-1.9758167209826654,0.0,-0.3936018943786621,0.6871564984321594,0.6099899411201477,0.949769914150238,0.2196236550807953,0.2160138636827469,0.05514109507203102
335.7088272416828,1.9850063219175984,-1.5793427210268733,1.8470772239749111,-1.637084494939683,-1.9755926101858459,0.0,-0.3983610272407532,0.6956396102905273,0.6076732873916626,0.9496386647224426,0.2201904058456421,0.21598070859909058,0.055269889533519745
336.00278362731024,1.9861230216612464,-1.5671069254490844,1.8382438295158705,-1.6400182212261782,-1.9753690943558075,0.0,-0.403124064207077,0.704084038734436,0.6052359342575073,0.9495075345039368,0.220755472779274,0.21594786643981934,0.055398400872945786
336.19945203147824,1.9931885435124828,-1.5642897320118967,1.8386420464569717,-1.6402930296276312,-1.9739171140917908,0.0,-0.4088117182254791,0.7018652558326721,0.6025046110153198,0.9486739635467529,0.22432443499565125,0.21572458744049072,0.0562053807079792
336.41534290603363,2.003150484700963,-1.5660387776626683,1.8435202648995779,-1.6392780384382644,-1.971867017239981,0.0,-0.4148581027984619,0.6944233775138855,0.5996724367141724,0.947472870349884,0.22934633493423462,0.21542206406593323,0.05734679475426674
336.67706395887643,2.0116938282029664,-1.565441684548734,1.8460902411626103,-1.6388920078405402,-1.9701075021835202,0.0,-0.4206847548484802,0.6895402669906616,0.5969021916389465,0.9464185237884521,0.23364359140396118,0.2151748090982437,0.05832906812429428
337.00054182132135,2.0131045062917963,-1.5531746355179494,1.8371516716796854,-1.6416391830996118,-1.9698091051090625,0.0,-0.42588934302330017,0.6976927518844604,0.5943605303764343,0.9462435245513916,0.23435166478157043,0.21513083577156067,0.05849000811576843
337.2621301264833,2.01451116339942,-1.5409425523479066,1.8282385805962507,-1.6443785278407406,-1.9695115585823222,0.0,-0.43109843134880066,0.7057993412017822,0.5916996002197266,0.9460684657096863,0.23505747318267822,0.2150873988866806,0.058650560677051544
337.4976085226783,2.007024213194424,-1.5363873739755636,1.8219019537551953,-1.645704460145959,-1.9710628882103736,0.0,-0.42764195799827576,0.7139524817466736,0.5932988524436951,0.946998655796051,0.2312953919172287,0.21530508995056152,0.0577903650701046
337.69758460184426,1.9977627246943461,-1.5333836725318057,1.8160946212240576,-1.646743874957686,-1.9729831325943117,0.0,-0.42233961820602417,0.7220625877380371,0.5957661271095276,0.9481251835823059,0.22663240134716034,0.21558764576911926,0.05673036351799965
337.8974415276,1.9886352986963118,-1.5301554916124926,1.8101125881950715,-1.6477897548878448,-1.9748570403409604,0.0,-0.4170987010002136,0.7302209734916687,0.5981807708740234,0.9492122530937195,0.2220255732536316,0.21586987376213074,0.05568606033921242
338.0972582574734,1.9798798279464007,-1.526216955305237,1.8035613152392,-1.6488605996008223,-1.9765963304949519,0.0,-0.41226616501808167,0.7386684417724609,0.6004399061203003,0.9502395391464233,0.21759244799613953,0.21612215042114258,0.05467602238059044
338.2972954872796,1.9710604620064978,-1.5224615764033411,1.7971159810503985,-1.6498870490464135,-1.9783389089664898,0.0,-0.40721452236175537,0.7469837665557861,0.60275799036026,0.9512515664100647,0.21311742067337036,0.21638396382331848,0.05366040766239166
338.49712188428134,1.9618368747158326,-1.5198649096644195,1.791340849290454,-1.6506326398709836,-1.980102290383608,0.0,-0.40141451358795166,0.7546471357345581,0.6054891347885132,0.9522926211357117,0.20842307806015015,0.21663999557495117,0.052590563893318176
338.69427415614814,1.9532136444493329,-1.516224945327005,1.7848608063085143,-1.6514692749735354,-1.9817374806387515,0.0,-0.39627623558044434,0.7627084255218506,0.6078945994377136,0.9532434344291687,0.20402473211288452,0.21688486635684967,0.0515914224088192
338.8941795665571,1.9466010749600946,-1.5090908641959928,1.7760199392028326,-1.652610827235981,-1.9829433447912619,0.0,-0.3936131000518799,0.7722563147544861,0.6091794967651367,0.9539637565612793,0.20064257085323334,0.2170555591583252,0.050818461924791336
339.0941847029874,1.9399966044941441,-1.5019655208316405,1.7671899003218963,-1.6537509813341615,-1.9841477320108085,0.0,-0.3908423185348511,0.7817842960357666,0.610422670841217,0.9546692371368408,0.1972600221633911,0.2172333002090454,0.05004832521080971
339.37994582914996,1.9334048657598555,-1.4948539133088186,1.7583768834999083,-1.6548889375065425,-1.9853497974795087,0.0,-0.3879663348197937,0.791284441947937,0.6116234064102173,0.9553593397140503,0.1938794106245041,0.21741774678230286,0.04928167536854744
339.50838250408344,1.9357046832728761,-1.4897439829762518,1.7549260241128783,-1.655554825236929,-1.9849347235544597,0.0,-0.3912367522716522,0.7938756346702576,0.609954833984375,0.9551195502281189,0.19505976140499115,0.21735484898090363,0.04954976961016655
339.7643990351022,1.9455184897241795,-1.48632791386775,1.7560085442414397,-1.6558214594660214,-1.9831530520583271,0.0,-0.39974331855773926,0.7905494570732117,0.6058869957923889,0.9540785551071167,0.2000894397497177,0.2170906960964203,0.050694338977336884
339.9505663717567,1.9543304910464567,-1.4869659902912074,1.760194041863865,-1.65558400378769,-1.9815279462519961,0.0,-0.40620553493499756,0.7846103310585022,0.6028516292572021,0.9531213641166687,0.20459496974945068,0.21685361862182617,0.05172101408243179
340.1509985602173,1.961940099459791,-1.49248800813813,1.768119467698955,-1.6547392032802681,-1.9800906314289137,0.0,-0.41015565395355225,0.7756049633026123,0.6010432243347168,0.9522799253463745,0.208476260304451,0.21664129197597504,0.0526040755212307
340.350145520148,1.9702229768039117,-1.4967567830946529,1.7751383989930913,-1.6539752073766272,-1.9784918016753297,0.0,-0.41490569710731506,0.7671341300010681,0.5988453030586243,0.9513483047485352,0.21269093453884125,0.21640276908874512,0.05356164276599884
340.5501129193875,1.9790068509603125,-1.5000929876259104,1.7814827842706238,-1.6532713402670842,-1.9767727844875467,0.0,-0.4202234745025635,0.7590381503105164,0.5963666439056396,0.950340211391449,0.21715021133422852,0.21614961326122284,0.054576147347688675
340.7400445786856,1.9882274417505117,-1.4992648098965473,1.7844362567422651,-1.6531813169073621,-1.9749299907592117,0.0,-0.42715319991111755,0.7537825107574463,0.5930653214454651,0.9492619037628174,0.22181856632232666,0.2158770114183426,0.05563710257411003
340.9441965608986,1.9979255139584857,-1.4938048943049964,1.7836149894157411,-1.6537742185601567,-1.972951171010307,0.0,-0.4359603822231293,0.7516403198242188,0.5888427495956421,0.9481052756309509,0.2267145961523056,0.21558350324630737,0.056749336421489716
341.14207505948264,2.0076513991680662,-1.4891999059029444,1.7835182765207698,-1.654236106580396,-1.970950554103197,0.0,-0.4444846510887146,0.7487234473228455,0.5847539305686951,0.9469185471534729,0.23161226511001587,0.21529598534107208,0.05786602199077606
341.34208624950963,2.017560045690306,-1.488023451000751,1.7863547089712215,-1.654170829429497,-1.9688472486517068,0.0,-0.451915442943573,0.7430288195610046,0.5812374353408813,0.9456897974014282,0.23658473789691925,0.21498379111289978,0.058994684368371964
341.5393404329376,2.0256610792047476,-1.4903592163013735,1.791392942305645,-1.6535446839355332,-1.967119806424585,0.0,-0.45674771070480347,0.7358762621879578,0.5790044069290161,0.9446640014648438,0.2406405657529831,0.2147361785173416,0.05991946533322334
341.76059241723397,2.030054316357194,-1.4998992876311907,1.800947534657299,-1.6517680789167697,-1.966163339118482,0.0,-0.45632436871528625,0.7258899807929993,0.5793372988700867,0.9441024661064148,0.24283504486083984,0.2145957350730896,0.06041799858212471
341.9605322120724,2.0355579126584935,-1.5094767113957024,1.8110328375341518,-1.6507018493573464,-1.9692142703899826,0.0,-0.4556504189968109,0.715923011302948,0.5797182321548462,0.9429835081100464,0.2456541508436203,0.2163599580526352,0.06020292267203331
342.1604054732261,2.043210042256773,-1.5191304043231042,1.822148228684293,-1.651008238838022,-1.9800123291329719,0.0,-0.4545474350452423,0.7060064673423767,0.5802829265594482,0.9407654404640198,0.2496758997440338,0.22179049253463745,0.05857761204242706
342.36043752487876,2.050903478065598,-1.5288362079038202,1.8333236207376153,-1.6513162822097138,-1.9908686758181875,0.0,-0.4533270299434662,0.6960931420326233,0.580801248550415,0.9384889006614685,0.25370436906814575,0.22723336517810822,0.05689967796206474
342.56048173960426,2.058633529196416,-1.5385882042561574,1.8445521997659886,-1.6516257916503405,-2.0017766910477848,0.0,-0.4519895911216736,0.6861919164657593,0.5812715888023376,0.9361549615859985,0.25773632526397705,0.23268455266952515,0.05516980588436127
342.7500604405164,2.067439019497049,-1.5440073554745242,1.852477281114669,-1.6511858283993017,-2.005364862748909,0.0,-0.4543112814426422,0.6773715019226074,0.5798219442367554,0.9343565702438354,0.26221805810928345,0.2349187731742859,0.05506901443004608
342.95528612909493,2.0770868146102037,-1.545997586381645,1.8577847664197484,-1.6501539392353541,-2.00316508018418,0.0,-0.45949429273605347,0.6693407893180847,0.5768901109695435,0.9329866170883179,0.26705026626586914,0.2346317321062088,0.05628448352217674
343.141067213096,2.0838618806007587,-1.5522866266379842,1.8650802614988307,-1.648117266375184,-2.0016053093580344,0.0,-0.46114516258239746,0.6602601408958435,0.5758398771286011,0.932009756565094,0.27043426036834717,0.23443195223808289,0.057137664407491684
343.3877819822237,2.088272158727177,-1.5621276320702622,1.874021922203593,-1.6452499166350874,-2.000572346051894,0.0,-0.45989203453063965,0.6503503322601318,0.5762739777565002,0.9313692450523376,0.2726319432258606,0.23429670929908752,0.05769051983952522
343.53269122543537,2.085427033712432,-1.5687546554111695,1.8778284962575975,-1.643714206864541,-2.0012181481747757,0.0,-0.45558422803878784,0.6476653218269348,0.5784568190574646,0.9317867755889893,0.2712126076221466,0.23437224328517914,0.05732939392328262
343.7949079756713,2.0747472154006226,-1.571904925459678,1.8760854405310012,-1.6436180654794679,-2.0036767624669416,0.0,-0.4479963183403015,0.6526894569396973,0.5825983881950378,0.933325469493866,0.2658776044845581,0.2346878945827484,0.05598462000489235
344.02745649633573,2.064065480769974,-1.5750557607726572,1.8743420720415442,-1.6435219068433946,-2.006135817917257,0.0,-0.4403421878814697,0.65760737657547,0.5867464542388916,0.9348283410072327,0.2605254054069519,0.2350238561630249,0.054645389318466187
344.25810644061914,2.0505834179373417,-1.5829500811777328,1.8746663064794284,-1.6396414604398926,-1.9972164331355335,0.0,-0.43155282735824585,0.6585230231285095,0.5912476778030396,0.937889039516449,0.25363579392433167,0.23008796572685242,0.05561082437634468
344.45813648061505,2.0367107102042237,-1.5914098302505004,1.87521691843265,-1.6353255002736864,-1.987005271613868,0.0,-0.42265304923057556,0.6588718295097351,0.5957976579666138,0.9410600066184998,0.2465147227048874,0.2245328426361084,0.05675702914595604
344.6581088344907,2.02273425097736,-1.599932848269742,1.8757716483139442,-1.630977261815253,-1.9767177426460532,0.0,-0.4137592613697052,0.6590709686279297,0.6003620028495789,0.9441689848899841,0.23931884765625,0.2189221978187561,0.05783165618777275
344.89165769617944,2.016088255134277,-1.6088565821575376,1.8794405367405949,-1.6277187475247403,-1.9731602283778296,0.0,-0.40759479999542236,0.6558441519737244,0.603582501411438,0.9454925060272217,0.23590527474880219,0.21685373783111572,0.058025650680065155
345.1959911161508,2.0246170475488534,-1.6185253811416127,1.889497002161254,-1.6267367190185111,-1.9835113777527518,0.0,-0.4069010615348816,0.645886242389679,0.6040024161338806,0.9432404041290283,0.24034713208675385,0.2221197783946991,0.05651059374213219
345.3961015292849,2.033208919942728,-1.6282656917313296,1.8996278464153642,-1.6257474273107837,-1.99393908547926,0.0,-0.4060783386230469,0.6359214782714844,0.6043726205825806,0.9409233927726746,0.2448069155216217,0.22740843892097473,0.05493716523051262
345.6332394069647,2.0418499730152004,-1.638061756766946,1.9098166805664785,-1.6247524728050902,-2.0044264823769646,0.0,-0.4051274359226227,0.6259690523147583,0.6046913862228394,0.9385442733764648,0.24927666783332825,0.2327103316783905,0.053307171911001205
345.79955985845993,2.0503962976471786,-1.6384378223861527,1.9134030902093324,-1.6254319657388883,-2.009154820980653,0.0,-0.4086122214794159,0.6216699481010437,0.602746307849884,0.9367210865020752,0.25364139676094055,0.235414057970047,0.05291309207677841
346.08324836993194,2.058807031802973,-1.6280519336978398,1.9094358615905302,-1.6280220536514078,-2.007289265667412,0.0,-0.4172990024089813,0.6236884593963623,0.5982105135917664,0.9355648756027222,0.2578795850276947,0.23516574501991272,0.0539763867855072
346.28317292833304,2.0671644039250614,-1.6177319384418936,1.905493803115422,-1.6305957087108698,-2.0054355463988807,0.0,-0.42598041892051697,0.625569224357605,0.5936257243156433,0.9343937635421753,0.2620810866355896,0.23493154346942902,0.05503625050187111
346.4830945065019,2.0750639571062806,-1.6070791215981628,1.9010390918723588,-1.6332351366647782,-2.0036313480799794,0.0,-0.43460339307785034,0.6278792023658752,0.5891279578208923,0.9332754015922546,0.26603859663009644,0.23469330370426178,0.05603030323982239
346.7556655373585,2.0828079471395657,-1.5963830991157824,1.8964668770087798,-1.635880826051136,-2.0018480246874937,0.0,-0.44321247935295105,0.6302085518836975,0.5846081972122192,0.9321627020835876,0.2699083089828491,0.23446252942085266,0.05700477585196495
346.98169715889367,2.09167527298638,-1.5963963478749585,1.8996220692895474,-1.6350837640375588,-1.9997476778315497,0.0,-0.44831302762031555,0.6243014931678772,0.5818086266517639,0.930875837802887,0.2743232250213623,0.23417937755584717,0.05811169743537903
347.1816624905971,2.1009919294920207,-1.6005138507094365,1.9057454141971295,-1.6329656084741446,-1.9975213762920032,0.0,-0.4519540071487427,0.6152368783950806,0.5796775817871094,0.9295008182525635,0.27894777059555054,0.23388615250587463,0.0592748299241066
347.4540679242721,2.109943012261624,-1.602368378253785,1.9101858179240871,-1.6315957768677625,-1.9953741315992446,0.0,-0.4561850428581238,0.6079398989677429,0.5772249698638916,0.9281560182571411,0.2833779454231262,0.23361429572105408,0.06039463356137276
347.76421422301655,2.116630677646749,-1.59087374002325,1.9046608133074452,-1.6346496168007454,-1.9937189745985475,0.0,-0.46459299325942993,0.6111826300621033,0.5728871822357178,0.927144467830658,0.28667542338371277,0.23339228332042694,0.061222441494464874
348.0339253442795,2.123277640209454,-1.5794490610672498,1.8991694352658228,-1.637684870291774,-1.9920738913018405,0.0,-0.4730002284049988,0.6143006086349487,0.5684744715690613,0.9261256456375122,0.2899460792541504,0.2331794649362564,0.06204766780138016
348.26047419873305,2.1323438433932957,-1.5784446999841848,1.9016268523981805,-1.6372466295830557,-1.989765455264977,0.0,-0.47845086455345154,0.6086608171463013,0.5654827952384949,0.9247263073921204,0.2943899631500244,0.23286548256874084,0.06316155940294266
348.4604336444778,2.1422570895647817,-1.5810209016519376,1.9068210462706656,-1.6356135390816144,-1.9872250619115603,0.0,-0.48277196288108826,0.5999935269355774,0.5629997253417969,0.9231708645820618,0.29923319816589355,0.2325296252965927,0.06438081711530685
348.7350708581437,2.1515955472979886,-1.5817409173696013,1.9105380551690465,-1.634610218015245,-1.9848268991035816,0.0,-0.48746559023857117,0.5929243564605713,0.560314953327179,0.9216795563697815,0.3037814199924469,0.23222631216049194,0.0655330941081047
349.0436601375507,2.156825638611562,-1.5696212458135044,1.9039913469860628,-1.6379741905381946,-1.9834466147172058,0.0,-0.49552375078201294,0.5971696972846985,0.556185781955719,0.9208400845527649,0.3063189685344696,0.23204202950000763,0.06617145240306854
349.3578448762926,2.1620298968579736,-1.5575614371298712,1.8974769750553613,-1.641321547342048,-1.982073147989857,0.0,-0.5035871863365173,0.6013075113296509,0.5519607663154602,0.9199966192245483,0.3088398873806,0.23186348378658295,0.06680809706449509
349.66396143434963,2.15317000933307,-1.5535809247922785,1.8915243315446126,-1.6431098866162857,-1.9843898478528788,0.0,-0.5005329847335815,0.6103668808937073,0.5538372993469238,0.921431839466095,0.30454370379447937,0.2321581095457077,0.06571972370147705
349.93325948563654,2.1439572770653488,-1.5498260120012122,1.8856017061478627,-1.6448521168473444,-1.986799147641253,0.0,-0.4970614016056061,0.619519054889679,0.5558690428733826,0.9228991866111755,0.30006346106529236,0.2324792593717575,0.06459273397922516
350.0358526059885,2.1442927205988003,-1.5454145442123348,1.8825747897091833,-1.6461018931464533,-1.9867027048651231,0.0,-0.4991494119167328,0.622215211391449,0.554806113243103,0.9228479266166687,0.3002258837223053,0.2324623316526413,0.06463140994310379
350.3231507010387,2.154665738710773,-1.5403086060480689,1.8825889645583394,-1.6468352053427833,-1.98397207767357,0.0,-0.5071539878845215,0.6180528402328491,0.5504867434501648,0.921196460723877,0.3052670657634735,0.23209215700626373,0.0658963993191719
350.5230458855258,2.1650121043351795,-1.5352157871083112,1.8826031029865629,-1.64756663336288,-1.9812484665699566,0.0,-0.5150938034057617,0.6137833595275879,0.5461709499359131,0.9195171594619751,0.31027865409851074,0.2317417412996292,0.06716401129961014
350.72260478805765,2.1751706982275225,-1.5294630353077547,1.8820352554199717,-1.648497952121245,-1.9785261138950898,0.0,-0.5232055187225342,0.6099770665168762,0.5417810082435608,0.9178470969200134,0.3151780068874359,0.23138843476772308,0.06840208172798157
350.9225789114462,2.185094194093392,-1.5229293391585232,1.880773778130354,-1.649666702221671,-1.9758082384602464,0.0,-0.5315378904342651,0.6067442297935486,0.537298321723938,0.9161980748176575,0.3199422359466553,0.23102717101573944,0.06960222870111465
351.1302687759974,2.1906995095223736,-1.5154038378772097,1.8772103862146727,-1.651308255899633,-1.9742760068117937,0.0,-0.5380024909973145,0.6073430180549622,0.5339092016220093,0.915253221988678,0.3226267397403717,0.23083244264125824,0.07028330862522125
351.4138413324647,2.186347810186529,-1.5055546281022443,1.8683118237655587,-1.6540494263298338,-1.9754777034343818,0.0,-0.540177047252655,0.6170628666877747,0.5330232977867126,0.9159850478172302,0.3205442428588867,0.23099014163017273,0.0697576180100441
351.7306106288083,2.1819439683809305,-1.495868727820724,1.859515818889494,-1.6567520636901447,-1.9766929465051037,0.0,-0.542170524597168,0.6267418265342712,0.5321106910705566,0.9167202711105347,0.3184337615966797,0.23115263879299164,0.06922642886638641
352.049888129867,2.1718642015335505,-1.5006069111702818,1.8593905993991422,-1.6561109042696682,-1.9793929357716733,0.0,-0.5344016551971436,0.6313924789428711,0.5363616943359375,0.9183977842330933,0.3135831654071808,0.23149031400680542,0.06799356639385223
352.24985824856844,2.161774183173745,-1.5053499134354174,1.8592652525557294,-1.655469092765283,-1.9820956710316704,0.0,-0.5265751481056213,0.6359370350837708,0.540611743927002,0.9200471639633179,0.3087114989757538,0.2318463772535324,0.06676510721445084
352.4497783366212,2.1516715807046802,-1.5100988310969965,1.8591397493817416,-1.6548264808038713,-1.9848017770997866,0.0,-0.5186910629272461,0.6403754353523254,0.5448616743087769,0.9216684103012085,0.30381786823272705,0.23222067952156067,0.06554096937179565
352.64948572922435,2.141411868754491,-1.5131397544746126,1.8575912346787633,-1.65461657307424,-1.9874548276785586,0.0,-0.5114504098892212,0.6459883451461792,0.5488335490226746,0.923302173614502,0.29882219433784485,0.2325650006532669,0.06427982449531555
352.86371588504693,2.1311418297467943,-1.516006541679298,1.8558981064255253,-1.6544507734771474,-1.9900987086651476,0.0,-0.5042136907577515,0.6516315937042236,0.5527825951576233,0.9249081015586853,0.2938042879104614,0.2329215705394745,0.06302009522914886
353.07866867655144,2.1223698446409873,-1.5246975331781194,1.859136472276962,-1.6528081775809396,-1.9922876258321822,0.0,-0.4953792989253998,0.6521191000938416,0.5574944615364075,0.9262676239013672,0.2894986569881439,0.23320193588733673,0.061932168900966644
353.35903137706504,2.1135978595351816,-1.5333885246769392,1.8623748381283982,-1.651165581684732,-1.9944765429992166,0.0,-0.4865623116493225,0.6524789929389954,0.5621543526649475,0.9276036620140076,0.28518155217170715,0.23349589109420776,0.060848332941532135
353.6225796057446,2.1046587802302055,-1.5312933992067774,1.8573028326801475,-1.652129399353941,-1.9966334359017421,0.0,-0.4821180999279022,0.660323977470398,0.564743161201477,0.9289544820785522,0.28076329827308655,0.23376844823360443,0.05973115935921669
353.8225649981363,2.095710219690927,-1.52762822384143,1.8510269138752602,-1.6534718496568173,-1.9987820628297785,0.0,-0.47820067405700684,0.6692360639572144,0.5670265555381775,0.9302839040756226,0.2763274908065796,0.23404967784881592,0.058614518493413925
354.0391144911995,2.086797155735151,-1.523950196103071,1.8447539282359682,-1.6548144682781887,-2.000922082052898,0.0,-0.4741857945919037,0.6781076192855835,0.5692923069000244,0.9315834045410156,0.27189767360687256,0.2343437820672989,0.057506412267684937
354.25568397475627,2.0830843542726463,-1.5137847798778854,1.835218835953373,-1.657105208655273,-2.0017868365452474,0.0,-0.47593575716018677,0.6879316568374634,0.5686584711074829,0.9321221709251404,0.2700464725494385,0.234455868601799,0.05704009532928467
354.61017106508314,2.0793758045664057,-1.503631004693179,1.8256946628887196,-1.6593933257653053,-2.002650600754284,0.0,-0.47761449217796326,0.6977611780166626,0.5679374933242798,0.9326559901237488,0.26819536089897156,0.23457008600234985,0.05657513812184334
354.92692300160184,2.088316264105526,-1.5004693359412078,1.8268177191984798,-1.6597042133853215,-2.000535728145328,0.0,-0.4845637083053589,0.693598747253418,0.5641703009605408,0.9313675761222839,0.27265140414237976,0.23428083956241608,0.05769028887152672
355.12690058951034,2.09835322562467,-1.4979123616265517,1.8288626207657177,-1.6598440025500163,-1.9981626453967771,0.0,-0.49190762639045715,0.6881324052810669,0.5601499080657959,0.9298911094665527,0.2776402533054352,0.23397354781627655,0.0589473582804203
355.32667336095824,2.1083680597686976,-1.4959336687514568,1.8313207526728086,-1.6598693258730037,-1.9957421916946712,0.0,-0.49895015358924866,0.6821951270103455,0.5562866926193237,0.9283962845802307,0.28259849548339844,0.23365570604801178,0.06019493564963341
355.52663459484233,2.1183662795945075,-1.494480039809155,1.8341554410360295,-1.6597905891547005,-1.9932778230632524,0.0,-0.5057032108306885,0.675828754901886,0.552568256855011,0.9268820285797119,0.2875288724899292,0.23332946002483368,0.06143495440483093
355.7219299398805,2.1281826510165276,-1.4916839652653986,1.8358328888355,-1.6599957015107085,-1.9908347170604177,0.0,-0.5128464698791504,0.6704434156417847,0.5486538410186768,0.9253697991371155,0.2923527956008911,0.23301322758197784,0.06265191733837128
355.9218598068203,2.137382724988391,-1.4845038441535667,1.8337221229419678,-1.6611286339498637,-1.9884665217319484,0.0,-0.5214934349060059,0.668437123298645,0.5440565943717957,0.923940896987915,0.2968529760837555,0.23268826305866241,0.06377862393856049
356.1217765048589,2.146550956286933,-1.4773485743909387,1.8316186626884787,-1.6622576451599433,-1.986106523040858,0.0,-0.5301038026809692,0.6663150787353516,0.539444088935852,0.9224914312362671,0.3013245463371277,0.2323792278766632,0.06490612030029297
356.50310765120287,2.1552354143273136,-1.4703140796229643,1.829419403568066,-1.6633765908620304,-1.9838716328330925,0.0,-0.5383664965629578,0.6643644571304321,0.5349904298782349,0.9210951924324036,0.3055484890937805,0.23210056126117706,0.06597845256328583
356.9003806529004,2.146404721817164,-1.4672858500169188,1.8234566280146554,-1.664201760270707,-1.9861671593254668,0.0,-0.5344372391700745,0.6732509136199951,0.5373033285140991,0.9225103855133057,0.30125564336776733,0.23239707946777344,0.06489362567663193
357.10584808886387,2.1378967270483966,-1.46378852411394,1.8172206245278935,-1.6650869893385436,-1.9883769003050724,0.0,-0.5307942032814026,0.6821881532669067,0.5394183397293091,0.9238520860671997,0.2971082329750061,0.2326945811510086,0.06385206431150436
357.31376831302873,2.1334314206754144,-1.4544144599728905,1.807561679836667,-1.666724632991313,-1.9895119386991826,0.0,-0.532133162021637,0.6920877695083618,0.5390077233314514,0.924552321434021,0.29492461681365967,0.23284195363521576,0.06330101191997528
357.5571463576421,2.1289703299086518,-1.445049245697852,1.797911853961467,-1.6683607305775439,-1.9906459055263017,0.0,-0.5333880186080933,0.7019950747489929,0.53852379322052,0.9252458214759827,0.29274001717567444,0.23299267888069153,0.0627516359090805
357.77093743198117,2.120797125377644,-1.444450233608976,1.7940014966709283,-1.6686077301567692,-1.99267487780473,0.0,-0.5284599661827087,0.7087263464927673,0.5412697792053223,0.9265098571777344,0.28872501850128174,0.2332507073879242,0.06173635646700859
357.98669266210743,2.111172103044721,-1.4472788628494597,1.7923351591912746,-1.6683115899495846,-1.9950538916290563,0.0,-0.521078884601593,0.7141331434249878,0.5453017354011536,0.9279742240905762,0.2839829921722412,0.23356398940086365,0.060542792081832886
358.17080813688943,2.1065143007722225,-1.4519340128437082,1.7942865644874322,-1.667636630758957,-1.9962090749471986,0.0,-0.5161132216453552,0.714409351348877,0.5479583144187927,0.9286718368530273,0.2816835641860962,0.23372361063957214,0.05996795371174812
358.4972761764428,2.1119611405494965,-1.4603063084943193,1.8035986915671536,-1.666190807721568,-1.9948746644769655,0.0,-0.5161038637161255,0.7044132947921753,0.5477699637413025,0.9278523325920105,0.2843737304210663,0.23354652523994446,0.060644134879112244
358.8795797333491,2.1172231664943166,-1.4686116280050576,1.8127771991782915,-1.6647595187474762,-1.993585235021978,0.0,-0.5159099698066711,0.6946179866790771,0.5475763082504272,0.9270519018173218,0.286968469619751,0.23338019847869873,0.06129888817667961
359.2696442172707,2.1074064054965316,-1.4708659832181237,1.8105612567696794,-1.664607307159321,-1.9959665643411815,0.0,-0.5087838768959045,0.700428307056427,0.5515031814575195,0.9285426735877991,0.2821221947669983,0.23368099331855774,0.06007318198680878
359.4696065687419,2.0975933131941806,-1.4731194959391825,1.808346142497537,-1.6644551524553013,-1.9983470037159314,0.0,-0.5015881061553955,0.7061476111412048,0.5554367303848267,0.9300031661987305,0.2772635221481323,0.23399874567985535,0.058852799236774445
359.667867300737,2.0880336971124436,-1.473545760334976,1.8046544971512248,-1.6645871022160788,-2.000606438873931,0.0,-0.49525201320648193,0.712906002998352,0.5589646697044373,0.9314078688621521,0.2725111246109009,0.2342919409275055,0.05765581876039505
359.8679063559354,2.0786625198942117,-1.4726354561712254,1.7998841078724874,-1.6649268012887282,-2.00277665209722,0.0,-0.4895018935203552,0.7204239368438721,0.5621982216835022,0.9327653050422668,0.26783546805381775,0.2345704883337021,0.05647712200880051
360.1689101146703,2.0693143119112025,-1.471727383209593,1.795125411062145,-1.6652656677415556,-2.0049415460167705,0.0,-0.4836624264717102,0.727865993976593,0.5654335021972656,0.9340919256210327,0.2631586492061615,0.23486395180225372,0.05530573055148125
360.3707003203359,2.0701672555718176,-1.463632892824251,1.7885862089474756,-1.666429080500947,-2.004757176714557,0.0,-0.4874189794063568,0.733098566532135,0.5635818243026733,0.9339696168899536,0.2635871469974518,0.23484371602535248,0.05541525408625603
360.570676734778,2.075529681680656,-1.4523848982950567,1.7812797897989374,-1.6679535865634925,-2.0035342635252458,0.0,-0.49547842144966125,0.7372819781303406,0.5593960285186768,0.9332072734832764,0.2662724256515503,0.23468466103076935,0.05609088018536568
360.76839452433853,2.0823538446573817,-1.4424940978514227,1.7756870293823366,-1.6691985990926517,-2.001946614913134,0.0,-0.5040459036827087,0.7393331527709961,0.5549103021621704,0.9322295188903809,0.2696809768676758,0.23447251319885254,0.05694611370563507
360.96837095740705,2.089862954502022,-1.4332728589675385,1.7709254101589988,-1.6703073652913873,-2.0001878186234325,0.0,-0.5128501057624817,0.7402936220169067,0.5502691864967346,0.9311388731002808,0.27342289686203003,0.23424212634563446,0.05788753554224968
361.16725908416777,2.097714206928082,-1.4247582037890578,1.766901037119202,-1.6713143213868311,-1.9983224625116667,0.0,-0.5216341018676758,0.7403833270072937,0.5456082224845886,0.929984450340271,0.2773239314556122,0.2339973747730255,0.05886893719434738
361.3673362304595,2.106229296460221,-1.4174974411027788,1.7642079719450738,-1.6721395660150031,-1.9962531000711436,0.0,-0.530379593372345,0.7389711141586304,0.5409607291221619,0.9287192225456238,0.281540185213089,0.23371873795986176,0.05992672219872475
361.6566093362465,2.1147060702940603,-1.410269349968744,1.7615270248669828,-1.6729610972560076,-1.9941930492258357,0.0,-0.5390872955322266,0.7374496459960938,0.5363003015518188,0.927437424659729,0.2857268750667572,0.2334541380405426,0.06098345294594765
361.81317840273175,2.113849185767711,-1.404242298861514,1.7556974509094367,-1.6735303647737736,-1.9944074401757956,0.0,-0.5410899519920349,0.7423883676528931,0.5353772044181824,0.9275669455528259,0.28530481457710266,0.23348373174667358,0.06087789684534073
362.0385433994565,2.1065186674791416,-1.3990477649264692,1.7476836030575165,-1.6739247155721675,-1.9961993377013993,0.0,-0.5383507013320923,0.7518566846847534,0.5370495319366455,0.928672730922699,0.281684935092926,0.23371869325637817,0.05996652692556381
362.23347514222894,2.0986518631354527,-1.3957090103970435,1.7410842382393976,-1.6741296872281999,-1.9981005387767803,0.0,-0.5343634486198425,0.7604177594184875,0.5393234491348267,0.9298450350761414,0.27778932452201843,0.23396936058998108,0.05898670479655266
362.43413673497133,2.089546512266419,-1.396663625596016,1.737758289094135,-1.6738965609536174,-2.0002541023733205,0.0,-0.5276644229888916,0.7668511271476746,0.5430281162261963,0.9311866164207458,0.2732645869255066,0.2342473417520523,0.05784612149000168
362.7949973029919,2.081756360149322,-1.3969218279699558,1.7343922753132917,-1.6737355415123265,-2.0020961048466015,0.0,-0.522097110748291,0.7727028131484985,0.5460966229438782,0.932313859462738,0.26938387751579285,0.23449653387069702,0.056873515248298645
363.2122745901055,2.089610934029373,-1.3888477278430793,1.7305047254564376,-1.6744355763575776,-2.000231941500609,0.0,-0.5309349894523621,0.7724467515945435,0.5414440631866455,0.9311784505844116,0.27329590916633606,0.23424148559570312,0.05785262957215309
363.412233365298,2.0974401093939687,-1.3807997360907616,1.7266297463636544,-1.6751333475732406,-1.99837380610499,0.0,-0.5397605299949646,0.7720791101455688,0.5367607474327087,0.9300276041030884,0.27718648314476013,0.233998104929924,0.05883173272013664
363.8006797765093,2.1052044769723848,-1.3727882657090387,1.722758342598203,-1.67582694118502,-1.996531050014201,0.0,-0.548539936542511,0.7716246843338013,0.5320650339126587,0.9288673996925354,0.2810361683368683,0.23376761376857758,0.05980575829744339
364.190170188717,2.097029865970212,-1.37014748091189,1.7163464262141477,-1.6756848740875852,-1.9984704959503679,0.0,-0.5439288020133972,0.7800731658935547,0.5347537994384766,0.930088460445404,0.2769829034805298,0.23401029407978058,0.05878015607595444
364.3901451689223,2.0888679234473657,-1.3675107886308988,1.7099444466001885,-1.6755430271564784,-2.000406936259632,0.0,-0.5392170548439026,0.7884726524353027,0.5374413728713989,0.9312869310379028,0.2729261517524719,0.23426441848278046,0.057759568095207214
364.6744383576571,2.080793298872382,-1.3648046632334143,1.7035150757963118,-1.6754044232484342,-2.0023227058649744,0.0,-0.5344904661178589,0.7968169450759888,0.5400846004486084,0.9324520230293274,0.2689034342765808,0.23452742397785187,0.05675327777862549
364.96015371221296,2.082061936139216,-1.3529580068210882,1.6924746208941632,-1.6756430686325734,-2.002027453592663,0.0,-0.5402719974517822,0.8044809699058533,0.5372946858406067,0.9322693347930908,0.2695366144180298,0.23448853194713593,0.05691243335604668
365.160123029977,2.0833294659632897,-1.3411216918154192,1.6814438036340504,-1.675881505693885,-2.001732459057531,0.0,-0.5460558533668518,0.8121017217636108,0.5343894362449646,0.932086169719696,0.2701689600944519,0.23444980382919312,0.05707157030701637
365.36737047567027,2.080566443192678,-1.3340564271217965,1.673104699058493,-1.6751384558094147,-1.9982540153752193,0.0,-0.5476963520050049,0.8186448216438293,0.5334905982017517,0.9329082369804382,0.2687343657016754,0.23269015550613403,0.057612016797065735
365.6718388399975,2.06825892145504,-1.3382745232983786,1.671125221316475,-1.6720711085793623,-1.9872352063925252,0.0,-0.5395107865333557,0.8226592540740967,0.537593424320221,0.9360618591308594,0.2623915374279022,0.22684097290039062,0.05900748074054718
365.8717814288037,2.0559286665285907,-1.3425004107085536,1.669142087286683,-1.6689980956608623,-1.9761960445987274,0.0,-0.5312995910644531,0.8265833258628845,0.5417311191558838,0.9391438961029053,0.2560162842273712,0.22096267342567444,0.06033053249120712
366.15465007072777,2.043571735379829,-1.3467354407287309,1.6671546627921299,-1.665918434349748,-1.965132999832849,0.0,-0.5230610370635986,0.8304182887077332,0.5459051728248596,0.9421548247337341,0.2496073693037033,0.21505409479141235,0.06158104166388512
366.41221668134966,2.0405384907150474,-1.3575002509189602,1.676313456615796,-1.6652769403007186,-1.963855723756611,0.0,-0.5170335173606873,0.8243246078491211,0.5489791631698608,0.9427427053451538,0.2480599731206894,0.21425940096378326,0.06160610914230347
366.70072529683404,2.0390383187474694,-1.3693501052283263,1.6873162731849969,-1.6650364823772028,-1.964189180703514,0.0,-0.5113773941993713,0.8165634274482727,0.5517627000808716,0.9429388046264648,0.2473135143518448,0.2143082171678543,0.06143650412559509
366.90260941627355,2.03272736943215,-1.3718566952180062,1.687031092350799,-1.6648161941915334,-1.9655651623581123,0.0,-0.5055770874023438,0.8193369507789612,0.5545226335525513,0.9437605142593384,0.24416765570640564,0.21450293064117432,0.06071823462843895
367.1272660813585,2.0242305910652045,-1.3700989023204937,1.6815982303845358,-1.6646053907265828,-1.9674148156057043,0.0,-0.4996323585510254,0.8268784880638123,0.5573083162307739,0.9448481798171997,0.23992402851581573,0.21477366983890533,0.05975358188152313
367.32663450979743,2.0159624842268364,-1.3677345121820796,1.6756123790714885,-1.6643709871590529,-1.9691918455463626,0.0,-0.49400466680526733,0.8346738815307617,0.5599408745765686,0.9458891153335571,0.2357843965291977,0.21503598988056183,0.05881357565522194
367.52661550634656,2.0081575739575475,-1.3640818831452226,1.668442753958973,-1.6640861148784598,-1.970819690655005,0.0,-0.48913338780403137,0.8430968523025513,0.562244176864624,0.9468602538108826,0.23186452686786652,0.21526704728603363,0.05791866034269333
367.7265401951328,2.000370184920174,-1.360437453890073,1.661289223927632,-1.6638018821072427,-1.9724438814164882,0.0,-0.48416706919670105,0.8514633774757385,0.5645380020141602,0.9478104114532471,0.22794635593891144,0.2155074179172516,0.05702858045697212
368.06469541920154,1.9928587239695725,-1.3578263492238176,1.6552875774300562,-1.6635232378055456,-1.974008598189694,0.0,-0.4789653420448303,0.8588032722473145,0.5669150948524475,0.9487095475196838,0.2241600602865219,0.21574755012989044,0.0561726912856102
368.42820247918814,1.9890190978730407,-1.369307322033224,1.6649535163719513,-1.66331726792537,-1.9747811550423968,0.0,-0.47189855575561523,0.8526795506477356,0.5704664587974548,0.9491665363311768,0.22221972048282623,0.21585923433303833,0.05573040992021561
368.62821186244935,1.985169037917817,-1.3808194934137739,1.674645721684193,-1.6631107383394912,-1.9755558112529092,0.0,-0.4648565948009491,0.8464738726615906,0.5739175081253052,0.949620246887207,0.22027237713336945,0.2159736305475235,0.055287737399339676
368.8470619364787,1.984670621638903,-1.3895043768328728,1.683020245244567,-1.6630135820674787,-1.9756495959696287,0.0,-0.46150505542755127,0.8400991559028625,0.5755480527877808,0.9496796727180481,0.2200196236371994,0.21598514914512634,0.05522908270359039
369.1433598528594,1.9934530618795852,-1.3903290355473974,1.6877150391499804,-1.6632195922542115,-1.973858044303444,0.0,-0.468220055103302,0.8333931565284729,0.5724033117294312,0.9486432075500488,0.22445756196975708,0.21571390330791473,0.05623479560017586
369.34338139919345,2.0022535213609385,-1.3911553862431303,1.6924194655287113,-1.6634260251192698,-1.97206281684787,0.0,-0.4748612344264984,0.8266081809997559,0.5692600011825562,0.9475805163383484,0.2288956344127655,0.21545469760894775,0.05724617466330528
369.54221873162095,2.0107293653999627,-1.3931953244502626,1.6980772059800326,-1.6635327280379417,-1.9702971388743524,0.0,-0.48074713349342346,0.8190826773643494,0.5665097832679749,0.9465401768684387,0.2331581562757492,0.21519723534584045,0.05821613967418671
369.7421616184503,2.0188705771650275,-1.396494890628111,1.70472545994727,-1.6635359873961315,-1.9685616689487095,0.0,-0.4858403503894806,0.8108075857162476,0.5641592741012573,0.945526123046875,0.23724088072776794,0.2149396687746048,0.05914278328418732
369.9421050081939,2.0270296176875973,-1.3998016826547586,1.711388273185441,-1.6635392538921172,-1.9668223984497177,0.0,-0.490836501121521,0.8024755716323853,0.5618014335632324,0.944489598274231,0.24132445454597473,0.2146923542022705,0.06007469817996025
370.1398589144439,2.032146052051993,-1.408090942126051,1.7211812966745919,-1.6629629825503063,-1.9657004013158856,0.0,-0.4916323721408844,0.7926216125488281,0.5616208910942078,0.9438342452049255,0.24387827515602112,0.2145257443189621,0.060653943568468094
370.33982527060215,2.036984914696058,-1.4168418985466722,1.7312663473262775,-1.662333175243854,-1.9646346809123554,0.0,-0.4919608533382416,0.7826287746429443,0.5615801811218262,0.943207859992981,0.24629022181034088,0.21436962485313416,0.06120206043124199
370.75621435007236,2.041826641574123,-1.4255980348595023,1.7413573675512055,-1.6617029951399835,-1.9635683296844275,0.0,-0.4921989142894745,0.7726348638534546,0.5614762306213379,0.9425739645957947,0.24870066344738007,0.2142171710729599,0.06175154447555542
371.11827158919874,2.033957546876636,-1.4246336933487507,1.7372362139333841,-1.6617571197670926,-1.9652775965383498,0.0,-0.4868229627609253,0.7789677977561951,0.5640370845794678,0.9436044096946716,0.24477940797805786,0.2144538313150406,0.06085371971130371
371.31830220661465,2.025084630180984,-1.4228967263337617,1.7319880777501508,-1.661865649400938,-1.9672060734414993,0.0,-0.4809119701385498,0.7865421772003174,0.5668154954910278,0.9447435736656189,0.24034903943538666,0.2147335559129715,0.05984530597925186
371.5182674079329,2.016232941720217,-1.4211639149696196,1.7267524976036104,-1.661973919380305,-1.9691299365111066,0.0,-0.47491469979286194,0.794044554233551,0.5695925951004028,0.9458560347557068,0.2359195351600647,0.2150251865386963,0.058843329548835754
371.718156445691,2.007394029438953,-1.4195219511860777,1.7215161191527535,-1.662022874847556,-1.9709975204586834,0.0,-0.4688209593296051,0.8014340996742249,0.5724474191665649,0.9469513297080994,0.2314823567867279,0.21530021727085114,0.05783521384000778
372.07781170295465,1.998561976750476,-1.4179287639094895,1.7162793120884356,-1.662039984065369,-1.9728348878724904,0.0,-0.4626309871673584,0.8087361454963684,0.5753471851348877,0.9480262994766235,0.227036714553833,0.21557213366031647,0.05682530999183655
372.28277844138927,1.9975735790430924,-1.424731583628576,1.7221114823985535,-1.6614763606965508,-1.9730444427616705,0.0,-0.4595177173614502,0.8042421340942383,0.5769609212875366,0.9481444954872131,0.2265390008687973,0.21560540795326233,0.05671340599656105
372.48274990119523,2.0001248990201796,-1.435324247193577,1.7329396966803932,-1.6606505923379538,-1.9725193920365618,0.0,-0.4577765464782715,0.7944424152374268,0.5779123902320862,0.9478363394737244,0.22782494127750397,0.2155282348394394,0.057005830109119415
372.684801838059,2.004170889467265,-1.4440070098327253,1.7425921166340055,-1.659945334872763,-1.9716747554822995,0.0,-0.4577733874320984,0.7850919961929321,0.577953577041626,0.9473453164100647,0.2298615723848343,0.2154015451669693,0.0574675016105175
372.900800704754,2.0128426097027785,-1.4467736257199468,1.7486007078892938,-1.6596134351709695,-1.969841051742867,0.0,-0.4632275402545929,0.7771024107933044,0.5754361152648926,0.9462798237800598,0.23421823978424072,0.21512632071971893,0.05845507234334946
373.2609500220564,2.0215390838730554,-1.4495481390747214,1.7546264510212473,-1.659280588041982,-1.9680021135884038,0.0,-0.46858811378479004,0.769044816493988,0.5729122161865234,0.9451879858970642,0.2385781705379486,0.2148626744747162,0.05944926664233208
373.4777506407446,2.01738866354968,-1.4556053255258958,1.758318192262427,-1.6586223899784813,-1.9688844146031335,0.0,-0.46338966488838196,0.7673571705818176,0.5754373669624329,0.9457111954689026,0.23649892210960388,0.2149895280599594,0.05897536501288414
373.6775737594909,2.0085766087046655,-1.462853598220013,1.7611629559255757,-1.657846142247074,-1.9707541466202743,0.0,-0.4543994963169098,0.7678884863853455,0.5797637701034546,0.9468051195144653,0.23207712173461914,0.215266153216362,0.0579712837934494
373.87127658017937,1.999164417771298,-1.4662717942728656,1.7603671464390176,-1.657541875580117,-1.9726993177357521,0.0,-0.446331262588501,0.7716071605682373,0.5836208462715149,0.9479552507400513,0.22733937203884125,0.2155476212501526,0.05689206346869469
374.0911904530949,1.9894517746574805,-1.467747969825539,1.7577269661104031,-1.6574768792731125,-1.9746819622489684,0.0,-0.43867090344429016,0.7769047021865845,0.587257444858551,0.9491171836853027,0.22243736684322357,0.21584004163742065,0.05577767267823219
374.27838669984305,1.9825935749784214,-1.4639834340420834,1.7515125621212795,-1.6578942690571328,-1.9760719356054282,0.0,-0.4348366856575012,0.7842816114425659,0.5890786051750183,0.9499214887619019,0.21896862983703613,0.21605044603347778,0.054991576820611954
374.48823792256167,1.9791564582767156,-1.4539322537811823,1.7410093494762215,-1.658890343043495,-1.9767515742027122,0.0,-0.43560275435447693,0.794242262840271,0.5886533260345459,0.950321614742279,0.2172267585992813,0.2161496877670288,0.05459494888782501
374.740621594158,1.97572089357378,-1.4438856120392656,1.730510879461258,-1.6598859672617123,-1.9774309059153723,0.0,-0.4363008141517639,0.8042030334472656,0.5881425738334656,0.9507178664207458,0.21548430621623993,0.21625085175037384,0.054199110716581345
374.93856284134563,1.9685043372981181,-1.4433545291236696,1.7270033209299236,-1.6599740948319348,-1.9788194048708314,0.0,-0.4309157431125641,0.8093257546424866,0.5906421542167664,0.9515439867973328,0.2118166983127594,0.21644914150238037,0.05336197465658188
375.15985192227345,1.959174194450453,-1.4481231411666606,1.72738609628887,-1.6595568308811393,-1.9806043671435016,0.0,-0.4221506416797638,0.8116670250892639,0.5948455929756165,0.9525891542434692,0.20706550776958466,0.2167128026485443,0.05228108912706375
375.3598187813459,1.9498185935947738,-1.4528763422843203,1.7277290271886023,-1.6591442423275755,-1.9823638795413723,0.0,-0.4133683145046234,0.813929557800293,0.5990549325942993,0.9536139369010925,0.20228944718837738,0.21697542071342468,0.05119563639163971
375.5597854727803,1.940430953070491,-1.457595218136405,1.7280003339328684,-1.6587405919288853,-1.9840754354328587,0.0,-0.40457770228385925,0.8161352872848511,0.6032770872116089,0.9546222686767578,0.19748318195343018,0.21722498536109924,0.05010015517473221
375.8266562280283,1.9311813860474825,-1.461574661775916,1.727643748387487,-1.6583914599684644,-1.985757511991587,0.0,-0.3961060643196106,0.8187288045883179,0.6073324680328369,0.955588698387146,0.19273822009563446,0.21748270094394684,0.049023933708667755
376.1002151435067,1.9238918450594564,-1.4559763812993063,1.7192295486779707,-1.65874961900138,-1.9870270190090669,0.0,-0.3919813930988312,0.8276167511940002,0.6092692017555237,0.9563390612602234,0.18898817896842957,0.21766644716262817,0.04816842079162598
376.4147817307051,1.9166023040714293,-1.4503781008226955,1.7108153489684532,-1.6591077780342955,-1.988296526026547,0.0,-0.38774457573890686,0.8364777565002441,0.6111844778060913,0.957072377204895,0.18523269891738892,0.21785885095596313,0.047315068542957306
376.64881446744886,1.920865711450298,-1.4423465439676824,1.7051508209741972,-1.659619472976717,-1.9875521313020332,0.0,-0.39350712299346924,0.84025639295578,0.6083663702011108,0.9566459655761719,0.18742963671684265,0.21774432063102722,0.047813549637794495
376.84877352203813,1.928547544277875,-1.4336174164499258,1.7003208876419935,-1.6601751680809786,-1.9862118428574222,0.0,-0.4022867977619171,0.8424253463745117,0.6041035056114197,0.9558625221252441,0.19138354063034058,0.21754588186740875,0.04871373251080513
377.0430197694489,1.9368352235094173,-1.4268433543647787,1.697601527175428,-1.6606440280956964,-1.9847287916052756,0.0,-0.41102850437164307,0.8425703048706055,0.5998737812042236,0.9550013542175293,0.19563956558704376,0.21732324361801147,0.0496811643242836
377.24301162521925,1.946078723750918,-1.423039054809525,1.6981038614400532,-1.6609815595077004,-1.9830221163518829,0.0,-0.4196653366088867,0.8396740555763245,0.5957496166229248,0.9540224671363831,0.20037397742271423,0.21706072986125946,0.05075434595346451
377.4429441557416,1.9553099233791762,-1.4192398177540027,1.6986055272328502,-1.6613186417561572,-1.9813177122243273,0.0,-0.42826560139656067,0.8366774916648865,0.5916278958320618,0.9530177116394043,0.20509286224842072,0.21681252121925354,0.05182989314198494
377.7031734464286,1.9613895389136362,-1.4149798183240359,1.697226349428905,-1.6615876348836898,-1.9801973592584134,0.0,-0.4344811737537384,0.8360222578048706,0.5886444449424744,0.9523409008979797,0.20819589495658875,0.21665775775909424,0.052540674805641174
378.07882294255336,1.9546551781989674,-1.4088393112345035,1.6881929730383864,-1.6615799753606035,-1.981451699451213,0.0,-0.4310327470302582,0.8452621102333069,0.5902813673019409,0.9530879855155945,0.20475952327251434,0.21683655679225922,0.05175583064556122
378.278783580391,1.9479302093953803,-1.4027073678526525,1.6791721948248026,-1.6615723265196833,-1.9827042903092125,0.0,-0.42747998237609863,0.8544684052467346,0.591888427734375,0.9538196325302124,0.20132304728031158,0.21702240407466888,0.050974149256944656
378.6415654649461,1.9412120798716659,-1.3965816606450019,1.6701605907246866,-1.6615646854576194,-1.9839556072848052,0.0,-0.42382195591926575,0.8636432886123657,0.5934668779373169,0.9545361399650574,0.19788523018360138,0.21721553802490234,0.050195299088954926
378.98184987918086,1.9488655978927936,-1.389802883746725,1.6669698063215215,-1.6618754974251455,-1.9825270115000997,0.0,-0.43227073550224304,0.8639882206916809,0.5894016623497009,0.9537191390991211,0.20180106163024902,0.2169944941997528,0.051082152873277664
379.1818207801933,1.9571576045523758,-1.3830114642428832,1.6640536372143124,-1.6622000977858291,-1.9809793589669844,0.0,-0.4412749409675598,0.8638222217559814,0.5850579738616943,0.9528129696846008,0.2060365229845047,0.21676595509052277,0.05204610899090767
379.44004685537607,1.9640550832334691,-1.3764505157625748,1.6612485251681837,-1.6640489264625535,-1.9758108295862071,0.0,-0.45009127259254456,0.8640162944793701,0.5805615186691284,0.952529788017273,0.2093578726053238,0.21464675664901733,0.05275440961122513
379.7008696944422,1.9597787844983943,-1.3716371714495488,1.65929204422391,-1.6782823233447388,-1.9412079786380791,0.0,-0.45748066902160645,0.8680439591407776,0.5751634836196899,0.9572547078132629,0.20544607937335968,0.1970338076353073,0.05131131783127785
379.90085786217514,1.9554964302288338,-1.3668170111083906,1.6573327927674335,-1.692535875700386,-1.906556127662075,0.0,-0.4650174081325531,0.8722184896469116,0.5700881481170654,0.9616219997406006,0.20163197815418243,0.17931370437145233,0.04974164441227913
380.10081974798504,1.9512077210492962,-1.361989697766076,1.655370633829267,-1.7068105799823738,-1.8718528541788173,0.0,-0.4726865589618683,0.8765365481376648,0.5653446912765503,0.9656290411949158,0.1979193091392517,0.16149289906024933,0.04804782569408417
380.30078930789296,1.946910799278784,-1.3571531404418713,1.6534047174880893,-1.721112619367453,-1.8370831262500211,0.0,-0.48047560453414917,0.8809964656829834,0.5609390735626221,0.9692745804786682,0.19431033730506897,0.14357148110866547,0.046231962740421295
380.5007595942325,1.9426046381104982,-1.3523061833758612,1.6514345739619554,-1.7354454115187932,-1.8022386351852029,0.0,-0.4883705973625183,0.8855955600738525,0.5568785667419434,0.9725565910339355,0.1908082515001297,0.1255529522895813,0.04429628700017929
380.7007296570546,1.9382879115813103,-1.3474473340817898,1.649459596599704,-1.7498133698229776,-1.7673086515879013,0.0,-0.49635785818099976,0.8903309106826782,0.5531704425811768,0.9754728674888611,0.18741604685783386,0.10743962973356247,0.04224289581179619
380.93745438762494,1.933959328304127,-1.3425751389917233,1.6474791945693108,-1.7642207925823847,-1.7322827258431897,0.0,-0.5044233202934265,0.8951984643936157,0.5498210787773132,0.9780209064483643,0.18413692712783813,0.08923406898975372,0.040073856711387634
381.14037145287404,1.9291665521270709,-1.3354520185943475,1.6399102433254424,-1.7682572198134143,-1.7205080374617407,0.0,-0.5059367418289185,0.9033236503601074,0.548751950263977,0.9791170954704285,0.18140938878059387,0.0829869955778122,0.03915978968143463
381.3838561075157,1.9241324399437632,-1.3271446063387877,1.6293921544970797,-1.7668050256236723,-1.7210409268631168,0.0,-0.503892183303833,0.913112223148346,0.5487107038497925,0.9795733094215393,0.1789303869009018,0.08308431506156921,0.03894881159067154
381.58380791641537,1.9191021345417076,-1.3188434761246441,1.6188820194174425,-1.7653539295790284,-1.72157341329505,0.0,-0.5017573833465576,0.9228787422180176,0.5486130118370056,0.9800227284431458,0.1764518916606903,0.08318314701318741,0.03873882442712784
381.9814126417991,1.9140730706056757,-1.3105443946074071,1.6083744782112503,-1.763903191661037,-1.7221057683107448,0.0,-0.4995313882827759,0.9326272010803223,0.5484590530395508,0.9804656505584717,0.17397263646125793,0.0832834467291832,0.038529619574546814
382.27985066406694,1.920924671300708,-1.3096579876462664,1.6084735629793245,-1.7638584896822285,-1.7213776613951848,0.0,-0.5061804056167603,0.9293047189712524,0.5474119186401367,0.9798608422279358,0.17734988033771515,0.08314554393291473,0.03881407901644707
382.47982014946905,1.9298481798473786,-1.310061396857841,1.6104189855829416,-1.7640585094615524,-1.7204297377395252,0.0,-0.5143308043479919,0.9236382246017456,0.5462155342102051,0.9790552258491516,0.18174469470977783,0.08297056704759598,0.039186716079711914
382.7077955077104,1.9387192100933253,-1.3094917225203784,1.611194792990583,-1.7640729514562579,-1.719483309836601,0.0,-0.5226792693138123,0.9187254309654236,0.5449422597885132,0.9782345294952393,0.18610908091068268,0.08279921859502792,0.03955843672156334
382.9406434394867,1.9472554248609153,-1.3032573236184732,1.6051569730733908,-1.7630066625113872,-1.7185487092257474,0.0,-0.5325033664703369,0.9185490012168884,0.5432005524635315,0.9774274826049805,0.1903035193681717,0.08262569457292557,0.03991169109940529
383.1649259731475,1.9557916396285038,-1.2970229247165692,1.5991191531561995,-1.7619403735665167,-1.717614108614894,0.0,-0.5423588752746582,0.9182630181312561,0.5414273738861084,0.9766020178794861,0.19449378550052643,0.08245669305324554,0.040267206728458405
383.3775161128251,1.9596809734365435,-1.286393897447683,1.5869056465331237,-1.7597842031136237,-1.7171835223408822,0.0,-0.5494443774223328,0.9244011044502258,0.5399155616760254,0.9762201905250549,0.19640137255191803,0.08237852901220322,0.040428526699543
383.5944711051477,1.9626452496615598,-1.2748824138940953,1.5734534904793755,-1.757409436154832,-1.7168532658747453,0.0,-0.5560101866722107,0.9317794442176819,0.5383590459823608,0.9759265780448914,0.19785456359386444,0.08231843262910843,0.04055124148726463
383.7888487307599,1.9600181445626388,-1.265902587679281,1.5620123008104054,-1.7553339117861377,-1.7171445405696064,0.0,-0.5565325021743774,0.9407075047492981,0.5378444194793701,0.9761869311332703,0.196566641330719,0.08237085491418839,0.040442079305648804
384.0641574962047,1.9546804919375715,-1.2581544354957916,1.5515513268711334,-1.753404410037739,-1.7177371167620572,0.0,-0.5540324449539185,0.9503884315490723,0.5378304719924927,0.9767104387283325,0.1939486563205719,0.08247920125722885,0.0402211993932724
384.2456398896847,1.9489145330298028,-1.2586335436562934,1.55116613141742,-1.7533910063466223,-1.7183711181505077,0.0,-0.5483911633491516,0.9536854028701782,0.5386948585510254,0.9772681593894958,0.1911184936761856,0.08259481191635132,0.03998180106282234
384.5188888987686,1.9426652618882487,-1.2682955738914112,1.5620262066363388,-1.7555161563430406,-1.719051934696261,0.0,-0.5393640995025635,0.9498041272163391,0.5405253767967224,0.9778636693954468,0.1880486011505127,0.0827188566327095,0.03972169756889343
384.87229020357273,1.9363949097434534,-1.277990197574003,1.572922916732462,-1.757648475222509,-1.719735047877171,0.0,-0.5303680896759033,0.9458103775978088,0.5422855615615845,0.9784511923789978,0.18496620655059814,0.08284573256969452,0.03946184366941452
385.21345697643,1.9440197081701938,-1.2732012844492286,1.562863602220714,-1.708759172391543,-1.7547115956212367,0.0,-0.5250846743583679,0.9378034472465515,0.5412138104438782,0.9743823409080505,0.19105303287506104,0.10397394001483917,0.05715890973806381
385.413292295502,1.9543765631280277,-1.2656251583830533,1.5487115221810452,-1.6494376746193096,-1.7967405455523047,0.0,-0.5203372836112976,0.9290218353271484,0.5407884120941162,0.9681223034858704,0.19970545172691345,0.1294146627187729,0.07815861701965332
385.616455155464,1.96491800943716,-1.2579140021987716,1.5343072080810518,-1.5890588833463553,-1.8395185820248972,0.0,-0.5155181884765625,0.9203125834465027,0.5416624546051025,0.9603492617607117,0.20931711792945862,0.15524423122406006,0.0990697592496872
385.82326518743196,1.9755992994582827,-1.2501005491689794,1.5197118051405574,-1.5278791019578621,-1.8828641155217642,0.0,-0.5107232332229614,0.9118268489837646,0.5438549518585205,0.9510335326194763,0.21985189616680145,0.181279256939888,0.11974156647920609
386.15261454091484,1.9862098865879945,-1.2426829670625947,1.5061136644497255,-1.470220115771424,-1.9235441159750892,0.0,-0.5068630576133728,0.9038709998130798,0.5468901991844177,0.9408658742904663,0.2307399958372116,0.20560002326965332,0.13877707719802856
386.48797352860555,1.9945044826090288,-1.2419160069994608,1.5086513436280053,-1.4707005967952707,-1.9205688933962004,0.0,-0.5146815180778503,0.8983802199363708,0.5439302921295166,0.9399086833000183,0.23461765050888062,0.20501922070980072,0.13961826264858246
386.8081268841943,2.0027990786300616,-1.241149046936327,1.5111890228062848,-1.471181077819117,-1.9175936708173118,0.0,-0.5224406719207764,0.8928134441375732,0.5409772992134094,0.9389323592185974,0.2384863942861557,0.20444905757904053,0.14046666026115417
387.11714414536243,2.0078792974899287,-1.2237043543116806,1.4916045423236886,-1.4437367346381849,-1.9154197148595027,0.0,-0.5302645564079285,0.89577317237854,0.5361699461936951,0.9357718825340271,0.24228404462337494,0.20603592693805695,0.1522446572780609
387.3170854675699,2.0126950759801345,-1.2046571133824817,1.4699130708602013,-1.4136184063641941,-1.9133069015738233,0.0,-0.538122832775116,0.8993402719497681,0.531123697757721,0.9322208762168884,0.24601078033447266,0.20785517990589142,0.16504263877868652
387.51704014494305,2.0175395989437446,-1.1854961830650705,1.4480921270952258,-1.3833203074699771,-1.911181477304183,0.0,-0.5460097193717957,0.902736246585846,0.5260032415390015,0.9284628629684448,0.24966852366924286,0.20971564948558807,0.17788077890872955
387.8217508895707,2.0224133718174984,-1.1662195642692994,1.4261394344152065,-1.3528392769069837,-1.9090432203017085,0.0,-0.5539241433143616,0.9059593677520752,0.5208099484443665,0.9244952201843262,0.2532546818256378,0.211618110537529,0.19075730443000793
388.04979980505,2.0183884024035907,-1.1573817290053883,1.4142429178957288,-1.3416826573288936,-1.9117621078306117,0.0,-0.5517926812171936,0.9130955934524536,0.520074188709259,0.9236385226249695,0.25209251046180725,0.21319125592708588,0.19465547800064087
388.2498233071614,2.0115234440386947,-1.1518901633474825,1.40557371004798,-1.3367150211023575,-1.916030559551927,0.0,-0.5463743209838867,0.9214740991592407,0.5207564830780029,0.9238026142120361,0.24943621456623077,0.21464529633522034,0.1956976056098938
388.4497704594482,2.004669459782574,-1.1464073763355167,1.3969183605260738,-1.331755325984479,-1.9202921878591726,0.0,-0.5408714413642883,0.929794192314148,0.521420955657959,0.923953652381897,0.24678823351860046,0.21609024703502655,0.1967487633228302
388.6446072026242,1.9989817187078756,-1.1392513308186747,1.3875208156220633,-1.3296228121333757,-1.9234149095764732,0.0,-0.5373606085777283,0.9388546943664551,0.5207247138023376,0.9243288636207581,0.24446122348308563,0.21696454286575317,0.19692960381507874
388.84458341217527,1.994190563131546,-1.1308116454788417,1.3775550047253928,-1.3296617042688423,-1.9256624949709351,0.0,-0.5353599786758423,0.9484895467758179,0.5189517736434937,0.9248782396316528,0.24237610399723053,0.21740707755088806,0.1964387744665146
389.0445753424514,1.9894017248079447,-1.1223760420110267,1.3675940138146576,-1.3297005775940438,-1.9279089933158735,0.0,-0.5332694053649902,0.9580963850021362,0.5171269178390503,0.9254211783409119,0.24028858542442322,0.21785297989845276,0.19595123827457428
389.2444854839791,1.9840594634290287,-1.1147789471151797,1.3578333485291616,-1.329320234997888,-1.9303941528963462,0.0,-0.5303093194961548,0.9675819277763367,0.5160440802574158,0.9260271787643433,0.23795165121555328,0.21834219992160797,0.1953955888748169
389.44446092984566,1.9787042192189392,-1.1072100137361485,1.348083710754877,-1.3289280740074498,-1.9328848131429144,0.0,-0.5272327661514282,0.9770317673683167,0.5149437189102173,0.926626980304718,0.2356046736240387,0.21883676946163177,0.1948419064283371
389.77976746299737,1.9733464068838695,-1.1014279234488937,1.3400655447340248,-1.328485707897963,-1.9353742228841273,0.0,-0.523525059223175,0.9852001667022705,0.5145403146743774,0.9272200465202332,0.23325197398662567,0.21933484077453613,0.19429020583629608
390.1537320597225,1.9679478085838593,-1.1101287076388155,1.3460724640378965,-1.3276341640122453,-1.9378627464564717,0.0,-0.5154252648353577,0.983173668384552,0.5200705528259277,0.9278165698051453,0.2308729588985443,0.2198294997215271,0.1937238574028015
390.43470989863107,1.9625492102838493,-1.1188294918287374,1.352079383341768,-1.3267826201265278,-1.9403512700288164,0.0,-0.5073500871658325,0.9810567498207092,0.5255464315414429,0.9284051060676575,0.2284897118806839,0.2203289121389389,0.19316165149211884
390.68469618563785,1.96522211317985,-1.1290330451895974,1.363804153244777,-1.3308987739105174,-1.9380644452501992,0.0,-0.5076794624328613,0.9725533723831177,0.5280927419662476,0.9286905527114868,0.2293427437543869,0.21933741867542267,0.19190286099910736
390.8846747048689,1.9693167144564914,-1.1394993370801993,1.376534072577444,-1.3358894301512967,-1.9349366421727587,0.0,-0.5094082951545715,0.9629021286964417,0.5300531387329102,0.9289172291755676,0.23077085614204407,0.21807660162448883,0.190525621175766
391.2537453046875,1.9734095850635824,-1.1499612051718882,1.3892586113413383,-1.3408779769860053,-1.9318101611272278,0.0,-0.5110509991645813,0.953219473361969,0.5319319367408752,0.9291372895240784,0.23220326006412506,0.21680960059165955,0.18915347754955292
391.50731311079477,1.9679437229848356,-1.1531499472148852,1.390584495179317,-1.3440611126079038,-1.9334027097034798,0.0,-0.505230724811554,0.9556993842124939,0.5346094369888306,0.9302457571029663,0.2294933944940567,0.21665890514850616,0.18717466294765472
391.70735102977966,1.9600094890195547,-1.1544602492517817,1.3889665756493483,-1.346777869432246,-1.9362139062659034,0.0,-0.4974430799484253,0.9612609148025513,0.5375180244445801,0.9315636157989502,0.22569824755191803,0.21681584417819977,0.18504148721694946
391.92581114605264,1.9520885891124469,-1.1557683492306523,1.3873513751510123,-1.3494900605488342,-1.9390203784077136,0.0,-0.48960939049720764,0.9667406678199768,0.5404354333877563,0.9328556060791016,0.2218928337097168,0.21699258685112,0.18291525542736053
392.1529689998446,1.9472259910846548,-1.1594743747704224,1.3895697624407752,-1.353499499477409,-1.9403935374201444,0.0,-0.48423129320144653,0.9684402346611023,0.5430346131324768,0.9339278936386108,0.2193792760372162,0.21680599451065063,0.18068329989910126
392.5187191123189,1.9516682948679158,-1.1704744511911727,1.4034500368650993,-1.3614544884916788,-1.9374060316562716,0.0,-0.4864228367805481,0.9588066339492798,0.5445765852928162,0.9343875646591187,0.22084489464759827,0.21545179188251495,0.17812317609786987
392.7186890075029,1.9561072640293613,-1.1814662703885104,1.4173198920411778,-1.36940350608184,-1.9344207684679586,0.0,-0.48852163553237915,0.9491398334503174,0.5460318922996521,0.9348357915878296,0.22231782972812653,0.21408462524414062,0.1755693256855011
392.8950034753615,1.956368390846272,-1.1884396593234479,1.4250387762114762,-1.374424658250473,-1.9335622462293551,0.0,-0.4873429536819458,0.9448675513267517,0.5478042960166931,0.9354161620140076,0.22208191454410553,0.21339453756809235,0.17360571026802063
393.26434035252083,1.9485354792384508,-1.1876331575547001,1.420846726417254,-1.3737772630116494,-1.9368234413696672,0.0,-0.4799135625362396,0.9510617256164551,0.5503359436988831,0.9362594485282898,0.21851587295532227,0.21404489874839783,0.17278210818767548
393.46427815432895,1.94071325186104,-1.1868277558686744,1.4166603946533296,-1.373130750831418,-1.9400801881819454,0.0,-0.4724252223968506,0.9571800827980042,0.5528713464736938,0.9370844960212708,0.21494635939598083,0.21470415592193604,0.17196722328662872
393.6642388666724,1.9328926112553464,-1.1860938206884573,1.4125365832361974,-1.372478247572369,-1.9433339641294771,0.0,-0.4648510813713074,0.9631783962249756,0.5554429888725281,0.937892735004425,0.21136875450611115,0.21537168323993683,0.1711587756872177
393.8641579116439,1.925004327784849,-1.1868954792469666,1.4097107521279664,-1.371687706486349,-1.9465659239938025,0.0,-0.45674848556518555,0.968049943447113,0.558688759803772,0.938704788684845,0.20774228870868683,0.2160263955593109,0.17032021284103394
394.10943685967374,1.9172028257913203,-1.1880196660032118,1.407008659449189,-1.3692280509497057,-1.9492217829409728,0.0,-0.4485853910446167,0.9720777869224548,0.562080442905426,0.9393810629844666,0.20420651137828827,0.21652109920978546,0.17023932933807373
394.3619015447675,1.910203554559537,-1.1921238366858757,1.4054500034990438,-1.3513465189410414,-1.9465545446566923,0.0,-0.44033747911453247,0.9689347743988037,0.5667779445648193,0.9389363527297974,0.2015741765499115,0.21542268991470337,0.17708609998226166
394.56187907679663,1.9032104173296231,-1.1962244105668431,1.4038927135194683,-1.3334806578997014,-1.9438896438792868,0.0,-0.4321509599685669,0.9656908512115479,0.5715145468711853,0.9384502172470093,0.1989264041185379,0.21427543461322784,0.18391664326190948
394.76185323743806,1.8962235842875097,-1.200321287853995,1.4023368274088817,-1.315630902611691,-1.9412271454621406,0.0,-0.4240274727344513,0.9623477458953857,0.5762901902198792,0.9379229545593262,0.19626383483409882,0.21307986974716187,0.1907302737236023
395.1814194498863,1.8892429460859874,-1.20441453266538,1.4007823208169372,-1.297796973719979,-1.9385670077359065,0.0,-0.4159682095050812,0.9589065909385681,0.5811045169830322,0.9373541474342346,0.19358675181865692,0.21183614432811737,0.19752655923366547
396.08086565241024,1.8983197049823375,-1.248622244605301,1.4683623626948163,-1.426403493536497,-1.9494159416822348,0.0,-0.4200018346309662,0.9506697058677673,0.5819825530052185,0.9474236369132996,0.1910882145166397,0.21158601343631744,0.14527606964111328
396.4221834248172,1.9051601451288995,-1.259835212436123,1.492660925799974,-1.4896991791619567,-1.96037440476291,0.0,-0.4252036213874817,0.9531996250152588,0.5798135995864868,0.9504823684692383,0.19108521938323975,0.2140345573425293,0.11941010504961014
396.8322247797134,1.9110140893751375,-1.2575985356349306,1.4991635060457478,-1.5255611479864957,-1.9712278406051453,0.0,-0.4310051202774048,0.9602059125900269,0.5761494636535645,0.9511528015136719,0.19221659004688263,0.2177080661058426,0.10470995306968689
397.25055472416017,1.9176429873317644,-1.2574744955358168,1.4999656201622074,-1.514661471673633,-1.9649061088285673,0.0,-0.43765556812286377,0.9530792832374573,0.573895275592804,0.9501644968986511,0.19602058827877045,0.21587197482585907,0.11028439551591873
397.45047203687164,1.9242763087868129,-1.2573503726640936,1.50076826953363,-1.503754521949522,-1.9585801585271734,0.0,-0.444230854511261,0.9458782076835632,0.5716981291770935,0.9491232633590698,0.19977784156799316,0.21407099068164825,0.11587708443403244
397.65050887552235,1.9309243654080568,-1.2572259740675833,1.5015727018989815,-1.4928233436819944,-1.952240155849505,0.0,-0.4507403075695038,0.9385931491851807,0.5695552825927734,0.9480277299880981,0.2034934014081955,0.2123027741909027,0.12149602174758911
397.85048240286443,1.937581070230585,-1.2571014136457213,1.502378180719472,-1.481877945464891,-1.9458919057060848,0.0,-0.457177072763443,0.9312317967414856,0.5674691200256348,0.9468792080879211,0.2071632295846939,0.2105696201324463,0.127135768532753
398.2208650468321,1.9442483965811634,-1.256976654473569,1.503184944772839,-1.4709150826226784,-1.9395335262090632,0.0,-0.4635424017906189,0.9237937927246094,0.5654397010803223,0.9456775188446045,0.2107878178358078,0.2088714838027954,0.1327972263097763
398.39332983612667,1.9410937777760138,-1.260205934120353,1.504296881017322,-1.466848565114836,-1.9392569689772905,0.0,-0.4596491754055023,0.9225249290466309,0.5676546692848206,0.9458426833152771,0.20941992104053497,0.20867443084716797,0.13408862054347992
398.619410812455,1.9331383073396244,-1.2650756312989486,1.5055584542615246,-1.4661499736460941,-1.941952096184975,0.0,-0.45076486468315125,0.9242083430290222,0.571914553642273,0.9466770887374878,0.2056218832731247,0.20920665562152863,0.1332467943429947
398.84853965028543,1.92516339697723,-1.2699572280318918,1.5068231102763454,-1.4654496751046446,-1.9446538091846517,0.0,-0.441856324672699,0.9257965087890625,0.5761725902557373,0.9474949240684509,0.20180676877498627,0.2097502052783966,0.1324092298746109
399.0737733834795,1.9176796948191692,-1.2743345641723907,1.5093520314484463,-1.47356124771882,-1.950073770677709,0.0,-0.4335191249847412,0.9295921325683594,0.5797402262687683,0.9486409425735474,0.19785024225711823,0.2111452966928482,0.12787920236587524
399.27382463900364,1.9104592468855843,-1.278442502966883,1.5125528953886695,-1.4863586840340368,-1.956938455273149,0.0,-0.42544323205947876,0.9345144033432007,0.5829963684082031,0.9499133229255676,0.19376997649669647,0.21302786469459534,0.12139591574668884
399.47374243600285,1.90325469539546,-1.282541397777209,1.515746712348827,-1.4991279456813245,-1.9637880266690269,0.0,-0.4173310697078705,0.9393251538276672,0.5863080620765686,0.9511162638664246,0.18963587284088135,0.2149517983198166,0.11494260281324387
399.67370877353466,1.896059431878599,-1.2866350083688771,1.5189364118997921,-1.5118807454349146,-1.9706287677253513,0.0,-0.4091763496398926,0.9440272450447083,0.5896781086921692,0.9522506594657898,0.1854451298713684,0.21691814064979553,0.10851412266492844
400.0888170233213,1.8888716700951242,-1.2907243509896535,1.5221227858914423,-1.524620249205188,-1.9774623766710242,0.0,-0.40097835659980774,0.948620617389679,0.5931060910224915,0.953316330909729,0.18119767308235168,0.21892686188220978,0.10210967063903809
400.50316837282094,1.8809877927180703,-1.2920413012123249,1.5133616210842884,-1.488721560113476,-1.9681731118310897,0.0,-0.393555611371994,0.9436958432197571,0.5976163148880005,0.952828586101532,0.17916636168956757,0.21565930545330048,0.11622453480958939
400.7400048385933,1.8720831973341379,-1.2936843664543398,1.5060586786777124,-1.4607215013707169,-1.9581132299936288,0.0,-0.38592132925987244,0.9404371380805969,0.6020030975341797,0.952974796295166,0.17590263485908508,0.21144376695156097,0.12723495066165924
400.9922028377864,1.859267676410924,-1.2965359864861123,1.503399549393126,-1.4583589362113325,-1.9450383546122278,0.0,-0.3769882619380951,0.9433223605155945,0.6054420471191406,0.9557250142097473,0.16869784891605377,0.20420928299427032,0.12817682325839996
401.1922005050096,1.8464314518130678,-1.2993922133546802,1.500736124243559,-1.4559925542909538,-1.9319423565649978,0.0,-0.3680471181869507,0.946131706237793,0.6089293360710144,0.9583806395530701,0.16146591305732727,0.19694705307483673,0.12902334332466125
401.39217416273686,1.8335806426642585,-1.3022516854754622,1.4980696729035803,-1.453623483681434,-1.9188314788115624,0.0,-0.35910212993621826,0.9488645792007446,0.6124637722969055,0.9609401822090149,0.15421147644519806,0.18966178596019745,0.12977366149425507
401.60174224081817,1.820715246529137,-1.3051144033903574,1.49540019486787,-1.4512517239338094,-1.905705718867277,0.0,-0.3501534163951874,0.9515209794044495,0.6160457730293274,0.9634028673171997,0.14693595468997955,0.18235480785369873,0.1304273158311844
401.8845007356004,1.8135214608364578,-1.30859453626054,1.4967575974103011,-1.4552660978318048,-1.8995496472441538,0.0,-0.34476226568222046,0.9527720212936401,0.6181976795196533,0.9649996161460876,0.14262907207012177,0.17863059043884277,0.1285444051027298
402.3605693267274,1.8284672585308455,-1.3144751861564643,1.5138196738689063,-1.4841819414831632,-1.9205942580151198,0.0,-0.35321444272994995,0.9486953616142273,0.6147488951683044,0.9634318947792053,0.14981770515441895,0.18883363902568817,0.11702758073806763
402.5605429844546,1.8434539893626982,-1.32037194181372,1.5309284794707394,-1.513176979047573,-1.9416965051841693,0.0,-0.36164674162864685,0.9444022178649902,0.6115179657936096,0.9616432785987854,0.15679913759231567,0.19889569282531738,0.10534027963876724
402.7605075338471,1.8584678069687528,-1.326279355171498,1.5480682072502912,-1.542224421772541,-1.9628368922124468,0.0,-0.3700442314147949,0.9398866891860962,0.6085085272789001,0.9596392512321472,0.1635613888502121,0.20880161225795746,0.09349847584962845
403.0048154724799,1.8734966569763465,-1.3321926832547628,1.565225095972983,-1.571300947894829,-1.983998445795084,0.0,-0.3783928155899048,0.935143232345581,0.605722963809967,0.957425594329834,0.17009440064430237,0.21853840351104736,0.08151741325855255
403.238403620275,1.8791897203876728,-1.333559388935827,1.5741148945764352,-1.5927894082783094,-1.9748261388738648,0.0,-0.38653847575187683,0.9336622953414917,0.600944459438324,0.9589052796363831,0.1711888611316681,0.21349044144153595,0.07494594901800156
403.44916241573725,1.879942647732461,-1.3325158338929897,1.5786420173262767,-1.6103149042937213,-1.9495164274563404,0.0,-0.39470043778419495,0.9340183734893799,0.5951793193817139,0.9622535705566406,0.16957919299602509,0.20058710873126984,0.0712442696094513
403.6491655218843,1.8806990026909214,-1.3314675281878783,1.5831897492729277,-1.627920183079895,-1.9240914965379068,0.0,-0.40298736095428467,0.9344043135643005,0.5895953178405762,0.9654086232185364,0.16807867586612701,0.18756303191184998,0.0674956664443016
403.84910937728915,1.8814587549285553,-1.3304145138640158,1.5877579080242923,-1.6456045385565845,-1.898552365815083,0.0,-0.4113934338092804,0.9348158836364746,0.5841997265815735,0.9683664441108704,0.16668953001499176,0.17442169785499573,0.06370249390602112
404.04912133100066,1.8822226102613535,-1.3293558126625555,1.5923507374368975,-1.6633843996334452,-1.8728753092283084,0.0,-0.4199216365814209,0.935248851776123,0.5789945125579834,0.9711253046989441,0.16541263461112976,0.16115368902683258,0.05986328795552254
404.24913172009025,1.8829905663454818,-1.328291427832045,1.5969682234179827,-1.6812597117542751,-1.8470604055657516,0.0,-0.4285665452480316,0.9356983304023743,0.5739871263504028,0.9736807346343994,0.16425040364265442,0.14776206016540527,0.05598042532801628
404.44906253697906,1.8837625644398288,-1.3272214407874874,1.601610012775143,-1.6992291076329573,-1.821109629414437,0.0,-0.43732184171676636,0.9361593127250671,0.5691847205162048,0.9760280847549438,0.16320526599884033,0.13425101339817047,0.05205651745200157
404.64907488184605,1.8845395015394102,-1.326144608296481,1.606281498866141,-1.7173134661533223,-1.7949928282169714,0.0,-0.4461917579174042,0.9366269707679749,0.564589262008667,0.9781649708747864,0.16227836906909943,0.12060793489217758,0.048089269548654556
404.8490487258378,1.8853211608175666,-1.3250612308801248,1.6109813779783309,-1.7355077403546313,-1.768717290618407,0.0,-0.4551680088043213,0.937095582485199,0.5602096319198608,0.9800859689712524,0.16147275269031525,0.10684002190828323,0.04408218339085579
405.0489597055558,1.8861077295039488,-1.3239710490386842,1.6157107758665639,-1.7538162882835393,-1.742276722879435,0.0,-0.46424582600593567,0.9375593662261963,0.5560516119003296,0.9817861914634705,0.16079069674015045,0.0929473415017128,0.04003702104091644
405.26369699989004,1.8882845806519375,-1.3262339675659276,1.6225485598946434,-1.7663344641703378,-1.7247505931306608,0.0,-0.4709777534008026,0.9344661235809326,0.5535179972648621,0.9826406240463257,0.16123464703559875,0.08377619832754135,0.03744540736079216
405.5379217353037,1.893065768435216,-1.3348105467923277,1.6332973991816835,-1.7677711116887103,-1.7242657938322685,0.0,-0.47308123111724854,0.9246918559074402,0.5536471009254456,0.982249915599823,0.16359908878803253,0.08368472754955292,0.03764643520116806
405.7379010554722,1.8978487424435577,-1.3433903301808454,1.6440502541750723,-1.769208295930575,-1.723780813415565,0.0,-0.47509685158729553,0.9148983955383301,0.5537159442901611,0.981853187084198,0.16596321761608124,0.0835946723818779,0.0378480926156044
405.9375299003294,1.9031508422782724,-1.3514568083923795,1.6541592625033006,-1.7704397006313333,-1.7232365852325806,0.0,-0.4776526391506195,0.9052497148513794,0.5537063479423523,0.9814069271087646,0.16858229041099548,0.08349286019802094,0.03807083144783974
406.1374605868331,1.9089588421659043,-1.3590257777288235,1.6636442358951973,-1.7714712493396376,-1.7226346311799643,0.0,-0.48072412610054016,0.8957370519638062,0.553629457950592,0.9809102416038513,0.17144936323165894,0.08338025212287903,0.038314089179039
406.36973481762936,1.9147759592089413,-1.3666066285168914,1.6731440984017802,-1.7725044173299773,-1.7220317322050425,0.0,-0.48370161652565,0.8861921429634094,0.5535049438476562,0.9804040193557739,0.17431919276714325,0.08326952159404755,0.03855885565280914
406.5980106407096,1.925967624907886,-1.3713329113987776,1.681678650207884,-1.7795083113530739,-1.7325816359502295,0.0,-0.4893808364868164,0.8782267570495605,0.5525708198547363,0.9790629744529724,0.17988862097263336,0.08837474882602692,0.03557668253779411
406.7979882844975,1.938953451233843,-1.3751381998504904,1.6899225130238815,-1.788489137523231,-1.74681669930115,0.0,-0.4958866834640503,0.8707202672958374,0.5514287948608398,0.9773657917976379,0.18631072342395782,0.09515783190727234,0.031452544033527374
406.99793685239456,1.9519956765881437,-1.3789600151342933,1.6982021799420555,-1.7975089685173404,-1.7611135872692527,0.0,-0.502311110496521,0.8631380200386047,0.5503402948379517,0.9755701422691345,0.19270357489585876,0.10191662609577179,0.027224143967032433
407.1978623234918,1.9650943514398127,-1.3827983720393262,1.7065176830019317,-1.8065678392391138,-1.7754723551786853,0.0,-0.5086522698402405,0.8554800748825073,0.5493053793907166,0.9736757278442383,0.19906510412693024,0.10864926874637604,0.022891618311405182
407.5311539600373,1.9780303239705601,-1.3862374002657873,1.7143203260444955,-1.8153671472722455,-1.7894682063837046,0.0,-0.5149673819541931,0.8481146693229675,0.5483015775680542,0.9717240929603577,0.20529118180274963,0.11516161262989044,0.018591590225696564
407.87257505286186,1.9835576773318473,-1.375415008554403,1.7033378915519812,-1.8139872403249708,-1.7889971222269636,0.0,-0.5233135223388672,0.8532888293266296,0.5464562773704529,0.9711415767669678,0.20803135633468628,0.11510525643825531,0.018915709108114243
408.07254204231947,1.9890726084278372,-1.3646169392650178,1.6923801391642577,-1.8126104346033758,-1.7885270967925424,0.0,-0.5317053198814392,0.8583666086196899,0.5445169806480408,0.9705522656440735,0.21076327562332153,0.11505159735679626,0.01923958957195282
408.27267480719536,1.9945757220487854,-1.3538420082364926,1.6814458672086734,-1.811236579121225,-1.7880580785354991,0.0,-0.5401425361633301,0.8633480072021484,0.5424842834472656,0.9699563384056091,0.2134874165058136,0.1150006353855133,0.019563177600502968
408.4725302242085,1.9967396754364468,-1.3422460351152383,1.6683653921493047,-1.8092767934207887,-1.7878684346762785,0.0,-0.5461711287498474,0.8712173104286194,0.5412250757217407,0.9697200655937195,0.21455778181552887,0.11497852951288223,0.01968999393284321
408.67251686457246,1.998871395143529,-1.3306338309493093,1.655254289276752,-1.8073097495030241,-1.7876814817968052,0.0,-0.5522037148475647,0.8790744543075562,0.5398613214492798,0.9694862365722656,0.21561208367347717,0.11495716124773026,0.01981496624648571
408.8680216454312,2.0022843918289075,-1.319452236782696,1.6428493497580707,-1.805339324377388,-1.7873766241687115,0.0,-0.5592142343521118,0.8856917023658752,0.5382426977157593,0.9691097140312195,0.21729901432991028,0.11492077261209488,0.020014675334095955
409.06799377578943,2.0079778619363906,-1.3090443238110265,1.6317096865033567,-1.8033640366493815,-1.7868619090296693,0.0,-0.5679683089256287,0.8901033997535706,0.5362741351127625,0.9684752821922302,0.22011131048202515,0.11485900729894638,0.020347565412521362
409.2679097473964,2.0136540833689556,-1.298667942173331,1.6206037714595856,-1.8013947331621365,-1.7863487532479159,0.0,-0.5767529606819153,0.8944087028503418,0.5342222452163696,0.9678342342376709,0.22291266918182373,0.11480022221803665,0.020680038258433342
409.72904250339377,2.0193210016504857,-1.288308567103598,1.609516058666423,-1.7994286573022824,-1.785836438512587,0.0,-0.5855791568756104,0.8986127972602844,0.5320855379104614,0.9671858549118042,0.2257072925567627,0.11474432051181793,0.021012287586927414
410.1326329992162,2.019021152430684,-1.2983007713165586,1.6215866318410666,-1.8015719054155974,-1.7858648768438201,0.0,-0.581512987613678,0.890911877155304,0.5330187082290649,0.9672202467918396,0.22555948793888092,0.11474791914224625,0.020994972437620163
410.3325803936468,2.0182849319688834,-1.3097627981598987,1.6353282830557592,-1.804011675245607,-1.7859328597831727,0.0,-0.5765074491500854,0.8823224902153015,0.5340743660926819,0.9673048257827759,0.2251967191696167,0.11475583165884018,0.020951837301254272
410.53238080674873,2.018234281161713,-1.3210862687173488,1.6488301510407666,-1.8062010721701962,-1.785937526369531,0.0,-0.5721564292907715,0.8733815550804138,0.5350381135940552,0.9673106074333191,0.22517167031764984,0.11475635319948196,0.020948907360434532
410.73234617570506,2.0184061421527133,-1.3323482515761365,1.6622345071031592,-1.808306037365831,-1.785921642711079,0.0,-0.5680103302001953,0.8643244504928589,0.5359007120132446,0.9672908782958984,0.22525639832019806,0.11475453525781631,0.020959023386240005
410.9308229186581,2.017159071521047,-1.3438353666280816,1.675337958484983,-1.8101940223897863,-1.786035962190189,0.0,-0.5626136064529419,0.8560850620269775,0.5371133089065552,0.9674338102340698,0.22464151680469513,0.11476750671863556,0.020885949954390526
411.1308070444511,2.0150153171623653,-1.3554671804609986,1.6882541304730112,-1.8119453354247228,-1.7862325625897948,0.0,-0.5564518570899963,0.8483333587646484,0.5385018587112427,0.9676787853240967,0.22358447313308716,0.11479022353887558,0.02076055482029915
411.34256231229534,2.0142593295113964,-1.3663693966279695,1.7006147680384576,-1.8135691398216587,-1.7863003749177304,0.0,-0.5517212152481079,0.8401910066604614,0.5394816398620605,0.9677649140357971,0.22321152687072754,0.11479754000902176,0.020716175436973572
411.56623261896175,2.0200737962886604,-1.3738361731006146,1.7103668689196585,-1.8145920412829475,-1.78575842913576,0.0,-0.5535937547683716,0.8303797245025635,0.538991391658783,0.9670997262001038,0.2260781079530716,0.11473176628351212,0.02105546183884144
411.76620636982125,2.0258938898159036,-1.3813101752890427,1.7201284070606349,-1.815615932621898,-1.785215958904423,0.0,-0.5553666353225708,0.8205540776252747,0.5384553670883179,0.9664250612258911,0.22894495725631714,0.11466894298791885,0.0213956106454134
412.15246221472495,2.0317191216323294,-1.388790775925488,1.7298985632084525,-1.816640727906767,-1.7846730097514143,0.0,-0.5570399165153503,0.8107156157493591,0.5378733277320862,0.9657408595085144,0.23181197047233582,0.11460892856121063,0.02173665352165699
412.46134218906025,2.0239209440352695,-1.3915171244394393,1.7311082237088409,-1.8168204887907524,-1.7853926960049593,0.0,-0.5498900413513184,0.813843846321106,0.5396052598953247,0.9666553139686584,0.22797319293022156,0.11468606442213058,0.02127939462661743
412.661307781534,2.0141570424654174,-1.39355972639891,1.7310852070130338,-1.8168785929683253,-1.7862945668670833,0.0,-0.5414310097694397,0.8187561631202698,0.5416739583015442,0.9677776098251343,0.2231605499982834,0.11479051411151886,0.020708492025732994
412.9439078390826,2.0057007269865084,-1.3966646733725436,1.7325202464246598,-1.8170478142666024,-1.78707606094292,0.0,-0.5335784554481506,0.8218819499015808,0.5435833930969238,0.9687293767929077,0.2189870923757553,0.11488781869411469,0.020215312018990517
413.2700491436121,2.006975991205443,-1.4076450213795246,1.7447729643684478,-1.8180412549407325,-1.7869616534034456,0.0,-0.5305486917495728,0.8123756647109985,0.5442526340484619,0.9685868620872498,0.2196168154478073,0.11487457156181335,0.020290005952119827
413.60179941518487,2.0082498013700256,-1.4186128496101627,1.757011711781597,-1.8190335628952945,-1.7868473763112762,0.0,-0.5274915099143982,0.8028726577758789,0.5448191165924072,0.9684439897537231,0.2202458381652832,0.11486148089170456,0.020364684984087944
413.86682044492,2.0002515808693078,-1.4210300065844483,1.7577981461967422,-1.8191594869558736,-1.787548687609501,0.0,-0.5203977227210999,0.8061202168464661,0.5465315580368042,0.9693350791931152,0.2162940353155136,0.11493728309869766,0.019894756376743317
414.1368140238031,1.9903968190051975,-1.4217313014959425,1.7562873871973506,-1.819111599545653,-1.78841330526127,0.0,-0.5124410390853882,0.8118495941162109,0.5484874248504639,0.970409631729126,0.21141894161701202,0.11503854393959045,0.019317185506224632
414.34971106830864,1.9847429615390668,-1.429615303585,1.763367496986983,-1.819552381830757,-1.7889022401920562,0.0,-0.505237877368927,0.8091551661491394,0.5502215027809143,0.9710150957107544,0.20861881971359253,0.11509671062231064,0.018985889852046967
414.5621412537404,1.9813362982015412,-1.4413567314648663,1.7750592453469156,-1.8202555183256306,-1.7891901963535963,0.0,-0.4984956681728363,0.8019293546676636,0.5517406463623047,0.971376359462738,0.206930473446846,0.11512953788042068,0.018785731866955757
414.75816953501453,1.983235775824029,-1.4480611694222838,1.7826030388560803,-1.820678461189234,-1.7890218030668112,0.0,-0.49763327836990356,0.7954097986221313,0.55182284116745,0.9711759090423584,0.2078717052936554,0.11510699987411499,0.018896471709012985
415.0561834809974,1.993370378717656,-1.4469387550418067,1.7836991827596296,-1.8206659626678947,-1.7881451614965143,0.0,-0.5057974457740784,0.7899953722953796,0.5498225688934326,0.9700886011123657,0.21289044618606567,0.1150033101439476,0.019490620121359825
415.2857740429227,2.0035063154632664,-1.4458161929362867,1.7847954709306688,-1.8206534625015798,-1.7872684045482286,0.0,-0.5139021873474121,0.7844924926757812,0.5478239059448242,0.9689741134643555,0.21790292859077454,0.11490850895643234,0.02008645609021187
415.50931123372396,2.0125123598795467,-1.4385863008478228,1.779187474685025,-1.820310819770671,-1.7864490798078971,0.0,-0.5233786106109619,0.7844230532646179,0.5455981492996216,0.9679641127586365,0.2223493754863739,0.1148102805018425,0.02061268500983715
415.7092640857049,2.021307201824705,-1.4304314777114837,1.7725551170483405,-1.8199179915300152,-1.7856418915639267,0.0,-0.5330836176872253,0.7850986123085022,0.5432939529418945,0.9669576287269592,0.2266857922077179,0.11471738666296005,0.021127238869667053
415.96589917104,2.0290526464166088,-1.426886347975531,1.7705355986067826,-1.8197591581917436,-1.7849260356504797,0.0,-0.5402796268463135,0.7827722430229187,0.5415475964546204,0.9660548567771912,0.23050010204315186,0.11463844031095505,0.021580912172794342
416.29650227686375,2.0340916432373257,-1.4354691048887487,1.7806642384981954,-1.8202161202585248,-1.784445402633803,0.0,-0.540748655796051,0.7727864980697632,0.541344165802002,0.9654601812362671,0.2329786866903305,0.11458185315132141,0.021874837577342987
416.5281491725737,2.0368806932942056,-1.4443942601838982,1.7906192627990394,-1.8206434914056515,-1.7841788899124282,0.0,-0.5393458008766174,0.7640352249145508,0.5415464043617249,0.9651282429695129,0.23434975743293762,0.11455123871564865,0.022037768736481667
416.78941468399444,2.0298855663426774,-1.4547881883906877,1.79979826559908,-1.8209413390505853,-1.7848435086242642,0.0,-0.5302124619483948,0.7605841159820557,0.5437024831771851,0.9659572243690491,0.23090974986553192,0.11462730914354324,0.02162916585803032
416.98901503038087,2.022628229638902,-1.4650278348935404,1.808725764833191,-1.8212013530881872,-1.7855273444309752,0.0,-0.5210214257240295,0.7573276162147522,0.5458287000656128,0.9668042063713074,0.22733689844608307,0.11470760405063629,0.021205488592386246
417.18895622220316,2.014446639370599,-1.4745235431052834,1.8165476169355304,-1.8213099807560502,-1.7862768221688259,0.0,-0.5115259885787964,0.7551628947257996,0.5480852127075195,0.9677441120147705,0.22330376505851746,0.1147921159863472,0.020726453512907028
417.4921650845433,2.0068544229110654,-1.4839652815129503,1.8244320307062607,-1.8214067269496548,-1.7869723255208716,0.0,-0.5025458335876465,0.7525634169578552,0.5501617193222046,0.9686004519462585,0.21955686807632446,0.1148756667971611,0.02028285525739193
417.80877919213617,2.0136707507841334,-1.491033750827425,1.8327988142970904,-1.8212197888814652,-1.7863482800066959,0.0,-0.504895031452179,0.7428630590438843,0.5495409369468689,0.9678322672843933,0.2229209542274475,0.1148005947470665,0.020681116729974747
418.0087883705064,2.020502221967102,-1.4981179236149935,1.8411841857257043,-1.8210324355073877,-1.785722848098733,0.0,-0.5071386098861694,0.7331401705741882,0.5488768815994263,0.9670500755310059,0.22628937661647797,0.1147293969988823,0.021080996841192245
418.20613597797,2.028564233424236,-1.503411292825483,1.8479830123045051,-1.8207922706043864,-1.784961561056345,0.0,-0.5108194947242737,0.72403883934021,0.5478858947753906,0.9661129117012024,0.23025929927825928,0.11463811993598938,0.02155119925737381
418.40596844719494,2.0378002844492635,-1.5069855708099396,1.8532575245076621,-1.8205016536829812,-1.7840705771986958,0.0,-0.5158678889274597,0.7155119776725769,0.5466057062149048,0.9650198221206665,0.2348010540008545,0.11453036218881607,0.022089136764407158
418.65062912929204,2.047074834418488,-1.510574747578335,1.8585540226386175,-1.820209825373223,-1.783175879422866,0.0,-0.5208213329315186,0.7069154977798462,0.5453111529350281,0.9638997912406921,0.23935526609420776,0.11442945152521133,0.022630805149674416
418.7886730729317,2.0476751210114736,-1.5162018120185339,1.8640218620930211,-1.819920627504026,-1.783119210668311,0.0,-0.5190373063087463,0.7022925019264221,0.5456783175468445,0.9638263583183289,0.23964983224868774,0.11442384868860245,0.022666022181510925
419.0662837620169,2.037884136041753,-1.5242756641765878,1.8697001977301462,-1.8196343044275711,-1.78406645403318,0.0,-0.5093197822570801,0.7023624777793884,0.5480055212974548,0.9650095105171204,0.23484240472316742,0.1145314946770668,0.022094452753663063
419.3322638833204,2.0280305149217925,-1.5324011674216729,1.8754148595474445,-1.8193461496482497,-1.785019757225319,0.0,-0.49958574771881104,0.7023025155067444,0.5502942204475403,0.9661749601364136,0.2299969494342804,0.11464814841747284,0.021520886570215225
419.57170262416605,2.028051252239604,-1.5430375371975003,1.885189990140787,-1.818478641280176,-1.7850215485362144,0.0,-0.4956463575363159,0.694257915019989,0.5511877536773682,0.9661722779273987,0.23000717163085938,0.1146499514579773,0.021522630006074905
419.86463918267464,2.0299791298208882,-1.5541638859928062,1.8957539820691085,-1.8174988264081735,-1.7848395659916685,0.0,-0.49278590083122253,0.6846914291381836,0.5517206192016602,0.9659458994865417,0.23095601797103882,0.1146288737654686,0.021635154262185097
420.12294873258855,2.039693399041625,-1.5540344910109307,1.8974793761417836,-1.8172636311705048,-1.783894270607267,0.0,-0.4992139935493469,0.6788743138313293,0.5501130819320679,0.9647925496101379,0.2357313632965088,0.11451254040002823,0.022200286388397217
420.45024211909924,2.051044634117056,-1.551527084499721,1.8973358990395035,-1.817185956860851,-1.7827884948751795,0.0,-0.5075556039810181,0.6737551093101501,0.5480664372444153,0.9634138345718384,0.24130254983901978,0.1143861785531044,0.022862456738948822
420.6755525546468,2.052142799566428,-1.5593455819737083,1.9044835433110892,-1.8162766878487384,-1.7826858811612523,0.0,-0.5052445530891418,0.6672927737236023,0.5485925078392029,0.9632782340049744,0.2418411374092102,0.11437689512968063,0.022927241399884224
420.9826324127381,2.048769936393277,-1.5716840106605579,1.9148258363712904,-1.8150028699766063,-1.7830207229021637,0.0,-0.498340368270874,0.6602259278297424,0.5501325130462646,0.9636920094490051,0.24018722772598267,0.11441633850336075,0.02273089624941349
421.2698535689054,2.0400080938175646,-1.5753706906557294,1.9125973891613712,-1.7813179986727357,-1.753428193159718,0.0,-0.49546748399734497,0.6513988971710205,0.5489938259124756,0.9652686715126038,0.2366417795419693,0.10316887497901917,0.04016406089067459
421.46971550517657,2.0287083076285786,-1.5748729967300577,1.9043360910197236,-1.7322515083509287,-1.7096234010466502,0.0,-0.49471133947372437,0.6415390372276306,0.5475538969039917,0.9668118357658386,0.2312835156917572,0.08630701899528503,0.06583280116319656
421.6696505688963,2.0175178664966134,-1.5743801188575193,1.896154735285946,-1.6836598215424199,-1.6662424963781128,0.0,-0.4941948652267456,0.6315605640411377,0.5472401976585388,0.9676374197006226,0.22490037977695465,0.06933574378490448,0.0910503938794136
421.9785760156501,2.007062314716051,-1.572568240214114,1.888759807665662,-1.646338343819679,-1.632881099315553,0.0,-0.493267297744751,0.625683605670929,0.5475055575370789,0.9679710268974304,0.2183762490749359,0.056046631187200546,0.11046559363603592
422.4195872005433,1.998849072030409,-1.5658378828155914,1.8839292548282853,-1.6487490236023692,-1.6348347282630675,0.0,-0.48988935351371765,0.6349966526031494,0.5462594032287598,0.9688364863395691,0.21450597047805786,0.05648607015609741,0.11023745685815811
422.72280792319486,1.9906358293447646,-1.5591075254170665,1.879098701990907,-1.6511597033850605,-1.636788357210583,0.0,-0.48639076948165894,0.6442939043045044,0.5449763536453247,0.9696856141090393,0.21063153445720673,0.05692824348807335,0.1100146546959877
422.9908847331613,1.9967997388174519,-1.549068895075804,1.8716363443039608,-1.653349310887607,-1.635323045125793,0.0,-0.49402177333831787,0.6483238339424133,0.5429902672767639,0.9690496921539307,0.21353965997695923,0.05659687519073486,0.11018286645412445
423.255061859972,2.0049992866353423,-1.538802775830022,1.8639801931070337,-1.6554465423467186,-1.6333733969394435,0.0,-0.5032357573509216,0.6513271331787109,0.540870726108551,0.968189537525177,0.21740472316741943,0.0561581626534462,0.11041051894426346
423.5213316547452,2.0159587207016334,-1.5396913842484052,1.864570471026028,-1.6545126001074733,-1.6307550262200614,0.0,-0.510646641254425,0.6446161866188049,0.5410012602806091,0.9670178890228271,0.22256328165531158,0.05556485056877136,0.11070044338703156
423.7806361284715,2.0269262434836635,-1.5405806485127795,1.8651611846053187,-1.653577968563174,-1.628134722986982,0.0,-0.5179765820503235,0.6378161907196045,0.5411334037780762,0.9658162593841553,0.22771808505058289,0.0549759641289711,0.1110001727938652
424.00255283161516,2.0345129782452234,-1.5322949622344475,1.8587470679328069,-1.6550315495776902,-1.6263169892370697,0.0,-0.526213526725769,0.639494776725769,0.539531409740448,0.9649695754051208,0.2312791496515274,0.05456658452749252,0.11120307445526123
424.24068324786896,2.0409051081065512,-1.520867062515519,1.8499342598215311,-1.657305468937223,-1.6247829019655415,0.0,-0.5348207950592041,0.6440359354019165,0.537239134311676,0.9642462134361267,0.2342764288187027,0.05422094836831093,0.11137253046035767
424.4198978225613,2.047928143759032,-1.5183213599667285,1.8479008427797274,-1.6574584376349637,-1.6230941633858147,0.0,-0.5406675338745117,0.6417655944824219,0.5367178320884705,0.9634411334991455,0.23756641149520874,0.053839799016714096,0.11155548691749573
424.70449788145424,2.0556457792684766,-1.5252759156690014,1.8531183073283009,-1.6553416210061445,-1.6212352505259915,0.0,-0.5434285402297974,0.6322672963142395,0.5381503105163574,0.962543785572052,0.24117784202098846,0.05341987684369087,0.11175412684679031
424.99308654597405,2.063391186998324,-1.5322554976184373,1.8583545471319656,-1.6532171869279264,-1.6193696482938091,0.0,-0.5460827946662903,0.6227272748947144,0.5395478010177612,0.961628794670105,0.24479836225509644,0.0530008040368557,0.1119583323597908
425.2409691068266,2.0730381263210687,-1.5284721700128183,1.855273765431163,-1.6534834808591727,-1.6170385622688779,0.0,-0.5540850758552551,0.6196807622909546,0.5388631224632263,0.9604716897010803,0.24930179119110107,0.05247396603226662,0.11220180243253708
425.4409264477823,2.083293479933585,-1.5210351490826473,1.8493702475887182,-1.654563729266985,-1.6145584142582627,0.0,-0.5639363527297974,0.6187396049499512,0.5374404788017273,0.9592177867889404,0.25408223271369934,0.051915522664785385,0.11246411502361298
425.6406464691196,2.0937646774210092,-1.514317613271819,1.8439103369956833,-1.6553951751726057,-1.6120198418623561,0.0,-0.5737003087997437,0.6170529127120972,0.5361993312835693,0.9579139351844788,0.258955717086792,0.05134192854166031,0.11272397637367249
425.910269185956,2.1043208959176987,-1.5079802236763042,1.8386878738561405,-1.656098630823813,-1.6094575686434665,0.0,-0.583400547504425,0.6149250268936157,0.5350416898727417,0.9565742611885071,0.2638610005378723,0.050764039158821106,0.11298664659261703
426.02614759789304,2.1048094275405536,-1.5028006057560463,1.8346043022366256,-1.6571749221207315,-1.6093391121423097,0.0,-0.5858629941940308,0.6182278394699097,0.5339916944503784,0.9565116167068481,0.2640877962112427,0.050737522542476654,0.1129993125796318
426.29869234623783,2.095369255338723,-1.498756600686157,1.8316390440527737,-1.6586202213198986,-1.6116307359567057,0.0,-0.581091582775116,0.6269659399986267,0.5330612063407898,0.957711935043335,0.25970184803009033,0.051254209131002426,0.11276429146528244
426.4981838210153,2.085765975105041,-1.4951728847423422,1.8290259545370091,-1.6599751270086636,-1.6139600206120175,0.0,-0.5759141445159912,0.6354504227638245,0.5322246551513672,0.9589118361473083,0.2552337348461151,0.05178094655275345,0.11252745985984802
426.6981661772954,2.0755446270061184,-1.4931523161743039,1.8276095940736756,-1.6610268968139266,-1.6164326744971051,0.0,-0.5695944428443909,0.6431843042373657,0.5317442417144775,0.9601673483848572,0.2504708468914032,0.052337396889925,0.11226583272218704
426.8971238365995,2.0651953520305613,-1.4917665855959283,1.8266908547710838,-1.661960194411279,-1.618933735189504,0.0,-0.5628460645675659,0.6504851579666138,0.5314017534255981,0.961414098739624,0.2456410527229309,0.05290208384394646,0.1120036244392395
427.0970977550971,2.054315432502718,-1.4927775024035979,1.8276514918732307,-1.6624492619983475,-1.6215535388892657,0.0,-0.5547388195991516,0.6563342809677124,0.5315868258476257,0.9627002477645874,0.24055548012256622,0.05348982289433479,0.11171475797891617
427.2970809495675,2.0434255662697867,-1.493789343417676,1.8286130072147733,-1.6629387767037103,-1.6241757376816315,0.0,-0.5465640425682068,0.6620894074440002,0.5317732095718384,0.9639590382575989,0.23545749485492706,0.05408276244997978,0.11143508553504944
427.49459591569774,2.0325834904931925,-1.4970145333388662,1.8313005129326072,-1.6629751709350586,-1.6267784812003372,0.0,-0.5375763177871704,0.6661272644996643,0.5324417352676392,0.9651864767074585,0.23037376999855042,0.054669685661792755,0.11114943772554398
427.773746613487,2.021750039325233,-1.5018097676252784,1.8352127535817875,-1.6626917567992798,-1.629373518682537,0.0,-0.5280241370201111,0.6689087748527527,0.5334374308586121,0.9663863778114319,0.22528624534606934,0.055255260318517685,0.11086155474185944
428.00560830913344,2.01472898180698,-1.4970709056558282,1.8313926693075269,-1.664013368241121,-1.6310519675602484,0.0,-0.5245828628540039,0.6764178276062012,0.5325761437416077,0.9671498537063599,0.22198492288589478,0.055634111166000366,0.11067342758178711
428.20560847230115,2.0095545112074658,-1.4877507243422625,1.8238570138124233,-1.6661053646325643,-1.6322864694963768,0.0,-0.5240117311477661,0.6862361431121826,0.5307665467262268,0.9677056670188904,0.21954980492591858,0.05591223016381264,0.11053251475095749
428.60581784025493,2.004390955276996,-1.4784502023721058,1.816337253505858,-1.6681929483120563,-1.6335183674598264,0.0,-0.5233508348464966,0.6960383057594299,0.5288876891136169,0.9682537317276001,0.2171180248260498,0.05619087815284729,0.11039397865533829
428.97281602489693,2.0141197599511047,-1.4783929281335042,1.8162720803081158,-1.667616582187988,-1.6311949867433833,0.0,-0.530654788017273,0.6904905438423157,0.5287995338439941,0.9672162532806396,0.22169820964336395,0.05566461384296417,0.11065234243869781
429.1728002251957,2.024632002374461,-1.4788189699902756,1.8165966875640263,-1.6669006359683363,-1.6286845742060436,0.0,-0.5383074283599854,0.6840546131134033,0.5288087129592896,0.9660694599151611,0.2266404777765274,0.05510036647319794,0.11094015091657639
429.37132832127554,2.0353721266629137,-1.4760448705782516,1.8142242433267173,-1.6667223312104966,-1.6261086803361466,0.0,-0.5472363233566284,0.6797580122947693,0.5282191634178162,0.9648735523223877,0.23168198764324188,0.05451791733503342,0.11122138053178787
429.64541628159947,2.046133298643286,-1.4726407174081348,1.8113208730573387,-1.6666513347691703,-1.6235255856601598,0.0,-0.5563884973526001,0.6757965683937073,0.5275044441223145,0.9636479616165161,0.23672588169574738,0.053936898708343506,0.11150817573070526
429.8424947386355,2.048543443533291,-1.4639722436726397,1.804013860216519,-1.6678819934772091,-1.6229476554938453,0.0,-0.5614122152328491,0.6806430816650391,0.5257848501205444,0.9633694887161255,0.23785454034805298,0.053808022290468216,0.11157497018575668
430.06791765500515,2.0467895393241142,-1.4526843286492186,1.7945156956871575,-1.6697608268858601,-1.623369554440219,0.0,-0.5643515586853027,0.6899170279502869,0.5234773755073547,0.9635719656944275,0.23703336715698242,0.05390314757823944,0.1115291491150856
430.267169074389,2.0394798610507445,-1.4478538496769728,1.7904721633782792,-1.6709367648963165,-1.6251240565809755,0.0,-0.5606722235679626,0.6978922486305237,0.5224959850311279,0.9644085764884949,0.23360837996006012,0.05429699644446373,0.11133260279893875
430.494360694918,2.029598803576408,-1.446009374775667,1.7889509327815962,-1.6717878060535254,-1.6274953277721136,0.0,-0.5538657307624817,0.7052133679389954,0.5221599340438843,0.9655193090438843,0.22897294163703918,0.0548323318362236,0.11107286810874939
430.71213869499246,2.0233595847597026,-1.438570264797824,1.782457590748065,-1.6730823015638945,-1.6289890578336585,0.0,-0.5517905354499817,0.7144657969474792,0.5207430124282837,0.9662095308303833,0.22604265809059143,0.0551690049469471,0.11090584844350815
430.9121186112074,2.018169842826738,-1.4295400256867465,1.774550020775195,-1.6745020435044542,-1.6302299168727277,0.0,-0.5510057806968689,0.7242727875709534,0.518957793712616,0.9667770266532898,0.22360330820083618,0.05544869229197502,0.11076616495847702
431.2300130341031,2.0148775298753567,-1.4218576235848301,1.7678211848106606,-1.6756468007060241,-1.6310164768133184,0.0,-0.5511510372161865,0.7319462299346924,0.5173760652542114,0.9671338796615601,0.2220548689365387,0.055626075714826584,0.11067736148834229
431.63574754309207,2.024651070970528,-1.423401349907161,1.7691608378865635,-1.6749048852133157,-1.628674677605587,0.0,-0.5582630634307861,0.7249189019203186,0.5176275968551636,0.9660690426826477,0.22664913535118103,0.055094167590141296,0.11092984676361084
431.83572233703285,2.0344328501212736,-1.4249463774265823,1.7705016201475163,-1.674162344364761,-1.6263309045102103,0.0,-0.565296471118927,0.7178165912628174,0.5178788900375366,0.9649801254272461,0.23124128580093384,0.054565683007240295,0.11119023710489273
432.2071833902886,2.0442243202072214,-1.4264929356247629,1.7718437307388077,-1.6734190678713776,-1.6239848094084945,0.0,-0.5722510814666748,0.7106389999389648,0.5181300640106201,0.9638671278953552,0.23583172261714935,0.05404059216380119,0.11145856231451035
432.4611736486469,2.0433438654901668,-1.418715355126176,1.7648980760456787,-1.6742907836236476,-1.6241976739387038,0.0,-0.5744999647140503,0.7169045209884644,0.51657634973526,0.9639675617218018,0.23541928827762604,0.05408959090709686,0.11143811792135239
432.6712538281057,2.0397227316931508,-1.4085432232850137,1.7558240232093905,-1.6755772488745941,-1.625067710184339,0.0,-0.5754914283752441,0.7266363501548767,0.5144806504249573,0.9643803834915161,0.23372229933738708,0.054285816848278046,0.11134319752454758
432.8770260126673,2.042188965722045,-1.3968555447722377,1.7450841481207275,-1.6763966014878537,-1.6244752042472743,0.0,-0.5818212628364563,0.7337362766265869,0.5121258497238159,0.964099645614624,0.23487815260887146,0.05415216088294983,0.11140778660774231
433.1350905895593,2.0453231454647196,-1.3850193208586636,1.7341776215656368,-1.6771630827468018,-1.623722218595143,0.0,-0.5887709259986877,0.7404810190200806,0.5096387267112732,0.9637406468391418,0.2363465577363968,0.05398258939385414,0.11149057000875473
433.3688789937696,2.0394226518262624,-1.378350434029377,1.7279538260823948,-1.6779216871581877,-1.6251385461956145,0.0,-0.5865674018859863,0.7491647005081177,0.508301317691803,0.9644148349761963,0.23358158767223358,0.05430079251527786,0.11133258789777756
433.7401250451577,2.0317355984735634,-1.3727028789518159,1.7226555706021216,-1.678678770639859,-1.6269838441983278,0.0,-0.582451343536377,0.7582175731658936,0.5071809887886047,0.9652807712554932,0.22997602820396423,0.05471758544445038,0.11113118380308151
434.0475001617379,2.0391361532575267,-1.3669045663023072,1.7171040570635312,-1.678538897610649,-1.6252060389419387,0.0,-0.5906373858451843,0.7578468322753906,0.5059537291526794,0.9644477963447571,0.23344716429710388,0.05431496724486351,0.11132222414016724
434.2474441475279,2.048458907513589,-1.3611068273088263,1.7115390318124044,-1.6782837130930077,-1.6229666434152221,0.0,-0.6004081964492798,0.7561478614807129,0.5046932697296143,0.9633798003196716,0.23781488835811615,0.05381113663315773,0.1115695983171463
434.44151258683274,2.057964983574519,-1.358930712219707,1.7093921136773136,-1.677850233818918,-1.6206760774028346,0.0,-0.6089471578598022,0.7515644431114197,0.5042086839675903,0.962271511554718,0.2422623634338379,0.05329342931509018,0.111813023686409
434.64148663571547,2.0675858995669194,-1.3588992811207192,1.7092692984504463,-1.6773108174531661,-1.6183536931281572,0.0,-0.6167021989822388,0.7452530860900879,0.5041956901550293,0.9611291885375977,0.24675726890563965,0.05276868864893913,0.1120576411485672
434.99164999834744,2.0772068155593164,-1.3588678500217317,1.7091464832235792,-1.6767714010874146,-1.6160313088534808,0.0,-0.6243922710418701,0.7388622760772705,0.504184365272522,0.9599646925926208,0.25124591588974,0.052247483283281326,0.11230967938899994
435.19473796022936,2.0767440173950105,-1.3522477196584657,1.702699949213934,-1.6769601602450992,-1.6161442266526367,0.0,-0.6267043948173523,0.7440103888511658,0.5028494596481323,0.9600207805633545,0.25103017687797546,0.05227382853627205,0.1123003214597702
435.3947162745695,2.0722226591384967,-1.3429811244575047,1.693713463520661,-1.677441867575497,-1.6172373199865988,0.0,-0.6267950534820557,0.7538211345672607,0.5009208917617798,0.9605696797370911,0.2489214390516281,0.052520304918289185,0.11218520998954773
435.59237760735556,2.0671235330631905,-1.3344305658659454,1.6853937068082057,-1.677905252301012,-1.6184691042291075,0.0,-0.626049816608429,0.763507068157196,0.4991036653518677,0.9611832499504089,0.2465415596961975,0.05279809236526489,0.1120549887418747
435.7921362413268,2.05992722334548,-1.328426626900328,1.6794439418678784,-1.678304334528254,-1.6202043365838315,0.0,-0.6224986910820007,0.7727634906768799,0.49789249897003174,0.9620396494865417,0.24317966401576996,0.05318828672170639,0.11186715960502625
436.1398996709128,2.052730913627772,-1.3224226879347125,1.6734941769275533,-1.678703416755496,-1.6219395689385547,0.0,-0.6188434362411499,0.7820016741752625,0.4966520667076111,0.962883710861206,0.2398143708705902,0.05358050763607025,0.11168345808982849
436.4474562268244,2.045708608437864,-1.3297101819209625,1.6807686037707668,-1.6790487926277533,-1.623628327213158,0.0,-0.6101647615432739,0.7812474370002747,0.498238205909729,0.9636967182159424,0.23652707040309906,0.05396055057644844,0.11149826645851135
436.82053642292135,2.0387152926401906,-1.3392120468093782,1.6902461990455693,-1.6793852209478415,-1.6253093428424727,0.0,-0.6007108092308044,0.7787275314331055,0.5002285838127136,0.9644947648048401,0.23325000703334808,0.05434007570147514,0.1113160252571106
437.12635229978935,2.0264818282808905,-1.3455607768078564,1.7111261270236624,-1.7154797307555458,-1.5765565607920669,0.0,-0.6031087636947632,0.7777444124221802,0.4930116832256317,0.9681452512741089,0.2248087227344513,0.02768382616341114,0.10672111064195633
437.34078308791965,2.011842332549032,-1.3519681751901855,1.7366108139741097,-1.7627860343460808,-1.5122273243529831,0.0,-0.6082718372344971,0.7772064208984375,0.48447495698928833,0.971459150314331,0.21488463878631592,-0.007409950252622366,0.10018327832221985
437.5895939393064,1.9948556608650048,-1.3594028829603813,1.76618150535082,-1.8176770403203222,-1.4375840689369626,0.0,-0.6142670512199402,0.7768311500549316,0.4764857888221741,0.9734408855438232,0.20411071181297302,-0.04808894544839859,0.09186398237943649
437.8955781725817,1.9739656808574297,-1.3685459864223495,1.802547143255655,-1.885181260024281,-1.3457887989543664,0.0,-0.6213869452476501,0.7765802145004272,0.4694996476173401,0.9731594920158386,0.1920260488986969,-0.09790445864200592,0.0806298702955246
438.47896605851787,1.945140786556702,-1.381162034440408,1.8527260169743138,-1.9783264902788875,-1.2191257311297152,0.0,-0.630192756652832,0.7762057185173035,0.464960515499115,0.9679305553436279,0.1776161640882492,-0.1659223437309265,0.0635019913315773
438.7102669818278,1.9383994737049695,-1.3922510013395142,1.8766480126801324,-2.0129539742806917,-1.1728945824402786,0.0,-0.6341876983642578,0.7690869569778442,0.4665456712245941,0.9643105268478394,0.1750197410583496,-0.19048498570919037,0.05646732077002525
438.98827981168114,1.9436119392520983,-1.4012967115183297,1.8845354057579327,-2.0139859393397024,-1.1726838490501699,0.0,-0.6358097791671753,0.7595325112342834,0.46899116039276123,0.9638127088546753,0.17774324119091034,-0.19064204394817352,0.055928442627191544
439.1882839050301,1.948838802089704,-1.410367406748046,1.892444584512438,-2.0150207547774026,-1.1724725335958148,0.0,-0.6373485922813416,0.7499433755874634,0.47137540578842163,0.9633045196533203,0.18047282099723816,-0.1908034384250641,0.055389221757650375
439.3822974149295,1.9511148444145328,-1.4206936519537945,1.9031524897566543,-2.016358958886752,-1.172381854823246,0.0,-0.6358631253242493,0.7404433488845825,0.4726583659648895,0.9630805850028992,0.18166100978851318,-0.19087423384189606,0.055154651403427124
439.72937538508756,1.9516823341209935,-1.4317409971685986,1.9154741909341066,-2.017872010050648,-1.1723610245818934,0.0,-0.6326497197151184,0.7309934496879578,0.4732460081577301,0.9630246758460999,0.18195728957653046,-0.19089119136333466,0.0550958476960659
440.15095316639685,1.9702230154151257,-1.4301554712382059,1.8925544737415916,-1.962901824026749,-1.2452296986604279,0.0,-0.6269643306732178,0.7255566120147705,0.4744330644607544,0.9676986932754517,0.19006308913230896,-0.1518668383359909,0.0661177784204483
440.6617661706943,2.0019446816668225,-1.4155878917930695,1.83942656369929,-1.8654379481223868,-1.372307511608917,0.0,-0.6192144155502319,0.7257902026176453,0.4806382656097412,0.9713875651359558,0.20616382360458374,-0.08284571021795273,0.08389925956726074
440.9586728484124,2.0241791874077038,-1.4053771126292762,1.8021878886730873,-1.7971230906640978,-1.4613795149243383,0.0,-0.6131802201271057,0.7259770035743713,0.48860061168670654,0.9704710841178894,0.21906735002994537,-0.03398192301392555,0.09508167952299118
441.2004403798255,2.0421782709408935,-1.3971113715667192,1.7720427606332245,-1.741821441943888,-1.5334843076652487,0.0,-0.6081751585006714,0.7263158559799194,0.4972361922264099,0.9675791263580322,0.2304157018661499,0.0057172407396137714,0.10327915102243423
441.502501491738,2.057738427986517,-1.389965661686842,1.7459823823036424,-1.6940133223037075,-1.5958186980091682,0.0,-0.6039066314697266,0.7268280982971191,0.5062659978866577,0.9635140895843506,0.2408328652381897,0.04005500674247742,0.1097075343132019
441.66710736958584,2.069518484528408,-1.3862327954691005,1.7351092582918635,-1.6757177327953814,-1.6178889989259722,0.0,-0.6073752045631409,0.7240061163902283,0.5098435282707214,0.960896372795105,0.24765947461128235,0.052665725350379944,0.11211199313402176
441.9543625735012,2.0795145278941325,-1.384476742052728,1.7333373712731341,-1.6752583546794144,-1.6154719562510829,0.0,-0.6158571839332581,0.7187215089797974,0.5095065832138062,0.9596828818321228,0.2523215115070343,0.0521203875541687,0.11236554384231567
442.18731841432873,2.0871602783981924,-1.3860411871261555,1.7346450083607092,-1.6746627381411743,-1.6136231345793393,0.0,-0.6211287379264832,0.7125248312950134,0.5098798274993896,0.9587385654449463,0.2558829188346863,0.05170581117272377,0.11256475001573563
442.47329235261276,2.0877619748467438,-1.3975934006448543,1.7452151679695054,-1.673655784984366,-1.6134773249935046,0.0,-0.6168680191040039,0.703816294670105,0.512321412563324,0.9586637020111084,0.2561628818511963,0.051672905683517456,0.1125798299908638
442.6765052912812,2.0883642149241384,-1.4091560515136312,1.755794877649034,-1.672647922051904,-1.6133313836696535,0.0,-0.6125830411911011,0.695087194442749,0.5146521329879761,0.9585887789726257,0.25644320249557495,0.05163998901844025,0.11259488761425018
442.87634865505044,2.094172088790223,-1.4172828052222848,1.7629245251036103,-1.671421611708982,-1.611922128337607,0.0,-0.6135957837104797,0.685463011264801,0.5163989663124084,0.9578623175621033,0.2591451108455658,0.05132092908024788,0.1127370223402977
443.12601325590174,2.1006227372556676,-1.4249853056103694,1.7696281701818366,-1.6701683281957527,-1.610356883132195,0.0,-0.6151655912399292,0.6757293343544006,0.5180346965789795,0.9570459723472595,0.2621433436870575,0.050968050956726074,0.11289803683757782
443.26347248506556,2.099141506104267,-1.4311747713230396,1.7751250492241089,-1.6695362190451657,-1.6107159884010571,0.0,-0.6115068197250366,0.6722971200942993,0.5192776918411255,0.9572343826293945,0.2614552080631256,0.05104851722717285,0.11285979300737381
443.5647177229322,2.088902212631177,-1.4356936050263696,1.779289465765549,-1.6695899856319136,-1.6131998840344466,0.0,-0.6021557450294495,0.6757310628890991,0.5201174020767212,0.9585223197937012,0.25669363141059875,0.0516091026365757,0.11260508000850677
443.74016959557844,2.0765797087849034,-1.4412151948177108,1.7948011482259407,-1.6961060693295644,-1.580932452695816,0.0,-0.6011931896209717,0.6768190264701843,0.5150765180587769,0.9617363810539246,0.2491324096918106,0.033370498567819595,0.10900668799877167
443.97051199806305,2.0616977897609536,-1.4479332223809855,1.8197788571197802,-1.7438598874025801,-1.5209963225321506,0.0,-0.606238603591919,0.6765651106834412,0.5064557194709778,0.965541660785675,0.23932288587093353,7.215484947664663e-05,0.10224363207817078
444.202023402015,2.044699738371411,-1.4556065189211118,1.848308267788341,-1.798404052865763,-1.4525375828378444,0.0,-0.6120175123214722,0.6764985918998718,0.4982936978340149,0.9681988954544067,0.22879599034786224,-0.0379268042743206,0.09383409470319748
444.47708127478427,2.0243714649863587,-1.4647831513631235,1.882427099782326,-1.8636343949611667,-1.3706665527880024,0.0,-0.6187441945075989,0.6766049861907959,0.4909090995788574,0.9690331816673279,0.21721787750720978,-0.08319856226444244,0.08287978917360306
444.83438920857304,1.9977559942040166,-1.4767979638370767,1.9270983199525187,-1.9490393986856331,-1.263474172651377,0.0,-0.626853883266449,0.6767604351043701,0.48513543605804443,0.9663256406784058,0.20384174585342407,-0.1419440060853958,0.06719432026147842
445.26794677851996,1.9829400729126934,-1.4820252123341242,1.9486137201938916,-1.9915186107541476,-1.2107937213280708,0.0,-0.6294631361961365,0.6783437728881836,0.48372262716293335,0.9636143445968628,0.19723913073539734,-0.17058062553405762,0.058706313371658325
446.04282249497504,2.002185391885709,-1.4698186689382762,1.9082403417902685,-1.9175694971358557,-1.3051383052556629,0.0,-0.6206472516059875,0.6822178363800049,0.48624372482299805,0.9685052633285522,0.20599167048931122,-0.1195162907242775,0.07266810536384583
446.3122299214442,2.0186722901481815,-1.459361682520645,1.87365365693531,-1.854219468251727,-1.3859605331964142,0.0,-0.6124658584594727,0.6853358745574951,0.49104544520378113,0.9701318144798279,0.21476632356643677,-0.0753307119011879,0.08393322676420212
446.5456485157907,2.03295678359365,-1.4503015942272635,1.8436872396477304,-1.799332062630663,-1.4559861115003485,0.0,-0.6050914525985718,0.6880348920822144,0.49720558524131775,0.9695985913276672,0.2232775241136551,-0.03683365136384964,0.09310685098171234
446.75318635897384,2.045657455401469,-1.4422460612534562,1.8170434085116356,-1.7505304073366181,-1.5182474644553026,0.0,-0.5984432697296143,0.6905259490013123,0.504245400428772,0.9675942659378052,0.23152095079421997,-0.0025172424502670765,0.10076238214969635
446.9530520764147,2.0571529154381776,-1.4349549463600078,1.7929279049631361,-1.7063597141129299,-1.5746006169148794,0.0,-0.5924502611160278,0.6929149627685547,0.5118770599365234,0.9645298719406128,0.23950578272342682,0.02855638787150383,0.10725509375333786
447.24436546439784,2.066772268455312,-1.4308012320781667,1.7753782638389815,-1.6715334842397211,-1.6185543324200486,0.0,-0.5876964330673218,0.6933939456939697,0.5190153121948242,0.9612252116203308,0.24637748301029205,0.05281762406229973,0.11204683035612106
447.5835701439371,2.0707796145077624,-1.440795169069814,1.7839013467226301,-1.669882289558961,-1.6175858120591642,0.0,-0.5867722630500793,0.6836676597595215,0.521155834197998,0.9607440233230591,0.24824807047843933,0.05259864404797554,0.11214778572320938
447.7835530590107,2.0747932041665305,-1.4508046770172327,1.792437708912195,-1.66822852225048,-1.6166157827046055,0.0,-0.585771918296814,0.6739340424537659,0.5232146978378296,0.9602582454681396,0.2501204013824463,0.05237995460629463,0.11225014179944992
448.00650059776075,2.0788119834459486,-1.4608271273811813,1.8009851087227586,-1.6665726166005879,-1.615644499090195,0.0,-0.5846957564353943,0.6641966104507446,0.5251911878585815,0.9597679972648621,0.25199413299560547,0.05216161161661148,0.11235403269529343
448.22714180981353,2.0877229446362837,-1.4651065878870866,1.8043703407931349,-1.665314802912969,-1.6134842046564708,0.0,-0.5893784165382385,0.6555370092391968,0.526145339012146,0.9586696624755859,0.2561447322368622,0.05167188122868538,0.11257171630859375
448.42714024072126,2.09695609044727,-1.4690361685403774,1.8074401913673566,-1.6640793944050036,-1.6112456159718482,0.0,-0.5943248271942139,0.646891176700592,0.5270290970802307,0.9575116038322449,0.2604394555091858,0.05116727948188782,0.1128036379814148
448.62581937869624,2.1066789674822326,-1.4719280303303652,1.8095935150350502,-1.6629100287276688,-1.6091986501846665,0.0,-0.599855899810791,0.6386690735816956,0.527727484703064,0.9562601447105408,0.2649729549884796,0.050792496651411057,0.11303119361400604
448.82578167428807,2.117253524319904,-1.4729742841128843,1.8101174718724224,-1.6618598386293004,-1.607495126506316,0.0,-0.6065129637718201,0.6312194466590881,0.5281133055686951,0.9548567533493042,0.26992493867874146,0.05064612254500389,0.11324329674243927
449.145397207574,2.127836717302162,-1.4740213923613712,1.8106418566205882,-1.660808790850211,-1.60579021157564,0.0,-0.6130847930908203,0.6236941814422607,0.5284993052482605,0.9534258842468262,0.27487295866012573,0.050503455102443695,0.1134602501988411
449.41186439667536,2.1305116607335486,-1.463940153005548,1.8021006004792262,-1.6622329197800436,-1.6052705310960305,0.0,-0.6192530989646912,0.628948450088501,0.5265423655509949,0.953063428401947,0.2761175036430359,0.0504232682287693,0.11351970583200455
449.6138388342241,2.131768463739507,-1.4518809239059303,1.7919484045579683,-1.664098034454347,-1.6049635427428681,0.0,-0.6253611445426941,0.6364638209342957,0.5240545272827148,0.952894926071167,0.2766984701156616,0.05035404488444328,0.11355043202638626
449.791994664707,2.1374417462090585,-1.4423238583199978,1.7836333680621321,-1.6651674060598611,-1.6035757732694056,0.0,-0.6335017085075378,0.6392781734466553,0.5221574902534485,0.9521305561065674,0.27931997179985046,0.05003906786441803,0.11368324607610703
449.99205562461236,2.1467813603309103,-1.4348589756102348,1.776855997764134,-1.6655737338248946,-1.6012907948249222,0.0,-0.6433402895927429,0.6380937695503235,0.5207934975624084,0.9508556723594666,0.2836305499076843,0.04952244460582733,0.11390630900859833
450.36586191971327,2.15607246742476,-1.4274328631612028,1.770113827002919,-1.6659779512508905,-1.5990176838421932,0.0,-0.6531567573547363,0.6367829442024231,0.5193909406661987,0.9495670199394226,0.28791218996047974,0.04901163652539253,0.1141352429986
450.69761811296075,2.1486715548535242,-1.4229200374590996,1.7663846854641785,-1.6669808590293744,-1.60082880249996,0.0,-0.6500170230865479,0.6450172662734985,0.518321692943573,0.9505949020385742,0.28450214862823486,0.04941897094249725,0.11395399272441864
450.897571225712,2.1399347316529136,-1.4186529306908409,1.7629076454497792,-1.6680300859683768,-1.6029667933282008,0.0,-0.6457287073135376,0.6539871096611023,0.5172703266143799,0.9517917633056641,0.28047120571136475,0.04990231618285179,0.11374551057815552
451.08963165904015,2.1336637057095316,-1.4113685401276208,1.7565695264410577,-1.6691710868322336,-1.6045002791021936,0.0,-0.6444534659385681,0.6633708477020264,0.5156774520874023,0.952640175819397,0.27757447957992554,0.05024923011660576,0.11359578371047974
451.28960567066997,2.1293094243134996,-1.4017446793588098,1.7480128247260194,-1.6703828786710646,-1.6055638649541542,0.0,-0.6455162167549133,0.6730960011482239,0.5136120319366455,0.9532244801521301,0.27556148171424866,0.05048907920718193,0.1134893149137497
451.4876373345646,2.124007773684377,-1.3930996834623448,1.7402840729262212,-1.67148326267136,-1.6068577161107955,0.0,-0.6453844904899597,0.6828155517578125,0.5117267370223999,0.9539302587509155,0.2731086313724518,0.05078040808439255,0.11335819959640503
451.68751802767247,2.1174308700323627,-1.3857535896580802,1.7336534140372883,-1.6724359689459298,-1.6084615341853563,0.0,-0.6436631083488464,0.6925300359725952,0.5101310014724731,0.954797089099884,0.27006301283836365,0.05114152282476425,0.11319458484649658
451.94304747275015,2.113801896891815,-1.3785160738362916,1.727028517981288,-1.6731802433815328,-1.609346378156086,0.0,-0.6440332531929016,0.7001510262489319,0.5085618495941162,0.9552709460258484,0.26838111877441406,0.05134134367108345,0.11310552805662155
452.2705515870841,2.122857391244453,-1.3717457514859501,1.7204284184619616,-1.673027669375276,-1.607137593015475,0.0,-0.653823733329773,0.6986923813819885,0.5072602033615112,0.9540829062461853,0.27257615327835083,0.05084255337715149,0.1133272722363472
452.54155344736466,2.1294233459122487,-1.3649189311921885,1.7138168238674367,-1.6730082360126364,-1.6055361400482688,0.0,-0.6617823839187622,0.6989083290100098,0.5058939456939697,0.9532091617584229,0.2756142020225525,0.05048292130231857,0.1134924441576004
452.8767105693904,2.122828318402447,-1.3577934338253328,1.70714446041643,-1.6736926523007696,-1.6071453560889633,0.0,-0.6598872542381287,0.7085936665534973,0.5043420195579529,0.954086422920227,0.2725626230239868,0.050845030695199966,0.1133284866809845
453.0924283533303,2.1159141126259984,-1.3512728128298028,1.701057475472269,-1.6743911454812397,-1.6087120849399192,0.0,-0.6574141979217529,0.7180578112602234,0.5028775930404663,0.9549995064735413,0.2693534791469574,0.05116599425673485,0.11316598206758499
453.31038366662307,2.106430255449457,-1.34962195139149,1.6996832760053358,-1.6752029693921584,-1.6099367564580125,0.0,-0.6510279178619385,0.7257317900657654,0.5024347901344299,0.9562678337097168,0.2648950219154358,0.05114470794796944,0.11298900097608566
453.55332943239955,2.097393822695096,-1.3473144516303999,1.697646998911038,-1.6759786530363,-1.6111414449716817,0.0,-0.6451611518859863,0.7335271835327148,0.5018662214279175,0.9574555158615112,0.26064297556877136,0.05114584416151047,0.1128200814127922
453.80175360162,2.093345492125743,-1.3376864327150952,1.6882295626845771,-1.6763514276420828,-1.6121233533618504,0.0,-0.6459713578224182,0.7432852387428284,0.49986863136291504,0.9579659104347229,0.2587607502937317,0.05136711150407791,0.11271856725215912
454.00178654734236,2.0892664669076564,-1.3280881016079582,1.678836719128751,-1.6767206388809721,-1.6131126564716909,0.0,-0.6466676592826843,0.7530465722084045,0.49780356884002686,0.9584763646125793,0.25686317682266235,0.05159064009785652,0.11261750757694244
454.20156980548245,2.083939317526565,-1.3196969539106118,1.6704438774533334,-1.676944954364256,-1.614402648095049,0.0,-0.6457966566085815,0.7628458142280579,0.49607163667678833,0.9591377973556519,0.25438302755355835,0.05188094824552536,0.11248194426298141
454.55894273504816,2.078612168145472,-1.3113058062132625,1.662051035777913,-1.6771692698475402,-1.6156926397184077,0.0,-0.6448322534561157,0.7726441025733948,0.49428126215934753,0.9597925543785095,0.2519010305404663,0.05217234790325165,0.11234867572784424
454.83673448245213,2.0856562525797395,-1.3072813724109127,1.6578561933794453,-1.6767078776223834,-1.6139855715995544,0.0,-0.6523190140724182,0.7707014083862305,0.49345532059669495,0.9589259028434753,0.25518250465393066,0.05178562179207802,0.11252178996801376
455.06117340495535,2.0949945424862912,-1.304080123146508,1.6544534008475702,-1.676119469053186,-1.6117227095661621,0.0,-0.6613574028015137,0.7664766311645508,0.49281078577041626,0.9577587246894836,0.2595275938510895,0.05127608776092529,0.11275796592235565
455.2762757047443,2.103590636145542,-1.3059432255362273,1.656188623376816,-1.675563652045632,-1.610208984152086,0.0,-0.6674627065658569,0.7591057419776917,0.4932674169540405,0.9566469192504883,0.2635536193847656,0.05109157785773277,0.1129409521818161
455.47622570687815,2.111877810241884,-1.310000166479023,1.6601493748144514,-1.6750211471669438,-1.6090172381722925,0.0,-0.6722285747528076,0.7503660321235657,0.4941915273666382,0.9555497765541077,0.2674448788166046,0.051048409193754196,0.11310119181871414
455.6759508132367,2.1201240695438197,-1.3141612408164618,1.6642121197897881,-1.6744837929454601,-1.6078056850447107,0.0,-0.6768245100975037,0.7415497303009033,0.49512720108032227,0.9544429183006287,0.2713105380535126,0.05099475756287575,0.11326399445533752
455.87624790066764,2.126904895439727,-1.3207691590633923,1.6706720821116072,-1.6741053747114387,-1.6061501479129736,0.0,-0.6793189644813538,0.7319660782814026,0.4966200590133667,0.9535456299781799,0.27444931864738464,0.050620269030332565,0.11342761665582657
456.2219574588105,2.1336857213356346,-1.3273770773103226,1.6771320444334263,-1.6737269564774175,-1.6044946107812368,0.0,-0.6817100048065186,0.7223752737045288,0.49807703495025635,0.9526374340057373,0.2775847315788269,0.05024751275777817,0.11359509825706482
456.4200119432821,2.1385298179946814,-1.3232380511563047,1.67281003094462,-1.6733854916343713,-1.6033110900297312,0.0,-0.6873518228530884,0.7217874526977539,0.4973108768463135,0.951982319355011,0.2798224687576294,0.049981024116277695,0.11371424049139023
456.64122600215416,2.1420351477866384,-1.3116873162895974,1.6610522426892538,-1.6730697084215824,-1.6024538528949939,0.0,-0.6953099370002747,0.7273573279380798,0.4949403703212738,0.951505184173584,0.2814408242702484,0.04978751763701439,0.1137988492846489
456.9692948913366,2.145945331352141,-1.3023382331979336,1.6515044177036808,-1.6727528169891477,-1.6014972446104903,0.0,-0.7026224732398987,0.7310154438018799,0.49295705556869507,0.9509696364402771,0.28324487805366516,0.04957158863544464,0.11389300972223282
457.3593630659584,2.1527932099195044,-1.3087462833210946,1.6577720445503876,-1.6724256990535733,-1.5998196030423433,0.0,-0.7050792574882507,0.7214372158050537,0.4944716691970825,0.9500244855880737,0.28640177845954895,0.04919078201055527,0.11405164748430252
457.5593207608167,2.1596532639053088,-1.3151657268547654,1.6640508151372675,-1.6720979995075476,-1.5981389786543514,0.0,-0.7074369788169861,0.7118352651596069,0.49595537781715393,0.9490664601325989,0.2895607054233551,0.0488109216094017,0.11421449482440948
457.7657745449029,2.166527891998326,-1.3215988084237198,1.6703429249013444,-1.6717696037675374,-1.5964547837988288,0.0,-0.7096962928771973,0.7022073268890381,0.49740853905677795,0.9480950832366943,0.2927229404449463,0.04843199998140335,0.11438152194023132
457.9637858344197,2.1686660650450165,-1.3319449992286394,1.6804930714978377,-1.6715174299770172,-1.5959307065625492,0.0,-0.7064691781997681,0.693472683429718,0.4996890425682068,0.9477909207344055,0.29370567202568054,0.04831410199403763,0.11443334072828293
458.1908816784849,2.169581427315891,-1.3433040193050059,1.691641782237192,-1.6712848879952975,-1.5957061368571397,0.0,-0.7018141746520996,0.6849562525749207,0.502092182636261,0.9476604461669922,0.2941262722015381,0.04826325923204422,0.1144547238945961
458.3551686702778,2.165286550167296,-1.3508063661355039,1.6991444708182333,-1.6713994414296853,-1.5967586355220296,0.0,-0.6950986385345459,0.682946503162384,0.5035439729690552,0.9482714533805847,0.29215216636657715,0.04849988594651222,0.11435014754533768
458.5939306865825,2.1556099645098388,-1.3543238120801075,1.7028798632965616,-1.6718725341492198,-1.5991302309296263,0.0,-0.6862579584121704,0.687586784362793,0.5040906071662903,0.9496320486068726,0.28769922256469727,0.04903591796755791,0.11412116885185242
458.7463024537562,2.152322176302417,-1.360799483870785,1.7091734287406204,-1.6717745912656452,-1.5999363086257754,0.0,-0.6808390021324158,0.6854733228683472,0.5054100155830383,0.9500890374183655,0.286184698343277,0.0492192842066288,0.11404623091220856
459.00172137601714,2.1562403955618814,-1.3706170784742013,1.7183574349926294,-1.6710323102107665,-1.5989766188882142,0.0,-0.6792439222335815,0.6758384704589844,0.5075506567955017,0.9495434761047363,0.2879895567893982,0.04900242015719414,0.11413946002721786
459.198970393673,2.158826020536708,-1.3811450869394704,1.7281364079022703,-1.6702119032716922,-1.5983432741965018,0.0,-0.6762953400611877,0.6667025089263916,0.509810745716095,0.9491814970970154,0.2891799807548523,0.04885955899953842,0.11420147866010666
459.4135244398346,2.159573741234071,-1.3926423177623866,1.7387262434789024,-1.6692846090068494,-1.5981600223255916,0.0,-0.6715485453605652,0.6582449674606323,0.512241780757904,0.9490765929222107,0.2895240783691406,0.04881816357374191,0.11421924084424973
459.62345160196026,2.1644769118333103,-1.3979222122246566,1.7434167874336324,-1.6685798029806609,-1.5969569164153457,0.0,-0.6726144552230835,0.6511187553405762,0.5134218335151672,0.9483863115310669,0.29177984595298767,0.04854420945048332,0.11432953178882599
459.9109974275375,2.1745795468901976,-1.3954132033750948,1.740717106562728,-1.6681541133830846,-1.5944777283084584,0.0,-0.6809506416320801,0.645600438117981,0.5131410360336304,0.9469462633132935,0.29642215371131897,0.04798180237412453,0.11456175893545151
460.2404202113937,2.184657952494412,-1.3929102119567114,1.7380239004174298,-1.6677294447296382,-1.5920044861127678,0.0,-0.6892238259315491,0.6399931907653809,0.5128573179244995,0.9454855918884277,0.3010454475879669,0.047424282878637314,0.11480176448822021
460.49107189471175,2.1838443941526595,-1.3842451338627895,1.7300132762756966,-1.6683964430857938,-1.5922047097450365,0.0,-0.6927905082702637,0.6464672684669495,0.5110572576522827,0.9456040263175964,0.30067241191864014,0.0474703311920166,0.11478503793478012
460.7676376097877,2.1803612666918317,-1.374078450792727,1.7207074448936874,-1.6693303835629825,-1.5930601867087106,0.0,-0.6951455473899841,0.6559208035469055,0.5088093280792236,0.9461103081703186,0.299075186252594,0.047664228826761246,0.11470507085323334
460.96704378776866,2.1856396242387666,-1.367246866425568,1.7140477140566555,-1.66940246248991,-1.5917629019732908,0.0,-0.7021954655647278,0.6566728949546814,0.5075047016143799,0.9453426003456116,0.30149537324905396,0.04736853018403053,0.11482160538434982
461.174112052356,2.195124345245886,-1.3620359353495983,1.7086765570853095,-1.6690594611563436,-1.5894320833881117,0.0,-0.7115069627761841,0.6531295776367188,0.5066667795181274,0.9439464211463928,0.3058387041091919,0.04684022441506386,0.11503852903842926
461.35640026730096,2.1994406640995248,-1.3550962469930972,1.7018223536154509,-1.6690594085759087,-1.588371566432426,0.0,-0.7179818749427795,0.6545573472976685,0.5053355693817139,0.9433037638664246,0.30781289935112,0.04660125449299812,0.11514086276292801
461.6259365438302,2.195471386436572,-1.3453603592992622,1.6925667153758452,-1.669609992416882,-1.5893475032799549,0.0,-0.719878077507019,0.6641362905502319,0.5031813383102417,0.9438943266868591,0.305997371673584,0.046822551637887955,0.1150505393743515
461.892951417967,2.1938684803533812,-1.336996619812167,1.6845235789534039,-1.6699621684827006,-1.58974141700399,0.0,-0.7227746844291687,0.6710025072097778,0.5013254880905151,0.9441319704055786,0.3052639067173004,0.04691152274608612,0.11501295119524002
462.240625089628,2.2034792134506147,-1.3350956300087302,1.6821877974661692,-1.669375297614628,-1.5873772679137368,0.0,-0.730728030204773,0.6649422645568848,0.5012177228927612,0.9427004456520081,0.30965906381607056,0.04637274146080017,0.11522407084703445
462.5682338920695,2.2130720057907345,-1.3331981888624034,1.6798563762798513,-1.6687895222829305,-1.5850175320793902,0.0,-0.7386165261268616,0.6588022708892822,0.5011088848114014,0.9412500262260437,0.3140386641025543,0.04583805799484253,0.11544245481491089
462.71548158711664,2.212851921268214,-1.3280399037554051,1.6747172259328804,-1.6688098732059293,-1.5850718336788305,0.0,-0.74104243516922,0.662429690361023,0.5000382661819458,0.9412833452224731,0.3139382302761078,0.04585067927837372,0.11543837934732437
462.93409122838085,2.2064749362461438,-1.320836292602693,1.6678170465827837,-1.6692105255337926,-1.586640776529475,0.0,-0.739980936050415,0.6722290515899658,0.4983307719230652,0.9422494769096375,0.311027467250824,0.046206552535295486,0.11529413610696793
463.1339749203474,2.2001183508140314,-1.3136557253670083,1.6609389404897028,-1.6696098961990558,-1.588204700426694,0.0,-0.7388217449188232,0.6820012927055359,0.49658626317977905,0.9432029724121094,0.30812278389930725,0.046562615782022476,0.11515384912490845
463.33264154134696,2.1947372034736996,-1.3054383177654987,1.6528226708935876,-1.669802290058137,-1.5895279544573928,0.0,-0.7388258576393127,0.6917542219161987,0.4947017431259155,0.9440032243728638,0.3056614398956299,0.04686332494020462,0.1150333434343338
463.5326641680152,2.1902190658068816,-1.2963068999338747,1.6436145131145925,-1.6698117896060671,-1.5906382791465057,0.0,-0.7398585081100464,0.7014918923377991,0.4926685094833374,0.9446704983711243,0.303593248128891,0.04711481183767319,0.1149296835064888
463.73262072665995,2.1857084231880077,-1.2871906300281206,1.634421630563827,-1.6698212733953877,-1.591746761940264,0.0,-0.7408055067062378,0.7112210392951965,0.490570068359375,0.9453319311141968,0.30152684450149536,0.04736657440662384,0.11482778191566467
463.92505065290635,2.1784852086513404,-1.2823187499359592,1.629631670024729,-1.6700665435050135,-1.593519743440734,0.0,-0.7375399470329285,0.7201892733573914,0.4893534779548645,0.9463827610015869,0.2982146441936493,0.04776633530855179,0.11465644836425781
464.1250496612341,2.170202772232491,-1.2791170403015903,1.626574053723505,-1.6704041875778586,-1.5955521997343995,0.0,-0.7325636148452759,0.7288205027580261,0.48849499225616455,0.9475728273391724,0.294411838054657,0.04822590574622154,0.11446237564086914
464.32506204335397,2.161934122514025,-1.2759206601390356,1.623521527040565,-1.6707412696182977,-1.5975812728610177,0.0,-0.7275021076202393,0.7374022603034973,0.4876307249069214,0.9487447738647461,0.2906102240085602,0.04868703708052635,0.11427424103021622
464.52458019120996,2.1529922872445626,-1.2754877792444625,1.6233374251731723,-1.671241855207112,-1.5997709840597079,0.0,-0.7205493450164795,0.7445520758628845,0.4873899817466736,0.9499965906143188,0.2864934802055359,0.049180131405591965,0.11405739188194275
464.7245452807695,2.1439957306041015,-1.2752845771688375,1.6233916866514715,-1.6717559584056436,-1.601973745479346,0.0,-0.7133796215057373,0.7515180706977844,0.4872027039527893,0.9512373208999634,0.2823455333709717,0.04967851936817169,0.11384441703557968
464.9242731997222,2.1349016722303946,-1.2759807916914918,1.6243516263094062,-1.6723140356981268,-1.6041958993740757,0.0,-0.7056735754013062,0.7578697204589844,0.48724135756492615,0.9524741768836975,0.2781466245651245,0.05017828196287155,0.11361975967884064
465.1242255301625,2.125758590044944,-1.2771085087704237,1.6257461370561963,-1.6728933404650859,-1.6064279067730718,0.0,-0.6976863145828247,0.7638809084892273,0.48738837242126465,0.953698992729187,0.27391892671585083,0.05068052187561989,0.11339318752288818
465.32421423806255,2.1166059481036106,-1.2782374049593934,1.6271421058651632,-1.6734732509372154,-1.6086622478977666,0.0,-0.6896398663520813,0.7698156833648682,0.48753613233566284,0.9549052715301514,0.26968076825141907,0.05118638277053833,0.11317311227321625
465.522983043775,2.1075785024548765,-1.2775429167624481,1.6265810929089002,-1.6740415635881518,-1.6102483823382265,0.0,-0.6826106905937195,0.7768384218215942,0.4873253405094147,0.9560991525650024,0.26546066999435425,0.05137655884027481,0.11298442631959915
465.7229698890299,2.098612852666429,-1.2760306454294104,1.625142264050396,-1.6746043183505033,-1.6115426574476972,0.0,-0.6759895086288452,0.7843222618103027,0.48695260286331177,0.9572767019271851,0.2612481713294983,0.05142633244395256,0.11281000822782516
465.97496811208697,2.0931108216944376,-1.2730835487107641,1.622095807400592,-1.6748052590275135,-1.6123367614482251,0.0,-0.6727353930473328,0.7903603315353394,0.48631322383880615,0.9579898715019226,0.25866031646728516,0.05145804584026337,0.11270434409379959
466.340711464138,2.1007606956370544,-1.2646730652634794,1.612928723880233,-1.6736312526633015,-1.6112316359120968,0.0,-0.6825671195983887,0.7910412549972534,0.4846281409263611,0.9569963812828064,0.262257844209671,0.05141371116042137,0.1128515750169754
466.54058889761683,2.1083753482682988,-1.2563013051021616,1.6038038471603353,-1.6724626516226304,-1.610131598560546,0.0,-0.6923934817314148,0.7915990948677063,0.48289352655410767,0.9559937119483948,0.26583465933799744,0.05137143284082413,0.11300016939640045
466.75192022182205,2.1127426206610425,-1.2475534129915142,1.5942517161785863,-1.671403147887731,-1.609604753966956,0.0,-0.6997299790382385,0.7947203516960144,0.4810536503791809,0.9554086923599243,0.26788997650146484,0.05139995366334915,0.11308038234710693
467.0101786954212,2.109086656814328,-1.2378418963288518,1.5836064157794514,-1.6706098030444367,-1.6104949901423558,0.0,-0.7008001804351807,0.804451584815979,0.47901785373687744,0.9558826088905334,0.2661944329738617,0.05160030350089073,0.11298846453428268
467.2101443065214,2.1054322618145984,-1.228134547071635,1.5729656834909829,-1.6698167986412338,-1.6113848442996614,0.0,-0.7017941474914551,0.814173698425293,0.476906418800354,0.9563531279563904,0.26449862122535706,0.05180107057094574,0.11289769411087036
467.40997718552825,2.1047314116448113,-1.216800483508121,1.5601750997594188,-1.668387912985008,-1.6115553699022764,0.0,-0.706040620803833,0.8229123950004578,0.4745749831199646,0.9564429521560669,0.2641732096672058,0.051839429885149,0.11288009583950043
467.74410940295314,2.104070928330765,-1.2054290729895063,1.5473379808047854,-1.6669482992945825,-1.6117160640443593,0.0,-0.7103071212768555,0.8316203355789185,0.47213488817214966,0.9565276503562927,0.2638665735721588,0.051875628530979156,0.11286349594593048
468.02678345451227,2.096544112294117,-1.2061669996965922,1.5482884421178869,-1.667589528891609,-1.6127408415684137,0.0,-0.7035132646560669,0.8366588950157166,0.47226375341415405,0.9575139284133911,0.2603253126144409,0.0518864206969738,0.11271903663873672
468.2267591238963,2.0876283389283983,-1.2093330345429485,1.5520037135844877,-1.668648878969689,-1.6139405429731417,0.0,-0.6944748759269714,0.8408852219581604,0.47291287779808044,0.9586653709411621,0.2561246454715729,0.051894448697566986,0.11255074292421341
468.4264030189263,2.0789355395227136,-1.2133309927411704,1.5566077411366601,-1.669693294050595,-1.6156131967297134,0.0,-0.6851379871368408,0.8443112373352051,0.4737667739391327,0.9597532749176025,0.2520517408847809,0.052153319120407104,0.11235376447439194
468.6536263639615,2.0704296014382457,-1.2180031989181301,1.5619318681959633,-1.6707249020020292,-1.6176695415476754,0.0,-0.6755755543708801,0.8470583558082581,0.4747784733772278,0.9607865214347839,0.2480846643447876,0.05261684209108353,0.11213695257902145
468.876724469855,2.06381648243783,-1.2176417582093266,1.5615204317269382,-1.6709730013625939,-1.6192677371055766,0.0,-0.6697365045547485,0.8520887494087219,0.47475171089172363,0.9615778923034668,0.24499709904193878,0.052978482097387314,0.11197110265493393
469.1661416696767,2.060912969325652,-1.2074124664004413,1.5498651222083877,-1.669685174326662,-1.619968037070543,0.0,-0.6711514592170715,0.8617627024650574,0.4726596772670746,0.9619225859642029,0.24364054203033447,0.05313627049326897,0.11189597845077515
469.4397684415263,2.059222435404525,-1.1976645441045435,1.538742671546915,-1.6683927247178718,-1.6203754661589407,0.0,-0.67343670129776,0.8701965808868408,0.47059106826782227,0.9621224403381348,0.24285030364990234,0.05322793498635292,0.11185178905725479
469.74438483760315,2.0673082020082933,-1.1918352026061094,1.5319593707798227,-1.667068579983472,-1.6184224344498428,0.0,-0.6832337379455566,0.8686505556106567,0.4693429470062256,0.9611619114875793,0.24662761390209198,0.05278569459915161,0.11205478012561798
469.96093280656066,2.0753659059488005,-1.1860260925656831,1.5251996123055709,-1.6657490308588159,-1.6164761809813095,0.0,-0.6930104494094849,0.8669987320899963,0.46807318925857544,0.9601890444755554,0.250387579202652,0.05234755575656891,0.11226226389408112
470.1221896301763,2.0776981176438745,-1.1802891331962115,1.518495342388836,-1.6646731350793198,-1.6159132131081977,0.0,-0.6974941492080688,0.8694744110107422,0.46685242652893066,0.9599043726921082,0.2514749765396118,0.05222161486744881,0.11232410371303558
470.42824223105845,2.071005233715831,-1.1746555706603832,1.511866441079517,-1.663979541815918,-1.6175307197500841,0.0,-0.6935566663742065,0.8785891532897949,0.46572190523147583,0.9607170224189758,0.24835340678691864,0.05258575826883316,0.11215230822563171
470.77059083816386,2.0643150130363574,-1.1690213170836374,1.50523668788368,-1.663285667216421,-1.6191475828404494,0.0,-0.6895256638526917,0.8876788020133972,0.4645671844482422,0.9615185260772705,0.24522994458675385,0.05295148491859436,0.11198413372039795
471.11255111526145,2.0706909746964706,-1.1599967428405316,1.4944274882997244,-1.6612115276391395,-1.6176071133338745,0.0,-0.6991528272628784,0.8896068334579468,0.4626758098602295,0.9607547521591187,0.24820664525032043,0.05260336026549339,0.11214523762464523
471.4051764878677,2.0770487610269535,-1.1509978940676193,1.483649101442688,-1.6591433006084708,-1.6160710350928937,0.0,-0.7087907195091248,0.8914163112640381,0.46072694659233093,0.9599835276603699,0.25117227435112,0.052257757633924484,0.11230919510126114
471.6817275960748,2.0734624681308436,-1.1420548005290114,1.4727214169015335,-1.6573211630378375,-1.6169375529744667,0.0,-0.7090035080909729,0.9006933569908142,0.4589459300041199,0.9604197144508362,0.24949978291988373,0.05245257169008255,0.11221646517515182
471.88170792207166,2.0691462732039363,-1.1331163178225123,1.4617834026681638,-1.6555171991080102,-1.6179804230080292,0.0,-0.70843905210495,0.9105080962181091,0.4571203887462616,0.9609406590461731,0.2474857121706009,0.052687715739011765,0.11210624128580093
472.11381069907065,2.065170168550468,-1.1240463853046054,1.4506673232674212,-1.653651117345533,-1.6189411386821955,0.0,-0.708173394203186,0.920149028301239,0.45521438121795654,0.9614166021347046,0.24562929570674896,0.05290496349334717,0.11200612783432007
472.3499102447772,2.067789093483687,-1.1124134932587155,1.4360809274606512,-1.6505770531787,-1.6183087175509896,0.0,-0.7153526544570923,0.9266971349716187,0.4528503119945526,0.9611034393310547,0.24685223400592804,0.052762169390916824,0.11207282543182373
472.6306736646982,2.0704132995665017,-1.1007571430974943,1.4214651176995732,-1.6474967900588056,-1.6176750211214508,0.0,-0.7225577235221863,0.9331765174865723,0.4503786563873291,0.9607878923416138,0.2480771690607071,0.052619464695453644,0.11214026063680649
472.81991489460563,2.0759615698218723,-1.099337543726399,1.4196983986320435,-1.6468424564062765,-1.616783922085649,0.0,-0.7284708023071289,0.9299602508544922,0.4500265419483185,0.9601004719734192,0.2506903111934662,0.05254023149609566,0.11225318908691406
473.0911977626977,2.0831160065436602,-1.1035406344803986,1.4249892370771158,-1.6475205969150017,-1.6157514283214978,0.0,-0.7335975766181946,0.9214221239089966,0.45086538791656494,0.9591994881629944,0.2540634572505951,0.05249718949198723,0.11239250749349594
473.29125058284376,2.090289798931554,-1.10775509630726,1.4302943893957112,-1.6482005720700827,-1.6147161412410687,0.0,-0.7386492490768433,0.9128286838531494,0.4516937732696533,0.9582839012145996,0.2574421465396881,0.05245576053857803,0.112533800303936
473.4901945703325,2.0969061865823053,-1.1130882504651929,1.436916570196016,-1.649166110959932,-1.613456947101496,0.0,-0.7427211999893188,0.9038211703300476,0.4528031349182129,0.9574400186538696,0.2605382800102234,0.052266284823417664,0.11267882585525513
473.69015962263916,2.10297850410511,-1.1195133348475073,1.4448242726411975,-1.6504103821377578,-1.6119792023573107,0.0,-0.7458300590515137,0.8944178223609924,0.45417320728302,0.9566685557365417,0.26335933804512024,0.05193209648132324,0.1128283217549324
473.89013398817156,2.1090606747591334,-1.125948844771516,1.4527448063702415,-1.651656672308685,-1.6104990597785558,0.0,-0.7488484978675842,0.8849803805351257,0.455514132976532,0.9558868408203125,0.2661823332309723,0.05159876495599747,0.11298127472400665
474.14170416807605,2.1151526906690954,-1.132394771904429,1.4606781611275272,-1.652904979858999,-1.609016521281741,0.0,-0.7517755627632141,0.8755099177360535,0.4568265974521637,0.9550951719284058,0.26900720596313477,0.05126631259918213,0.11313733458518982
474.28563974182316,2.114497703115153,-1.1391272510112107,1.4689473947322422,-1.6544634794365738,-1.6091765484181988,0.0,-0.7482557892799377,0.8712193369865417,0.45821619033813477,0.9551804661750793,0.2687036395072937,0.05130278319120407,0.11312217265367508
474.5344174789668,2.107118144996965,-1.1461453293442165,1.477551390431371,-1.6563311396936922,-1.6109736798731047,0.0,-0.7383958101272583,0.8720182776451111,0.4596784710884094,0.9561366438865662,0.26528093218803406,0.051707517355680466,0.11293745040893555
474.7157887922069,2.1027169598068185,-1.1551712186055205,1.4884481450865543,-1.6583704169384343,-1.6120454531112896,0.0,-0.7304791808128357,0.8689643740653992,0.46158963441848755,0.9567009210586548,0.263237863779068,0.051949769258499146,0.1128293126821518
474.92428753227637,2.1022592165670755,-1.166845585891767,1.5023687614029586,-1.6606350238451526,-1.6121568335962029,0.0,-0.7251061201095581,0.8609006404876709,0.464055597782135,0.9567593336105347,0.2630252540111542,0.051974907517433167,0.11281778663396835
475.18407530793087,2.104337079768674,-1.1744465064068756,1.511409443476378,-1.6619976999343733,-1.6116504896436643,0.0,-0.7237635850906372,0.8537996411323547,0.4656051993370056,0.9564939141273499,0.2639900743961334,0.05185988172888756,0.11286746710538864
475.5355890020799,2.1128159955343104,-1.1718050937522477,1.5081797049370522,-1.6610913493093888,-1.609584720770016,0.0,-0.7325986623764038,0.8491436839103699,0.46507835388183594,0.9554000496864319,0.26792410016059875,0.05139297991991043,0.11307547986507416
475.86052332417466,2.1212759011125573,-1.1691696032875465,1.5049572076460824,-1.6601870307714892,-1.6075235834618269,0.0,-0.7413856387138367,0.8444081544876099,0.4645482301712036,0.9542917013168335,0.27184391021728516,0.05092982202768326,0.11328895390033722
476.088209505853,2.1248953877728414,-1.1747956632783338,1.5114638806453073,-1.6609321127571344,-1.60664170617964,0.0,-0.7421709895133972,0.8375625610351562,0.46580541133880615,0.953812301158905,0.2735194265842438,0.05073242262005806,0.11338194459676743
476.3012887108213,2.125049101981784,-1.1863294661312878,1.5249278514646865,-1.6628569056391416,-1.6066041870405154,0.0,-0.7372238636016846,0.8292267322540283,0.4682595133781433,0.9537918567657471,0.2735905945301056,0.05072398856282234,0.11338566243648529
476.6070407132398,2.125561089018306,-1.1973558067859562,1.5377913745725948,-1.6646771809460517,-1.6064791080928578,0.0,-0.7327903509140015,0.8209399580955505,0.4705106317996979,0.9537239670753479,0.273827463388443,0.050695616751909256,0.11339796334505081
476.92337576372574,2.134072523641723,-1.197483547848905,1.5377525436369206,-1.6642362004083,-1.6043990121394152,0.0,-0.7401867508888245,0.8142129778862,0.47062212228775024,0.9525858163833618,0.2777634263038635,0.05022458732128143,0.11360092461109161
477.2081461387713,2.14258395826514,-1.1976112889118535,1.5377137127012463,-1.6637952198705483,-1.6023189161859728,0.0,-0.7475216388702393,0.8074201345443726,0.4707346558570862,0.9514304995536804,0.2816939651966095,0.04975620284676552,0.11380991339683533
477.42793381948565,2.1458372684301965,-1.2046812838517258,1.5456487268182093,-1.664555104075363,-1.601523897938073,0.0,-0.7471168041229248,0.7998806238174438,0.4723265767097473,0.9509843587875366,0.28319504857063293,0.049577951431274414,0.11389145255088806
477.6285414971522,2.1456627390006737,-1.2162694950434205,1.5587734689850417,-1.6660968519802006,-1.6015666384722205,0.0,-0.7416810393333435,0.7918593287467957,0.47479432821273804,0.9510083794593811,0.28311455249786377,0.04958764463663101,0.11388730257749557
477.91604708125703,2.144534695070845,-1.2264088124967358,1.5702819274843574,-1.6675015914422384,-1.6018424452287354,0.0,-0.7360861301422119,0.7855712175369263,0.4768526554107666,0.9511631727218628,0.28259408473968506,0.049649547785520554,0.11385930329561234
478.2477430445064,2.1359951793094765,-1.225394346608855,1.5693498165311068,-1.6678556906894937,-1.603929828466037,0.0,-0.7293105721473694,0.792914867401123,0.4765421152114868,0.9523259997367859,0.27865177392959595,0.05011959746479988,0.11364986002445221
478.50203076291444,2.129602029911252,-1.2267049459753852,1.5709334016308125,-1.6683315464256632,-1.6054926333003834,0.0,-0.7232730388641357,0.7969064116477966,0.476768434047699,0.9531852006912231,0.2756967544555664,0.05047330632805824,0.11349739134311676
478.8531441415868,2.1318504650679384,-1.2373765977403741,1.582645546574438,-1.6692976115744145,-1.604943408845295,0.0,-0.7204340696334839,0.7876073122024536,0.47910013794898987,0.9528839588165283,0.27673640847206116,0.050349362194538116,0.11355207115411758
479.1108740931031,2.1340976074051583,-1.2480421134515383,1.5943509571948902,-1.6702631212489167,-1.6043945001867572,0.0,-0.7175409197807312,0.7783026695251465,0.4813384413719177,0.9525817036628723,0.27777501940727234,0.05022566393017769,0.11360707879066467
479.32504457896476,2.141001099222099,-1.2501512120013338,1.5965017634694703,-1.6701006169323165,-1.6027050920444357,0.0,-0.7223417162895203,0.7715415358543396,0.48185187578201294,0.9516470432281494,0.2809634804725647,0.04984197020530701,0.11376774311065674
479.54394246695267,2.149985311216106,-1.2484318295475654,1.5943775290548259,-1.6694335429303606,-1.6005060437551024,0.0,-0.7305628061294556,0.7658507823944092,0.481620192527771,0.9504140615463257,0.28510782122612,0.04934442788362503,0.1139809638261795
479.9142108326834,2.1589546256414707,-1.24671529816389,1.592256817033467,-1.668767575066677,-1.598310641914991,0.0,-0.7387255430221558,0.7600834369659424,0.4813879132270813,0.949164092540741,0.28923913836479187,0.048850610852241516,0.11420046538114548
480.146005978798,2.1676969841029847,-1.246960926675485,1.5972364688816023,-1.673773526138677,-1.6358617493588659,0.0,-0.735527515411377,0.7588604092597961,0.4787319600582123,0.9468144178390503,0.2954743206501007,0.06709767878055573,0.10832859575748444
480.3547766842742,2.1767305542281363,-1.2482932813008702,1.6063430511680368,-1.6821250251426054,-1.6969745777758172,0.0,-0.7261961102485657,0.7604044675827026,0.47550153732299805,0.9430032968521118,0.3029017448425293,0.0963573008775711,0.09854264557361603
480.57084195422976,2.186312048744,-1.2497064488923602,1.6160019863428234,-1.69098307802721,-1.7617941587624755,0.0,-0.716661810874939,0.7624038457870483,0.4732500910758972,0.9379537105560303,0.3104163110256195,0.12719900906085968,0.08777749538421631
480.7997818366996,2.1964644727258764,-1.2512038224516204,1.626236465415534,-1.7003689528914598,-1.8304761235034237,0.0,-0.7070423364639282,0.7648621797561646,0.47217148542404175,0.931481659412384,0.31795182824134827,0.15962377190589905,0.07595276832580566
481.04207176239726,2.207208909325053,-1.2527885115171553,1.6370677419381297,-1.7103021410233545,-1.9031631012127221,0.0,-0.6974866390228271,0.7677633762359619,0.4724735915660858,0.9233883619308472,0.3254260718822479,0.19360856711864471,0.06298869103193283
481.29628904154566,2.218482268835814,-1.2544512110345891,1.648432216294006,-1.7207243162454084,-1.979428284957244,0.0,-0.6882432103157043,0.7710384130477905,0.47435301542282104,0.9135388731956482,0.33268997073173523,0.22884874045848846,0.04891210421919823
481.6836137277979,2.228832320723087,-1.2537634346784938,1.6557236683448968,-1.7279010006657702,-2.030492785078097,0.0,-0.6851226687431335,0.7719274163246155,0.47489044070243835,0.9055845737457275,0.3385920524597168,0.25241678953170776,0.03946821391582489
482.1387507004047,2.2367453373519943,-1.2484493843146822,1.6545034308599604,-1.728215594825626,-2.0285463337496163,0.0,-0.6928480863571167,0.7677333354949951,0.4701214134693146,0.9041301608085632,0.34246283769607544,0.2522379159927368,0.0405455157160759
482.4721220333878,2.2446416476227933,-1.2431465532408768,1.653285769601684,-1.728529524798492,-2.026603991866933,0.0,-0.700520396232605,0.763457179069519,0.46535032987594604,0.9026593565940857,0.3463141918182373,0.252071350812912,0.041622910648584366
482.726072241028,2.248210200015649,-1.249291657360867,1.6619058574607404,-1.7293061133554042,-2.0257184143631917,0.0,-0.6994907855987549,0.7559161186218262,0.465126097202301,0.9019899368286133,0.3480505049228668,0.2519957423210144,0.042109254747629166
482.926038131525,2.2500685059219565,-1.2599470286920051,1.6743988868547826,-1.7302645149539249,-2.0252504622845313,0.0,-0.6949950456619263,0.7471114993095398,0.46662038564682007,0.9016411304473877,0.34895309805870056,0.25195345282554626,0.04236147925257683
483.13669717402,2.2488916690307565,-1.2682905630941808,1.6826927771767473,-1.7307773201402439,-2.025539405702426,0.0,-0.6898742318153381,0.7427860498428345,0.46890994906425476,0.9018636345863342,0.3483809232711792,0.25197598338127136,0.0422004759311676
483.434054387192,2.2405654500247634,-1.2712070566518714,1.6811153931488336,-1.7302418856440234,-2.0276112331020837,0.0,-0.6833295822143555,0.7489643692970276,0.4732651710510254,0.9034200310707092,0.3443278968334198,0.25215843319892883,0.041067227721214294
483.63329285887886,2.232267719836847,-1.27361825312494,1.679003407454014,-1.7296748925927379,-2.029661089157092,0.0,-0.6770048141479492,0.7553815245628357,0.4775145649909973,0.904952883720398,0.34027498960494995,0.2523452043533325,0.039938028901815414
483.833122366498,2.224077392277855,-1.274124483406353,1.6748759775137154,-1.7289889240272729,-2.0316281134087593,0.0,-0.6716799736022949,0.762912929058075,0.48135560750961304,0.9064558744430542,0.3362579047679901,0.25251084566116333,0.0388159453868866
484.19555265029766,2.215887064718863,-1.274630713687766,1.6707485475734167,-1.728302955461808,-2.033595137660427,0.0,-0.6662667989730835,0.7703933715820312,0.4852084219455719,0.9079377055168152,0.3322288393974304,0.2526894211769104,0.03769644722342491
484.44071672066485,2.2167212546522443,-1.282107352319544,1.6790857874168426,-1.7287562592243144,-2.0334017592332874,0.0,-0.6630138158798218,0.7645846009254456,0.48642557859420776,0.90778648853302,0.33264029026031494,0.25267452001571655,0.0378115251660347
484.6406984063927,2.2201594626210936,-1.2915907442962915,1.691014910735029,-1.7295380672992609,-2.032584993954227,0.0,-0.6603358387947083,0.7549586892127991,0.4868153929710388,0.9071642160415649,0.3343333601951599,0.25260353088378906,0.03828293830156326
484.86633649191407,2.2246601305134903,-1.2989131222499501,1.7012442017231166,-1.73027620210035,-2.0315034375999517,0.0,-0.6593468189239502,0.7457932829856873,0.4862462282180786,0.9063466191291809,0.3365453779697418,0.25250720977783203,0.03889841213822365
485.11055994005727,2.2330148147844007,-1.298436778034077,1.7053500106288952,-1.730858168993173,-2.029461463809592,0.0,-0.6646494269371033,0.7382187247276306,0.48244529962539673,0.9048187136650085,0.3406391441822052,0.2523193359375,0.04003693908452988
485.37853919842325,2.241383592414436,-1.297959630282142,1.7094627455461822,-1.7314411175949573,-2.0274160454522065,0.0,-0.6698698997497559,0.7305810451507568,0.4786503314971924,0.9032663702964783,0.34472742676734924,0.25214463472366333,0.04118005558848381
485.6035392125363,2.2435524104694853,-1.3065947131495343,1.7193546607021903,-1.7316601075408906,-2.0268851965970387,0.0,-0.6666597723960876,0.722885012626648,0.47962722182273865,0.9028607606887817,0.34578484296798706,0.25210121273994446,0.04147658124566078
485.80351022530743,2.243755509994798,-1.3181178563017046,1.7310778733268388,-1.7317636953583453,-2.0268345473050786,0.0,-0.6607761383056641,0.7151622772216797,0.482017457485199,0.9028227925300598,0.3458837568759918,0.25209659337997437,0.04150425270199776
486.0031087090487,2.2442940225343744,-1.329515872974588,1.742734889472894,-1.7317672304498908,-2.0266998215551846,0.0,-0.6551496386528015,0.7072157263755798,0.4842069149017334,0.9027224183082581,0.34614577889442444,0.252084344625473,0.04157746955752373
486.2030745995457,2.2457885331528034,-1.3405597271770957,1.7542057411924035,-1.731485629120961,-2.026325460161514,0.0,-0.6502822041511536,0.6986759901046753,0.48603636026382446,0.9024434089660645,0.34687307476997375,0.2520502507686615,0.041780322790145874
486.4030360569472,2.247282514803847,-1.3515996725156532,1.7656725329163765,-1.7312041274620615,-2.0259512312693895,0.0,-0.6453770995140076,0.6901366114616394,0.4877627491950989,0.9021638035774231,0.347599595785141,0.2520166039466858,0.04198332503437996
486.6045689834035,2.2477087758268954,-1.3626973658681338,1.7765807792535355,-1.7308140978560005,-2.0258424759969045,0.0,-0.6398332118988037,0.6825501918792725,0.4898863136768341,0.902084231376648,0.3478066325187683,0.2520059645175934,0.042040903121232986
486.81385470799984,2.242998800833822,-1.3740803580376395,1.784809370816621,-1.7299017056107515,-2.0270107712318532,0.0,-0.6313948631286621,0.6794990301132202,0.4943089485168457,0.9029664397239685,0.3455141484737396,0.25210654735565186,0.04139915853738785
487.01386420301975,2.2382715125033212,-1.3855051928038995,1.793068209755221,-1.7289859595144033,-2.02818336098846,0.0,-0.6229506134986877,0.6763488054275513,0.49864256381988525,0.9038448333740234,0.3432091474533081,0.2522118389606476,0.04075584560632706
487.313299675377,2.2335310850857235,-1.3969617819055355,1.80135000341893,-1.7280676681813618,-2.0293592098563926,0.0,-0.6145094037055969,0.6731023192405701,0.502882182598114,0.9047188758850098,0.3408937156200409,0.2523215711116791,0.04011174291372299
487.60701617358365,2.2403897155373516,-1.4025234650580043,1.8096610229035939,-1.727558590510986,-2.0276497109026876,0.0,-0.615411102771759,0.6634672284126282,0.5013507008552551,0.9034537672996521,0.34424179792404175,0.25215944647789,0.04104242101311684
487.80700273944177,2.247552329793096,-1.4079436045936393,1.8179846776452622,-1.7270591625199727,-2.0258645890068565,0.0,-0.6164357662200928,0.6536662578582764,0.4996543526649475,0.9021169543266296,0.3477291464805603,0.2519998550415039,0.04201650246977806
488.0240328200634,2.253697530712016,-1.4143031345373116,1.8265698784529574,-1.7263653059702004,-2.0243329804436523,0.0,-0.6163530945777893,0.6441965103149414,0.4985928237438202,0.9009575247764587,0.3507137596607208,0.251870721578598,0.042853716760873795
488.2517428594467,2.2537759633901926,-1.4261836477686785,1.8366466276432838,-1.7245245886535274,-2.024313057623393,0.0,-0.6103421449661255,0.6366894841194153,0.5013278126716614,0.9009426832199097,0.3507517874240875,0.2518688440322876,0.0428643561899662
488.4517401541409,2.253854509894117,-1.4380814026439948,1.846738000757537,-1.7226811999882377,-2.0242931058900586,0.0,-0.6043086051940918,0.6291573643684387,0.5039471387863159,0.9009279608726501,0.3507898449897766,0.2518671452999115,0.0428750142455101
488.6517189341423,2.2539331509853415,-1.4499934850379974,1.8568415261087776,-1.7208355914767817,-2.024273130130441,0.0,-0.5982552170753479,0.6216025948524475,0.506449282169342,0.9009130597114563,0.35082799196243286,0.25186529755592346,0.042885687202215195
488.85167124595614,2.254011884729017,-1.4619196018714136,1.8669569551146201,-1.718987808527643,-2.0242531308360134,0.0,-0.5921826958656311,0.6140269637107849,0.5088339447975159,0.9008982181549072,0.3508661091327667,0.2518634498119354,0.0428963229060173
489.05161688950034,2.254090718158104,-1.4738608184550575,1.877085191344605,-1.7171376860859944,-2.0242331062203225,0.0,-0.5860915780067444,0.6064304113388062,0.5111002922058105,0.9008833765983582,0.35090434551239014,0.2518616318702698,0.042906973510980606
489.251628023648,2.254102074289245,-1.4859529626419656,1.8864783996720995,-1.7144333870083377,-2.0242302174498166,0.0,-0.5800298452377319,0.5989688038825989,0.5138554573059082,0.900881290435791,0.3509097695350647,0.2518613934516907,0.04290853813290596
489.451602910721,2.2541063180314205,-1.4980769443048518,1.8958063181869738,-1.7116353102479673,-2.024229134862527,0.0,-0.5739544630050659,0.5915004014968872,0.5165550112724304,0.9008803963661194,0.35091182589530945,0.25186121463775635,0.04290912300348282
489.65151862155767,2.254110568489074,-1.510220111472885,1.9051489975975384,-1.7088328056917144,-2.024228050562105,0.0,-0.5678601264953613,0.5840089917182922,0.5191344618797302,0.9008796215057373,0.350913941860199,0.2518611550331116,0.04290963336825371
489.85150608148547,2.2541148284758252,-1.522390502398163,1.914512622353973,-1.7060240182026267,-2.024226963830791,0.0,-0.5617437362670898,0.576490581035614,0.5215942859649658,0.9008787870407104,0.3509159982204437,0.251861035823822,0.04291028901934624
490.0515226359305,2.254119097272618,-1.5345860628033225,1.9238956119415271,-1.703209421884502,-2.0242258748520174,0.0,-0.5556075572967529,0.568947970867157,0.5239337086677551,0.9008779525756836,0.35091808438301086,0.25186100602149963,0.042910847812891006
490.1608225425975,2.2530381077282,-1.537187482679818,1.925504772749518,-1.7027285409918167,-2.0244981324811397,0.0,-0.5537973642349243,0.5681920051574707,0.5247595310211182,0.9010822772979736,0.3503938913345337,0.25188472867012024,0.04276399686932564
490.5979915807347,2.250413814176943,-1.5261320078162048,1.9160487346591846,-1.7055694475034473,-2.025159105788124,0.0,-0.5581201910972595,0.5771200656890869,0.5234990119934082,0.9015769362449646,0.3491204082965851,0.2519431412220001,0.04240752384066582
490.79797045386834,2.2477928457654994,-1.5150905409127917,1.9066046779452148,-1.7084067544134474,-2.0258192416016585,0.0,-0.5623905062675476,0.5860580205917358,0.5221365690231323,0.9020688533782959,0.3478473424911499,0.2520028352737427,0.0420517697930336
490.9979052381913,2.245175704517071,-1.5040651968644212,1.8971744115327278,-1.7112399182608977,-2.0264784134785967,0.0,-0.5666065812110901,0.5950031876564026,0.5206725001335144,0.9025580286979675,0.3465747833251953,0.2520638704299927,0.04169692471623421
491.19721402473255,2.2414917950558246,-1.4939086643118384,1.8875920404933908,-1.7135669669247344,-2.0273930270551057,0.0,-0.5698900818824768,0.6043826341629028,0.5199277997016907,0.9032454490661621,0.34478047490119934,0.2521444261074066,0.04119543731212616
491.39718459046884,2.2373745682295416,-1.4841119920907806,1.8779526710155001,-1.7156862802402366,-2.02841138295332,0.0,-0.5727410316467285,0.6139534115791321,0.5194349884986877,0.9040096402168274,0.34277185797691345,0.2522353529930115,0.04063491150736809
491.5919088671307,2.23475304212583,-1.4735969854364865,1.868282951656717,-1.7177804776945576,-2.029060279063294,0.0,-0.5766509175300598,0.6227879524230957,0.5182276964187622,0.9044933319091797,0.3414914608001709,0.2522953152656555,0.04027846083045006
491.79188176117344,2.2355686465799542,-1.4614225712400777,1.8585363283828849,-1.7198184684193245,-2.0288601550238488,0.0,-0.5831436514854431,0.6298674941062927,0.5154532790184021,0.9043427109718323,0.3418900668621063,0.2522774338722229,0.04038962349295616
491.99092249445124,2.235908191860638,-1.449436726796403,1.8486576791587006,-1.7217634476271533,-2.0287768059902525,0.0,-0.5893099308013916,0.6372230648994446,0.5128235220909119,0.9042800068855286,0.3420559763908386,0.2522701025009155,0.040435805916786194
492.1908783639173,2.2345101722646064,-1.4380765249776384,1.8382444579094182,-1.7233788705954536,-2.029119672873675,0.0,-0.5942941308021545,0.6457065343856812,0.511050283908844,0.9045382142066956,0.34137260913848877,0.252300500869751,0.04024523124098778
492.3870203929345,2.2320019908767548,-1.4276036102088787,1.8279436915353806,-1.7247560607777441,-2.0297271947119326,0.0,-0.5982372760772705,0.654609203338623,0.509878396987915,0.9050015211105347,0.3401451110839844,0.25235164165496826,0.03990207985043526
492.58698062099023,2.2270020328379148,-1.4191098208218174,1.8178848383796151,-1.7256004378196916,-2.0309287485417915,0.0,-0.5998517274856567,0.6644699573516846,0.5102238059043884,0.9059209227561951,0.337693989276886,0.25245195627212524,0.03921685367822647
492.78696120775743,2.2220047090006747,-1.4106205063430302,1.8078312846777407,-1.7264443700060348,-2.032129669339333,0.0,-0.6013742685317993,0.6743482351303101,0.5105103254318237,0.9068321585655212,0.3352397084236145,0.2525569796562195,0.03853309154510498
492.98693778983755,2.2170104321454343,-1.4021363679923553,1.7977838608562084,-1.7272877876277304,-2.033329857908152,0.0,-0.6028046607971191,0.6842415928840637,0.5107384324073792,0.9077348113059998,0.332782506942749,0.25266674160957336,0.03785059601068497
493.1816326180796,2.2102701438570427,-1.3965960309459196,1.7893459310216506,-1.7276668307242535,-2.034910510288777,0.0,-0.6017407178878784,0.6937777996063232,0.5123797655105591,0.9089483022689819,0.3294561207294464,0.2528006434440613,0.03692435473203659
493.4039562012999,2.2024456270714494,-1.3928837193084564,1.781907455837629,-1.7277575091033373,-2.0367274209773853,0.0,-0.599073052406311,0.7030752897262573,0.5149216651916504,0.9103422164916992,0.3255833089351654,0.25295716524124146,0.03584805130958557
493.5863596621012,2.200224628977094,-1.3843945228960175,1.7727042153951065,-1.72812492102614,-2.037245851245021,0.0,-0.6019479632377625,0.7107307314872742,0.5142466425895691,0.9107339382171631,0.3244822919368744,0.2530052065849304,0.03554347902536392
493.7863781909501,2.202105981122877,-1.3724116862940776,1.7622123519914636,-1.728694768101656,-2.036813659423847,0.0,-0.6089495420455933,0.7171527743339539,0.511123538017273,0.9104009866714478,0.3254155218601227,0.25296834111213684,0.03580266609787941
494.05861742088666,2.2039834801815794,-1.3604533910375785,1.7517419763584259,-1.7292634481067704,-2.036382352749415,0.0,-0.6159473657608032,0.7235168218612671,0.5078866481781006,0.9100675582885742,0.3263463079929352,0.25293219089508057,0.036061521619558334
494.26872593446365,2.210657923008827,-1.3566291509555084,1.7515933790415312,-1.7296992208360509,-2.0348105164186534,0.0,-0.6218098998069763,0.7201016545295715,0.5042123198509216,0.9088805913925171,0.32964691519737244,0.252787709236145,0.036976028233766556
494.4820426515314,2.2193565276470615,-1.356223712904873,1.7557872991072982,-1.7300794649195284,-2.0327574253427025,0.0,-0.6271167993545532,0.712536096572876,0.5003942847251892,0.907313346862793,0.3339366018772125,0.2526097893714905,0.03816966712474823
494.70662431815674,2.225368979196738,-1.3531982956799529,1.7559812789488347,-1.7303812595350991,-2.031340197599037,0.0,-0.6321290135383606,0.7091005444526672,0.49722781777381897,0.9062159061431885,0.33689403533935547,0.25249627232551575,0.03899670019745827
495.0343093405609,2.2234317076408643,-1.342444599312484,1.7443625815314316,-1.7304505179665932,-2.031804802567505,0.0,-0.6364726424217224,0.718007504940033,0.4959023594856262,0.9065691828727722,0.3359425365924835,0.2525365650653839,0.03873138502240181
495.23729121405773,2.2214929546083213,-1.331682679342999,1.7327349990255672,-1.7305198293616224,-2.032269762830211,0.0,-0.6407731771469116,0.7269220948219299,0.49447911977767944,0.9069216847419739,0.3349895775318146,0.2525775134563446,0.038466136902570724
495.4160887275563,2.2161760439431957,-1.3259206267003745,1.7241221291225683,-1.7302568999465264,-2.0335121663265525,0.0,-0.6405054330825806,0.7356545925140381,0.4955992102622986,0.9078883528709412,0.3323700428009033,0.2526753544807434,0.03773374855518341
495.6161617015229,2.2081172899652044,-1.324217578312298,1.7179570167253453,-1.7297242935261155,-2.0353855715367737,0.0,-0.6364744901657104,0.7442145347595215,0.4988475739955902,0.9093385338783264,0.32838955521583557,0.25282883644104004,0.03662388026714325
495.816039805554,2.2000820360394786,-1.3225194961666755,1.7118098823510215,-1.729193240233986,-2.0372535137287078,0.0,-0.63234943151474,0.7527182102203369,0.5020955801010132,0.9107638597488403,0.32440945506095886,0.25299423933029175,0.03551959618926048
496.01477906790996,2.1948362711266753,-1.3174875643877908,1.7036974604170307,-1.7286702402355811,-2.038473502840062,0.0,-0.6315416097640991,0.7609497308731079,0.5034984350204468,0.9116831421852112,0.3218051493167877,0.2531091570854187,0.03480008989572525
496.25162562955546,2.1950879952030555,-1.3058816570514982,1.6917080429311113,-1.728162946748807,-2.038416514853818,0.0,-0.6374371647834778,0.7686826586723328,0.5011746883392334,0.9116389155387878,0.32193028926849365,0.25310438871383667,0.03483489155769348
496.45161459822583,2.1953398337525845,-1.2942704718539113,1.6797131731801809,-1.7276554225670446,-2.0383595009519193,0.0,-0.6433216333389282,0.7763913869857788,0.49873799085617065,0.9115946292877197,0.32205554842948914,0.2530994713306427,0.03486960008740425
496.63738514113913,2.1922735984401824,-1.2868707250301121,1.6701664698551577,-1.7270250194577808,-2.039041635937633,0.0,-0.6449726819992065,0.7843032479286194,0.498657763004303,0.9121342897415161,0.3205288350582123,0.2531518340110779,0.03444446250796318
496.86713954393946,2.184406878713038,-1.2855650419872156,1.6641628340320336,-1.7262168887921552,-2.0407931482653607,0.0,-0.6404454708099365,0.7925145030021667,0.5021229386329651,0.9135044813156128,0.31660476326942444,0.2532951235771179,0.03335525095462799
497.07034055755247,2.178342147192159,-1.2815363024579975,1.656223748557222,-1.725306848827331,-2.0421412767659177,0.0,-0.6383578181266785,0.8009329438209534,0.5042576193809509,0.9145475029945374,0.31357213854789734,0.2534123659133911,0.03251667693257332
497.297810369871,2.1767480093903147,-1.2707462690821085,1.6434768263143795,-1.7241434478271072,-2.0424886370825948,0.0,-0.6425082087516785,0.8099436163902283,0.5030072927474976,0.9148210287094116,0.3127734959125519,0.25344058871269226,0.03229532390832901
497.54706265625197,2.17732352095862,-1.262074301121292,1.6343432190757616,-1.7234016587372132,-2.0423540667641955,0.0,-0.647089421749115,0.8154432773590088,0.5010353326797485,0.9147240519523621,0.3130611181259155,0.25342535972595215,0.03237370774149895
497.8827362991149,2.185414919089439,-1.2607791775522559,1.6377698385889794,-1.7241240417380732,-2.0405500685268687,0.0,-0.6532379388809204,0.8087502121925354,0.4968673586845398,0.9133334755897522,0.317106693983078,0.2532658278942108,0.033491745591163635
498.08271960534404,2.1935150551329707,-1.2594826553773775,1.6412001585136373,-1.7248472048413959,-2.0387441221491986,0.0,-0.6593161821365356,0.8019886016845703,0.492705762386322,0.9119201302528381,0.3211454451084137,0.2531188428401947,0.03461329638957977
498.34066845983153,2.1989530360246063,-1.2569453091243716,1.6416465146991168,-1.72514114652857,-2.0375345229174195,0.0,-0.6641866564750671,0.7985630631446838,0.48960351943969727,0.9109588861465454,0.32385092973709106,0.25302866101264954,0.03536789491772652
498.72478915744307,2.193893569127105,-1.2495238348059636,1.6303361604277418,-1.7237435767962732,-2.038676433480869,0.0,-0.6645033359527588,0.8085044622421265,0.4906202256679535,0.9118504524230957,0.3213352859020233,0.25312140583992004,0.034668292850255966
499.02736578333315,2.188831400428174,-1.2420983973526387,1.619019766324116,-1.7223452607490033,-2.039818953834966,0.0,-0.6647213697433472,0.8184530735015869,0.4915984869003296,0.9127342104911804,0.31881389021873474,0.25321903824806213,0.03396928310394287
499.18820889590745,2.1916993121279997,-1.2367343749836959,1.6147750674815717,-1.7220569820269196,-2.039165244010777,0.0,-0.669323742389679,0.8194040656089783,0.489115446805954,0.9122357964515686,0.320242315530777,0.2531595230102539,0.03436411917209625
499.42615888792005,2.1996116640811336,-1.2326818629207095,1.6150290157855136,-1.7224748384581843,-2.0373689260136394,0.0,-0.6767221093177795,0.8145642876625061,0.4844457805156708,0.9108454585075378,0.3241766095161438,0.2530076801776886,0.035456158220767975
499.625155979422,2.2075359837563178,-1.2293024968439397,1.6160347242267612,-1.7229779992118486,-2.0355522895548606,0.0,-0.6837510466575623,0.8091750144958496,0.4799126386642456,0.9094363451004028,0.3281046152114868,0.25285783410072327,0.0365491583943367
499.82522716524926,2.2154980718972452,-1.228047485845712,1.6194128830699048,-1.7237503685387237,-2.0336715308580233,0.0,-0.6896945238113403,0.8022438883781433,0.47582536935806274,0.9080109596252441,0.33203572034835815,0.25268882513046265,0.03764043003320694
500.05213817349704,2.2234601600381727,-1.2267924748474843,1.6227910419130482,-1.7245227378655987,-2.0317907721611856,0.0,-0.6955605745315552,0.7952548265457153,0.4717482924461365,0.9065654873847961,0.3359558582305908,0.2525319457054138,0.03873409330844879
500.2718621510974,2.23083465529412,-1.2211689413821545,1.6208594581745783,-1.7246745840920665,-2.030000746245953,0.0,-0.7032609581947327,0.791720986366272,0.4670718312263489,0.9052183032035828,0.33957260847091675,0.2523706257343292,0.03974064812064171
500.4717842694334,2.2379958168691143,-1.2139593557333042,1.6170000993407727,-1.7246011408698168,-2.028243662115376,0.0,-0.711634635925293,0.7893683314323425,0.46214550733566284,0.9038975238800049,0.3430739939212799,0.25221359729766846,0.04071688652038574
500.8224719949773,2.2443031654267402,-1.206989524615343,1.6128949606091796,-1.7244505849915552,-2.0266957752806487,0.0,-0.7193257808685303,0.7876230478286743,0.4576459228992462,0.902721107006073,0.34615015983581543,0.2520831227302551,0.04157835990190506
501.20852764887724,2.237308444025041,-1.2037549744992562,1.604960668036537,-1.7230986443555623,-2.0284070997815093,0.0,-0.7165312767028809,0.7968425154685974,0.46031174063682556,0.9040259718894958,0.3427377939224243,0.25222525000572205,0.04062217101454735
501.4085148852876,2.2303217304656267,-1.2005241274280374,1.5970354589655686,-1.7217482514763378,-2.0301164650882986,0.0,-0.7136340141296387,0.8060343861579895,0.4629768133163452,0.9053142070770264,0.3393206000328064,0.25237664580345154,0.03966900333762169
501.60854418022546,2.223343817237427,-1.197297349870201,1.589120232336871,-1.7203995595262418,-2.0318236773111327,0.0,-0.7106351852416992,0.8151962757110596,0.465640664100647,0.9065856337547302,0.33589908480644226,0.2525371015071869,0.03871893510222435
501.8084138651005,2.2162067834183135,-1.1947965738434978,1.581771086198689,-1.7190149483406287,-2.033505181532159,0.0,-0.7071032524108887,0.82404625415802,0.4686528146266937,0.9078828692436218,0.33238524198532104,0.25267496705055237,0.037737887352705
502.0084070433489,2.20905691829631,-1.1923890908038723,1.5745000335179877,-1.717627216229959,-2.0351818035739373,0.0,-0.7034193873405457,0.8328250050544739,0.47171154618263245,0.9091677665710449,0.3288554251194,0.25281837582588196,0.036755602806806564
502.3829202484084,2.201917416518475,-1.1899850972811667,1.5672395198362903,-1.7162414955621952,-2.0368559954424237,0.0,-0.6996400952339172,0.8415635824203491,0.47477230429649353,0.9104346036911011,0.3253219425678253,0.2529714107513428,0.03577656298875809
502.71242949237444,2.207180994688679,-1.181997604742559,1.5611081345606954,-1.715534062009184,-2.035628088457749,0.0,-0.7073467969894409,0.8417723178863525,0.4705314636230469,0.9095008969306946,0.327928364276886,0.2528611719608307,0.03649923577904701
502.91238849108436,2.2135018331784884,-1.1735492918678583,1.555090797698334,-1.7148871267288088,-2.0341527915711892,0.0,-0.7160335183143616,0.8411486744880676,0.4656211733818054,0.9083682894706726,0.3310520350933075,0.252735435962677,0.03736833482980728
503.10510809293714,2.215623187749887,-1.1674444868967155,1.5491714812201154,-1.7140406024070172,-2.0336562922566292,0.0,-0.7206118106842041,0.8431268930435181,0.46328574419021606,0.907985508441925,0.3320986330509186,0.2526942193508148,0.03766012564301491
503.45474027645497,2.208265677014552,-1.1666106086832697,1.5434510794369107,-1.7127399714360536,-2.035369078074335,0.0,-0.7158629894256592,0.8511558175086975,0.4668642282485962,0.9093085527420044,0.3284645080566406,0.2528358995914459,0.036647334694862366
503.6765111100584,2.200908166279217,-1.1657767304698239,1.537730677653706,-1.7114393404650898,-2.0370818638920407,0.0,-0.71102374792099,0.8591449856758118,0.47045350074768066,0.9106143116950989,0.3248208463191986,0.25298795104026794,0.035636503249406815
503.8781323149917,2.1970368832694676,-1.158331949473951,1.526057524008597,-1.7091060901349049,-2.0379713127524943,0.0,-0.7119480967521667,0.8681740760803223,0.4710705876350403,0.9112967252731323,0.3228990435600281,0.2530655562877655,0.03510347008705139
504.0781188994763,2.1945434598532323,-1.1482426116762274,1.5119924276375334,-1.7063572495913144,-2.038535301382357,0.0,-0.7151287794113159,0.8776330351829529,0.47043976187705994,0.9117353558540344,0.32165902853012085,0.253112256526947,0.0347590334713459
504.2780855164049,2.1920419267062026,-1.138120458828762,1.497881585267446,-1.7035994685859235,-2.0391011243560895,0.0,-0.7182494401931763,0.887105405330658,0.46973103284835815,0.9121733903884888,0.3204140365123749,0.2531602382659912,0.03441360965371132
504.4764336789763,2.188372493328001,-1.130096175304931,1.4855263853723075,-1.7010817733921229,-2.0399199087340687,0.0,-0.7194039821624756,0.8963226079940796,0.4700426459312439,0.9128144383430481,0.31858500838279724,0.25322669744491577,0.03390562906861305
504.68969157457445,2.1815274161980764,-1.1278659224512555,1.4780546469352356,-1.6992369788013029,-2.041426374496565,0.0,-0.7152746915817261,0.9048078060150146,0.47333091497421265,0.9140024185180664,0.31516510248184204,0.25334617495536804,0.03295585513114929
505.0861272189302,2.1746823390681524,-1.12563566959758,1.4705829084981634,-1.6973921842104829,-2.042932840259061,0.0,-0.7110501527786255,0.9132587313652039,0.4766260087490082,0.9151752591133118,0.31173744797706604,0.253474622964859,0.032007768750190735
505.3889388831183,2.1733460477655706,-1.1346184651227045,1.4809090061008776,-1.6993987339791026,-2.0432267108045656,0.0,-0.7057226896286011,0.9083747267723083,0.47911208868026733,0.9154024720191956,0.3110673129558563,0.25350064039230347,0.03182273730635643
505.5889128388688,2.1732862579116063,-1.1461779625451756,1.4953322125145783,-1.7022922940631104,-2.0432395980604787,0.0,-0.7001360654830933,0.9003795385360718,0.48131221532821655,0.9154126644134521,0.3110373020172119,0.25350168347358704,0.03181444853544235
505.8608342480444,2.17254737057372,-1.1569846655913025,1.508349518684976,-1.7048748146535135,-2.043394147353177,0.0,-0.6943713426589966,0.8935428261756897,0.48364779353141785,0.9155395030975342,0.3106660544872284,0.25351187586784363,0.03171106055378914
506.1550630525764,2.1650905121600377,-1.1605993869162978,1.5077780769782558,-1.704444454467304,-2.044950097282724,0.0,-0.6869727373123169,0.8983659744262695,0.48833999037742615,0.9168100953102112,0.30691391229629517,0.2536189556121826,0.030667902901768684
506.3550092735406,2.157632889401459,-1.1642144787584252,1.507206576697465,-1.7040140501681995,-2.046506206700667,0.0,-0.6795295476913452,0.9031129479408264,0.4930316209793091,0.9180624485015869,0.3031521439552307,0.25373679399490356,0.029626253992319107
506.5550258652385,2.1501688588627244,-1.1678326767798968,1.5066345853690202,-1.7035832760547163,-2.0480636531676097,0.0,-0.6720371842384338,0.9077863097190857,0.4977263808250427,0.919297456741333,0.2993781864643097,0.253865510225296,0.028585493564605713
506.8711703094335,2.144364110373982,-1.1716452144457499,1.507412544860466,-1.7034705479239183,-2.0492777528194024,0.0,-0.6657208204269409,0.910655677318573,0.5015575289726257,0.9202446937561035,0.29643723368644714,0.2539745271205902,0.027777859941124916
507.2699820285939,2.1503651911344877,-1.1768404830692236,1.5177954349148695,-1.7056207241408257,-2.048048932129263,0.0,-0.6679942607879639,0.9011985659599304,0.4992460608482361,0.919260561466217,0.29947954416275024,0.2538761496543884,0.02861674875020981
507.46997254325976,2.1563692003285153,-1.182038286902504,1.5281833916571754,-1.7077719496100867,-2.0468195117938524,0.0,-0.6701634526252747,0.8917179107666016,0.4969217777252197,0.9182639718055725,0.30251768231391907,0.2537846565246582,0.02945714257657528
507.66696300714244,2.163620572274454,-1.1827718927766186,1.533854969833797,-1.7090795776104317,-2.045272417882946,0.0,-0.6753221154212952,0.8841934204101562,0.49320918321609497,0.9170556664466858,0.30617424845695496,0.2536497116088867,0.030464516952633858
507.86685660838117,2.171125788063637,-1.1825990995553912,1.5385693293911196,-1.710216015118066,-2.0436606994051636,0.0,-0.6810280680656433,0.8770192861557007,0.4892257750034332,0.9157885909080505,0.30994912981987,0.2535150945186615,0.031507495790719986
508.0669212749504,2.1786471834521066,-1.182425933829874,1.54329385207375,-1.7113549025357366,-2.042045506415807,0.0,-0.6866657137870789,0.869778037071228,0.48524507880210876,0.9145005345344543,0.3137226998806,0.25339117646217346,0.03255458176136017
508.29557337104103,2.18264296441897,-1.184061240304879,1.5478749527817697,-1.7123008860630993,-2.04119191129616,0.0,-0.6887832880020142,0.8647090196609497,0.4834638237953186,0.9138078093528748,0.31572386622428894,0.25333207845687866,0.033112261444330215
508.6919288063958,2.175758431565366,-1.1912776293159344,1.5520134423854806,-1.7126515535369313,-2.042688665033909,0.0,-0.680254340171814,0.8664212822914124,0.4884178042411804,0.9149932265281677,0.3122761845588684,0.25344979763031006,0.03215556964278221
509.05426068853274,2.168873898711762,-1.19849401832699,1.5561519319891912,-1.7130022210107636,-2.0441854187716584,0.0,-0.6717202067375183,0.8680357336997986,0.49333682656288147,0.9161632061004639,0.30882054567337036,0.25357669591903687,0.03120054304599762
509.3728315861563,2.173951846628291,-1.203704647473444,1.565500494524053,-1.7146140445430078,-2.0430773804196813,0.0,-0.6729464530944824,0.8594933152198792,0.49174168705940247,0.915302574634552,0.3113698661327362,0.25348010659217834,0.0319041833281517
509.57279436603585,2.180177011374268,-1.208725551396886,1.5753518054772304,-1.7163472814777165,-2.041719538245415,0.0,-0.6750054955482483,0.8499665260314941,0.4895138144493103,0.9142358303070068,0.3144891858100891,0.2533685564994812,0.03276807442307472
509.9538235959868,2.1864064797847336,-1.2137499264390534,1.5852099269709878,-1.7180817166570583,-2.040360757349463,0.0,-0.6769587993621826,0.8404200077056885,0.4872738718986511,0.9131556749343872,0.317604124546051,0.25326451659202576,0.03363393619656563
510.2515112753041,2.18072407676792,-1.2188857429671711,1.5875821062610922,-1.718148390748407,-2.0415955303538538,0.0,-0.6704391837120056,0.842340350151062,0.49112439155578613,0.9141423106193542,0.314762681722641,0.25335657596588135,0.03284332528710365
510.45148055581524,2.1730941892520157,-1.2240445760786212,1.5887360100246997,-1.7179432145895648,-2.0432543239269343,0.0,-0.6625135540962219,0.8460499048233032,0.4959610104560852,0.915450394153595,0.31093886494636536,0.25349053740501404,0.03178364410996437
510.8702686294411,2.1654543071408985,-1.2292101668845474,1.5898914253179346,-1.7177377696649445,-2.044915290398406,0.0,-0.6545482873916626,0.8496741652488708,0.5007920265197754,0.916741132736206,0.3071003258228302,0.2536357045173645,0.030724553391337395
511.3710231060884,2.1525080094778644,-1.2321105779508799,1.590448195978797,-1.7102955120357113,-1.9732008179140683,0.0,-0.6566606163978577,0.8432069420814514,0.49394845962524414,0.9268011450767517,0.3002137243747711,0.22099272906780243,0.045536018908023834
511.6344157442351,2.1384147556959285,-1.235193347814137,1.5910364347019612,-1.7021035034018164,-1.894183026470045,0.0,-0.6601839065551758,0.8360775113105774,0.48791244626045227,0.9364585876464844,0.2919367849826813,0.18453794717788696,0.0613519586622715
511.91720343303916,2.12328373801539,-1.2385031190016653,1.5916679886822054,-1.6933082720523696,-1.809346719828837,0.0,-0.6650573015213013,0.8286660313606262,0.4833541810512543,0.9451712369918823,0.28218039870262146,0.14488260447978973,0.07768286019563675
512.2151415567301,2.107342071543485,-1.241990212169084,1.5923333783555653,-1.684041833556533,-1.719965282721545,0.0,-0.6712734699249268,0.8213158845901489,0.4807490110397339,0.9524645805358887,0.2709721028804779,0.10260830074548721,0.0941108763217926
512.8233762762042,2.091130443190642,-1.24553635701922,1.593010035975604,-1.6746184738774352,-1.6290702283945662,0.0,-0.6785621047019958,0.8145200610160828,0.48044154047966003,0.957866907119751,0.2586483061313629,0.05919177830219269,0.10994651168584824
513.1046458561552,2.08174631961497,-1.252073835203229,1.59962090655384,-1.6738417653458262,-1.6149330514390305,0.0,-0.67174232006073,0.8138485550880432,0.4818965196609497,0.9594084024429321,0.2533615529537201,0.0520000122487545,0.11242514103651047
513.3564553961571,2.073778339410955,-1.2592486324933765,1.6074860227068062,-1.6748761139192625,-1.6168614848307448,0.0,-0.6618776917457581,0.8142505288124084,0.48339399695396423,0.9603812098503113,0.24964715540409088,0.05243571102619171,0.11222530901432037
513.5882575089493,2.065258006559176,-1.2593238523105863,1.60761011945207,-1.6753211601210265,-1.6189183221820724,0.0,-0.654411256313324,0.8202025890350342,0.4834410548210144,0.9614066481590271,0.24567030370235443,0.052898336201906204,0.1120043694972992
513.9055130758062,2.0566170355658504,-1.2578484688391771,1.6060435169695837,-1.6756374980723365,-1.6210032039632,0.0,-0.6473966240882874,0.82732754945755,0.4831765294075012,0.9624292254447937,0.24163217842578888,0.053369149565696716,0.11178357899188995
514.1500442631099,2.053355504483615,-1.2664592568960573,1.6152523580520985,-1.6763924145663631,-1.621789521663965,0.0,-0.6411636471748352,0.8231938481330872,0.48504602909088135,0.962810754776001,0.24010665714740753,0.05354701727628708,0.11170049011707306
514.3963863625971,2.0517582831106815,-1.2781864696804168,1.6277905924434135,-1.677282737876535,-1.6221740853974163,0.0,-0.6351966857910156,0.8155484199523926,0.4874756336212158,0.9629967212677002,0.2393593192100525,0.05363371595740318,0.11165895313024521
514.6063496280559,2.0571291381962697,-1.28415062910191,1.6340960097880721,-1.6773664998798827,-1.620879015482551,0.0,-0.6375213861465454,0.807437539100647,0.48866981267929077,0.9623693227767944,0.24187159538269043,0.05334057658910751,0.11179523915052414
514.9335725442323,2.0652361054637876,-1.287852240070916,1.6379544461064932,-1.6771335811159487,-1.6189244140268948,0.0,-0.6430186629295349,0.7991217374801636,0.4893990755081177,0.9614089727401733,0.24566009640693665,0.05290043354034424,0.11200586706399918
515.13263787414,2.055600469200064,-1.2906809970885622,1.6511287323873691,-1.7027288453098537,-1.5826842548593432,0.0,-0.6447079181671143,0.8002106547355652,0.4840051829814911,0.9642548561096191,0.23912367224693298,0.03309826925396919,0.10925663262605667
515.3356504060466,2.036393539087003,-1.2932442779230928,1.669833120684137,-1.7429765906950874,-1.5268529196379241,0.0,-0.6446081399917603,0.8063576221466064,0.4761216938495636,0.9682304263114929,0.2272612601518631,0.0022662715055048466,0.10429234057664871
515.5426307094953,2.01564693887393,-1.296013037032164,1.6900368942147774,-1.7864506845804597,-1.466546020805967,0.0,-0.6444127559661865,0.8132632970809937,0.46890729665756226,0.9711930751800537,0.21489448845386505,-0.03099503368139267,0.09820213913917542
515.7660452198263,1.993109640738134,-1.2990207755949394,1.711984512757175,-1.8336771508455603,-1.4010338624444896,0.0,-0.6439781188964844,0.8210132122039795,0.46261322498321533,0.9728590846061707,0.20203381776809692,-0.06700632721185684,0.09076094627380371
516.0063673925785,1.9686942955406956,-1.3022791508816012,1.7357610399941834,-1.8848390278979923,-1.3300625352078752,0.0,-0.6431016325950623,0.8296060562133789,0.4576094448566437,0.9728637337684631,0.18883410096168518,-0.10578753054141998,0.08177303522825241
516.2616267013663,1.9425566339652927,-1.3057673796917906,1.7612148198745707,-1.9396099851441404,-1.2540847221617408,0.0,-0.6415274143218994,0.8388987183570862,0.4543299078941345,0.9708290696144104,0.17561693489551544,-0.14693014323711395,0.07114140689373016
516.693044945085,1.9154061964445201,-1.3093907695691134,1.787654876813724,-1.996503194522284,-1.1751629387373486,0.0,-0.6390180587768555,0.8484811782836914,0.45315879583358765,0.9665307402610779,0.16296441853046417,-0.1891348510980606,0.05906565487384796
517.0205484857099,1.9103223662455078,-1.3006046389785952,1.77935501209899,-1.9955419660779712,-1.1742495287148147,0.0,-0.6371768116950989,0.8579949140548706,0.4507492780685425,0.966860830783844,0.16033656895160675,-0.18960238993167877,0.059356532990932465
517.2206732598381,1.9055725206952205,-1.2916316636574168,1.7705307162486683,-1.9937062925119438,-1.1745153673234545,0.0,-0.6352720260620117,0.8674920797348022,0.44823920726776123,0.9672701954841614,0.15785083174705505,-0.18944698572158813,0.05984286591410637
517.4204863575535,1.9008375936704642,-1.2826868710550237,1.761734136138057,-1.9918763845108534,-1.174780370974404,0.0,-0.6332911252975464,0.8769417405128479,0.4456714987754822,0.9676710367202759,0.15537187457084656,-0.1892952024936676,0.06032894179224968
517.6206163470881,1.8961027304278772,-1.2737421989440918,1.7529376745224,-1.990046501159668,-1.175045371055603,0.0,-0.6312286257743835,0.8863728046417236,0.44303879141807556,0.968064546585083,0.1528921127319336,-0.18914660811424255,0.06081591174006462
