time,ur20-shoulder_pan_joint,ur20-shoulder_lift_joint,ur20-elbow_joint,ur20-wrist_1_joint,ur20-wrist_2_joint,ur20-wrist_3_joint,target-POS_X,target-POS_Y,target-POS_Z,target-ROT_X,target-ROT_Y,target-ROT_Z,target-ROT_W
0.0,2.610004727040426,-1.3047795295715332,1.787542700767517,-1.584404770527975,5.3678545395480555,-3.835325543080465,-0.9760623574256897,0.13198913633823395,0.44886332750320435,0.9238794445991516,-1.2343788569069147e-07,3.0760968883214446e-08,0.3826834559440613
1.2836239140097763,2.6037835115017396,-1.298883785587119,1.7895366269261788,-1.5880544765668212,5.3650234286515515,-3.8423017112826847,-0.975558876991272,0.13903188705444336,0.4418274164199829,0.9238813519477844,-1.5698318520662724e-06,-1.861839393768605e-07,0.3826790452003479
2.140243799804839,2.602748215544486,-1.2913408744536112,1.7847908806122448,-1.5901440070488864,5.364553773003503,-3.8434645700931456,-0.9796972870826721,0.1427309811115265,0.4381614625453949,0.9238805174827576,-9.21414653021202e-07,-2.057089432128123e-07,0.3826808035373688
3.713946300911391,2.6080964329068164,-1.282195271438368,1.772078736164584,-1.590218662667581,5.366990359892943,-3.8374709392161632,-0.9893627762794495,0.1420917809009552,0.4387611448764801,0.9238796234130859,-3.489223132646657e-08,-1.8122646849860757e-07,0.38268330693244934
5.32959855888644,2.613328996420866,-1.289800821221076,1.7724868447257136,-1.5866141061848624,5.3693527309118,-3.8315793246480214,-0.9880915284156799,0.1351049244403839,0.4457501471042633,0.923879861831665,-4.7277211479013204e-07,2.84149823670532e-08,0.38268259167671204
6.624976967704491,2.619463749440376,-1.2844021810170536,1.7616473211993433,-1.5854230045366897,5.372096856217152,-3.8246391570299143,-0.9959052205085754,0.13233095407485962,0.4485677480697632,0.9238814115524292,-1.7962724996323232e-06,-2.6373669470558525e-07,0.38267871737480164
7.597402346563534,2.6261513137445336,-1.2781101032696358,1.7494533284180303,-1.584180224206648,5.37506949024426,-3.8170500325208665,-1.0046827793121338,0.12935546040534973,0.45151087641716003,0.9238808751106262,-1.3018465097047738e-06,-3.0905016501492355e-07,0.3826799690723419
9.123868412153705,2.6322535474078674,-1.2744347334869826,1.739845745387281,-1.5825302520306244,5.377759678587633,-3.810097370008162,-1.0113400220870972,0.12579336762428284,0.4550620913505554,0.9238798022270203,-3.3732780480022484e-07,1.9889487390400973e-08,0.3826826214790344
10.946466532285843,2.627704611061551,-1.2660359708101785,1.7379477323299648,-1.5858349760380182,5.375756810007579,-3.815283564421466,-1.013771414756775,0.13262870907783508,0.4482344388961792,0.9238805174827576,-9.673541399024543e-07,-6.763684012867088e-08,0.38268089294433594
11.574292095917754,2.6289490299712344,-1.260584713646591,1.732077832503758,-1.5862953023864295,5.3763012544505955,-3.8138607409160836,-1.018273115158081,0.13366317749023438,0.44720834493637085,0.9238815903663635,-1.918970838232781e-06,-2.385241089086776e-07,0.38267821073532104
13.027763076219246,2.635729127637436,-1.2575776972872512,1.722089441797301,-1.5840860812553064,5.379280134543157,-3.8061233511890933,-1.0250282287597656,0.12921780347824097,0.45163947343826294,0.9238794445991516,-5.70993563542288e-08,2.525600528713312e-08,0.3826833963394165
14.598214554516689,2.6348782327884526,-1.2461418377689675,1.7133837820792523,-1.5862139835848177,5.378908853978607,-3.807097404372261,-1.032106637954712,0.13417868316173553,0.4466845691204071,0.9238795638084412,-8.808842721919063e-08,5.670872127438997e-08,0.3826833963394165
15.592352508483545,2.6350570712321644,-1.2344707199772094,1.7031168947800064,-1.5877449160156356,5.378986894597481,-3.8068926712685736,-1.0400930643081665,0.1383911371231079,0.44252485036849976,0.9238795638084412,-1.0095940439214246e-07,-6.189755907826111e-08,0.3826833665370941
17.428902670932917,2.635459794974417,-1.2227567013453442,1.69251765417129,-1.5891448954481018,5.379162626923879,-3.8064316456706906,-1.0482484102249146,0.14241503179073334,0.4384530782699585,0.9238795638084412,-2.7827899984345095e-08,-1.4466105824340048e-07,0.3826833963394165
18.926812787077843,2.6406871505328806,-1.2260761228782857,1.689479312596701,-1.5865104156980303,5.381427383049356,-3.800426656832503,-1.049763798713684,0.13676485419273376,0.4440942406654358,0.9238814115524292,-1.476778606956941e-06,-2.9207043894530216e-07,0.38267871737480164
19.9631438696028,2.6464169656246876,-1.224494778399434,1.6799818002083435,-1.5756128111372838,5.380033231663014,-3.7757680663150506,-1.052929401397705,0.1324107050895691,0.44844523072242737,0.9237725138664246,-0.009080879390239716,0.007418590132147074,0.38276219367980957
21.4551858011322,2.6517674658746286,-1.2058786332934994,1.6521635089306204,-1.5460120802873865,5.369063670567018,-3.70766038306946,-1.0624620914459229,0.13438302278518677,0.44631239771842957,0.9226437211036682,-0.04011774808168411,0.0328577496111393,0.3821510672569275
22.451441303236958,2.657216055208471,-1.1869212040956263,1.623835233430923,-1.5158686882962407,5.357893007863985,-3.6383041025069573,-1.0719966888427734,0.13619710505008698,0.44406449794769287,0.9202918410301208,-0.07154236733913422,0.05872465670108795,0.38012611865997314
23.44793336127567,2.662770639023709,-1.1675949853352987,1.5949558720103676,-1.485138899899376,5.346505035958973,-3.5675985951007125,-1.081534743309021,0.13784706592559814,0.44169747829437256,0.9166600108146667,-0.10333878546953201,0.08497951924800873,0.37660855054855347
24.44418737326431,2.66843397549986,-1.1478903804014111,1.5655110843572775,-1.453807455938637,5.334894100050128,-3.495508751382804,-1.0910676717758179,0.1393258273601532,0.4392097592353821,0.9116919636726379,-0.13545583188533783,0.1115494817495346,0.3715185523033142
25.61017482192914,2.6740444874668214,-1.1300115420728245,1.5387918062005586,-1.4281761332866787,5.326069228734811,-3.436256433446527,-1.1006600856781006,0.1400383561849594,0.4371644854545593,0.906767725944519,-0.16111072897911072,0.13278433680534363,0.3663112223148346
26.791533044814525,2.679059491864545,-1.1204711545653936,1.5245222563845136,-1.42647817953106,5.3286847794683405,-3.431011832943382,-1.1104822158813477,0.13836607336997986,0.43719515204429626,0.9067692756652832,-0.16111302375793457,0.1327824741601944,0.36630696058273315
28.529406501889202,2.6838216993669453,-1.1126804427522656,1.5120950319354245,-1.424720678808615,5.331167954876588,-3.4260311425402423,-1.1189342737197876,0.1362553983926773,0.437752366065979,0.9067675471305847,-0.16111138463020325,0.13278384506702423,0.3663114905357361
30.513332132147415,2.6859414735275804,-1.1228403829228804,1.5186257716371765,-1.4223794502200713,5.332267579986984,-3.4238091722444124,-1.1136066913604736,0.13083763420581818,0.4442000687122345,0.9067671895027161,-0.1611100286245346,0.13278475403785706,0.36631277203559875
31.653237763145228,2.6836168401775686,-1.1334733083628517,1.5306622101643677,-1.4223666043158583,5.331061732350305,-3.4262499435537714,-1.1049259901046753,0.1296217143535614,0.4469892382621765,0.9067673087120056,-0.16111008822917938,0.13278479874134064,0.3663122355937958
32.843940693741104,2.686626804389772,-1.147563410850008,1.544438963796239,-1.4388404550108356,5.30933798563983,-3.4236325427856222,-1.09584641456604,0.12752749025821686,0.4493338465690613,0.9124853014945984,-0.15623334050178528,0.13077570497989655,0.3547667860984802
33.840381808434984,2.697510686069584,-1.165923142333671,1.5585599249410507,-1.4736147702136184,5.264557081224896,-3.413382167206366,-1.0875849723815918,0.12332496047019958,0.4529912769794464,0.9242715239524841,-0.14616048336029053,0.12585099041461945,0.32942479848861694
34.83621029913928,2.708939560043505,-1.1852022068710055,1.5733879697565356,-1.5101303514808404,5.217533847414318,-3.4026185210985647,-1.079352855682373,0.11967328190803528,0.45724156498908997,0.9357503056526184,-0.13631673157215118,0.11983801424503326,0.30237066745758057
36.1608419028329,2.7209502527621963,-1.2051433662685684,1.5886792014578635,-1.5480722906713411,5.168501169439939,-3.3915186295463453,-1.0713328123092651,0.11656880378723145,0.462147980928421,0.9467179179191589,-0.12678295373916626,0.11270924657583237,0.2737658619880676
37.49241661652006,2.7468973230312907,-1.215446328721554,1.591778007034396,-1.5856439261413366,5.102026612801337,-3.3892672146057783,-1.0712357759475708,0.10697334259748459,0.4647899270057678,0.9599392414093018,-0.10558660328388214,0.10722166299819946,0.23637175559997559
38.4868252128271,2.7735379694158953,-1.226024693699845,1.5949596449890047,-1.6242198672501729,5.033775163269027,-3.386955618395701,-1.0720371007919312,0.0980035662651062,0.4690072536468506,0.9714841246604919,-0.08485560864210129,0.10013250261545181,0.1974630206823349
39.48179763182081,2.7993314537325786,-1.2362666708360068,1.5980401081091107,-1.6615691086171938,4.9676940829646155,-3.384717530035142,-1.0736219882965088,0.08997005969285965,0.4746595025062561,0.9807126522064209,-0.06587047129869461,0.09189334511756897,0.15943416953086853
40.47707124053515,2.8232508225741952,-1.2457644814372995,1.6008967494479918,-1.6962046107170217,4.906414353795516,-3.382642057782574,-1.0757286548614502,0.08292423188686371,0.4813658595085144,0.9875723719596863,-0.04929443448781967,0.08307435363531113,0.12397387623786926
41.473879575720204,2.8451001512979506,-1.2544403285032366,1.603506170125952,-1.7278426725698401,4.850437920822554,-3.3807462019260224,-1.0781116485595703,0.07669931650161743,0.48877763748168945,0.9924266338348389,-0.03507449850440025,0.07405704259872437,0.09151254594326019
42.46863760425724,2.864995393855741,-1.2623402545812148,1.6058822182865025,-1.7566511967390905,4.799467718232019,-3.379019901196257,-1.080593228340149,0.07111362367868423,0.49662595987319946,0.9956905841827393,-0.022931832820177078,0.0650731772184372,0.06196679174900055
43.4663172848431,2.883328412265005,-1.269619858727719,1.608071693209572,-1.7831976036202566,4.7524998232841735,-3.3774291539124888,-1.0830817222595215,0.06596823781728745,0.5048032999038696,0.9977369904518127,-0.012452051043510437,0.05616455897688866,0.034805916249752045
45.38511895326511,2.900281873264685,-1.2763516735459766,1.6100964104104931,-1.8077463966064715,4.7090662567290344,-3.3759581101686997,-1.0855028629302979,0.061161983758211136,0.5131810307502747,0.9988219141960144,-0.0033881410490721464,0.047407474368810654,0.009785418398678303
46.25855965061291,2.8992142116560564,-1.280852190095936,1.6143866601910415,-1.8043317180901384,4.713951479635924,-3.3805302179903145,-1.081262469291687,0.059802740812301636,0.5140271186828613,0.9987483620643616,-0.0017573510995134711,0.04835241660475731,0.012669848278164864
47.37198509414549,2.88569401465618,-1.284107025661449,1.6205080529336373,-1.78148199814131,4.752354114251349,-3.3895475017902377,-1.0722405910491943,0.0605740025639534,0.5098702311515808,0.9978129863739014,-0.005218342412263155,0.05585043877363205,0.03496743366122246
48.36853349719996,2.8715735093921326,-1.2875063786987495,1.6269012407286014,-1.757617731161888,4.79246185855754,-3.398965160672381,-1.0629934072494507,0.06114881858229637,0.5062000751495361,0.9962533116340637,-0.009350298903882504,0.06311699748039246,0.05837877839803696
49.3650839491641,2.8567720625122717,-1.2910696607815522,1.6336027310627381,-1.7326026432866624,4.834503742733643,-3.4088369729815073,-1.0535359382629395,0.06153642386198044,0.503082811832428,0.9939773678779602,-0.014242078177630901,0.07010017335414886,0.08301831036806107
50.36092901741023,2.841200101357553,-1.2948184355214192,1.6406530787759668,-1.706285352832788,4.8787341880796475,-3.419222679125786,-1.0438947677612305,0.06175325810909271,0.5005985498428345,0.9908731579780579,-0.019999796524643898,0.07673091441392899,0.10900727659463882
51.35705934976096,2.8247222653488198,-1.298785289457379,1.6481135696074585,-1.678437094544413,4.925537671453599,-3.430212557727458,-1.0340900421142578,0.061827290803194046,0.498840868473053,0.9867954254150391,-0.02676413767039776,0.082931749522686,0.13653157651424408
53.5415937680034,2.807209166610969,-1.3030013712670463,1.6560427851000452,-1.6488391972948588,4.975281704903681,-3.441892903918917,-1.0241731405258179,0.06180208548903465,0.4979282021522522,0.981567919254303,-0.03469674661755562,0.08858627080917358,0.1657499521970749
55.48991517812482,2.8425358422833362,-1.3381820934388713,1.7037239904485444,-1.809672665309473,4.834004703423971,-3.424900476342906,-1.0256363153457642,0.06838247179985046,0.5037115812301636,0.9960893988609314,-0.011690196581184864,0.043102867901325226,0.07623180001974106
56.711857734895716,2.863831049853655,-1.3585755756593354,1.7312804948093092,-1.9047405994613824,4.749604299644749,-3.414534945314788,-1.0274744033813477,0.07253015041351318,0.5125687718391418,0.9996353387832642,-0.0027693116571754217,0.01358795166015625,0.02317025512456894
57.4892042638113,2.8768199301805466,-1.3695472283738803,1.7459114185900433,-1.9471605050861789,4.7123889366733,-3.4063653980398594,-1.0267317295074463,0.07012926787137985,0.517775297164917,1.0,-3.6731076846763244e-08,-1.836850316294658e-08,2.978328028646615e-09
58.78034719286159,2.8841576067308,-1.374653416158682,1.7522964657699907,-1.9484393644813243,4.712388946472117,-3.3990277587962026,-1.0227141380310059,0.06140756607055664,0.5177778005599976,1.0,9.204430284626142e-08,-7.283752712083924e-09,2.5071644760288336e-09
59.961879615730425,2.884768039929763,-1.3854306915534098,1.7656728351289286,-1.9510384584455347,4.712389042039456,-3.3984172746322154,-1.0132514238357544,0.05828840658068657,0.5177794694900513,1.0,-3.6821376170337317e-08,-5.9262110774227494e-09,3.5149727573013934e-09
61.092794685564726,2.880910803437388,-1.3961968412823529,1.7788784909276867,-1.9534778869639713,4.7123889783312105,-3.4022745037421984,-1.003557562828064,0.059672363102436066,0.5177909731864929,1.0,7.697504145198764e-08,4.225110572519952e-08,1.954547812488272e-08
62.00238538634438,2.8734417304243345,-1.4009791312505484,1.7847340037389314,-1.9545511742520036,4.712388989724746,-3.4097435767552517,-0.9988857507705688,0.06601286679506302,0.51777184009552,1.0,-4.0665867118150345e-08,-1.9122701644391782e-08,1.4589260910469193e-09
62.954425237331684,2.867444999552837,-1.4041314178391748,1.7885355353708554,-1.9552005250561182,4.712389055882589,-3.4157403076267494,-0.9957225322723389,0.07122841477394104,0.5177881717681885,1.0,-2.9243308219406572e-08,-1.0805639938382683e-08,3.829433659063852e-09
64.50978953890254,2.8695153368141706,-1.4144286559060568,1.8009594336537005,-1.95732710376274,4.712389055882589,-3.4136699703654156,-0.9868680834770203,0.06665583699941635,0.5177797079086304,1.0,8.459301170660183e-08,-6.971413224476919e-09,2.09759898339712e-09
65.49381491295745,2.875444362531665,-1.421958913530303,1.8099374473391843,-1.9587749608372769,4.712388999803399,-3.407740944647921,-0.9806718826293945,0.05901138857007027,0.5177896022796631,-1.0,4.038263767824901e-08,2.3862696707510622e-08,2.164340040522461e-09
66.90781781255797,2.882087231376881,-1.4287256919408875,1.8179833312249485,-1.9600541908431073,4.712388938402849,-3.401098075802705,-0.9751226902008057,0.05092408508062363,0.517772376537323,-1.0,3.3124511134019485e-08,5.928048807390951e-08,1.1013502998480362e-08
68.34179388397821,2.8922686427627826,-1.4242829031680069,1.8127130098586435,-1.9592265969055322,4.712388999746999,-3.3909166644168036,-0.9794849157333374,0.04198506474494934,0.5177796483039856,-1.0,3.294912076512446e-08,5.3886417106241424e-08,1.2109391711589979e-08
70.05690869215576,2.9008646303381087,-1.419848390475538,1.807448514944343,-1.9583965585481107,4.712389055882589,-3.3823206768414775,-0.9837032556533813,0.03451982140541077,0.5177732706069946,-1.0,2.9370092136105086e-08,7.79688420493585e-08,1.2274765204267624e-08
72.04780018534001,2.8923736130967264,-1.4155030737601413,1.802246814982914,-1.9575401753020782,4.712389055882589,-3.39081169408286,-0.9871904253959656,0.04384232312440872,0.5177797675132751,1.0,-3.6805154479679913e-08,-2.4466585202276292e-08,6.66791788450638e-10
73.53912157602652,2.8852049064314014,-1.4107342320315608,1.7965267501788058,-1.9565889587759928,4.712389049333147,-3.397980400748185,-0.9910305142402649,0.05201377719640732,0.5177761316299438,1.0,-2.5884403953568835e-08,-1.3556144651261093e-08,3.929915504130577e-09
75.18398997571154,2.8923973612489804,-1.401365630445868,1.7851769026689057,-1.9546077905324726,4.71238897165246,-3.390787945930606,-0.9996246099472046,0.0469827838242054,0.5177900791168213,-1.0,2.566450696406264e-08,1.4124645986157702e-07,3.044915786176716e-08
76.18035257991238,2.8994328346519307,-1.3919328601059244,1.7736581056390115,-1.952521798821682,4.7123889366733,-3.3837524725276555,-1.0082558393478394,0.0420052632689476,0.517791211605072,-1.0,-9.525177091518344e-08,7.508903365760489e-08,1.30150539234819e-08
77.46729202930601,2.9055827330431376,-1.3824817329740589,1.7620325533215295,-1.950347362788636,4.7123889366733,-3.3776025741364486,-1.0168553590774536,0.03781456500291824,0.5177750587463379,-1.0,3.3111980712874356e-08,7.577066440944691e-08,9.678794654632839e-09
78.80772795630502,2.9013933708937034,-1.3734978273512923,1.7508391634406897,-1.9481377195233835,4.7123889366733,-3.381791936285883,-1.0246480703353882,0.04402373731136322,0.5177873373031616,-1.0,2.5827040062154083e-08,7.152787873110356e-08,1.0550113671570216e-08
79.77940473807858,2.8952812879951604,-1.3666124913989492,1.7422178254087985,-1.9464015750923747,4.7123889366733,-3.3879040388594595,-1.0304514169692993,0.05181711167097092,0.5177801847457886,1.0,-2.201188564754375e-08,5.144474712892588e-08,1.963913121016958e-08
81.22882329253484,2.887711612317871,-1.361318057296873,1.735546330693117,-1.9450243847538196,4.7123889366733,-3.3954737491272016,-1.0347087383270264,0.06082996353507042,0.5177768468856812,1.0,-2.557949940751314e-08,9.973359738069121e-08,3.1326742089277104e-08
82.31235412670355,2.890814917576761,-1.3532619980332172,1.7252981893840658,-1.9428324335027527,4.7123889366733,-3.392370453175844,-1.0420308113098145,0.05944713577628136,0.5177929401397705,1.0,8.80111770129588e-08,5.1293127967255714e-08,1.9096148662356427e-08
83.48044232368613,2.8982024950799383,-1.3456921963522646,1.715649953727752,-1.940754170519451,4.7123889366733,-3.384982854737325,-1.0491528511047363,0.05341418832540512,0.5177719593048096,0.9999999403953552,-3.29516787189732e-08,-5.574501305005697e-09,4.481087056973365e-09
84.72756095467138,2.907550412467283,-1.3464175505201,1.7165801731897676,-1.9409588993277591,4.7123889366733,-3.3756348008641077,-1.0489609241485596,0.04345070198178291,0.5177722573280334,1.0,-2.922554287465573e-08,5.839709160682105e-08,1.9953418473050988e-08
85.41731580634058,2.911233033015742,-1.3433665814379234,1.71264470433179,-1.9400743533032139,4.7123889366733,-3.371952168815526,-1.0518358945846558,0.04022589325904846,0.5177841186523438,1.0,-1.431895100267866e-07,4.767863970300823e-08,1.8535633472538393e-08
87.35391886273385,2.9068340432232835,-1.3347285169914964,1.7014430539807373,-1.9369188377519209,4.712271904509562,-3.376341281039519,-1.059172511100769,0.04668738320469856,0.5177226066589355,0.9999998807907104,-4.897338840237353e-06,0.0003015743859577924,1.1827261005237233e-05
89.32729155901237,2.9182085689558783,-1.3197686489599776,1.676438570348526,-1.8765633331680371,4.702326208749419,-3.364112978636963,-1.0590322017669678,0.03751178830862045,0.5138453245162964,0.9996634125709534,-0.000303609820548445,0.02593066357076168,0.0007216949597932398
90.32339786324067,2.9297217549737335,-1.3046264138023485,1.651129271472606,-1.8154720694255353,4.692259270746422,-3.351735608050005,-1.0583425760269165,0.02813098579645157,0.5105669498443604,0.9986537098884583,-0.00035057388595305383,0.05186548829078674,0.0008297233725897968
91.43499793149118,2.941332218983585,-1.2893562378446513,1.6256061275524347,-1.753864629234905,4.682107274488224,-3.339253657744191,-1.0571273565292358,0.018601227551698685,0.5079368352890015,0.9969546794891357,-0.0001373391569359228,0.07798158377408981,0.00032369891414418817
92.38703375680328,2.9494704375103447,-1.2776741830700502,1.609374833288614,-1.7311128933619093,4.679226271530195,-3.330865943570152,-1.0619676113128662,0.011782556772232056,0.5062485933303833,0.9961946606636047,3.5259933639508745e-08,0.08715540915727615,9.095958830585005e-08
93.55354723064212,2.9533772903498687,-1.2683002793474256,1.5985884582179868,-1.7295728027785997,4.679892547428741,-3.3270141883716597,-1.0699180364608765,0.008940625935792923,0.5048311948776245,0.9961946606636047,3.1734523897597455e-09,0.08715599775314331,3.4317564345798246e-09
94.91132268136222,2.948074603525167,-1.260272625093398,1.5892956230780966,-1.7284795740066525,4.6789878703501335,-3.332242079444369,-1.0766264200210571,0.0162128247320652,0.5036425590515137,0.9961946606636047,1.9654544658465056e-08,0.08715607970952988,2.6678225850673698e-08
96.70310695860015,2.9432972336742185,-1.251706366750757,1.5792647855845636,-1.7271746935453,4.67817381052071,-3.3369521630734456,-1.0837616920471191,0.023052899166941643,0.5023913383483887,0.99619460105896,-1.9419802654851992e-08,0.08715586364269257,9.942841217025489e-08
97.89756761540092,2.9490907142994667,-1.2487479637973569,1.5757697625667817,-1.7264487618795987,4.6791618875150425,-3.3312404896691645,-1.0863709449768066,0.016962729394435883,0.5019282102584839,0.9961947798728943,5.942295189242941e-08,0.08715422451496124,6.42149231566691e-08
99.0047094180074,2.9553055997037116,-1.2453648122630168,1.5702951546045294,-1.7241530733908212,4.680221613103081,-3.3251133025150743,-1.0896443128585815,0.010493616573512554,0.5024125576019287,-0.9961946606636047,-6.73444517929056e-08,-0.08715621381998062,2.8314879330082476e-08
100.52291971630567,2.953934784051837,-1.2360814048563062,1.5537015379111154,-1.7168862909123066,4.679987580889529,-3.326464677791382,-1.0987200736999512,0.013784058392047882,0.5048800110816956,-0.9961946606636047,-8.4711935244286e-09,-0.08715634793043137,5.7752437498947984e-08
101.51932050473206,2.9525540761462215,-1.2267310053478293,1.5369881762566655,-1.7095670689565625,4.679751859823041,-3.3278258050333283,-1.1077930927276611,0.017111536115407944,0.5073068737983704,0.9961945414543152,7.434204807310607e-09,0.0871565192937851,1.7863088785929904e-08
102.51572846434229,2.951163156416094,-1.217311449547492,1.520151201261898,-1.7021937134582565,4.679514395344962,-3.3291969992796537,-1.1168632507324219,0.020477022975683212,0.5096919536590576,0.9961945414543152,-5.592796981090942e-08,0.0871569812297821,3.017310135078333e-08
103.7544447407231,2.9475365153039164,-1.211599059078757,1.5094706773805977,-1.6973499785852408,4.678898002734346,-3.3327676249939158,-1.1223658323287964,0.02581011690199375,0.5114516019821167,0.9961947798728943,-2.4793102966214065e-06,0.08715395629405975,2.2220037010356464e-07
105.3248578903212,2.9389300380801973,-1.2142809286984546,1.5127443581974196,-1.6982451948842239,4.677437607332622,-3.341237221519677,-1.1198670864105225,0.03544929251074791,0.5118960738182068,0.996195375919342,-1.0846567420230713e-05,0.08714699745178223,1.1137203728139866e-06
106.35335939153863,2.9306527838892364,-1.215017273920834,1.513634364240851,-1.6986929996054203,4.676032844070214,-3.349387278902053,-1.1189285516738892,0.045011356472969055,0.5120563507080078,0.9961955547332764,-1.6961426808848046e-05,0.08714514970779419,1.560766349939513e-06
107.68716213713981,2.923179967175225,-1.210999842579013,1.5086999985673095,-1.6980475799620365,4.674764014728999,-3.3567565608321854,-1.1219247579574585,0.05450187250971794,0.5115249156951904,0.9961954951286316,-1.7056787328328937e-05,0.08714570105075836,1.5405360045406269e-06
108.99740196038306,2.914975855142388,-1.2156835356800622,1.5143524751425885,-1.6993322533405508,4.673374932256964,-3.364848407677316,-1.1175607442855835,0.06323038041591644,0.5123120546340942,0.9961958527565002,-1.684917151578702e-05,0.08714268356561661,1.5535736110905418e-06
111.13223871543082,2.9067220472162214,-1.220958522258633,1.5207243910053272,-1.7007480880904893,4.671977677865039,-3.3729893571325897,-1.1126264333724976,0.07182958722114563,0.5131681561470032,0.9961955547332764,-1.685934330453165e-05,0.08714500069618225,1.363861201753025e-06
112.73305220103605,2.9098841698254443,-1.2127357448733314,1.5106952820081923,-1.6988163324585748,4.672512267173412,-3.3698703254206714,-1.1196924448013306,0.06976381689310074,0.5119496583938599,0.9961956143379211,-1.6784646504675038e-05,0.087145134806633,1.3684808664038428e-06
113.78036076580999,2.913326865621761,-1.2022939911505912,1.4979162169722617,-1.6963431965589388,4.673094456573192,-3.3664745700293914,-1.1286020278930664,0.06774778664112091,0.5103588104248047,0.9961954951286316,-1.6764155589044094e-05,0.08714582026004791,1.3969344081488089e-06
115.54867155127133,2.9107753246936063,-1.1919022168786206,1.4849979222571563,-1.693916086365009,4.672662727264566,-3.3689912278078302,-1.137066125869751,0.07278867065906525,0.5088661909103394,0.9961954951286316,-1.6884867363842204e-05,0.08714579790830612,1.4865731827740092e-06
116.79374528980836,2.916746463495654,-1.190524070312583,1.4833354575845747,-1.6934092966313057,4.67367287606971,-3.3631158788897952,-1.1386101245880127,0.0659506767988205,0.5085890293121338,0.9961958527565002,-9.976458386518061e-06,0.0871417447924614,7.698708941461518e-07
117.78994519195541,2.924956285120943,-1.191513565633739,1.4846296021212095,-1.6934069243537921,4.675061768165541,-3.3550361715025177,-1.138267159461975,0.05599473789334297,0.5086444616317749,0.9961958527565002,-1.1836701787615311e-06,0.0871417373418808,9.173445647547851e-08
118.78615626997336,2.9329865866510754,-1.1934018217605054,1.487010868941281,-1.6936130022788767,4.676425682653476,-3.3471198883102904,-1.1370904445648193,0.04610464349389076,0.5088566541671753,-0.9961959719657898,1.8839328319586457e-08,-0.08714010566473007,1.2536226279280527e-07
119.77373007616981,2.941056398180727,-1.1948267825962058,1.4888066073524806,-1.6937004734080532,4.677797811367685,-3.3391625434344974,-1.1362192630767822,0.036268532276153564,0.5090054869651794,-0.9961958527565002,-7.540366198099946e-08,-0.08714146167039871,4.376643758519094e-08
120.76987242258176,2.9495480452801286,-1.192535335967451,1.4859551455078719,-1.692858583368962,4.679245052610363,-3.330790398114953,-1.138396143913269,0.026555348187685013,0.5086244344711304,-0.9961959719657898,2.3941918669834195e-08,-0.08714066445827484,7.917345890007255e-09
121.76080727881774,2.9579575959292956,-1.1916126089899963,1.48478700762956,-1.6923389686535282,4.680679273569959,-3.3224997490528727,-1.1393460035324097,0.01669301837682724,0.5084588527679443,0.9961957335472107,3.2754698509052105e-08,0.08714337646961212,9.276501344857024e-08
122.92745471065318,2.9662988528985395,-1.1918284805938901,1.4850191786298084,-1.692087445527173,4.682102663329876,-3.3142768943875827,-1.1392592191696167,0.006729200482368469,0.5084748268127441,0.9961951375007629,9.20505911494729e-08,0.0871499627828598,7.857471473471378e-08
123.67405291591642,2.968900901417114,-1.19441895176634,1.4882207901994833,-1.6926088558816217,4.682545531295648,-3.311711513666878,-1.1370947360992432,0.0032520839013159275,0.5088586211204529,0.9961946606636047,3.115321689506345e-08,0.08715636283159256,5.2952938034422914e-08
125.48710864114659,2.9612593494443997,-1.2012477163404234,1.4967223944662837,-1.6945098330965087,4.681238319329916,-3.3192438499704515,-1.1312999725341797,0.0112874461337924,0.5098729133605957,-0.9961945414543152,-1.8961920034143986e-08,-0.08715709298849106,9.568366721168786e-08
127.16685755186785,2.9671759399213804,-1.2069886816829811,1.5037541439001982,-1.695622824133719,4.682250212666943,-3.313411771786838,-1.1265215873718262,0.0034403048921376467,0.5107195377349854,-0.9961945414543152,-1.8570014415075775e-09,-0.08715668320655823,1.3425662359622947e-07
128.1580079161476,2.9746096563083917,-1.2109431276233191,1.5085467505672707,-1.6962468484136117,4.683523240047084,-3.3060847422187387,-1.1231893301010132,-0.005875658709555864,0.5113084316253662,-0.9961946606636047,3.5974355938606095e-08,-0.08715564757585526,4.876575943058015e-08
129.58913049853356,2.981992866702138,-1.2127435428775468,1.5106805942072035,-1.696371622394887,4.684788325901042,-3.2988077080370113,-1.1216024160385132,-0.014790075831115246,0.5115888118743896,-0.9961944818496704,5.524862789485496e-09,-0.0871572270989418,4.6277563114927034e-08
131.16323874848362,2.9858417149332,-1.20159533206489,1.4969409464760353,-1.6936772019636366,4.685448689731814,-3.2950144693916985,-1.130952000617981,-0.01782575063407421,0.5099605917930603,-0.9961945414543152,6.746673619772992e-08,-0.08715708553791046,1.755648604273574e-08
132.04633943755394,2.9921115510938927,-1.195237047879379,1.4890430137846675,-1.691977301877438,4.6865255677671875,-3.288835735341255,-1.1361839771270752,-0.024429382756352425,0.5090148448944092,-0.9961946606636047,3.071451359915045e-08,-0.08715564012527466,1.0516659898485159e-07
133.72752632408688,3.0006173040519766,-1.1933078014788248,1.4865467024215138,-1.6911970984501818,4.6879871203078185,-3.2804538640401493,-1.1375761032104492,-0.03429556265473366,0.5087655782699585,0.99619460105896,1.0110038139998778e-08,0.08715689182281494,1.0025613050856919e-07
135.26406897602232,3.0017687021621313,-1.203446122777051,1.4990156724974286,-1.6934717666635581,4.688225971828879,-3.279067560289445,-1.128979206085205,-0.03688066452741623,0.5103126764297485,0.9961935877799988,-0.00012702909589279443,0.08716810494661331,1.1022241778846364e-05
136.19301136953385,3.000270205220312,-1.2140182405770106,1.513789105711596,-1.697696299561054,4.687991991369699,-3.280401039487475,-1.1197049617767334,-0.03644636645913124,0.5106179118156433,0.9961931109428406,-0.00019926484674215317,0.08717263489961624,1.7562240827828646e-05
137.18945555759223,2.9953250580086284,-1.2230872725176734,1.5299406966028006,-1.7049170902439441,4.6871258536579425,-3.2853779542401327,-1.1110944747924805,-0.0319434255361557,0.5084103941917419,0.9961938261985779,-0.00014683546032756567,0.08716530352830887,1.2909967153973412e-05
138.18587432054431,2.990397335140627,-1.23212434950884,1.5460353769797868,-1.712112438299319,4.68626276780299,-3.290337332715423,-1.1024396419525146,-0.0275508351624012,0.5061556100845337,0.9961942434310913,-9.471401426708326e-05,0.0871601402759552,8.348059964191634e-06
139.1823405809477,2.9854866621340554,-1.2411301583230916,1.562074369957638,-1.7192828905375857,4.685402668214641,-3.2952795518012663,-1.093741774559021,-0.023267963901162148,0.5038537383079529,0.9961945414543152,-4.290840297471732e-05,0.08715711534023285,3.931636456400156e-06
140.24983529403488,2.979924455841285,-1.2491622526479005,1.57605079799575,-1.7253831385114404,4.684434136092311,-3.3008464431854927,-1.0860236883163452,-0.018171224743127823,0.5019868612289429,-0.9961946606636047,3.005230553299043e-08,-0.08715557307004929,1.0237015146685735e-07
142.14123983799598,2.971081192574454,-1.252523224514242,1.5800894581907923,-1.726310594944301,4.682918939452844,-3.3095624495284532,-1.0832798480987549,-0.008605784736573696,0.5024695992469788,0.99619460105896,2.0804677092201018e-08,0.0871557965874672,3.0525235672484996e-08
143.77624132885555,2.9756891120121916,-1.2594104666303096,1.588091883057686,-1.7272943885283187,4.68370823095341,-3.3050207356396246,-1.0773990154266357,-0.014809643849730492,0.503518283367157,-0.9961946606636047,-6.416664888320156e-08,-0.08715541660785675,4.4834557400008634e-08
144.6790639138488,2.9832625888149855,-1.2660145925777289,1.5981448229740893,-1.735432137380746,4.6538152434710085,-3.3142222428724257,-1.0712387561798096,-0.014999105595052242,0.5037490129470825,-0.9960249066352844,-0.009571030735969543,-0.08727794885635376,0.015008137561380863
146.9866653629905,2.9927531462461494,-1.2720353884923887,1.6101651373208858,-1.7514889222270422,4.589764040166489,-3.339961702882174,-1.065347671508789,-0.006975567899644375,0.5039541125297546,-0.9946056008338928,-0.029456093907356262,-0.08786105364561081,0.046608299016952515
148.43538941165494,2.9860981359614005,-1.2772108586291009,1.6131336010962984,-1.7433817693179052,4.627346991144435,-3.3258298909253075,-1.0613702535629272,-0.011685265228152275,0.504987359046936,-0.9956133365631104,-0.017777392640709877,-0.08749318867921829,0.027978433296084404
149.72936977459787,2.9747044720156377,-1.2803495599679138,1.6122751529463344,-1.7305666486440674,4.683539566819353,-3.3059912816203587,-1.0596591234207153,-0.016688985750079155,0.5066360831260681,-0.9961946606636047,-2.723984371399979e-09,-0.08715535700321198,1.1479814077119954e-07
152.05709408359766,2.966278929123736,-1.2779181118615532,1.6095753638488788,-1.7305434742111574,4.682097180381788,-3.3142961574536938,-1.061806082725525,-0.006965911481529474,0.5062566995620728,-0.9961946606636047,-1.749369573644799e-07,-0.08715560287237167,1.1313948533597795e-07
153.496564842265,2.966462827575068,-1.2868453123956516,1.619715781608674,-1.7317502053025704,4.682128489160405,-3.314114812332367,-1.0542558431625366,-0.008506271056830883,0.5076087713241577,-0.9961946606636047,-6.194716206664452e-08,-0.08715606480836868,2.926309683459749e-08
154.44166391293322,2.970633294753957,-1.2954185797830617,1.629371928308444,-1.7327118195605797,4.682842499816154,-3.310004076748248,-1.0469541549682617,-0.014369718730449677,0.5088841319084167,0.9961946606636047,-2.066567361680427e-08,0.08715518563985825,1.260374915545981e-07
156.56779730319835,2.9769263113773228,-1.301295711963845,1.6358994791437151,-1.7331808698133213,4.683920174738507,-3.3038013003302624,-1.041869878768921,-0.02210676483809948,0.5097711086273193,0.99619460105896,-9.09098307744216e-09,0.08715590834617615,1.3520926245291776e-07
158.8453280601411,2.9683337886966257,-1.2989880772826956,1.633392400100073,-1.7332380099838816,4.682450264152385,-3.3122710856046687,-1.0439642667770386,-0.01237314473837614,0.5094161629676819,0.9961950182914734,1.2499458534875885e-07,0.08715131133794785,5.007435532888849e-08
159.84161429589082,2.959753520830828,-1.2966837337928439,1.63088889669897,-1.7332950686600728,4.680982449979949,-3.320728791114536,-1.0459641218185425,-0.0026196313556283712,0.5090581178665161,0.9961948990821838,9.29869869992217e-08,0.08715289831161499,3.9325900758058197e-08
160.8132932197063,2.9508567001821757,-1.2969770833676622,1.631281723377949,-1.7336739146622429,4.679463043133408,-3.3294993543653435,-1.045688271522522,0.007093142252415419,0.5091021060943604,-0.9961947798728943,-1.982995811999899e-08,-0.087154321372509,8.222804837032527e-08
162.23738130111332,2.941724854743672,-1.299965718775277,1.6346780982862839,-1.73438150334231,4.677905946785504,-3.338502398160303,-1.0430572032928467,0.016599666327238083,0.5095616579055786,0.99619460105896,-5.7164957212307854e-08,0.08715604245662689,3.816375837573105e-08
163.67431291290873,2.9398841168938246,-1.3115951231059475,1.6475693871599772,-1.7357062649267805,4.677592558496252,-3.34031735855941,-1.0332515239715576,0.016615314409136772,0.5113288164138794,0.9961946606636047,-3.6158343874603815e-08,0.08715610951185226,1.056369569596427e-07
164.74838892569596,2.941649857639389,-1.319927835845246,1.6567827201826777,-1.7365284824874403,4.6778935838859645,-3.3385764910824363,-1.026258945465088,0.013277492485940456,0.5125259160995483,0.9961947798728943,7.954193392833986e-08,0.08715511113405228,4.163182509842045e-08
166.1106976510819,2.950511763958041,-1.3217079907138656,1.6586869034286411,-1.736355726406819,4.67940358733516,-3.3298391362380815,-1.024836540222168,0.003438592655584216,0.5127736926078796,0.99619460105896,-9.969654435337816e-09,0.08715607970952988,1.1301659696982824e-07
167.65484140339916,2.9597835960529117,-1.3177092506316936,1.6542363333218981,-1.7356110892312608,4.680986816304085,-3.3206988208904895,-1.0282055139541626,-0.005917048081755638,0.5121821761131287,0.9961946606636047,-4.340219561527192e-08,0.08715540915727615,5.978571948617173e-08
169.16664239095326,2.9661003986308865,-1.3201394082538658,1.6621035250720337,-1.7723320480319518,4.686969279298416,-3.3148962017485495,-1.0348968505859375,-0.013008637353777885,0.5124059319496155,-0.9974557161331177,0.00019993510795757174,-0.07128660380840302,0.0003136445302516222
170.1630325623023,2.9717370510495575,-1.3241565261061867,1.6730326229676182,-1.8184508970940516,4.694066326514372,-3.3098706435887104,-1.0422333478927612,-0.01969403401017189,0.513278067111969,-0.9986776113510132,0.00032422528602182865,-0.05140526592731476,0.0005070195184089243
171.15919651539798,2.9774055759401032,-1.3281963587662082,1.6840235194875304,-1.8648305253581359,4.701203504009966,-3.304816668391736,-1.0493401288986206,-0.02653876505792141,0.5146483182907104,-0.9995070695877075,0.0003085119533352554,-0.031389109790325165,0.0004808971716556698
172.3834979330425,2.9830990473209065,-1.332253970239597,1.6950627856094562,-1.9114142647387808,4.7083720913577345,-3.2997404512631383,-1.0561827421188354,-0.03353584557771683,0.5165147185325623,-0.9999364614486694,0.00015058703138493001,-0.011273057200014591,0.00023392066941596568
173.01968891973135,2.9856255194440675,-1.3394222014481816,1.707532494308876,-1.9389064791933184,4.712388964143597,-3.2975598366589267,-1.055490255355835,-0.037500008940696716,0.5178046226501465,1.0,-3.193357400732566e-08,1.041582891048165e-07,2.2271024135989137e-08
174.51971708394802,2.9841216403276967,-1.3505110757133636,1.7217690559320267,-1.9420544154911854,4.712389026378571,-3.2990636825860618,-1.045526385307312,-0.0375034473836422,0.5178062915802002,1.0,-2.9615399910198903e-08,-8.512583526965045e-09,4.746984139103461e-09
175.4608014092616,2.9859534862595583,-1.360188238117314,1.734105920421384,-1.944714142441497,4.712389009307005,-3.297231820920028,-1.0367085933685303,-0.040791310369968414,0.5177844762802124,-1.0,-8.514388127878192e-08,7.332378970659192e-08,5.771240374485842e-09
176.60317930670408,2.988808452971091,-1.3688749152938482,1.7450553015585595,-1.9469767132395328,4.7123889366733,-3.2943768542084952,-1.0287470817565918,-0.04495813697576523,0.5177838802337646,1.0,-2.221900530230414e-08,2.9009017410430715e-08,1.107710101422299e-08
177.86992311110183,2.982647829363372,-1.3787966292131453,1.7574226215276185,-1.9494223862555062,4.7123889366733,-3.3005374778162144,-1.0200748443603516,-0.04005114734172821,0.5178006887435913,1.0,9.120452659772127e-08,-3.014395488776245e-08,8.599754242055724e-10
178.80896467348023,2.979058541163008,-1.3891216963079034,1.770187337667321,-1.951862026616366,4.7123889366733,-3.3041267302124377,-1.0109314918518066,-0.03791128844022751,0.5178028345108032,1.0,-2.592718750804579e-08,3.666993109163741e-08,1.209457600737096e-08
180.0259993597403,2.9793156454319147,-1.400021510722445,1.78351149974702,-1.9542862527345453,4.7123889366733,-3.3038695368063937,-1.0011427402496338,-0.03977233171463013,0.5178110599517822,1.0,-2.4609876803083353e-08,6.029225829706775e-08,1.4613423360287925e-08
180.74911489585708,2.983061643270007,-1.4024801966015392,1.786540845115738,-1.954856924376135,4.712388976773904,-3.300123547880012,-0.9987701773643494,-0.04387648403644562,0.5177830457687378,1.0,-1.5042718359836726e-07,3.739039300398872e-08,1.3455970560016794e-08
182.17281854719334,2.991161140938398,-1.3957675282246778,1.7771360730056325,-1.9521649788602602,4.712389050850614,-3.2920241662411884,-1.004743218421936,-0.05100028216838837,0.5186144113540649,-1.0,3.7039995959275984e-08,6.613295511215256e-08,5.365321520400812e-09
183.42315947930433,2.9986262600394205,-1.3993397390646443,1.7721405735875575,-1.9435972686022187,4.71238901304144,-3.2845590471401658,-1.0036077499389648,-0.05860399454832077,0.5249497890472412,-1.0,2.7524631462938487e-08,7.848100835872174e-08,5.019241022807819e-09
184.41951491232135,3.0060828623654765,-1.402907874455117,1.7671507734147078,-1.9350393330388962,4.712388975275401,-3.2771024448141097,-1.002364993095398,-0.06619177013635635,0.5312864780426025,1.0,-2.765008666472113e-08,-1.181370912206603e-08,4.3629295731761886e-09
185.87899874887296,3.0135326808328187,-1.4064727636316576,1.7621655128562699,-1.9264891833039177,4.71238893754372,-3.2696526263467676,-1.0010148286819458,-0.0737641453742981,0.5376258492469788,-1.0,2.788599928749136e-08,7.486886488550226e-08,2.5614517173977447e-09
187.31113344525247,3.024874320529304,-1.395467246193954,1.7493483689013976,-1.9261229547014354,4.693537423991666,-3.2583739019050917,-1.0096312761306763,-0.07839155197143555,0.5375434160232544,-0.9999552965164185,-2.4624661818961613e-05,-0.0003801804850809276,0.00944574736058712
188.30725818966775,3.0361916831073055,-1.3842329948431717,1.7364784017194481,-1.925951734059214,4.674436836294613,-3.2471202858477155,-1.0183982849121094,-0.08311523497104645,0.5373135805130005,-0.9998188614845276,-3.577354800654575e-05,-0.000550829223357141,0.019022515043616295
189.30342577492146,3.0473952822971797,-1.3731116714372114,1.7237378048798921,-1.9257822345459432,4.655528249830769,-3.2359797923913476,-1.0270752906799316,-0.08800335228443146,0.5370880365371704,-0.9995934367179871,-3.285725324531086e-05,-0.0005071352934464812,0.028505435213446617
190.3279700878667,3.05848833245427,-1.362100085225966,1.7111229230568976,-1.925614407531566,4.6368062396545495,-3.224949225285919,-1.0356601476669312,-0.09305398911237717,0.5368669629096985,-0.9992817640304565,-1.652333048696164e-05,-0.0002554731327109039,0.037892259657382965
191.24549736691225,3.0706561190433406,-1.350826674152068,1.7019117144083131,-1.9197779921953755,4.607131349992661,-3.2204802828711827,-1.0404740571975708,-0.09647165238857269,0.5329169034957886,-0.9986067414283752,-0.004025285132229328,-0.004984328523278236,0.05237828940153122
192.53401466210556,3.0854079111426334,-1.3383840281940251,1.6977826070602071,-1.904102107550618,4.55724954158015,-3.2266718143234567,-1.0394127368927002,-0.09715582430362701,0.5230216979980469,-0.9967894554138184,-0.015412869863212109,-0.018442779779434204,0.07637421786785126
193.53029177089405,3.1014559968631485,-1.3248480016841162,1.6932906600326467,-1.8870487259119197,4.502984437251799,-3.2334074181618617,-1.0384573936462402,-0.0980236679315567,0.5131428837776184,-0.9937827587127686,-0.028411956503987312,-0.03278068080544472,0.1025373563170433
194.52658024181795,3.1192050613956197,-1.3098772561246945,1.6883225997258215,-1.86818781150297,4.442967631798551,-3.240856946365727,-1.037717342376709,-0.09919360280036926,0.5032766461372375,-0.9891860485076904,-0.04348680377006531,-0.04823191091418266,0.13150471448898315
195.5214886789508,3.139171231974048,-1.2930364553614304,1.6827339593020676,-1.8469709054702443,4.3754538891413155,-3.2492370246833797,-1.0373785495758057,-0.10086324065923691,0.4934745132923126,-0.9823930859565735,-0.0612582266330719,-0.06505117565393448,0.16407199203968048
196.5171437573917,3.1620924811000126,-1.273703144135864,1.676318176219121,-1.8226138066992008,4.297947824130298,-3.258857390394446,-1.0377610921859741,-0.10338319838047028,0.48384973406791687,-0.9724453091621399,-0.08262518048286438,-0.08355170488357544,0.20135092735290527
197.5112249006815,3.188316804085895,-1.2515837999771062,1.6689778446843988,-1.7947467205006868,4.209272723090047,-3.2698641019511703,-1.0393701791763306,-0.10728190839290619,0.47484803199768066,-0.9582106471061707,-0.10818608105182648,-0.10355271399021149,0.24373140931129456
198.50397071366382,3.2059498322600652,-1.2360640765927324,1.6651496755428152,-1.7823536334266794,4.160169620829195,-3.266991948011979,-1.0419777631759644,-0.1133391410112381,0.46742746233940125,-0.9493329524993896,-0.12006820738315582,-0.11265973001718521,0.26769059896469116
199.50051678841186,3.2198000656500514,-1.2235026103391908,1.6627782090939727,-1.776259804389083,4.127637856366581,-3.2588411637010917,-1.044637680053711,-0.11997859179973602,0.4604882299900055,-0.9432076215744019,-0.1262524276971817,-0.11725633591413498,0.28402575850486755
200.49654923876,3.2335332881832364,-1.2110472670575603,1.660426777493153,-1.7702174578165693,4.0953809298453825,-3.250759239620135,-1.0473606586456299,-0.12683531641960144,0.45379653573036194,-0.9367825388908386,-0.1325569599866867,-0.12135934084653854,0.30023130774497986
201.49272520591688,3.2471242054656284,-1.1987209874931393,1.658099711700349,-1.764237722742726,4.063458253352341,-3.2427610613774505,-1.0501383543014526,-0.13390201330184937,0.44734805822372437,-0.9300814270973206,-0.13896025717258453,-0.12496988475322723,0.3162612318992615
202.48936273654175,3.260547573921116,-1.186546666301962,1.655801333974407,-1.758331705842278,4.031929119611928,-3.2348614846753456,-1.0529605150222778,-0.14116916060447693,0.44113898277282715,-0.9231296181678772,-0.14543944597244263,-0.1280924677848816,0.3320712447166443
203.4854897161312,3.2737642541474776,-1.1745598009566218,1.6535383458471051,-1.752516627678883,4.0008854602023645,-3.227083542831497,-1.0558130741119385,-0.14861589670181274,0.43516939878463745,-0.9159634709358215,-0.15196427702903748,-0.13073348999023438,0.3476009666919708
204.48154191051793,3.2867603663511975,-1.1627729797329234,1.6513131238462397,-1.7467985950874503,3.970359876319656,-3.219435404026183,-1.0586856603622437,-0.15623170137405396,0.4294283390045166,-0.9086078405380249,-0.15851585566997528,-0.13290844857692719,0.362822026014328
206.6305629389357,3.2995357513427734,-1.1511863470077515,1.6491256952285767,-1.7411776781082153,3.940352741871969,-3.2119171619415283,-1.0615699291229248,-0.1640128344297409,0.42389845848083496,-0.901080310344696,-0.16508255898952484,-0.13463668525218964,0.37772315740585327
206.79667575940334,3.270875563434312,-1.1627392560725178,1.6198354334542984,-1.7120345044744263,3.8905188957316765,-3.1771524587822753,-1.0778361558914185,-0.12471490353345871,0.46532338857650757,-0.8970931172370911,-0.13714689016342163,-0.12554174661636353,0.40081632137298584
206.9627907521467,3.242222751290327,-1.1743423705475886,1.5904572235292376,-1.6827651842134377,3.840684397908665,-3.142237042891835,-1.0914342403411865,-0.08504552394151688,0.5078749656677246,-0.8916628956794739,-0.10922752320766449,-0.116299569606781,0.4236518442630768
207.12890574489006,3.2135801453339625,-1.186008660268138,1.5609683857760233,-1.6533369354462506,3.790849900085654,-3.107131250836929,-1.1023097038269043,-0.04518478363752365,0.5515143275260925,-0.8847822546958923,-0.08139344304800034,-0.10690855234861374,0.4462127387523651
207.29502073763342,3.184949142748308,-1.1977493967220283,1.531348942304673,-1.6237206339939119,3.7410154022626427,-3.0718008893478745,-1.110417366027832,-0.005315922200679779,0.5961967706680298,-0.8764468431472778,-0.05371750891208649,-0.09736722707748413,0.46848154067993164
207.46113573037678,3.1563263947226194,-1.2095569897113254,1.5016119750707078,-1.5939358507508035,3.6911809044396318,-3.0362690920173816,-1.1157240867614746,0.034379683434963226,0.641832172870636,-0.8666544556617737,-0.026297617703676224,-0.08768981695175171,0.49043741822242737
207.62725072312014,3.1277105772142897,-1.2214291392674717,1.4717611995907025,-1.5639881440313599,3.641346406616621,-3.0005434383054452,-1.1182104349136353,0.07371465116739273,0.6883379817008972,-0.8554099202156067,0.0007735874969512224,-0.07788693904876709,0.5120612978935242
207.7933657158635,3.099100695574046,-1.2333653929427728,1.4417967775966378,-1.5338781931276708,3.5915119087936094,-2.9646244092386516,-1.117871642112732,0.11250032484531403,0.7356326580047607,-0.8427237868309021,0.02740631066262722,-0.06796799600124359,0.5333346724510193
207.95948070860686,3.0704959694153904,-1.2453654469246027,1.411719231360694,-1.503606705389076,3.5416774109705984,-2.92851290660805,-1.114715337753296,0.15054556727409363,0.7836305499076843,-0.8286120891571045,0.05351012200117111,-0.05794259533286095,0.5542393922805786
208.12559570135022,3.0418961935169744,-1.2574298584787376,1.381527580292626,-1.473172186910222,3.491842913147587,-2.89220748192792,-1.1087640523910522,0.1876601278781891,0.8322452306747437,-0.8130966424942017,0.07899601757526398,-0.04782026633620262,0.5747579336166382
208.29171069409358,3.013301337732509,-1.2695596963481748,1.3512200264234395,-1.4425725518069474,3.442008415324576,-2.8557052498413693,-1.1000523567199707,0.22365286946296692,0.8813881874084473,-0.7962049841880798,0.10377577692270279,-0.03760940209031105,0.5948728919029236
208.45782568683694,2.9847110943185564,-1.2817558243037712,1.3207950559756945,-1.4118058185916236,3.3921739175015646,-2.819004034720553,-1.0886305570602417,0.2583361268043518,0.9309676289558411,-0.7779699563980103,0.12776222825050354,-0.027319563552737236,0.6145674586296082
208.6239406795803,2.9561255526536225,-1.2940187586335332,1.2902516585559511,-1.380870531105022,3.3423394196785536,-2.782101991040684,-1.074561595916748,0.29152464866638184,0.9808884263038635,-0.7584303617477417,0.15086901187896729,-0.01696041412651539,0.6338251233100891
208.79005567232366,2.927544831558899,-1.3063489218015556,1.2595891212567272,-1.3497656736160017,3.292504921855542,-2.744997563215659,-1.0579231977462769,0.32303667068481445,1.031051754951477,-0.7376303672790527,0.17301113903522491,-0.006541866343468428,0.6526298522949219
208.95617066506702,2.8989683663573254,-1.3187468003890728,1.228806823326415,-1.3184902937924134,3.2426704240325313,-2.707689917857467,-1.0388062000274658,0.35269695520401,1.081357479095459,-0.715620219707489,0.1941056251525879,0.003925197292119265,0.6709659099578857
209.12228565781038,2.8703974251427793,-1.3312346166169968,1.197864893619679,-1.2869877471805145,3.1928359262095203,-2.6701117252771414,-1.0172922611236572,0.3803284466266632,1.1317524909973145,-0.6924476623535156,0.21409647166728973,0.014455443248152733,0.6888177990913391
209.28840065055374,2.8418305800776817,-1.3437962652993711,1.166792644013617,-1.2552995073848385,3.143001428386509,-2.632312020986423,-0.9935122728347778,0.40577152371406555,1.1820927858352661,-0.6681780815124512,0.23288553953170776,0.025019697844982147,0.7061702013015747
209.4545156432971,2.8132675113125694,-1.3564313647591153,1.1355904616053882,-1.2234259184393614,3.093166930563498,-2.5942918250088716,-0.9675958156585693,0.42887163162231445,1.2322700023651123,-0.642877459526062,0.2503969669342041,0.035606130957603455,0.7230090498924255
209.62063063604046,2.784708058694751,-1.3691400469237054,1.1042580843600012,-1.191366506257359,3.0433324327404865,-2.5560506972629953,-0.9396845102310181,0.4494827687740326,1.282175064086914,-0.6166171431541443,0.2665587067604065,0.046203162521123886,0.7393205761909485
209.78674562878382,2.756152668377363,-1.3819332230598285,1.0727764480208144,-1.1590940369080498,2.9934979349174755,-2.5175559035321746,-0.9099172949790955,0.46746280789375305,1.3317201137542725,-0.5894689559936523,0.28131282329559326,0.056812211871147156,0.755090594291687
209.95286062152718,2.7276015240809626,-1.3948283614744348,1.0411155216532568,-1.1265638539565352,2.9436634370944645,-2.4787544833342032,-0.8784324526786804,0.48267343640327454,1.3808279037475586,-0.5615050792694092,0.2946096360683441,0.06744316220283508,0.770304262638092
210.11897561427054,2.699053177384653,-1.4077988460559225,1.0093259681335296,-1.0938433824510458,2.893828939271453,-2.4397266983993506,-0.845439612865448,0.4950161278247833,1.429324746131897,-0.5328240990638733,0.30636176466941833,0.0780501738190651,0.7849515676498413
210.2850906070139,2.6705074012617134,-1.4208425165089975,0.9774139355973511,-1.0609382655005537,2.8439944414484417,-2.4004792031390982,-0.8111276030540466,0.5043932199478149,1.4770911931991577,-0.5035187005996704,0.3165118992328644,0.08861687034368515,0.7990218997001648
210.45120559975726,2.6419644139431515,-1.4339711820533276,0.9453635710798005,-1.027819054104811,2.7941599436254307,-2.360976818715736,-0.7756743431091309,0.5107095241546631,1.5240331888198853,-0.4736791253089905,0.3250185549259186,0.09914449602365494,0.8125030994415283
210.61732059250062,2.613424275950963,-1.4471956557324033,0.9131634882367176,-0.9944580016006299,2.7443254458024198,-2.3211863789007094,-0.7392653822898865,0.5138829350471497,1.5700501203536987,-0.4434003531932831,0.331842303276062,0.10963279008865356,0.8253832459449768
210.78343558524398,2.5848855938055806,-1.460488799310475,0.8808598484536434,-0.9609238891828692,2.694490947979409,-2.2811898821326597,-0.7021521329879761,0.513882040977478,1.6149786710739136,-0.4127999544143677,0.33692434430122375,0.1200336217880249,0.8376573920249939
210.94955057798734,2.5563482081764652,-1.473849206060716,0.8484565765269898,-0.9272203142183896,2.6446564501563974,-2.240991561063695,-0.6645529270172119,0.510671079158783,1.6587047576904297,-0.3819863200187683,0.34023308753967285,0.130331352353096,0.8493183255195618
211.1156655707307,2.5278127411195213,-1.48730477037115,0.8159176458309304,-0.8932769041717273,2.594821952333386,-2.2005071934564393,-0.6266451478004456,0.504199206829071,1.701157569885254,-0.35105666518211365,0.34175771474838257,0.14054717123508453,0.8603529334068298
211.28178056347406,2.499278502734432,-1.5008347610687964,0.7832786357132544,-0.8591456803481364,2.544987454510375,-2.159798952938555,-0.5886865258216858,0.4944837689399719,1.7421929836273193,-0.3201354742050171,0.34146663546562195,0.15064071118831635,0.8707588911056519
211.44789555621742,2.470745140740582,-1.5144242878863368,0.7505626749515667,-0.824864405842403,2.495152956687364,-2.118912031347375,-0.5509259104728699,0.48155736923217773,1.7816846370697021,-0.2893451154232025,0.33934301137924194,0.16057845950126648,0.8805341124534607
211.61401054896078,2.442212637654327,-1.5280792543507709,0.7177651787615908,-0.7904183858993754,2.445318458864353,-2.0778291052848994,-0.5135811567306519,0.46544745564460754,1.8195374011993408,-0.25880011916160583,0.33538687229156494,0.17035344243049622,0.8896728157997131
211.78012554170414,2.413681541167149,-1.5418172658346179,0.6848727661408249,-0.7557625308313591,2.3954839610413416,-2.036496394079319,-0.47685402631759644,0.44618433713912964,1.8556667566299438,-0.2286139726638794,0.3296065330505371,0.17997387051582336,0.8981673717498779
211.9462405344475,2.385151066115911,-1.5556055779348177,0.6519279579274536,-0.7209797493423242,2.3456494632183302,-1.9950126656424836,-0.4410160183906555,0.4238806664943695,1.889941692352295,-0.19891831278800964,0.3220057785511017,0.1893835961818695,0.9060229659080505
212.11235552719086,2.3566211535073798,-1.5694427881427546,0.6189338165084797,-0.6860735893955094,2.2958149653953193,-1.9533821664439277,-0.40628618001937866,0.3986283838748932,1.9222731590270996,-0.16983100771903992,0.3126074969768524,0.19856664538383484,0.9132388234138489
212.27847051993422,2.3280920670486878,-1.5833531690095126,0.5858731319274916,-0.6509825940507539,2.2459804675723083,-1.9115319109414377,-0.37284624576568604,0.3705035150051117,1.9525915384292603,-0.14146555960178375,0.3014434576034546,0.2075398564338684,0.9198079109191895
212.44458551267758,2.2995636715985968,-1.5973106095909122,0.5527715122375052,-0.6157726787302703,2.196145969749297,-1.8695403790109337,-0.34093472361564636,0.3396631181240082,1.9807982444763184,-0.11394409835338593,0.2885490655899048,0.21625679731369019,0.9257370233535767
212.61070050542094,2.271035762573326,-1.6113074237136569,0.5196360579253405,-0.5804633242634107,2.146311471926286,-1.8274306127256341,-0.31075534224510193,0.30625808238983154,2.0068156719207764,-0.08738090842962265,0.2739717364311218,0.22469408810138702,0.9310298562049866
212.7768154981643,2.2425082687388116,-1.625354368062142,0.48645844825801204,-0.5450274930544042,2.0964769741032745,-1.7851702390000046,-0.28247877955436707,0.2704278230667114,2.0305817127227783,-0.061885058879852295,0.2577663064002991,0.2328525185585022,0.9356849789619446
212.94293049090766,2.213981421480814,-1.639446148492585,0.4532448471118546,-0.5094787890891161,2.0466424762802635,-1.742775429529584,-0.25628525018692017,0.23234960436820984,2.052030086517334,-0.03756551444530487,0.23999470472335815,0.24071218073368073,0.9397068619728088
213.10904548365102,2.1854549282136873,-1.6535673975190046,0.4200083414588277,-0.47385600829746244,1.9968079784572523,-1.7002923657090372,-0.23235157132148743,0.19222931563854218,2.0710995197296143,-0.014526301994919777,0.22072814404964447,0.2482396364212036,0.9431040287017822
213.27516047639438,2.156928768132689,-1.6677208443637208,0.38674737703381934,-0.4381523723840089,1.9469734806342411,-1.6577129522628526,-0.21082007884979248,0.1502593755722046,2.0877413749694824,0.007133837789297104,0.20004399120807648,0.25542566180229187,0.9458800554275513
213.44127546913774,2.1284031873828346,-1.6819125051738293,0.35345928260798076,-0.40235264616072575,1.8971389828112302,-1.615019047838364,-0.19181613624095917,0.10663770139217377,2.101912260055542,0.027319831773638725,0.17802543938159943,0.2622661590576172,0.9480384588241577
213.60739033251468,2.099877920935471,-1.696123693514442,0.3201576581715606,-0.36650391246846126,1.8473045237981434,-1.5722666370530782,-0.17547304928302765,0.06161017715930939,2.113572835922241,0.045944731682538986,0.15476596355438232,0.2687236964702606,0.9495915174484253
213.77350505726017,2.0713529448165926,-1.7103534023188256,0.28684328402652787,-0.33060872103258343,1.7974701063744973,-1.5294587413268685,-0.16188891232013702,0.015404175966978073,2.1226940155029297,0.06292693316936493,0.13036295771598816,0.2747848331928253,0.9505466222763062
213.93962005000353,2.0428279380041037,-1.7246077351611273,0.25351225246572046,-0.294651802270065,1.747635608551486,-1.4865772283573173,-0.15113887190818787,-0.03175710514187813,2.1292521953582764,0.07818930596113205,0.10491811484098434,0.2804463505744934,0.9509091973304749
214.10573520282563,2.0143029669927603,-1.7388716814202891,0.2201747618591249,-0.25867018307699424,1.6978010627048596,-1.4436664323612156,-0.14329802989959717,-0.07961121946573257,2.1332318782806396,0.0916658416390419,0.07854226231575012,0.28567686676979065,0.9506930112838745
214.27185039519657,1.9857780202329671,-1.7531436678699066,0.18683197354783743,-0.22266792056048532,1.6479665049935759,-1.4007311459979743,-0.13841134309768677,-0.12791220843791962,2.1346240043640137,0.10329553484916687,0.05134851485490799,0.29046329855918884,0.9499075412750244
214.43796511306076,1.957253064402513,-1.7674228446959908,0.1534850113559734,-0.18664727719694635,1.5981320896343219,-1.3577739606078518,-0.1365043967962265,-0.1764126718044281,2.1334269046783447,0.11302439123392105,0.02345437929034233,0.2947942018508911,0.9485629200935364
214.60407983092495,1.9287279375251796,-1.7817019645064482,0.12013890083503051,-0.15062646635000487,1.548297674275068,-1.3148167182021033,-0.1375884860754013,-0.22485367953777313,2.1296467781066895,0.12080876529216766,-0.005018101539462805,0.2986496686935425,0.9466723203659058
214.7701946163561,1.9002026731076673,-1.7959790224628636,0.08679482581683834,-0.1146106321976219,1.4984632386457197,-1.2718654906353444,-0.14165160059928894,-0.2729855179786682,2.1232967376708984,0.12661154568195343,-0.03394446149468422,0.30201753973960876,0.9442470669746399
214.93630960909945,1.8716772209263466,-1.8102498322222353,0.05345582988724333,-0.07861029713854406,1.4486287408227088,-1.2289327961635435,-0.1486644148826599,-0.3205564618110657,2.114396572113037,0.1304047703742981,-0.0631975382566452,0.3048836588859558,0.9413005113601685
215.10242482209455,1.843151501929672,-1.8245070352404875,0.02012692804696398,-0.042643487650082135,1.3987941769241818,-1.1860400099928432,-0.15858006477355957,-0.3673129379749298,2.1029748916625977,0.1321706771850586,-0.09264760464429855,0.3072293698787689,0.9378472566604614
215.2685399919505,1.8146255761169077,-1.8387520021185655,-0.013192947700755636,-0.006707470947304207,1.3489596259673968,-1.143183816828534,-0.17132814228534698,-0.4130222797393799,2.089064121246338,0.13189657032489777,-0.12216505408287048,0.3090496063232422,0.9338989853858948
215.43465498469385,1.786099396608972,-1.8529809783429094,-0.0465010534474803,0.02918798209718157,1.2991251281443859,-1.100375797515239,-0.18682388961315155,-0.4574483633041382,2.072704315185547,0.12958042323589325,-0.15161895751953125,0.31033211946487427,0.9294700622558594
215.60076972579205,1.757573254363314,-1.8671794026406086,-0.07978715426428007,0.06500637839311016,1.2492907058149256,-1.0576595401269173,-0.2049676477909088,-0.500345766544342,2.0539512634277344,0.12523628771305084,-0.18087634444236755,0.31105005741119385,0.9245796203613281
215.76688457281628,1.7290469050691795,-1.881355384226671,-0.11305692929742385,0.10076785526276237,1.199456251707653,-1.0150109712801931,-0.22563517093658447,-0.5415170788764954,2.032850742340088,0.11887294799089432,-0.20980891585350037,0.3112102746963501,0.919237494468689
215.93299956555964,1.7005203051490794,-1.8955079009056282,-0.1463095394299346,0.13646979586046643,1.1496217538846416,-0.9724331873147444,-0.24869060516357422,-0.5807594656944275,2.009460210800171,0.11051265895366669,-0.2382873147726059,0.31080713868141174,0.9134577512741089
216.099114558303,1.671993264871884,-1.9096127803441274,-0.17952529373225987,0.17205157770236362,1.0997872560616306,-0.929998230915329,-0.27398762106895447,-0.6178420782089233,1.9838659763336182,0.10020264983177185,-0.2661820948123932,0.30980250239372253,0.9072644114494324
216.26522938630433,1.6434659413212467,-1.9236840151687211,-0.21271328999951966,0.20754833607736436,1.0499528076612337,-0.8876644987563517,-0.301356703042984,-0.6526131629943848,1.956125020980835,0.08797186613082886,-0.29336974024772644,0.3082146942615509,0.9006657004356384
216.4313441241323,1.614938279571234,-1.9377219959105088,-0.24587351697898,0.2429611418883539,1.000118386312845,-0.8454307111256429,-0.33062034845352173,-0.684912383556366,1.9263114929199219,0.07386650145053864,-0.31972813606262207,0.3060431182384491,0.8936751484870911
216.5974589779738,1.5864098593221576,-1.9517060548130012,-0.2789875122694357,0.27823812088324584,0.9502839301604012,-0.8033586065262953,-0.36159056425094604,-0.7145589590072632,1.8945279121398926,0.05795721337199211,-0.34513768553733826,0.303257554769516,0.8863158226013184
216.76357393323005,1.5578807695740124,-1.965637662686075,-0.31205497106198915,0.31338286478854316,0.9004494435835202,-0.7614440228501194,-0.3940660059452057,-0.741426944732666,1.8608593940734863,0.04030594974756241,-0.36948448419570923,0.29986119270324707,0.8786011338233948
216.92968884099187,1.5293510793067515,-1.9795258053971385,-0.3450828029546722,0.3484180155273875,0.8506149712549731,-0.7196600148331318,-0.42783787846565247,-0.7654198408126831,1.825384497642517,0.020975226536393166,-0.3926578760147095,0.295868843793869,0.8705409169197083
217.0958035541585,1.5008205806195682,-1.9933588151232986,-0.3780592847136758,0.38331414107099704,0.8007805573049834,-0.6780416762812556,-0.46269017457962036,-0.7864246964454651,1.7882119417190552,5.1492275815689936e-05,-0.4145527184009552,0.2912665605545044,0.8621540665626526
217.26191851409584,1.4722889564343968,-2.007116666756607,-0.4109579383453891,0.41802122130003216,0.7509460693237764,-0.6366485728780862,-0.49839773774147034,-0.8043297529220581,1.7494715452194214,-0.02236696146428585,-0.43507063388824463,0.2860316336154938,0.8534629344940186
217.4280335727022,1.4437565252455704,-2.0208222000526668,-0.44379745725307923,0.45259655933268045,0.7011115517418737,-0.5954123661900913,-0.5347363352775574,-0.8191171288490295,1.7092338800430298,-0.04620997607707977,-0.4541149437427521,0.28020212054252625,0.844470739364624
217.59414870650477,1.4152232514071392,-2.034473848617938,-0.4765742843059393,0.4870361379462141,0.6512770116011035,-0.5543378336286704,-0.5714779496192932,-0.8307457566261292,1.6676054000854492,-0.07138147205114365,-0.4715965688228607,0.2737821340560913,0.8351913094520569
217.76026384102514,1.3866884775833357,-2.0480349309315513,-0.5092372991966805,0.5212469960134343,0.6014424712449962,-0.5135358130162224,-0.6083829998970032,-0.839137077331543,1.6247588396072388,-0.09775121510028839,-0.48743936419487,0.26673099398612976,0.8256524801254272
217.9263787887538,1.3581528132891907,-2.0615289335337654,-0.5418096977619192,0.555288185492954,0.5516079869263948,-0.4729358484803388,-0.6452267169952393,-0.8443331718444824,1.5807676315307617,-0.12523311376571655,-0.5015647411346436,0.2590901553630829,0.815856397151947
218.0924937333449,1.32961616927353,-2.0749594251589007,-0.574294200249109,0.5891690453726647,0.5017735035490626,-0.43252683957023075,-0.6817843317985535,-0.846362292766571,1.535736322402954,-0.15371987223625183,-0.5139036774635315,0.2508740723133087,0.8058135509490967
218.25860894153178,1.3010780904834336,-2.088310545916958,-0.6066656224002933,0.6228500193811192,0.4519389410929969,-0.3923559313146613,-0.7178276777267456,-0.845241129398346,1.4898096323013306,-0.1830851137638092,-0.5243991017341614,0.24207445979118347,0.7955409288406372
218.42472376874176,1.2725381506397528,-2.101565796961731,-0.6388935686455783,0.6562889470989565,0.4021044929300051,-0.35247324054723944,-0.7531325817108154,-0.8410077691078186,1.4431389570236206,-0.2131979614496231,-0.5330038070678711,0.23268434405326843,0.7850550413131714
218.5908385432256,1.2439964779266397,-2.1147523174776146,-0.6710150793624781,0.6895545349333644,0.3522700605848522,-0.3127969689700226,-0.7875003218650818,-0.8337811231613159,1.3957834243774414,-0.2439599186182022,-0.539665162563324,0.2227502316236496,0.7743560075759888
218.7569533273669,1.2154528489485292,-2.1278684698968537,-0.7030256151411199,0.7226426261297741,0.3024356253424683,-0.273332074995859,-0.8207302689552307,-0.8236532211303711,1.3478600978851318,-0.2752467095851898,-0.5443456172943115,0.21228362619876862,0.7634543776512146
218.92306817231534,1.1869062296223452,-2.1408906807401773,-0.7348829885826289,0.7554934474982682,0.25260117185793485,-0.23414976337807752,-0.8526210188865662,-0.8107055425643921,1.2995363473892212,-0.3069155216217041,-0.5470249056816101,0.20127327740192413,0.7523667216300964
219.08918301577907,1.158356327952078,-2.1538226706712686,-0.766587270715532,0.7881166594296665,0.20276671881881683,-0.19523856972549272,-0.882995069026947,-0.7950726747512817,1.2509194612503052,-0.3388441205024719,-0.5476810932159424,0.18974073231220245,0.74109947681427
219.2552978940918,1.129803431581407,-2.166679016194155,-0.7981602327339983,0.8205491317877553,0.15293225532499627,-0.15655457922211005,-0.9116922616958618,-0.7769131064414978,1.202087163925171,-0.37091708183288574,-0.5462949872016907,0.17771899700164795,0.7296562194824219
219.4214128107474,1.1012473050482912,-2.179458335755893,-0.8295980331745142,0.8527873664209488,0.1030977803283156,-0.11810193581399168,-0.9385590553283691,-0.7563781142234802,1.1531507968902588,-0.40300601720809937,-0.5428615212440491,0.16522331535816193,0.7180449962615967
219.587527726366,1.0726871147531605,-2.1921480105435456,-0.8608777039232911,0.8847993366895146,0.053263305642729776,-0.07991869354963124,-0.9634513854980469,-0.73362135887146,1.1042473316192627,-0.43497434258461,-0.537390947341919,0.15225836634635925,0.7062758803367615
219.75364277469853,1.0441223552008658,-2.20474817493093,-0.8919992933186036,0.91658519959324,0.0034287911429690815,-0.042004726908061035,-0.9862465262413025,-0.708819568157196,1.0554803609848022,-0.4666958153247833,-0.5298954248428345,0.13884219527244568,0.6943548917770386
219.9197579224706,1.0155538545538898,-2.217276883874563,-0.9229949892020894,0.9481907169899022,-0.046405753188656106,-0.00430558601532036,-1.0068429708480835,-0.682170033454895,1.0069050788879395,-0.49805837869644165,-0.5203826427459717,0.12501117587089539,0.682284414768219
220.08587287169956,0.9869814195482064,-2.229734193493497,-0.9538649559680963,0.9796160570084294,-0.09624023795734482,0.03317894314423726,-1.025147557258606,-0.6538597345352173,0.9586185812950134,-0.5289381742477417,-0.5088775753974915,0.1107836663722992,0.6700708866119385
220.25198758339667,0.9584047478136571,-2.242120332193129,-0.9846096101271846,1.0108616788214688,-0.14607465146647294,0.07044946882590092,-1.0410829782485962,-0.6240805387496948,0.9107149839401245,-0.5592137575149536,-0.4954124391078949,0.09617852419614792,0.6577203869819641
220.4181031256321,0.9298233676606636,-2.254435513866577,-1.0152293690257541,1.0419276928822445,-0.1959093141370953,0.10750626062216094,-1.0545884370803833,-0.5930283069610596,0.8632850050926208,-0.58876633644104,-0.4800266921520233,0.08121471852064133,0.6452383995056152
220.58421868514193,0.9012365426997901,-2.266670313098174,-1.045707397152669,1.072790549014603,-0.24574398199004957,0.1443210055394363,-1.0656169652938843,-0.5608988404273987,0.8164409399032593,-0.6174736022949219,-0.4627751410007477,0.06590380519628525,0.6326311230659485
220.7503343008707,0.8726452217267658,-2.2788392768823376,-1.0760703017404345,1.1034877320850422,-0.29557866670867755,0.18093875195158596,-1.0741435289382935,-0.5278983116149902,0.7702304124832153,-0.6452324986457825,-0.4436987042427063,0.05027930811047554,0.6199018359184265
220.91644958956925,0.8440493739831072,-2.2909430879762174,-1.1063189132707252,1.1340205841287843,-0.3454132533182503,0.21736074597357194,-1.0801544189453125,-0.4942255914211273,0.7247336506843567,-0.6719335913658142,-0.42285650968551636,0.03436179831624031,0.6070557832717896
221.0825647764243,0.8154488973516605,-2.3029821015224887,-1.1364544258746285,1.164390509042446,-0.39524780937476334,0.2535888478406681,-1.0836527347564697,-0.4600779712200165,0.6800273060798645,-0.6974718570709229,-0.4003133475780487,0.01817208342254162,0.5940975546836853
221.2486802586831,0.7868434303008598,-2.314957041148078,-1.1664779822757745,1.1945990673469393,-0.445082454052401,0.2896250423794967,-1.084656000137329,-0.4256501793861389,0.6361839771270752,-0.7217462062835693,-0.3761402368545532,0.0017311656847596169,0.5810317397117615
221.41479501936286,0.7582327178779278,-2.326867373747988,-1.196389374577003,1.2246459079926577,-0.4949168822563273,0.3254688232769238,-1.0831977128982544,-0.39113277196884155,0.5932754278182983,-0.7446601986885071,-0.3504142463207245,-0.014939824119210243,0.5678623914718628
221.58091029750068,0.729615994010651,-2.33871341627028,-1.2261881052813481,1.2545300475587597,-0.544751465697678,0.3611188883089533,-1.079325795173645,-0.3567112982273102,0.5513677000999451,-0.7661221027374268,-0.32321861386299133,-0.03182080388069153,0.5545935034751892
221.74702516762042,0.7009911482469903,-2.35048481455088,-1.255857945279636,1.2842272090506786,-0.5945859267336002,0.39654629535886066,-1.0731046199798584,-0.32256507873535156,0.5105471014976501,-0.7860419750213623,-0.2946513295173645,-0.048897597938776016,0.5412277579307556
221.91313970168525,0.672357328783629,-2.3621879387154743,-1.2854090934985842,1.3137516857723166,-0.6444202869530491,0.4317680506976992,-1.0646096467971802,-0.2888658046722412,0.4708574116230011,-0.8043424487113953,-0.26479899883270264,-0.0661444365978241,0.5277685523033142
222.07925503720094,0.6437132497847705,-2.3738229441583707,-1.3148421634836673,1.34310401482877,-0.6942548876077541,0.4667847047758432,-1.0539292097091675,-0.2557772994041443,0.43235155940055847,-0.8209491968154907,-0.23375821113586426,-0.08353967219591141,0.5142183303833008
222.24537026524916,0.6150591289181702,-2.3853915491976068,-1.3441602249949698,1.3722883301486624,-0.7440894560222256,0.5016007974112716,-1.0411627292633057,-0.2234547734260559,0.39507606625556946,-0.8357944488525391,-0.2016284167766571,-0.10105974227190018,0.5005801916122437
222.3234251015655,0.6158197380288941,-2.380002833753457,-1.3432403779770745,1.3957047810435643,-0.7643398806580713,0.5141563109242927,-1.0364305973052979,-0.2260345220565796,0.39157137274742126,-0.8462705016136169,-0.18819355964660645,-0.0917491689324379,0.4898892939090729
222.48953983858922,0.6639950626717721,-2.3470490064160705,-1.2934059568699574,1.4099849452756221,-0.7364580907185939,0.49063383753534395,-1.0433813333511353,-0.2834520936012268,0.4436441659927368,-0.8503493070602417,-0.20561978220939636,-0.03890751674771309,0.48281747102737427
222.6556544339683,0.7116869810813404,-2.3138430328434665,-1.243571578256236,1.4244141256416645,-0.7082280848551402,0.4668196985732302,-1.044562816619873,-0.3392907381057739,0.4991253614425659,-0.8520776033401489,-0.2216917872428894,0.013690555468201637,0.4739503264427185
222.82176963410782,0.7589117283285723,-2.2803780513850924,-1.193737018214381,1.4389946192827652,-0.6796512356441676,0.4427148338822238,-1.0399752855300903,-0.3927290737628937,0.5577602982521057,-0.8515910506248474,-0.2361801415681839,0.06584031134843826,0.4633321762084961
222.98788483628607,0.8057287301847,-2.2466775922067304,-1.1439024575609054,1.4537128658876939,-0.6507641526765111,0.41834971192174036,-1.0297002792358398,-0.442995548248291,0.6192095279693604,-0.8490480780601501,-0.24888727068901062,0.11732367426156998,0.45100724697113037
223.15400039788153,0.8520902193114148,-2.21271003611348,-1.0940677890822703,1.4685940337906667,-0.6215185222634135,0.3936835504094671,-1.0139739513397217,-0.489205539226532,0.6831510066986084,-0.8446258902549744,-0.2596083879470825,0.1679416298866272,0.4370424449443817
223.32011625732994,0.8980653104946842,-2.178515175933054,-1.0442330312477501,1.4836209966323786,-0.5919593846977801,0.3687540070348263,-0.9930841326713562,-0.530647337436676,0.7491317391395569,-0.8385231494903564,-0.2681967616081238,0.21746894717216492,0.4214932918548584
223.486231759075,0.9436190382557698,-2.144062691924372,-0.9943983807242325,1.4988181781467143,-0.562039712489486,0.3435212837243471,-0.9674679040908813,-0.5665262937545776,0.8167393803596497,-0.8309491276741028,-0.27449730038642883,0.26570942997932434,0.4044416546821594
223.65234643802955,0.988799659151077,-2.1093339458710494,-0.9445639770378692,1.5142017725595034,-0.5317319279251094,0.31796204904866127,-0.9376116991043091,-0.596190333366394,0.8855072855949402,-0.8221191763877869,-0.27840766310691833,0.3124749958515167,0.3859643340110779
223.81846095559638,1.033701097438707,-2.074340288211577,-0.8947296217678182,1.5297670866193784,-0.5010509646749006,0.29208864788230854,-0.9040601849555969,-0.6191158294677734,0.9548926949501038,-0.8122642636299133,-0.279869943857193,0.35756412148475647,0.3661249577999115
223.98457548473033,1.0783663809703143,-2.0390700627569878,-0.8448952630276376,1.5455253245043399,-0.4699781108631011,0.26588519456760973,-0.8674630522727966,-0.6348007321357727,1.0243479013442993,-0.8016235828399658,-0.27883321046829224,0.4007822573184967,0.34500038623809814
224.15068968442029,1.1228284954050078,-2.0035308465810173,-0.7950610031206541,1.5614794942168355,-0.4385110087151968,0.2393495498979582,-0.8285524249076843,-0.6428443789482117,1.093274474143982,-0.7904492616653442,-0.2752745747566223,0.44192397594451904,0.3226717412471771
224.3168045600842,1.1671138747753504,-1.9677445918928451,-0.7452265404214788,1.5776268462028045,-0.4066588985698652,0.21248941356005097,-0.7881302237510681,-0.6429697275161743,1.1610360145568848,-0.7790020704269409,-0.26920458674430847,0.48078009486198425,0.29922419786453247
224.48291932102592,1.2112355047820615,-1.9317168229425374,-0.6953921121389646,1.5939787943798613,-0.3744036254273694,0.18528931047696737,-0.7470503449440002,-0.6350031495094299,1.2270044088363647,-0.7675390839576721,-0.26065728068351746,0.5171566605567932,0.2747552990913391
224.64903391421572,1.2552201699635055,-1.8954816786912012,-0.6455577341820258,1.6105202584661502,-0.3417780648175973,0.15777686607901575,-0.7061935067176819,-0.618950605392456,1.2905105352401733,-0.7563267350196838,-0.2497166246175766,0.5508498549461365,0.24935069680213928
224.8151486395932,1.2990772656389242,-1.8590658492227943,-0.5957233165687876,1.6272367320812646,-0.30881330780538396,0.12997818883967982,-0.6664597988128662,-0.5949493646621704,1.3509012460708618,-0.7456254363059998,-0.2364962249994278,0.5816683173179626,0.2231011688709259
224.981263071152,1.342811214929242,-1.8224917109923158,-0.5458889871011475,1.644116898081059,-0.275534407794281,0.10191434748450087,-0.6287409067153931,-0.5632817149162292,1.407545566558838,-0.7356815934181213,-0.22114317119121552,0.6094359755516052,0.19610215723514557
225.14737781867782,1.3864252045152312,-1.7857795054289656,-0.49605456284340094,1.6611501467260812,-0.2419645379793441,0.07360482474904798,-0.5938962697982788,-0.5243769288063049,1.4598426818847656,-0.7267241477966309,-0.20383743941783905,0.6339923739433289,0.16845156252384186
225.31349294657608,1.4299188966778174,-1.7489461156886021,-0.4462200244739281,1.678323822649967,-0.20813056339876732,0.045072186882445825,-0.5627316832542419,-0.47880324721336365,1.507230520248413,-0.7189610600471497,-0.1847892701625824,0.6551934480667114,0.14024747908115387
225.47960746546946,1.473287535265172,-1.7120048680357558,-0.3963856688059158,1.6956221061616281,-0.1740650672790756,0.01634385704476123,-0.535979151725769,-0.4272578954696655,1.5491955280303955,-0.7125750184059143,-0.1642363965511322,0.6729127168655396,0.11158698797225952
225.64572231652755,1.5165261456674826,-1.6749676848028094,-0.3465512134884827,1.713029511916673,-0.13980013779730557,-0.012553175211782557,-0.5142764449119568,-0.3705556094646454,1.585280179977417,-0.7077178955078125,-0.1424405425786972,0.6870434284210205,0.08256705105304718
225.81183693500577,1.5596281853286968,-1.6378450791955552,-0.29671682794501925,1.7305306411099413,-0.10536743219958784,-0.041592267522332915,-0.49815109372138977,-0.30961325764656067,1.6150912046432495,-0.7045075297355652,-0.11968358606100082,0.6974995732307434,0.0532853938639164
225.97795153819158,1.6025840726839256,-1.6006416419804492,-0.2468824469892823,1.7481088462249634,-0.07080020298854957,-0.07074540141392077,-0.48800668120384216,-0.2454203963279724,1.6383056640625,-0.7030252814292908,-0.09626000374555588,0.704216718673706,0.023837532848119736
226.14406655786092,1.6453814964377387,-1.5633572766069002,-0.19704794108847656,1.7657463941165636,-0.03613309559755564,-0.0999833749666729,-0.4841133654117584,-0.179019495844841,1.6546757221221924,0.7033144235610962,0.07247240096330643,-0.7071521282196045,0.005682813469320536
226.3101810212588,1.688007015982773,-1.5259909654556645,-0.14721360206911152,1.7834255617934385,-0.0014008494404128963,-0.12927688319219727,-0.48660072684288025,-0.11148829758167267,1.6640293598175049,0.7053781151771545,0.048627644777297974,-0.7062854170799255,0.035183366388082504
226.47629583979884,1.73044536072198,-1.4885405505571336,-0.0973791565071016,1.801129091070869,0.03336249438431263,-0.15859722861940306,-0.4954553544521332,-0.04391318932175636,1.666273593902588,0.7091792225837708,0.025030072778463364,-0.7016186118125916,0.06457304954528809
226.64241029115658,1.7726701522637964,-1.4509996694649219,-0.04754482109977884,1.8188386355023536,0.0681223571394021,-0.18791519723179628,-0.5105225443840027,0.022643141448497772,1.661393642425537,0.7146410346031189,0.0019725440070033073,-0.6931761503219604,0.09376028180122375
226.80852560133002,1.8146498870008645,-1.4133593707306116,0.002289771952249539,1.8365361677160248,0.10284436941494385,-0.21720177976347302,-0.5315091609954834,0.08716147392988205,1.649452567100525,0.7216482162475586,-0.02026723325252533,-0.681005597114563,0.12265574187040329
226.97464078499885,1.8563507118230052,-1.3756104738656874,0.052124327052901834,1.8542032157492252,0.13749348298841754,-0.24642734786527054,-0.5579915046691895,0.1486845761537552,1.6305875778198242,0.7300481796264648,-0.041429921984672546,-0.6651766896247864,0.15117286145687103
227.14075576121667,1.8977363669915448,-1.3377418762414326,0.10195881991824479,1.8718214377135642,0.17203514818269178,-0.2755627362751571,-0.5894285440444946,0.20633985102176666,1.6050065755844116,0.7396544218063354,-0.06127997487783432,-0.6457810401916504,0.179228737950325
227.30687054579533,1.938742306037238,-1.2997290331297002,0.15179325529184426,1.8893703173966085,0.20643017062947877,-0.30457483387593687,-0.6251763105392456,0.259387731552124,1.57297945022583,0.7502480149269104,-0.07962366193532944,-0.6229327917098999,0.2067432403564453
227.4729853185797,1.9793259190832917,-1.2615553713512766,0.201627687127152,1.9068339306402449,0.24065008371115645,-0.3334395695283464,-0.6645063757896423,0.30718159675598145,1.534834384918213,0.7615854740142822,-0.09628819674253464,-0.596764326095581,0.23364129662513733
227.63910015752361,2.019432202540823,-1.2231991406773446,0.25146213881032276,1.924194990797992,0.274662486147811,-0.3621294923876875,-0.7066255211830139,0.34921252727508545,1.4909504652023315,0.7734012007713318,-0.11114046722650528,-0.5674275159835815,0.2598545253276825
227.80521582337263,2.058990324362657,-1.1846346605635811,0.3012968385650302,1.9414363306007711,0.3084354572669869,-0.39061766666166436,-0.7506930232048035,0.38512009382247925,1.4417486190795898,0.7854105830192566,-0.12409065663814545,-0.5350935459136963,0.2853182256221771
227.9713310317426,2.09790016756116,-1.145829450037142,0.35113140107602214,1.9585424881186473,0.3419404493653343,-0.4188798887786799,-0.7958370447158813,0.4147094786167145,1.3876806497573853,0.7973165512084961,-0.1350996494293213,-0.4999527335166931,0.30997052788734436
228.1374459702755,2.13604940263023,-1.1067472701338903,0.400965882635892,1.9754979013511205,0.3751480851946568,-0.44689136063284657,-0.8411780595779419,0.43793779611587524,1.3292226791381836,0.8088128566741943,-0.14417283236980438,-0.46221286058425903,0.33375924825668335
228.3035614449082,2.173312450595193,-1.0673460014505949,0.4508005250257,1.9922859998608147,0.40802771933971665,-0.47462616699103943,-0.8858524560928345,0.45491334795951843,1.2668660879135132,0.8195897936820984,-0.15136079490184784,-0.42209798097610474,0.35664504766464233
228.46967698680245,2.209518765881941,-1.02756205912048,0.500635187593969,2.0088926362268436,0.44055289581611806,-0.5020619732157597,-0.9290251731872559,0.46592697501182556,1.2010927200317383,0.8293375968933105,-0.15677422285079956,-0.3798469007015228,0.37859907746315
228.635791905579,2.244440802031348,-0.9873044875670213,0.550469663226931,2.0253065916637563,0.47270208941465625,-0.5291806084801416,-0.9699029922485352,0.4714571237564087,1.1323591470718384,0.8377485871315002,-0.16058805584907532,-0.33571210503578186,0.3996073603630066
228.80190678128736,2.2778186873679958,-0.9464683490989618,0.6003041259394397,2.0415153745151904,0.5044514564825393,-0.5559618320565385,-1.0077524185180664,0.47211986780166626,1.0611004829406738,0.8445202112197876,-0.16302438080310822,-0.28996139764785767,0.4196794927120209
228.96802138192692,2.3093814649324154,-0.9049403798223778,0.6501385061313112,2.0575052009999877,0.5357756805469751,-0.5823844462363479,-1.0419188737869263,0.4686232805252075,0.9877334237098694,0.8493610620498657,-0.16433706879615784,-0.24287469685077667,0.43885186314582825
229.13413700468953,2.338726166890618,-0.8625267303355385,0.6999731929600937,2.073249188385932,0.5666225912228638,-0.6084042039454398,-1.0718187093734741,0.4619072377681732,0.91257643699646,0.8519690036773682,-0.16488227248191833,-0.1947522610425949,0.45720231533050537
229.30025136215318,2.365965357470525,-0.8192238564447942,0.749807500199184,2.088778521733552,0.5970528188030975,-0.6340723538977747,-1.097080111503601,0.4522860646247864,0.8361229300498962,0.8521489500999451,-0.16473129391670227,-0.14582107961177826,0.47480738162994385
229.46636649590704,2.3909689827210605,-0.7749304393598475,0.7996420403253388,2.1040967953963032,0.6270736023101953,-0.6593949907297141,-1.1173642873764038,0.4403746724128723,0.7587652206420898,0.8496803641319275,-0.16409669816493988,-0.09634679555892944,0.49176499247550964
229.63248152656092,2.413686837072964,-0.7295979271202122,0.8494765495215006,2.1192058843726587,0.6566892136057143,-0.6843756124749465,-1.1324318647384644,0.4266621470451355,0.6809471845626831,0.8443743586540222,-0.1631462126970291,-0.04660309851169586,0.508176326751709
229.7985965304439,2.433964945361198,-0.6831449665604703,0.8993110506863934,2.1340871343652545,0.6858639389714953,-0.7089841860262431,-1.1421027183532715,0.411734938621521,0.6030688285827637,0.8360422849655151,-0.16211050748825073,0.003103909781202674,0.5241600871086121
229.9647125446471,2.452338671103513,-0.6358065286686737,0.949145854947365,2.148783723381739,0.7146821216235155,-0.7332917054419401,-1.1464463472366333,0.3952922821044922,0.5258742570877075,0.8246523141860962,-0.16081583499908447,0.05256527662277222,0.5397441387176514
230.13082824110967,2.4684833897862535,-0.5874293680586804,0.9989805638861293,2.1632592906178036,0.7430734132134378,-0.7572387526607781,-1.1454061269760132,0.37807542085647583,0.44965869188308716,0.8100371956825256,-0.15958505868911743,0.10144372284412384,0.555050790309906
230.29694367466314,2.4824497166095427,-0.5380464576627784,1.0488151939521715,2.1775167254670573,0.7710438911872325,-0.7808304892809003,-1.1390818357467651,0.3603140115737915,0.3749038577079773,0.7921320199966431,-0.15850558876991272,0.1494521051645279,0.5701464414596558
230.4630477858032,2.494032299789813,-0.4882152243207606,1.0980753040751177,2.1913857684046834,0.7982596647402327,-0.8037853388569175,-1.1277676820755005,0.3425600230693817,0.30282488465309143,0.7711345553398132,-0.1577361822128296,0.19574978947639465,0.5849383473396301
230.61235851288745,2.488359942448505,-0.4746435838674822,1.142868522200391,2.20907854592041,0.7856279405924695,-0.8478589109176972,-1.1189699172973633,0.340376615524292,0.2779652774333954,0.7528176307678223,-0.1601344645023346,0.20345158874988556,0.6051692962646484
230.77847318318882,2.478481410956828,-0.4709170938202402,1.1865194366303207,2.2276890790335595,0.7625119424414613,-0.8976933120081094,-1.1116302013397217,0.3422945737838745,0.26530706882476807,0.7355764508247375,-0.1642152965068817,0.1999734491109848,0.6260761022567749
230.94458835396483,2.468624077744201,-0.46719817734703045,1.2301650616369304,2.24628525514276,0.7394046131705317,-0.9475278632409124,-1.1042932271957397,0.3441654443740845,0.25260108709335327,0.7181767821311951,-0.16935420036315918,0.19535663723945618,0.6460472345352173
231.1107042935407,2.4587382675461247,-0.4634667193718436,1.2738164520988682,2.2649253993064464,0.716248107529832,-0.9973626451136701,-1.0969234704971313,0.3460182249546051,0.23979642987251282,0.7006608247756958,-0.17558184266090393,0.18967998027801514,0.6650314331054688
231.27682074428688,2.4486660957336426,-0.4596492648124695,1.3175013065338135,2.283740758895874,0.6929268836975098,-1.0471975803375244,-1.0894662141799927,0.347999632358551,0.22679491341114044,0.6830126643180847,-0.18301261961460114,0.18301282823085785,0.6830126643180847
231.3329603832521,2.4435708366123055,-0.4646060935924023,1.33434319822338,2.271855669436399,0.6980218247507446,-1.0471976334372066,-1.0796701908111572,0.3480859398841858,0.22499403357505798,0.6830127239227295,-0.1830126941204071,0.1830126792192459,0.6830126643180847
233.0843750216557,2.438488023935808,-0.46955104546359505,1.3511447355615078,2.2599990574832383,0.7031045579685645,-1.0471976864096582,-1.0698602199554443,0.348034143447876,0.22326624393463135,0.6830126643180847,-0.1830126941204071,0.18301261961460114,0.6830127239227295
234.2152953410987,2.4388425896148873,-0.47498544867242287,1.3517873044751088,2.264790775294278,0.7027500688879852,-1.047197573928975,-1.070514440536499,0.34801578521728516,0.22966492176055908,0.6830127239227295,-0.1830126941204071,0.18301266431808472,0.6830126643180847
235.1336051066531,2.4386169960741535,-0.4802367101615776,1.3539394462590444,2.267889828295567,0.7029757282857444,-1.0471974824593797,-1.070104718208313,0.3480328917503357,0.235132098197937,0.6830127239227295,-0.18301266431808472,0.18301264941692352,0.6830126047134399
236.80218865302442,2.4334607305758924,-0.4847673602427093,1.3702975912476658,2.256062431832675,0.7081319303390305,-1.0471975480891116,-1.0603528022766113,0.34804433584213257,0.23309776186943054,0.6830126643180847,-0.1830126941204071,0.1830126792192459,0.6830127239227295
237.7384484480047,2.4292327711312973,-0.48533557585847764,1.3826236377795675,2.244304577922881,0.7123598586087346,-1.0471975803375244,-1.052405834197998,0.34801560640335083,0.2281477004289627,0.6830126643180847,-0.1830127090215683,0.1830126792192459,0.6830126643180847
238.91157786148844,2.426613778248698,-0.48507448832606126,1.3899067611757723,2.2367602691462523,0.7149788446654838,-1.0471975675379952,-1.0475422143936157,0.34801292419433594,0.22453591227531433,0.6830126643180847,-0.18301266431808472,0.1830126941204071,0.6830126643180847
240.8406241668138,2.426324073133718,-0.4945912277824483,1.393427691963703,2.2427561186873266,0.7152685207178999,-1.0471975130411715,-1.0470296144485474,0.34803301095962524,0.23448428511619568,0.6830126047134399,-0.18301273882389069,0.1830126792192459,0.6830126643180847
242.65179611583247,2.4258550794969853,-0.5035747719361304,1.3972931664191472,2.247874227320267,0.7157374924144482,-1.047197465044767,-1.0461289882659912,0.34800320863723755,0.24361269176006317,0.6830126643180847,-0.18301273882389069,0.18301273882389069,0.6830126643180847
244.620018901536,2.4218818378014006,-0.5018874281968538,1.4078216108995372,2.2356584391006002,0.71971085235396,-1.0471975456631972,-1.038848876953125,0.3480210304260254,0.2368035763502121,0.6830127239227295,-0.1830127090215683,0.18301266431808472,0.6830126643180847
245.60460716695502,2.4186167871584896,-0.49829354532144243,1.415710721134604,2.224175445990122,0.7229759057328622,-1.0471976068837499,-1.032896637916565,0.34801584482192993,0.22896060347557068,0.6830126643180847,-0.1830126792192459,0.18301266431808472,0.6830126047134399
246.5852246341834,2.4153687191690714,-0.494793219385571,1.423362657550733,2.213023198476775,0.7262238991832594,-1.0471976439105433,-1.0270311832427979,0.3480185866355896,0.2214038074016571,0.6830127239227295,-0.18301261961460114,0.18301260471343994,0.6830126643180847
247.91505143685328,2.4101138894939167,-0.49723241901500337,1.4378184683603947,2.201006659659179,0.7314786926770979,-1.0471976439105433,-1.0176503658294678,0.348033607006073,0.21805024147033691,0.6830126047134399,-0.1830127090215683,0.18301260471343994,0.6830127239227295
248.70632751303262,2.407706041242766,-0.5036404769322578,1.4459575801020887,2.199275621484769,0.7338865423713056,-1.0471976264634844,-1.0133730173110962,0.3480238914489746,0.22215420007705688,0.6830126047134399,-0.1830127239227295,0.1830126941204071,0.6830127239227295
250.1769556470094,2.407556372021743,-0.5131936760307384,1.4490855612554074,2.205700810106024,0.7340362428685706,-1.0471975951872425,-1.013105869293213,0.3480214476585388,0.23211218416690826,0.6830126643180847,-0.1830127239227295,0.1830126792192459,0.6830126643180847
250.69678151619257,2.4055972475832044,-0.5158657354441334,1.4548724247500633,2.20258589195015,0.7359953804898433,-1.0471975302616001,-1.0096474885940552,0.3480159044265747,0.23277397453784943,0.6830126643180847,-0.18301273882389069,0.18301261961460114,0.6830127239227295
251.87592970406942,2.4014821716978414,-0.5140227769901293,1.464772249726478,2.190842956540122,0.7401104677866946,-1.04719750317985,-1.0024486780166626,0.3480161428451538,0.22637835144996643,0.6830127835273743,-0.1830127090215683,0.18301257491111755,0.6830126643180847
252.86957200816207,2.3960366973583667,-0.516434922032957,1.4789696251368807,2.1790576846362666,0.7455559835174598,-1.0471976372323246,-0.9930213093757629,0.3480091691017151,0.2232387363910675,0.683012843132019,-0.18301266431808472,0.18301254510879517,0.6830126643180847
253.86568054756455,2.391069851873078,-0.516046725994647,1.4907421902963767,2.1668969779027503,0.7505227727253898,-1.0471975537228209,-0.9845940470695496,0.3480653762817383,0.21792824566364288,0.6830126643180847,-0.1830126941204071,0.1830126941204071,0.6830127239227295
255.89018673949437,2.386086848410451,-0.5156572670898336,1.502553053575196,2.1546967103605885,0.7555057197275782,-1.0471974699416469,-0.9761190414428711,0.34801191091537476,0.21268987655639648,0.6830126643180847,-0.1830126941204071,0.1830126941204071,0.6830126643180847
257.54954247257314,2.3870523136308663,-0.5225150211725194,1.5023037898477816,2.161803811729734,0.7545402900635346,-1.0471974611282349,-0.9777436852455139,0.3480132818222046,0.220692977309227,0.6830126643180847,-0.18301278352737427,0.1830126941204071,0.6830126643180847
258.53865370607576,2.389353397009766,-0.5291141877592868,1.498697008193639,2.1720098242310266,0.7522392302840109,-1.0471975068524253,-0.9816303849220276,0.34801578521728516,0.22978845238685608,0.6830126643180847,-0.1830127090215683,0.1830127090215683,0.6830126643180847
260.00971982964825,2.3908973045953243,-0.5341275314184167,1.4963395678236908,2.1793806450026545,0.7506953290635369,-1.047197571295916,-0.984251081943512,0.34801894426345825,0.23656800389289856,0.6830126643180847,-0.1830126941204071,0.18301264941692352,0.6830126643180847
262.0258953029144,2.3853224714151273,-0.5360672403341741,1.5100384328791956,2.167621488862907,0.7562701870552083,-1.0471975140503453,-0.9748945832252502,0.34806692600250244,0.23314876854419708,0.6830127239227295,-0.1830126792192459,0.1830127239227295,0.6830126047134399
263.03400299178406,2.3799000730044924,-0.537489698469942,1.5232104428681053,2.1558719212636595,0.7616926115526572,-1.0471974611282349,-0.9657925963401794,0.34800416231155396,0.22943228483200073,0.6830127239227295,-0.18301273882389069,0.18301266431808472,0.6830126643180847
264.0560265217414,2.376404391219989,-0.5326645903612349,1.5298184339354453,2.1444386171632477,0.7651883343220339,-1.0471974611282349,-0.9600391983985901,0.3480162024497986,0.22129301726818085,0.6830127835273743,-0.1830127090215683,0.18301260471343994,0.6830126643180847
265.04314509746337,2.3720781774472353,-0.5296254871128028,1.5386159698667035,2.1326019259246203,0.7695145146617238,-1.0471974105406021,-0.9529769420623779,0.3480268716812134,0.21439629793167114,0.6830127835273743,-0.1830126941204071,0.18301266431808472,0.6830126047134399
266.032119240283,2.3670772752663876,-0.5281874888166139,1.5491807045393375,2.120599237222392,0.7745153471866814,-1.0471973587328345,-0.9448844194412231,0.34802567958831787,0.2087114006280899,0.6830126643180847,-0.1830127239227295,0.18301273882389069,0.6830126047134399
267.0284313668003,2.361147474172183,-0.5295626445904066,1.562131913103349,2.1090232484384885,0.7804451269454474,-1.0471974668305037,-0.9354991912841797,0.3481184244155884,0.20536884665489197,0.6830126643180847,-0.18301275372505188,0.18301263451576233,0.6830126643180847
268.03075871273234,2.3552024268431224,-0.5309413360557947,1.5751164207889163,2.097417496389193,0.7863901528842137,-1.047197575206105,-0.9260857105255127,0.34808558225631714,0.20210103690624237,0.6830126047134399,-0.1830126792192459,0.1830126941204071,0.6830126643180847
268.7826933895198,2.3529553645699157,-0.5334285772245113,1.5806781717379907,2.0943430272898045,0.7886372164408881,-1.0471976439105433,-0.9225044250488281,0.34801793098449707,0.2028253972530365,0.6830126643180847,-0.1830126941204071,0.18301261961460114,0.6830127239227295
270.8335663491011,2.357106792242259,-0.5378294469029181,1.5733951130622497,2.106026955643952,0.7844858292623771,-1.0471976439105433,-0.928997814655304,0.3480064272880554,0.21038736402988434,0.6830126643180847,-0.1830126941204071,0.18301254510879517,0.6830127239227295
272.25934384596246,2.360431338696085,-0.5435855637764647,1.56800338931043,2.1171747962693184,0.7811612505171545,-1.047197604918129,-0.9342631101608276,0.34801948070526123,0.21882344782352448,0.6830126047134399,-0.1830126941204071,0.1830126792192459,0.6830126643180847
272.97918287836677,2.359490879871092,-0.5490777752948087,1.5715048178986935,2.119165548092946,0.7821017008136405,-1.0471975492310714,-0.9327913522720337,0.34803736209869385,0.22362352907657623,0.6830126047134399,-0.18301273882389069,0.18301266431808472,0.6830127835273743
274.4062777622133,2.353160262002025,-0.5540219936645926,1.5862199811217543,2.109394531902762,0.7884323519764173,-1.0471974778941642,-0.9228294491767883,0.34802335500717163,0.2235715687274933,0.6830126643180847,-0.18301275372505188,0.1830126792192459,0.6830126643180847
275.5052462742147,2.353934874849891,-0.5641463524093172,1.5973516658724587,2.0879668587426194,0.7852250532710776,-1.0551498324471338,-0.9180713295936584,0.34130769968032837,0.2262975424528122,0.6897212266921997,-0.17748954892158508,0.1732201725244522,0.6802769899368286
276.5019010343072,2.3569180404083174,-0.5759636288077615,1.6074692207164323,2.06274140959635,0.779034266121147,-1.0656354098675853,-0.914876401424408,0.3325435519218445,0.22980670630931854,0.6983652710914612,-0.17003534734249115,0.16028031706809998,0.6765235066413879
277.4982888773498,2.359928741802729,-0.5878899834917806,1.6176801647221195,2.0372831192561414,0.7727863354784262,-1.0762177734483773,-0.9116435647010803,0.32376828789711,0.23324507474899292,0.7068527936935425,-0.16231821477413177,0.14719271659851074,0.6725668907165527
278.4941870309827,2.3629667955524063,-0.5999246896353465,1.6279838756055056,2.011593539222727,0.7664816421096067,-1.086896278270128,-0.9083734750747681,0.3149852156639099,0.23661337792873383,0.7151725888252258,-0.15433719754219055,0.1339617669582367,0.668402910232544
279.49032388259144,2.3660348163969784,-0.6120781050614829,1.6383892213865112,1.9856505594320664,0.7601147598000925,-1.0976801149239308,-0.905064582824707,0.30618882179260254,0.23991543054580688,0.7233205437660217,-0.1460840404033661,0.1205800473690033,0.6640234589576721
280.4868803881523,2.3691337194520963,-0.6243538548370416,1.6488993057255272,1.9594464417272075,0.753683789464466,-1.1085724999647562,-0.9017162322998047,0.2973785996437073,0.24315287172794342,0.7312872409820557,-0.13755494356155396,0.107047900557518,0.6594226956367493
281.48280033473344,2.372260780944244,-0.6367411492207755,1.6595048908087677,1.9330042181554645,0.747194383588902,-1.1195638595565203,-0.8983322381973267,0.28856509923934937,0.2463240623474121,0.7390538454055786,-0.12875665724277496,0.09338146448135376,0.6545998454093933
282.47896726806135,2.3754190403084965,-0.6492520283906955,1.6702162850319457,1.9062981874564209,0.7406402346134516,-1.1306648770592829,-0.8949099183082581,0.2797415256500244,0.2494332641363144,0.7466157674789429,-0.11967998743057251,0.07957223057746887,0.6495459079742432
283.4754494540808,2.3786092220211157,-0.6618893622298447,1.6810359454924582,1.8793222235070755,0.7340198390753488,-1.1418780989465138,-0.8914487957954407,0.27090850472450256,0.25248220562934875,0.7539619207382202,-0.1103222593665123,0.06562190502882004,0.644254744052887
284.47121452171774,2.3818283137460186,-0.6746412179080079,1.6919536557021675,1.852101798420596,0.7273394482976111,-1.153192937108834,-0.8879528045654297,0.2620762586593628,0.25546956062316895,0.7610726356506348,-0.10069241374731064,0.051549315452575684,0.6387268304824829
285.46772865210147,2.385081398201572,-0.6875277297042355,1.7029866539540326,1.8245939330692083,0.7205885144152474,-1.164627256876179,-0.8844166994094849,0.2532329857349396,0.2584015429019928,0.7679460048675537,-0.0907752588391304,0.037337496876716614,0.6329491138458252
286.4639181234357,2.388365227789608,-0.7005360328396723,1.7141239258568157,1.7968260889265926,0.7137737769767741,-1.1761696432126179,-0.8808444142341614,0.24438925087451935,0.2612766921520233,0.7745614647865295,-0.08058124035596848,0.02300707995891571,0.6269223690032959
287.4598821215746,2.3916804479952027,-0.7136686842879171,1.7253676606053656,1.7687928078139505,0.706893896445164,-1.1878223649442097,-0.8772352337837219,0.23554553091526031,0.2640974819660187,0.7809070944786072,-0.07010939717292786,0.008561044000089169,0.6206412315368652
288.4563943893132,2.395029856901337,-0.7269367681538615,1.7367273480377257,1.7404704293280855,0.6999430661242023,-1.1995952570985915,-0.8735862970352173,0.22669602930545807,0.26686790585517883,0.7869737148284912,-0.05935214087367058,-0.006005940027534962,0.6140956878662109
289.45203773308964,2.3984088530642262,-0.7403220566415737,1.7481873821277012,1.7118978629709698,0.6929308351181853,-1.211472145985735,-0.8699028491973877,0.21785442531108856,0.26958614587783813,0.79273921251297,-0.048325952142477036,-0.0206668209284544,0.6072906255722046
290.48622189463754,2.402866102291289,-0.755050467357783,1.75428797549428,1.6849721675831155,0.6896224178116742,-1.2148061259730594,-0.8676430583000183,0.21019788086414337,0.27412715554237366,0.7994035482406616,-0.037915315479040146,-0.032546039670705795,0.5987129211425781
291.6078726252027,2.4096050879372712,-0.7724843090491516,1.7486259821062433,1.6620344076427473,0.6944293829313364,-1.1994859010956787,-0.8685768246650696,0.2051479071378708,0.28266221284866333,0.8083919286727905,-0.029399435967206955,-0.038416147232055664,0.5866534113883972
292.6037914541967,2.4164026449771105,-0.7900696756823721,1.7429147779226701,1.638897285863336,0.6992781274317648,-1.1840325216202006,-0.8696078062057495,0.20016252994537354,0.2912219166755676,0.817152202129364,-0.020950300619006157,-0.04457339644432068,0.5743138194084167
293.5995907945044,2.4232481154932546,-0.8077789950890016,1.7371633175640153,1.61559707903298,0.7041610489465776,-1.1684702169636627,-0.8707432746887207,0.19525393843650818,0.29981133341789246,0.8256562948226929,-0.012588116340339184,-0.051017504185438156,0.5617208480834961
294.59584238505437,2.430132122227514,-0.8255880081826781,1.7313794796601885,1.5921657049073406,0.7090714586125835,-1.1528203051272816,-0.871989369392395,0.19043134152889252,0.3084392845630646,0.8338794112205505,-0.0043302676640450954,-0.05774771422147751,0.5489001274108887
295.59196861958577,2.437036054924532,-0.8434485699957814,1.725578900265087,1.5686665079706206,0.7139960816057855,-1.1371250941544429,-0.8733493089675903,0.18570923805236816,0.3171041011810303,0.8417882919311523,0.003795631229877472,-0.06475228816270828,0.5358965992927551
296.5880044226952,2.4439444518733198,-0.8613206808850675,1.719774570073452,1.5451521158783115,0.7189238889806837,-1.1214197342742445,-0.874824583530426,0.18109707534313202,0.3258081376552582,0.8493562340736389,0.0117676742374897,-0.07201939076185226,0.522750973701477
297.5841365245588,2.4508422130753065,-0.8791652769619261,1.7139791758747434,1.5216739251106124,0.7238441098037505,-1.105738553408707,-0.8764150142669678,0.17660284042358398,0.3345545828342438,0.8565606474876404,0.019565775990486145,-0.07953526824712753,0.5095046758651733
298.5804473472245,2.457713243999721,-0.8969407214702795,1.7082062400492712,1.498286717277481,0.728745263734754,-1.0901181404220384,-0.8781176805496216,0.1722324788570404,0.3433445990085602,0.8633809089660645,0.02717054821550846,-0.08728203922510147,0.49620261788368225
299.57616407921984,2.464536046869659,-0.9145913993874863,1.7024738247026834,1.4750636652378326,0.733612016260585,-1.074607367769806,-0.8799262046813965,0.16799405217170715,0.35217127203941345,0.8697950839996338,0.03455853834748268,-0.09523271769285202,0.48290055990219116
300.57197850695326,2.4713001421270953,-0.9320901999634736,1.6967907346004674,1.452040438690175,0.7384368922399478,-1.0592300593913953,-0.8818346261978149,0.16388694941997528,0.36103999614715576,0.8757957220077515,0.041720256209373474,-0.10337008535861969,0.4696335792541504
301.56801496198847,2.477992521743516,-0.9494034712628101,1.6911678988906158,1.4292613135910144,0.7432106129560401,-1.0440157873815572,-0.8838345408439636,0.15991097688674927,0.36995071172714233,0.8813760280609131,0.04864457994699478,-0.11167150735855103,0.45644211769104004
302.5643663903184,2.484601424482475,-0.966500786817023,1.6856151991853603,1.4067663221399092,0.7479247890374742,-1.0289912894121989,-0.8859160542488098,0.15606428682804108,0.3789029121398926,0.8865330815315247,0.05532357469201088,-0.12011412531137466,0.4433633089065552
303.56103484085276,2.4911164003956165,-0.9833551124766289,1.6801414153725962,1.384591033251733,0.7525719664637363,-1.0141803221088987,-0.8880683183670044,0.1523435264825821,0.38789504766464233,0.8912677764892578,0.06175144016742706,-0.1286744326353073,0.43043169379234314
304.55746757364346,2.497525288157478,-0.9999349867377729,1.6747567652132709,1.3627768409253278,0.7571434704771726,-0.9996105326949463,-0.8902782201766968,0.1487455666065216,0.39692050218582153,0.8955826759338379,0.06792248040437698,-0.1373249739408493,0.4176841974258423
305.55295566594674,2.5038175653420742,-1.0162131879504241,1.6694700894898822,1.3413595607706237,0.7616317953584749,-0.9853058425645695,-0.8925327658653259,0.14526668190956116,0.40597113966941833,0.8994841575622559,0.0738334134221077,-0.14603881537914276,0.4051538407802582
306.54864427200033,2.509995750491552,-1.0321962316151903,1.6642792721615698,1.3203306203231298,0.766038737601194,-0.9712605261332266,-0.8948222994804382,0.14189592003822327,0.415056049823761,0.9029879570007324,0.079493947327137,-0.15480633080005646,0.39284640550613403
307.54445953792407,2.5160565332641522,-1.0478755538357805,1.6591870945272031,1.2997012871279316,0.7703619359156331,-0.9574821090409522,-0.8971352577209473,0.13862565159797668,0.4241730868816376,0.9061071276664734,0.08490845561027527,-0.16360938549041748,0.3807785212993622
308.718074935448,2.522425760920899,-1.060148821125323,1.6545441274908286,1.2872003907517342,0.7724746630423629,-0.9452038098006735,-0.8992847204208374,0.13435855507850647,0.4327537417411804,0.9079784154891968,0.08838169276714325,-0.16946618258953094,0.37288734316825867
310.2227989004729,2.529558313436784,-1.0661393000037003,1.6506511916974387,1.2901293825647753,0.7703579058033673,-0.9355140431788374,-0.9010076522827148,0.12796109914779663,0.44018879532814026,0.9079815149307251,0.08840657025575638,-0.16945096850395203,0.3728807270526886
310.7503360009408,2.529933001441034,-1.069942385369312,1.654752680574501,1.2894649128095523,0.7702538498256726,-0.9350064606434728,-0.898667573928833,0.12592263519763947,0.44152987003326416,0.9079827070236206,0.08840948343276978,-0.16944853961467743,0.3728785812854767
312.304790623006,2.522081571458468,-1.0710901521935792,1.6685945467955516,1.284424527430279,0.772599801436465,-0.9456760406545544,-0.8914220333099365,0.12912514805793762,0.4354894757270813,0.9079819321632385,0.08838556706905365,-0.16946080327033997,0.37288030982017517
313.274765971568,2.514811574544429,-1.0742014800787032,1.683832455281952,1.2793673598225297,0.7748138918790066,-0.955547208260542,-0.8832630515098572,0.13095471262931824,0.4305732846260071,0.9079767465591431,0.08837349712848663,-0.16947171092033386,0.37289074063301086
314.4559910730205,2.5084260117590147,-1.0801627008811308,1.7010320860156523,1.2743107366553528,0.7768246060326195,-0.9642044420554746,-0.8738692998886108,0.13084015250205994,0.42725610733032227,0.9079752564430237,0.08837421238422394,-0.16947278380393982,0.372893750667572
315.5956908089299,2.5005976290142544,-1.0769703970009623,1.709305252379392,1.2703517291984128,0.7793606964162422,-0.9747494726239533,-0.8695114254951477,0.13586550951004028,0.42031651735305786,0.9079787135124207,0.08837255835533142,-0.16947025060653687,0.37288692593574524
316.3943206023487,2.496462573890554,-1.0789544888421079,1.7180254452290629,1.2675769674775248,0.7807014894167755,-0.980315236811828,-0.8647125363349915,0.1366254985332489,0.4177758991718292,0.9079751968383789,0.08837348967790604,-0.16947321593761444,0.37289392948150635
317.9872811126117,2.498084251723666,-1.0901616200607969,1.7288594949734624,1.2663954204208858,0.7801697245939863,-0.978129192756028,-0.858504593372345,0.13026338815689087,0.42227375507354736,0.9079762101173401,0.08837097883224487,-0.1694735288619995,0.37289193272590637
319.4275863932466,2.490586601322147,-1.0908773985052969,1.7410836126332283,1.262006468915697,0.7826649420764543,-0.9881626151143933,-0.8517963290214539,0.13300108909606934,0.4169221520423889,0.907978892326355,0.08836940675973892,-0.16947178542613983,0.3728865087032318
320.6762025581968,2.4811689630702833,-1.0856942149804556,1.755845008943535,1.2558485923515503,0.7710759951699679,-0.9852715236487528,-0.8471959233283997,0.13540777564048767,0.40870144963264465,0.9058154225349426,0.07874087244272232,-0.1702130287885666,0.37990236282348633
321.67245480067254,2.4710944624737783,-1.0779124479229516,1.7720779342188568,1.2488459834420291,0.7517963667211632,-0.9749348392606909,-0.8435911536216736,0.13717958331108093,0.3995845317840576,0.9022268652915955,0.06387238949537277,-0.17134329676628113,0.3905743956565857
322.6686400810552,2.4607781678805787,-1.0699439138351463,1.7887004593401228,1.241675307760433,0.7320540157410761,-0.964350068309249,-0.8397997617721558,0.13891690969467163,0.39053767919540405,0.8982153534889221,0.04857296869158745,-0.17249247431755066,0.40136757493019104
323.66475914440275,2.4502034237002253,-1.0617757475706313,1.8057394212659252,1.2343249882975567,0.7118170683325759,-0.9535001217506346,-0.8358158469200134,0.14062076807022095,0.3815682530403137,0.8937476873397827,0.032821450382471085,-0.17366187274456024,0.41228559613227844
324.66075816027046,2.4393525703381838,-1.0533943084680488,1.823223274694908,1.226782750178548,0.6910517292302888,-0.9423668804082824,-0.8316332697868347,0.14229196310043335,0.37268486618995667,0.8887866139411926,0.016596205532550812,-0.1748526245355606,0.4233313798904419
325.6565107481849,2.428206722990019,-1.0447850094868163,1.8411824484921353,1.2190354669066108,0.6697218584777611,-0.9309309680102561,-0.8272454738616943,0.1439318209886551,0.3638979196548462,0.8832917809486389,-0.0001250870554940775,-0.17606593668460846,0.43450701236724854
326.65187944493414,2.4167455221711935,-1.0359321245108293,1.8596497476575145,1.2110689869606412,0.6477884940149363,-0.9191714952267126,-0.8226456642150879,0.1455424427986145,0.3552190065383911,0.8772181272506714,-0.017365699633955956,-0.1773032397031784,0.4458140730857849
327.64692739418865,2.404943923247995,-1.026816308511148,1.8786655263171592,1.2028659022544024,0.625203707785432,-0.9070627656499917,-0.8178247213363647,0.14712631702423096,0.34665969014167786,0.8705141544342041,-0.035154253244400024,-0.17856603860855103,0.4572561979293823
328.6447382981253,2.392736786738824,-1.0173872463116307,1.8983347429578104,1.194380935475154,0.6018428419969779,-0.8945379445763733,-0.8127576112747192,0.14869245886802673,0.33820781111717224,0.8630983233451843,-0.05357826128602028,-0.17986038327217102,0.46887174248695374
329.6418446565342,2.3801350643160624,-1.0076533972262203,1.9186397512775284,1.1856216989385504,0.5777268549266011,-0.8816082686899835,-0.8074505925178528,0.15023931860923767,0.3299093246459961,0.8549284338951111,-0.07260749489068985,-0.18118348717689514,0.48062238097190857
330.6377177575898,2.3671134883985165,-0.997595244016413,1.9396212646351014,1.176570629591466,0.5528073918620722,-0.8682478128335862,-0.8018956184387207,0.15177223086357117,0.3217872083187103,0.8459373116493225,-0.09226343780755997,-0.18253691494464874,0.49250149726867676
331.6317593196702,2.3536458839486682,-0.9871925685043701,1.9613214585631082,1.1672095336237778,0.5270343614868869,-0.854429720777526,-0.7960846424102783,0.15329769253730774,0.3138677775859833,0.836051344871521,-0.11256565153598785,-0.18392182886600494,0.5044996738433838
332.6299733931494,2.3396098319825414,-0.9763508115595833,1.9839375853422077,1.1574533197438959,0.500173489902948,-0.8400283876455771,-0.7899682521820068,0.15483348071575165,0.30612993240356445,0.825114369392395,-0.13367341458797455,-0.18534880876541138,0.5166850090026855
333.6257324071896,2.3250551907299757,-0.9651084847813911,2.007389308988338,1.1473366435341137,0.47232019108509327,-0.825094969202838,-0.7835718989372253,0.15638123452663422,0.29865700006484985,0.8130926489830017,-0.15548141300678253,-0.18681097030639648,0.5289682745933533
334.6215738432777,2.3099029455626283,-0.9534045555234592,2.0318039448503122,1.1368045833102127,0.44332325429469804,-0.8095483945051561,-0.7768658399581909,0.15795812010765076,0.2914658784866333,0.7998446226119995,-0.1780710220336914,-0.18831394612789154,0.5413658618927002
335.6178535597694,2.294103547183123,-0.9412007508127158,2.0572613311329158,1.1258226982234445,0.4130878567627169,-0.7933378247597082,-0.7698332667350769,0.15958172082901,0.2845982611179352,0.7852401733398438,-0.2014709860086441,-0.18986018002033234,0.5538594126701355
336.6141118558419,2.277622761477458,-0.9284706274624211,2.0838166288646427,1.114367192740777,0.38154848447265804,-0.7764281349269597,-0.762464702129364,0.16127188503742218,0.27810975909233093,0.7691535353660583,-0.22567729651927948,-0.19145020842552185,0.566409170627594
338.29858324905547,2.2604602018939417,-0.9152138868915003,2.1114704608917236,1.1024377981769007,0.34870439767837524,-0.7588189283954065,-0.754766583442688,0.1630488932132721,0.2720722556114197,0.7514863610267639,-0.2506255805492401,-0.1930811107158661,0.5789427161216736
338.4628010522512,2.2729948383357703,-0.9269036441683506,2.1042142652449436,1.0950286198581543,0.37608714664159043,-0.7095535874366761,-0.7540162205696106,0.154781311750412,0.27265167236328125,0.7586719989776611,-0.25434431433677673,-0.17471028864383698,0.5737611651420593
338.6270208290406,2.2855261858749456,-0.9385901289341844,2.0969601477903965,1.0876212655934614,0.40346242403565674,-0.6602876543998718,-0.7532302141189575,0.14693444967269897,0.2731706500053406,0.7657368183135986,-0.2586077153682709,-0.1568562239408493,0.5675960779190063
338.79124060582996,2.298055559646663,-0.9502749537365164,2.089706957361393,1.0802149537827979,0.43083384162134297,-0.6110217213630676,-0.7524287104606628,0.13950863480567932,0.27365079522132874,0.7726528644561768,-0.2634130120277405,-0.13957403600215912,0.5604822039604187
338.9554603826193,2.310584584994873,-0.9619591449520851,2.0824541392567686,1.0728091058720193,0.4582038714810175,-0.5617557883262634,-0.7516312003135681,0.13250233232975006,0.2741137146949768,0.7793918251991272,-0.268756628036499,-0.1229160949587822,0.552457869052887
339.1196801594087,2.323113081774049,-0.9736429805839094,2.0752018220053787,1.065403545743289,0.4855729145954262,-0.5124898552894592,-0.7508565783500671,0.12591338157653809,0.2745813727378845,0.7859246730804443,-0.2746349573135376,-0.1069331169128418,0.5435652732849121
339.28389993619805,2.3356414037832827,-0.985326625697547,2.0679495910361037,1.0579980750001652,0.5129415342999307,-0.4632239222526551,-0.7501227855682373,0.11973781883716583,0.2750759422779083,0.7922224402427673,-0.28104281425476074,-0.09167279303073883,0.5338488817214966
339.4481197129874,2.348169650142709,-0.9970101030429557,2.060697691773689,1.050592700793554,0.5403098523744002,-0.41395798921585086,-0.7494467496871948,0.11397064477205276,0.2756192982196808,0.7982558608055115,-0.28797388076782227,-0.07718014717102051,0.5233563184738159
339.6123394897768,2.360697799771468,-1.008693523030895,2.05344587912517,1.0431874624894486,0.5676780276436655,-0.36469205617904665,-0.7488449811935425,0.1086055189371109,0.2762340307235718,0.8039962649345398,-0.2954203486442566,-0.06349755078554153,0.5121374726295471
339.77655926656615,2.373225948264789,-1.0203768812993925,2.046194087613887,1.0357821524757902,0.5950462137479609,-0.31542612314224244,-0.7483324408531189,0.10363412648439407,0.2769419550895691,0.8094154000282288,-0.3033730685710907,-0.050663962960243225,0.5002445578575134
339.9407790433555,2.385753974824533,-1.0320601266018845,2.0389424853241973,1.028376867045867,0.6224144265983317,-0.26616019010543823,-0.7479230165481567,0.09904753416776657,0.27776530385017395,0.8144848942756653,-0.3118218779563904,-0.03871520236134529,0.4877321422100067
340.1049988201449,2.3982820056309317,-1.0437434190735249,2.0316908637618263,1.020971648761133,0.6497828117825851,-0.21689425706863408,-0.7476299405097961,0.09483496844768524,0.2787260413169861,0.8191772103309631,-0.3207545280456543,-0.02768387645483017,0.47465643286705017
340.26921863212675,2.4108101989424755,-1.0554267339238679,2.0244391855132,1.013566364621672,0.6771513946821807,-0.16762831347407614,-0.7474647164344788,0.09098473936319351,0.2798459529876709,0.8234654664993286,-0.3301580846309662,-0.017599262297153473,0.46107548475265503
340.43343839081695,2.4233384762037438,-1.0671101980754443,2.0171875653055453,1.0061609998755379,0.7045200766144892,-0.11836238586701378,-0.7474377155303955,0.08748390525579453,0.28114640712738037,0.8273226618766785,-0.340018093585968,-0.008486825972795486,0.44704896211624146
340.59765812861207,2.4358666753200664,-1.0787936277006125,2.0099359375982866,0.9987556139298142,0.7318889755406064,-0.06909646452848203,-0.7475579380989075,0.08431871235370636,0.282648503780365,0.8307231664657593,-0.350318968296051,-0.0003686979180201888,0.43263787031173706
340.76187784908416,2.4483951230719705,-1.09047723072316,2.002684332121594,0.9913501645386407,0.7592581354836042,-0.019830548386862816,-0.747832715511322,0.08147387951612473,0.28437289595603943,0.8336416482925415,-0.36104339361190796,0.006736994720995426,0.41790398955345154
340.9260976042602,2.460923727086939,-1.1021609326229083,1.9954326946658503,0.9839446431736751,0.7866275252284162,0.029435378165939146,-0.7482687830924988,0.07893383502960205,0.28633973002433777,0.8360536694526672,-0.37217339873313904,0.01281545776873827,0.4029105603694916
341.0903173825785,2.473452312728464,-1.113844623822731,1.9881809975285971,0.9765390840609813,0.8139971474525182,0.07870131166143426,-0.748870849609375,0.07668203860521317,0.28856852650642395,0.8379355072975159,-0.3836894929409027,0.017855843529105186,0.38772088289260864
341.2545370979364,2.485981107350508,-1.1255285061561842,1.9809293176582592,0.9691334683851106,0.8413670173604328,0.12796722626880197,-0.7496418356895447,0.07470104098320007,0.29107874631881714,0.8392643928527832,-0.3955712914466858,0.02185126766562462,0.37239912152290344
341.41875683038455,2.498510126507624,-1.137212512845506,1.9736775681254064,0.9617277514871208,0.8687371144619286,0.17723314600323775,-0.7505840063095093,0.07297325134277344,0.2938883304595947,0.8400184512138367,-0.4077969491481781,0.024798158556222916,0.3570094704627991
341.58297656293223,2.5110393679665997,-1.1488967737660876,1.966425685640956,0.9543220141647548,0.896107454789086,0.22649906576754048,-0.7516975998878479,0.07147975265979767,0.2970152497291565,0.840176522731781,-0.420343816280365,0.026697300374507904,0.3416161835193634
341.7471963838918,2.523568649898244,-1.1605811785242477,1.9591737797310624,0.9469161468255406,0.9234782018127166,0.2757650120554037,-0.7529811859130859,0.07020187377929688,0.30047622323036194,0.8397190570831299,-0.43318817019462585,0.027553120627999306,0.32628321647644043
341.9114160106372,2.5360984003989584,-1.172265731580511,1.9519216510039459,0.9395101756801782,0.9508491790153076,0.3250309000790245,-0.7544323205947876,0.06912029534578323,0.3042874336242676,0.8386270403862,-0.44630491733551025,0.027373697608709335,0.3110741674900055
342.0756356093097,2.5486281607333994,-1.183950343810531,1.9446694628352503,0.9321041269640433,0.9782204535930874,0.3742967796807737,-0.7560468316078186,0.06821594387292862,0.3084639310836792,0.8368826508522034,-0.45966896414756775,0.026170911267399788,0.2960520088672638
342.23985526461166,2.5611579174037145,-1.195635172801656,1.9374172192556283,0.9246980009882244,1.005592124547054,0.42356267627135724,-0.7578187584877014,0.06746895611286163,0.3130199909210205,0.8344693779945374,-0.4732534885406494,0.02396051026880741,0.2812786102294922
342.40407504859394,2.5736880025390367,-1.2073201966068305,1.9301649101884033,0.9172918063811474,1.0329641223672659,0.4728286114660434,-0.7597413659095764,0.06685961782932281,0.31796902418136597,0.8313719034194946,-0.48703110218048096,0.020761748775839806,0.2668150067329407
342.56829479432906,2.586218378565357,-1.2190053559786258,1.9229124496228531,0.9098854996629032,1.0603364560553494,0.5220945351865753,-0.7618056535720825,0.06636840105056763,0.3233233392238617,0.8275759816169739,-0.500973641872406,0.016597382724285126,0.2527206540107727
342.73251452215817,2.598748860190853,-1.2306906857307356,1.9156598453781148,0.9024790727867481,1.0877093060239291,0.5713604535353007,-0.7640019059181213,0.06597591936588287,0.32909417152404785,0.8230688571929932,-0.5150522589683533,0.011493726633489132,0.23905374109745026
342.8967344295175,2.6112795852408195,-1.2423762745076938,1.9084072336490365,0.8950725981387609,1.1150827356085435,0.6206264257431029,-0.7663185000419617,0.06566305458545685,0.33529144525527954,0.8178386688232422,-0.5292375087738037,0.005480536259710789,0.22587041556835175
343.06095415537374,2.6238105661599223,-1.254062110275317,1.9011545527313345,0.8876660547816703,1.1424565958100297,0.6698923434999803,-0.7687431573867798,0.0654105693101883,0.3419244885444641,0.8118754625320435,-0.5434989333152771,-0.0014091188786551356,0.21322526037693024
343.2251738331737,2.636341684360162,-1.2657480120054012,1.8939018121762738,0.8802593672303661,1.1698310086742174,0.719158246839977,-0.7712612748146057,0.06520021706819534,0.3490011692047119,0.8051702380180359,-0.5578062534332275,-0.009139194153249264,0.20117059350013733
343.3893937077378,2.6488729127483297,-1.2774341479644555,1.8866491037110062,0.8728525248954135,1.1972060445207187,0.7684242092092098,-0.7738581299781799,0.06501403450965881,0.3565276563167572,0.7977153658866882,-0.5721279382705688,-0.017670413479208946,0.1897563934326172
343.5536132756165,2.6614044131513874,-1.2891205708615343,1.8793960138137682,0.8654455708434531,1.2245818129878925,0.8176900795728289,-0.7765176296234131,0.06483469903469086,0.3645104169845581,0.7895050048828125,-0.5864325165748596,-0.026961123570799828,0.1790301650762558
343.71783291609984,2.673936161289631,-1.3008073812265997,1.8721427995779507,0.8580384769322483,1.2519583033784543,0.8669559717178343,-0.7792218923568726,0.06464524567127228,0.37295329570770264,0.7805342078208923,-0.6006880402565002,-0.036966245621442795,0.16903702914714813
343.8820526928892,2.6864681025347816,-1.3124945988734136,1.8648895077312324,0.8506311481606208,1.2793356866845225,0.9162219047546385,-0.7819526791572571,0.0644298791885376,0.3818594217300415,0.7708001136779785,-0.614862322807312,-0.04763859882950783,0.15981902182102203
344.04627246967857,2.6990004516802335,-1.3241821559655396,1.8576358671813393,0.8432235343314333,1.306714118300199,0.9654878377914429,-0.7846909165382385,0.06417331099510193,0.39123043417930603,0.7603005170822144,-0.6289227604866028,-0.058928482234478,0.15141545236110687
344.21049224646794,2.7115334583199515,-1.3358704334576115,1.850382108518019,0.8358157278411973,1.3340936003739374,1.014753770828247,-0.787415623664856,0.06386056542396545,0.401067316532135,0.7490355968475342,-0.6428365111351013,-0.07078377902507782,0.14386263489723206
344.3747120232573,2.7240670561240172,-1.3475595545474246,1.8431276818422864,0.8284074731768297,1.361474912079184,1.0640197038650512,-0.7901067137718201,0.06347915530204773,0.41136977076530457,0.7370062470436096,-0.6565710306167603,-0.08315114676952362,0.13719329237937927
344.53893180004667,2.736601767292924,-1.3592498042656234,1.8358727176065897,0.8209987116146386,1.3888581181608333,1.1132856369018553,-0.7927420735359192,0.06301568448543549,0.42213571071624756,0.7242153882980347,-0.6700933575630188,-0.09597465395927429,0.13143743574619293
344.70315157683604,2.749139053827713,-1.370941999887479,1.8286162217038469,0.8135886551938015,1.416245989721995,1.1625515699386595,-0.7952998876571655,0.062458962202072144,0.4333629012107849,0.7106673717498779,-0.6833701729774475,-0.10919833183288574,0.12662069499492645
344.86736936680387,2.761680841445923,-1.382637858390808,1.8213573694229126,0.8061764240264893,1.443642020225525,1.2118169069290161,-0.7977575063705444,0.06179803982377052,0.4450489282608032,0.6963682174682617,-0.6963681578636169,-0.12276545912027359,0.12276545912027359
344.91805423700646,2.7605679648292485,-1.37420031577283,1.806151908362131,0.8130459038010622,1.4432733192647687,1.210758599983756,-0.8062508702278137,0.06599973142147064,0.44814908504486084,0.6963659524917603,-0.696366012096405,-0.1227777749300003,0.12277783453464508
345.8622602731198,2.7615283267506103,-1.3699913715258152,1.792471713964793,0.8223823930479693,1.4435739409175472,1.2116778853688204,-0.8122841119766235,0.06770528852939606,0.4536958336830139,0.6963648200035095,-0.6963647603988647,-0.12278450280427933,0.12278451025485992
346.9870072586389,2.7657587240914294,-1.3724863764930417,1.7812763139460728,0.8355654853374537,1.4449304312950297,1.2157166889120838,-0.8143736124038696,0.0654098242521286,0.46317213773727417,0.696365237236023,-0.6963647603988647,-0.12278357148170471,0.12278354167938232
347.9829885793777,2.7699686187625083,-1.3749692893897787,1.7701351725632923,0.8486846856173713,1.4462803474261765,1.219735918347167,-0.8163310885429382,0.06306383013725281,0.47265172004699707,0.6963648796081543,-0.6963645815849304,-0.12278472632169724,0.12278465181589127
348.74520273050643,2.7737694157665986,-1.3760205321424717,1.7669448879966574,0.852474715013759,1.4475006136997022,1.2233636138482264,-0.8168631196022034,0.060458775609731674,0.4756149351596832,0.6963645815849304,-0.6963645219802856,-0.12278592586517334,0.12278593331575394
350.6533489769739,2.776810345371097,-1.374392029419787,1.7786411507040942,0.8387976305606013,1.4484800917120266,1.2262640486025729,-0.8148339986801147,0.057437997311353683,0.46633636951446533,0.6963649392127991,-0.6963645219802856,-0.12278478592634201,0.12278476357460022
351.65001044258895,2.779854580848323,-1.3727617563099386,1.7903501287193258,0.82510567739742,1.449460634540072,1.229167636494085,-0.8126798272132874,0.05438472330570221,0.45709675550460815,0.6963649392127991,-0.6963645815849304,-0.12278475612401962,0.12278474122285843
352.77857219070285,2.7851616527942964,-1.3716307387867162,1.7997126194157103,0.8140112475693225,1.451174594713918,1.234225737589903,-0.8109402656555176,0.049856241792440414,0.4498398005962372,0.6963658332824707,-0.6963646411895752,-0.12278208136558533,0.12278211116790771
354.06932526729264,2.7989637472426114,-1.3723809401192157,1.8002212343502868,0.8127201159887235,1.455641930488395,1.2473721843257795,-0.811104953289032,0.03989098593592644,0.4498959481716156,0.6963673233985901,-0.6963640451431274,-0.12277940660715103,0.12277956306934357
355.1190622298108,2.803555324484454,-1.3782121455329397,1.8105327734965466,0.8077475397494487,1.4571344200051897,1.251745150321461,-0.805366575717926,0.034551952034235,0.4478299021720886,0.6963669657707214,-0.6963652968406677,-0.12277676910161972,0.12277710437774658
356.64758679091165,2.802979996651794,-1.3868596313408876,1.8262816639579038,0.8007374695998899,1.456958045158678,1.251196382465687,-0.796366274356842,0.03179779648780823,0.4445447325706482,0.6963680386543274,-0.6963679790496826,-0.12276629358530045,0.12276627123355865
358.094053747742,2.815873900467739,-1.388283558135706,1.8282449096671127,0.7988467447019805,1.4611577101573887,1.263462278672973,-0.7954780459403992,0.022411838173866272,0.44420740008354187,0.6963695883750916,-0.6963685750961304,-0.12276028841733932,0.12276007235050201
358.9432337087037,2.8256959227814997,-1.384343137702725,1.820610391213514,0.8015070009079127,1.464355076069214,1.2728037689860547,-0.7999829053878784,0.01699809357523918,0.4458690881729126,0.6963679790496826,-0.6963667869567871,-0.12276992201805115,0.12276996672153473
360.14907077255606,2.8312200727813206,-1.3755945630184,1.8044488147191853,0.8083349021438444,1.4661517747189667,1.2780544112855068,-0.8093112111091614,0.01609850861132145,0.449258416891098,0.6963666081428528,-0.6963639259338379,-0.12278145551681519,0.12278186529874802
361.27156000698625,2.8292300647479123,-1.3755418872724077,1.7920846457233384,0.8208400848662253,1.465499182841145,1.276164511352266,-0.8128139972686768,0.018649674952030182,0.4574609398841858,0.6963661909103394,-0.6963639259338379,-0.12278304994106293,0.12278342247009277
362.2682142082852,2.8258144962134497,-1.3771414427606403,1.7804549544602328,0.8344107836851932,1.4643819240307097,1.2729199308161592,-0.8150957226753235,0.021848490461707115,0.4666202664375305,0.6963656544685364,-0.6963642239570618,-0.12278363853693008,0.12278381735086441
363.3117138311028,2.822402326991573,-1.3787394063062584,1.7688368375384058,0.8479679763932967,1.4632657771616389,1.2696785794184346,-0.8172511458396912,0.02502305991947651,0.4758186936378479,0.6963647603988647,-0.6963644623756409,-0.12278550118207932,0.1227855458855629
364.25713977127094,2.818840083026262,-1.3740296186516499,1.7555120951309156,0.8569471325824372,1.4621026390045595,1.2662923267369954,-0.8231577277183533,0.02958102524280548,0.480905681848526,0.6963645815849304,-0.6963645219802856,-0.1227860078215599,0.12278596311807632
365.48666556870023,2.815188524816318,-1.365965423889707,1.7412465832714643,0.8635258856819951,1.4609114033335149,1.2628199852522737,-0.8310600519180298,0.03493092581629753,0.48377543687820435,0.6963644623756409,-0.6963644623756409,-0.12278646230697632,0.12278648465871811
366.68639664950143,2.8236667241899243,-1.3578678923584313,1.7262428161407521,0.8695647254926664,1.4636798384682654,1.270880197982705,-0.8395941257476807,0.03146013990044594,0.4868854880332947,0.6963649988174438,-0.6963645815849304,-0.12278445810079575,0.12278445810079575
367.5567603526683,2.8231345273689623,-1.3510863725475777,1.7140321449786393,0.8750464409792575,1.4635055408636777,1.2703746465230534,-0.8463408350944519,0.03408307582139969,0.48933351039886475,0.6963648200035095,-0.6963646411895752,-0.12278502434492111,0.12278500199317932
368.69083832187744,2.814191776141696,-1.345614769642384,1.7046017511708709,0.8799284599866974,1.4605880427407132,1.2618709378374904,-0.851281464099884,0.04253854975104332,0.4911308288574219,0.6963648796081543,-0.6963645815849304,-0.12278497219085693,0.12278485298156738
370.2204456272484,2.8056753919912176,-1.3423388418065603,1.699148689163618,0.8830036602958263,1.4578153779267207,1.25376850920199,-0.8539717793464661,0.05000147596001625,0.4921175241470337,0.6963644623756409,-0.6963644027709961,-0.12278652936220169,0.12278648465871811
372.1270639047036,2.803795603721014,-1.3515228847195555,1.7158612690558885,0.8756776650943882,1.4572047081986708,1.251979193174194,-0.8447573781013489,0.04821375384926796,0.48877227306365967,0.6963644623756409,-0.6963644623756409,-0.12278639525175095,0.12278641015291214
373.12260402390996,2.798510046897551,-1.3601568651243192,1.7317521935496176,0.8689998858350906,1.4554909947410195,1.2469457761938778,-0.8358238339424133,0.04904831945896149,0.4855124354362488,0.6963649392127991,-0.6963645219802856,-0.1227848082780838,0.12278478592634201
374.26814406159633,2.7889546301464194,-1.365310368882162,1.7416259086673964,0.8653417820463628,1.452397970305677,1.2378426498583548,-0.8300118446350098,0.054113417863845825,0.4833880066871643,0.6963651180267334,-0.6963645219802856,-0.12278448790311813,0.12278441339731216
375.6954448807669,2.7785036973332735,-1.360821841025306,1.7343090343129177,0.8693674177995231,1.4490269693175883,1.227878005644693,-0.833592414855957,0.0633201003074646,0.4846881628036499,0.696365475654602,-0.6963646411895752,-0.12278314679861069,0.12278307229280472
376.5329319217721,2.780405993463691,-1.3553220084612634,1.724282698965906,0.8736746023095069,1.4496400403471366,1.229692056908111,-0.8391762375831604,0.06399071961641312,0.48672786355018616,0.6963655352592468,-0.69636470079422,-0.12278293818235397,0.12278289347887039
377.75625150057976,2.7885978699236205,-1.3489575207610758,1.7122373220978473,0.8784146723003095,1.4522815092169519,1.2375032530947963,-0.846139132976532,0.06032213941216469,0.48926204442977905,0.6963647603988647,-0.6963644623756409,-0.12278558313846588,0.12278556078672409
379.23088607708024,2.781285391232877,-1.342384123248428,1.7008896465579297,0.8840250680874734,1.4499223276872606,1.2305315428971542,-0.851954996585846,0.06813466548919678,0.49137774109840393,0.6963650584220886,-0.69636470079422,-0.12278427183628082,0.12278421223163605
380.1995206416873,2.7794897263285283,-1.3351431452798275,1.6878908081439317,0.88999156138835,1.4493441240556566,1.228818818319834,-0.8588676452636719,0.0721484050154686,0.49390697479248047,0.6963652968406677,-0.6963645815849304,-0.1227836161851883,0.12278357148170471
381.3509992269899,2.787419879522321,-1.3267203283195514,1.6719721119766142,0.8965898573915759,1.4519056806493198,1.2363773753060556,-0.8678233623504639,0.06924601644277573,0.4971788227558136,0.6963661909103394,-0.6963649392127991,-0.12278047949075699,0.12278028577566147
383.28281902014083,2.7953549217706977,-1.3182923185703268,1.6560436017019833,0.9031922213400897,1.4544688164798147,1.2439405922524032,-0.8767414689064026,0.06618575751781464,0.5004091262817383,0.6963649988174438,-0.6963646411895752,-0.12278434634208679,0.1227843165397644
384.43902024201844,2.798695019791518,-1.3227484109129013,1.6639484443559651,0.899370488717852,1.455549484774065,1.2471230199586756,-0.8726850748062134,0.062068093568086624,0.4989353120326996,0.6963644623756409,-0.6963644623756409,-0.12278638780117035,0.12278641760349274
385.7563003861321,2.8008919760471884,-1.331221358294434,1.6792676304607275,0.8922855831796822,1.4562625511847147,1.249214747184535,-0.8645620346069336,0.05744536593556404,0.49596676230430603,0.6963645219802856,-0.6963645815849304,-0.1227860078215599,0.12278594076633453
387.0952933061379,2.8128237338035205,-1.3336082155883273,1.6828994729629112,0.8897790051014447,1.4601459702902,1.2605671067369932,-0.863065242767334,0.04760616645216942,0.49540838599205017,0.6963660717010498,-0.6963648200035095,-0.12278088927268982,0.1227806806564331
388.05763451189557,2.822725515044986,-1.3323164375703023,1.6799551475432575,0.8903923574384329,1.4633710852574136,1.269986343216652,-0.8649727702140808,0.040543198585510254,0.4961228370666504,0.6963645815849304,-0.6963645219802856,-0.1227860227227211,0.1227860227227211
389.70443273235793,2.8283564091368563,-1.3248712494628243,1.666073822094995,0.896259063018955,1.4652117553408248,1.275338105231506,-0.8726509809494019,0.03865756094455719,0.498912513256073,0.6963646411895752,-0.6963643431663513,-0.12278623133897781,0.12278623133897781
391.66195240614366,2.834364032904102,-1.3320427052121058,1.6788799625504487,0.8900311730090873,1.4671799419478992,1.2810452267262786,-0.8658578991889954,0.031796976923942566,0.496441125869751,0.6963647603988647,-0.6963645219802856,-0.12278523296117783,0.12278524786233902
392.5318575432252,2.8427958795665473,-1.3335064287942349,1.6811834446078582,0.8883818212288682,1.4699489473188843,1.2890505936211814,-0.8647662401199341,0.02493678592145443,0.4960406422615051,0.6963655352592468,-0.6963647603988647,-0.12278255820274353,0.12278252094984055
394.2616470198987,2.854502934841901,-1.3272841306392589,1.6693436028723136,0.8928973562014983,1.4737998669666392,1.3001609830820775,-0.8713860511779785,0.01787717267870903,0.49845078587532043,0.6963650584220886,-0.6963646411895752,-0.12278428673744202,0.12278420478105545
395.57252640947746,2.8588911905459495,-1.3327790266410817,1.6792315167263365,0.8880984631370388,1.475245310868986,1.3043241705188346,-0.866024374961853,0.012917687185108662,0.49650633335113525,0.6963645219802856,-0.6963644027709961,-0.12278634309768677,0.12278629094362259
396.56753868907737,2.860881991548761,-1.341359096908419,1.6948221271828015,0.8809080789298551,1.475902244202137,1.3062120691620676,-0.8574615120887756,0.008918767794966698,0.49339330196380615,0.6963644623756409,-0.6963644623756409,-0.1227865070104599,0.1227864921092987
397.91228492394475,2.862102620353254,-1.3501009182871393,1.7106853661475236,0.8736771746011018,1.476305267869748,1.3073695361423538,-0.8486738204956055,0.005470446310937405,0.4901964068412781,0.6963644027709961,-0.6963645815849304,-0.12278646975755692,0.12278645485639572
398.47213178223143,2.8571998084817203,-1.3526981506651181,1.7155842358637678,0.8718290018458368,1.474690294909156,1.302718181717966,-0.8459448218345642,0.008349613286554813,0.48918217420578003,0.6963655352592468,-0.6963647603988647,-0.12278260290622711,0.12278245389461517
400.19437260367243,2.846105232010613,-1.3491068742961843,1.7094412328196418,0.875403434659284,1.471034811482556,1.2921931909501252,-0.8492764234542847,0.01766953058540821,0.4904005527496338,0.6963649392127991,-0.6963645815849304,-0.12278486043214798,0.12278487533330917
401.5582095046884,2.8416085258327604,-1.3562825724015866,1.7225794431004762,0.8698656068695461,1.469556056401678,1.2879252878357097,-0.8419248461723328,0.01878684014081955,0.48774200677871704,0.6963645815849304,-0.6963644623756409,-0.12278617918491364,0.12278613448143005
402.5207671483404,2.8405050654013353,-1.3650342263329531,1.7384308363711847,0.86287290440671,1.4691939701122654,1.286877376621283,-0.8330659866333008,0.016860077157616615,0.48450782895088196,0.6963647603988647,-0.6963644623756409,-0.122785784304142,0.12278585880994797
403.5175140162355,2.845544610987257,-1.372573439130041,1.7518004505310538,0.8565638815183978,1.4708505070339064,1.291660929245491,-0.8255817890167236,0.01086508296430111,0.4817880392074585,0.6963649392127991,-0.6963645219802856,-0.12278488278388977,0.12278483808040619
405.4535235511493,2.850381563158205,-1.37907154854315,1.7633076859999501,0.8510956307114419,1.4724405177648916,1.296252129668648,-0.8190839290618896,0.005398854613304138,0.47941720485687256,0.6963644623756409,-0.6963644027709961,-0.12278657406568527,0.12278655916452408
407.64255031131324,2.8523104449516974,-1.3699801938478071,1.746923585971626,0.8582093359500441,1.4730756562226768,1.2980822207304523,-0.828360915184021,0.006772219203412533,0.4827960729598999,0.6963644623756409,-0.6963644027709961,-0.12278655171394348,0.12278655171394348
408.91509442490656,2.8640225295931425,-1.3683620003426,1.743706939863792,0.8587557666237953,1.4769419856603612,1.3091876831458167,-0.8301663994789124,-0.0012401151470839977,0.48344069719314575,0.6963655352592468,-0.6963647603988647,-0.12278284877538681,0.12278279662132263
409.960340347071,2.8735542438475283,-1.372319930691657,1.7506099085613684,0.8549720137449653,1.4800931410469162,1.3182225252428725,-0.8261803388595581,-0.00927314069122076,0.4819991886615753,0.6963648200035095,-0.6963645815849304,-0.12278508394956589,0.1227850615978241
411.49175743358194,2.8800532586106673,-1.37916430266569,1.762810430280178,0.8490612415609758,1.4822462216862011,1.3243796253802527,-0.8191410303115845,-0.01585015095770359,0.479436457157135,0.6963645219802856,-0.6963645219802856,-0.12278633564710617,0.12278632819652557
412.9678583922293,2.893540871937301,-1.375036743173766,1.7552536693383505,0.8514065014143914,1.4867309090557097,1.3371459579258869,-0.8232002854347229,-0.02443447895348072,0.4809057414531708,0.6963660717010498,-0.6963650584220886,-0.1227804496884346,0.12278025597333908
413.7444119631179,2.8974421790806875,-1.3707170461581504,1.7474279953040237,0.8545945692521765,1.4880270769974908,1.3408394186804073,-0.8275772333145142,-0.026136964559555054,0.48250097036361694,0.6963650584220886,-0.69636470079422,-0.1227840781211853,0.12278398126363754
415.2639815359004,2.8873461026163536,-1.366500024688235,1.7398890763966992,0.8587154675498561,1.4846671592951715,1.3312854606962636,-0.8320698738098145,-0.017692100256681442,0.4841441512107849,0.6963643431663513,-0.6963645219802856,-0.12278657406568527,0.1227865070104599
416.5518894782163,2.8880552262273698,-1.3575042142511817,1.7235735393303893,0.8659775605481785,1.4849028768306842,1.3319567702213724,-0.8412693738937378,-0.015823669731616974,0.48750150203704834,0.6963644027709961,-0.6963644623756409,-0.12278647720813751,0.12278646230697632
417.53589855412616,2.8868475453149762,-1.3489170496226588,1.7079955555683966,0.8730675312529049,1.484501843351441,1.3308132580891077,-0.850025475025177,-0.012654144316911697,0.4906814694404602,0.6963644623756409,-0.6963645219802856,-0.12278619408607483,0.12278613448143005
418.5322322873272,2.8832383656312155,-1.3408637775027057,1.6933787699336176,0.8799267104781257,1.483303063425406,1.3273960041303399,-0.8582029938697815,-0.007800508290529251,0.49365442991256714,0.6963644027709961,-0.6963644623756409,-0.12278655171394348,0.12278646230697632
419.61450632127764,2.8810064127248984,-1.3323562320034292,1.6778505125333618,0.8871333580819761,1.4825623972076214,1.3252822125843904,-0.8667917847633362,-0.003824497340247035,0.4967880845069885,0.6963645815849304,-0.6963644027709961,-0.12278635799884796,0.12278635054826736
420.38281186414974,2.8841403623405806,-1.3280262459885583,1.6698853256937238,0.8905219151036523,1.4836056495890455,1.3282476622507868,-0.8711535930633545,-0.005070750135928392,0.498354434967041,0.6963657736778259,-0.6963648796081543,-0.1227816790342331,0.12278159707784653
421.97839985524985,2.8958738492079443,-1.3304246890516687,1.6741019357539553,0.8877638113636275,1.487507850397399,1.3393532434760427,-0.8687087297439575,-0.014691397547721863,0.4974592626094818,0.6963662505149841,-0.6963651180267334,-0.12277969717979431,0.1227794736623764
422.8067681768214,2.9032379110920314,-1.3287852774815871,1.6709630511407345,0.8886726419644485,1.4899567268533749,1.3463232919602075,-0.8703062534332275,-0.0199262797832489,0.4980640411376953,0.6963644623756409,-0.6963644027709961,-0.12278655916452408,0.1227865144610405
424.33609986924716,2.9040821498097045,-1.3210795374578668,1.6567897170741395,0.8950800823320105,1.490239140262216,1.3471210224604029,-0.8780757784843445,-0.018690485507249832,0.500882625579834,0.6963648796081543,-0.6963645219802856,-0.1227850615978241,0.12278502434492111
426.16015107970594,2.9158929006278904,-1.323173669122326,1.660596424995581,0.8925043881958067,1.4941858905962548,1.3582863639998572,-0.875734806060791,-0.028340350836515427,0.5000180602073669,0.6963660717010498,-0.6963651180267334,-0.12278033792972565,0.12278010696172714
427.13435565721153,2.9266099315565746,-1.3263460628498251,1.6664138298865625,0.8890873145478652,1.4977694529167154,1.3684160769825957,-0.8722140192985535,-0.03733525052666664,0.49875184893608093,0.6963647603988647,-0.6963644623756409,-0.12278561294078827,0.12278551608324051
428.2735062655838,2.9344284122183817,-1.3322880387377671,1.6773954811326295,0.8835157362422691,1.5003902649575518,1.3758013652866679,-0.8658528327941895,-0.04463467746973038,0.4964381456375122,0.6963644623756409,-0.6963644623756409,-0.12278653681278229,0.12278648465871811
429.4732855977441,2.933061500677002,-1.3414515186696403,1.6941943107848736,0.8759715774331369,1.4999316597327879,1.3745103710066044,-0.8565300703048706,-0.045574724674224854,0.4930541515350342,0.6963645219802856,-0.6963644027709961,-0.1227865070104599,0.1227864995598793
430.2315266560004,2.925928768942545,-1.3457597045327958,1.702072533233806,0.8729014268837961,1.497543657995521,1.3677706505152656,-0.8523890376091003,-0.041157811880111694,0.4915245771408081,0.6963658332824707,-0.6963649392127991,-0.12278137356042862,0.12278120219707489
431.9254785694118,2.912929360648706,-1.3451638915548758,1.7009405328521743,0.8743533243745787,1.493192506312403,1.3554868966999838,-0.8534361124038696,-0.03125353902578354,0.49191445112228394,0.6963648796081543,-0.6963646411895752,-0.12278489023447037,0.12278484553098679
433.3693590261379,2.911117766116108,-1.3530069060328895,1.7152176714640839,0.8680477479620792,1.4925863420125756,1.3537749927266012,-0.8454616665840149,-0.03177490830421448,0.48903119564056396,0.6963644623756409,-0.6963644623756409,-0.1227865144610405,0.12278652936220169
434.6581993991237,2.91136388069871,-1.3616942828085339,1.7310388402230963,0.8608945968397832,1.4926811401448796,1.354042226328729,-0.8365188241004944,-0.03404853120446205,0.485759973526001,0.6963518261909485,-0.6963773369789124,-0.12278825789690018,0.12278375774621964
435.97172558815083,2.922517906518478,-1.365320655351692,1.7376590082504684,0.8570505143031885,1.4966745830599504,1.3653224518893734,-0.8323774933815002,-0.042998138815164566,0.48424166440963745,0.6960801482200623,-0.6966497898101807,-0.12283360213041306,0.12273290008306503
436.97561117247125,2.9335165549646325,-1.3686842491425526,1.740461697550968,0.8568287365143885,1.500498183010455,1.3761022096023714,-0.8292689323425293,-0.05154510959982872,0.48509228229522705,0.6959360241889954,-0.6967930793762207,-0.1228606104850769,0.12270943820476532
438.0709537595517,2.944168976341651,-1.3714622936019827,1.734757907173292,0.8646785326438323,1.5039433222464589,1.3857667758813963,-0.8285785913467407,-0.05935961753129959,0.49123960733413696,0.6960821151733398,-0.6966509819030762,-0.12282466143369675,0.12272384017705917
439.0674537338323,2.9547992098700435,-1.374234551693435,1.729065997177833,0.8725119784917672,1.507381285627776,1.395411211907773,-0.8277671337127686,-0.06715825200080872,0.4973897337913513,0.6962249279022217,-0.69650799036026,-0.12280059605836868,0.12275004386901855
441.16195408197035,2.9653469751358026,-1.3770017606213623,1.7234690582077663,0.8802503253133137,1.5107922410393644,1.4049799050071001,-0.8268184661865234,-0.07489898800849915,0.5034862160682678,0.6963642239570618,-0.6963642239570618,-0.12278800457715988,0.12278802692890167
443.2708484784213,2.959516263115555,-1.3792930490702269,1.7383603865627437,0.868002742989285,1.5088285462317095,1.3994762672064827,-0.8221932053565979,-0.07159467041492462,0.4952992796897888,0.6963663697242737,-0.696364164352417,-0.1227818951010704,0.12278203666210175
444.2675411433426,2.9536853531231935,-1.3815844153159738,1.7532522205279681,0.8557547448190016,1.5068647847500687,1.393972442539012,-0.8174498677253723,-0.06836710125207901,0.4871492385864258,0.6963675618171692,-0.6963637471199036,-0.12277952581644058,0.12277994304895401
445.2642092213479,2.9478541463934467,-1.3838758981702823,1.7681448123446903,0.8435061233431012,1.504900923331806,1.3884683377796618,-0.8125897645950317,-0.06521795690059662,0.47903770208358765,0.6963678598403931,-0.6963628530502319,-0.12278096377849579,0.12278176844120026
446.20333963189995,2.9375184523737836,-1.3892706092872587,1.7810880530524442,0.8366301625171029,1.5014314696816664,1.37871236005869,-0.8066719174385071,-0.05921504646539688,0.474897563457489,0.6963679790496826,-0.6963644027709961,-0.12277651578187943,0.1227768287062645
447.3340303848516,2.9258847856772774,-1.3940693791701286,1.791982852190371,0.8313104492781109,1.4975304746687483,1.367729540871558,-0.8016291260719299,-0.05224699527025223,0.4716513156890869,0.6963658928871155,-0.6963657140731812,-0.1227790117263794,0.12277881056070328
448.560141392447,2.918267704602791,-1.3884288077484732,1.796961720877882,0.8212412006678957,1.4949838182001176,1.3605295087320113,-0.8036783933639526,-0.04652825742959976,0.4637465178966522,0.6963672041893005,-0.6963661313056946,-0.12277402728796005,0.12277378886938095
449.55699266160275,2.9106327794226,-1.3827750224786655,1.801952253279916,0.8111483633975615,1.492431195823185,1.3533126094837498,-0.8056124448776245,-0.040786270052194595,0.4558306932449341,0.6963669061660767,-0.6963658928871155,-0.12277550995349884,0.12277539074420929
450.73054465594714,2.9025079832241403,-1.3775078748249105,1.806501590854609,0.8019283637361077,1.4897169876161187,1.3456311370240965,-0.8073655366897583,-0.03470882400870323,0.44854187965393066,0.6963656544685364,-0.6963652968406677,-0.12278097867965698,0.12278088182210922
451.94256033803117,2.888631066635117,-1.376984403987622,1.8056633718844548,0.8033706687920822,1.4851060172769264,1.3324941796658636,-0.8082327842712402,-0.024783814325928688,0.4488294720649719,0.6963687539100647,-0.6963664293289185,-0.12276902049779892,0.12276868522167206
452.9391858545948,2.8747661394804553,-1.3764613854207786,1.804825877122107,0.8048117277195176,1.4804990307424841,1.3193685724290314,-0.8089773058891296,-0.014849750325083733,0.44912323355674744,0.6963661313056946,-0.6963655352592468,-0.12277862429618835,0.12277863174676895
453.93529430086505,2.8613602847043285,-1.3751414609880392,1.80268974001152,0.8068083947096131,1.4760677121061467,1.3066612640177755,-0.810360848903656,-0.004997758660465479,0.44962048530578613,0.6963668465614319,-0.6963656544685364,-0.12277629226446152,0.12277619540691376
455.13629528779546,2.8501607369013957,-1.3758562068129363,1.8042569992914226,0.8069686029551506,1.4723726563303576,1.2960409623660316,-0.8094988465309143,0.002683976199477911,0.4493284225463867,0.6963655948638916,-0.696365475654602,-0.12278036028146744,0.12278037518262863
456.6835608551786,2.846650651765283,-1.384699456486782,1.8204973312535202,0.7999283628205168,1.4712255967941872,1.2927071575214042,-0.8001378178596497,0.0023336715530604124,0.4459278881549835,0.6963673233985901,-0.6963672637939453,-0.1227705255150795,0.12277044355869293
457.6544527182863,2.842613886079659,-1.3994263037418995,1.8447150169470559,0.7717461094743849,1.4642631425262356,1.2921581282910537,-0.7917988300323486,0.0008581890142522752,0.441179484128952,0.6946731805801392,-0.6955631375312805,-0.12951667606830597,0.12979376316070557
458.65104973637915,2.837833764121053,-1.4221351437929888,1.8798002731851688,0.7151438869221624,1.4494917675289838,1.295307312807648,-0.7846969962120056,-0.0021205961238592863,0.43485403060913086,0.6906216740608215,-0.6932359933853149,-0.14529594779014587,0.14613232016563416
459.6476297112689,2.8330205299520963,-1.4450012894306516,1.9151285672358784,0.6581495771563295,1.4346180702729454,1.2984783119266832,-0.7774283289909363,-0.005232523195445538,0.4287877678871155,0.6864290237426758,-0.6902679204940796,-0.1611453741788864,0.16241122782230377
460.644232596694,2.8281901723195846,-1.46794878320093,1.950582544503823,0.600952505598343,1.4196914586553864,1.3016605921274078,-0.7699919939041138,-0.008478210307657719,0.42300087213516235,0.6821154356002808,-0.6866623759269714,-0.17700399458408356,0.17855747044086456
461.64086100035763,2.8233601729856943,-1.4908945748083415,1.9860338919227662,0.5437596767141863,1.4047659542403947,1.3048426362779895,-0.7623918056488037,-0.01185570191591978,0.41750937700271606,0.677703320980072,-0.6824334859848022,-0.1928061842918396,0.19449520111083984
462.6374875413761,2.818548676212684,-1.5137524666300992,2.0213494337921523,0.4867859397439579,1.389897625827927,1.308012490785975,-0.7546355724334717,-0.01536058634519577,0.4123244881629944,0.6732173562049866,-0.6776055097579956,-0.20848537981510162,0.21014989912509918
463.6340565266595,2.8137736816652525,-1.5364369479804625,2.056397055732138,0.43024443172389437,1.375142095387335,1.3111582973209992,-0.7467352151870728,-0.018986869603395462,0.40745115280151367,0.6686832308769226,-0.6722121238708496,-0.22397631406784058,0.22545115649700165
464.63061787509776,2.809051541918023,-1.558870332975099,2.0910567327149483,0.3743287862215516,1.360549895104626,1.3142692826694788,-0.7387042045593262,-0.02272742986679077,0.402887761592865,0.6641256213188171,-0.6662943363189697,-0.23922042548656464,0.2403382956981659
465.75232694789366,2.8043965188900914,-1.580984867769576,2.1252237847574706,0.31920788100315395,1.346165096691141,1.3173360509592626,-0.7305579781532288,-0.026574166491627693,0.3986271917819977,0.659568190574646,-0.6598978638648987,-0.2541675269603729,0.25476163625717163
466.5952963706991,2.790741520441872,-1.5947082643559192,2.1512687980883696,0.2773699364282114,1.3275047010158605,1.3146662278306018,-0.7252779006958008,-0.024344364181160927,0.3938068747520447,0.6553780436515808,-0.6556400060653687,-0.2643124759197235,0.26599758863449097
467.67486161461034,2.768444801954662,-1.601023393251937,2.1704561285193256,0.24676575531297149,1.3044403291085425,1.306636158025215,-0.7224799394607544,-0.016483556479215622,0.38835132122039795,0.6515188217163086,-0.6534149646759033,-0.27054348587989807,0.2745509743690491
468.67074393575945,2.7457395782365777,-1.6074542236216562,2.1899949960992147,0.2156008653167653,1.2809533875492658,1.2984589667713666,-0.7193649411201477,-0.00868496298789978,0.38299810886383057,0.6476669907569885,-0.6508638262748718,-0.27716758847236633,0.28298747539520264
469.66813388189235,2.722551216469206,-1.6140218938163735,2.2099496257295033,0.18377282641940876,1.2569666739873187,1.2901077753719974,-0.715910792350769,-0.0009488113573752344,0.37773507833480835,0.6438204050064087,-0.6479653120040894,-0.2842116057872772,0.2913073003292084
470.66458794197,2.6989219236176476,-1.6207144495018637,2.230283696415858,0.15133957134337792,1.2325238485308327,1.2815977844888644,-0.7121123671531677,0.00668285833671689,0.37257546186447144,0.6399975419044495,-0.6447120308876038,-0.29166698455810547,0.29946595430374146
471.66066109111466,2.674824758824424,-1.6275395211726158,2.2510203919794676,0.11826412142375721,1.2075970427759122,1.2729192914849503,-0.7079556584358215,0.014189351350069046,0.36751675605773926,0.636205792427063,-0.6410883665084839,-0.29954463243484497,0.3074423670768738
472.6578770661906,2.6502076367596343,-1.6345118610251073,2.2722045341924675,0.08447498502510088,1.1821323781475346,1.2640535380467761,-0.7034223675727844,0.02155376225709915,0.3625510036945343,0.6324504017829895,-0.637073278427124,-0.3078635036945343,0.3152206540107727
473.6545664714829,2.625097537908531,-1.6416238273410222,2.2938129051321843,0.05000919520488395,1.156157764041716,1.2550102410831363,-0.6985093355178833,0.028732387349009514,0.35768598318099976,0.6287496089935303,-0.6326583623886108,-0.31661486625671387,0.32275742292404175
474.65098178854146,2.59947715230866,-1.6488803228437878,2.315860400800895,0.01484299253741523,1.129655294531538,1.2457831664835313,-0.6932076215744019,0.03569306433200836,0.3529188930988312,0.625115692615509,-0.6278284788131714,-0.325802743434906,0.3300217092037201
475.93974469677363,2.573332304576349,-1.6562853624459613,2.338359219754663,-0.02104307992158712,1.102610306189235,1.236367209042884,-0.6875110268592834,0.042399607598781586,0.3482469916343689,0.6215625405311584,-0.6225690841674805,-0.3354285657405853,0.33697983622550964
476.69059966184795,2.568853178663512,-1.6621611427942713,2.3549478901356165,-0.04939034812965049,1.09515457462305,1.2387877725500152,-0.6835475564002991,0.04071627929806709,0.3443548381328583,0.6193021535873413,-0.6189727783203125,-0.34190890192985535,0.3412270247936249
477.927738454316,2.5847111870509214,-1.66654445384235,2.3658313212217146,-0.070386516912777,1.106121756661083,1.2522691224685463,-0.6813128590583801,0.031533218920230865,0.34119319915771484,0.6180756688117981,-0.6171898245811462,-0.3452051877975464,0.3433549106121063
478.92431079236064,2.6006665751554268,-1.6709546816115814,2.3767815844984823,-0.09151161745872274,1.1171562851816068,1.2658332576908218,-0.6788947582244873,0.02236381731927395,0.33812880516052246,0.6167269349098206,-0.6153846383094788,-0.34850555658340454,0.3456782102584839
479.9208128155509,2.61671675444638,-1.6753911106063808,2.3877969034442894,-0.11276222252586593,1.128256369992175,1.2794779776323428,-0.6762905120849609,0.01321348175406456,0.3351638615131378,0.6152543425559998,-0.6135579943656921,-0.35180309414863586,0.34819990396499634
480.9172631503383,2.632859209530384,-1.6798530455470257,2.3988755517319693,-0.13413500170706993,1.139420271481066,1.2932011438846958,-0.6734967827796936,0.004087509121745825,0.33229976892471313,0.6136563420295715,-0.6117104887962341,-0.3550906479358673,0.35092270374298096
481.9140304141978,2.6490970807555363,-1.6843413544569263,2.4100196845982493,-0.1556341128560239,1.1506501614701372,1.3070054261482946,-0.6705097556114197,-0.005012002307921648,0.3295373320579529,0.6119310259819031,-0.6098420023918152,-0.3583616316318512,0.35385027527809143
482.91086715472136,2.6654232215562237,-1.6888540619543542,2.4212243973191283,-0.17725009384519191,1.1619410974922075,1.3208847489217659,-0.6673272848129272,-0.014076908119022846,0.3268788158893585,0.6100775599479675,-0.607953667640686,-0.3616076111793518,0.35698413848876953
483.90764214855824,2.68183265798364,-1.6933897931904496,2.43248627624847,-0.19897635911438902,1.1732896396322083,1.3348348837078923,-0.663947582244873,-0.023099908605217934,0.3243255615234375,0.6080949306488037,-0.6060463190078735,-0.3648202121257782,0.36032554507255554
484.90433146071825,2.6983215598398775,-1.6979474894604625,2.4438026927021443,-0.22080783744156846,1.184693138977573,1.3488525743450557,-0.6603683829307556,-0.032074593007564545,0.32187947630882263,0.6059824228286743,-0.6041207909584045,-0.36799129843711853,0.3638760447502136
485.90097048145924,2.7148865733007286,-1.7025262237340657,2.455171344933694,-0.24274008832844068,1.1961492760692813,1.3629349696506488,-0.6565873622894287,-0.040994416922330856,0.31954076886177063,0.6037392020225525,-0.6021778583526611,-0.3711123466491699,0.367636114358902
486.89751487982664,2.731523988955219,-1.7071249706932172,2.46658968715567,-0.2647682004761206,1.20765548552936,1.3770789161475057,-0.6526032090187073,-0.0498524010181427,0.31731081008911133,0.6013645529747009,-0.6002184748649597,-0.37417513132095337,0.3716064989566803
487.89401764807496,2.7482303161838217,-1.7117427654960056,2.478055323738298,-0.2868875522678859,1.2192093532930128,1.3912814463593757,-0.648414134979248,-0.058641914278268814,0.31518998742103577,0.5988579392433167,-0.5982433557510376,-0.3771710693836212,0.3757871687412262
489.64099263792997,2.7634504420710533,-1.7156422055437384,2.489762818264948,-0.3104778237075844,1.2297860530571312,1.405053146792783,-0.6443979740142822,-0.06655357778072357,0.31290921568870544,0.5960131883621216,-0.5962357521057129,-0.3804031014442444,0.3802165687084198
491.5421329140846,2.7505287756946495,-1.7061259913846143,2.5052841141231523,-0.35983343949421065,1.2218289490107113,1.4101615573191808,-0.6469021439552307,-0.05991341173648834,0.30590713024139404,0.5893213748931885,-0.5937562584877014,-0.3893507719039917,0.3854345977306366
492.5387784540836,2.7369792028643247,-1.6961473529441824,2.521559641019264,-0.4115874076904177,1.2134851829936353,1.4155182023878865,-0.6490129232406616,-0.05307610332965851,0.2989698350429535,0.5823760032653809,-0.5909286737442017,-0.39872780442237854,0.39071425795555115
493.5350779146139,2.722716033702462,-1.6856431835608925,2.5386923282430387,-0.4660670294780602,1.204701987564609,1.4211569583628365,-0.6506779193878174,-0.04603578522801399,0.2921198010444641,0.575149655342102,-0.5877039432525635,-0.40858903527259827,0.39605778455734253
494.531571555901,2.7076284787720883,-1.6745318918998442,2.5568152542674145,-0.5236954763526005,1.1954111390865612,1.427121624388007,-0.6518328785896301,-0.03878454118967056,0.2853829264640808,0.5676067471504211,-0.5840201377868652,-0.41900575160980225,0.4014686346054077
495.52829271929306,2.691591099773469,-1.6627210984111194,2.5760790935414475,-0.584951872627139,1.1855353932186046,1.4334617908422334,-0.6523967981338501,-0.03132108971476555,0.2788008153438568,0.5597102642059326,-0.5798024535179138,-0.430057168006897,0.4069451689720154
496.52456852422995,2.674467614793738,-1.650110437721471,2.596647545686231,-0.6503567608953394,1.174990828171651,1.440231334983909,-0.6522693634033203,-0.023657137528061867,0.2724365293979645,0.5514256358146667,-0.5749620795249939,-0.4418271481990814,0.41247668862342834
498.0574660323959,2.6593272601614815,-1.636592142340279,2.6184091382012,-0.7201534209724061,1.1650351072131426,1.4484435513148461,-0.6513882875442505,-0.017444277182221413,0.2664494812488556,0.5431004762649536,-0.5691074132919312,-0.45383623242378235,0.4185584783554077
499.8179686599203,2.6729685798213016,-1.6227066703803632,2.6381540188535393,-0.78898016236149,1.1670448966192888,1.4655529268550143,-0.6502380967140198,-0.02614782564342022,0.26174396276474,0.5379723906517029,-0.5602024793624878,-0.4607987403869629,0.4294454753398895
500.8140066982039,2.6865922932371005,-1.6088391197809744,2.657873415667393,-0.8577180721393851,1.1690520920797172,1.4826402200858213,-0.6483398079872131,-0.035121601074934006,0.25786104798316956,0.5326919555664062,-0.5511306524276733,-0.4673755168914795,0.44051608443260193
501.8103123054632,2.7000690517194212,-1.5951211543140407,2.677380105228931,-0.9257145265849105,1.1710376365213402,1.4995431977806646,-0.645723283290863,-0.044243596494197845,0.25482699275016785,0.5273147225379944,-0.5419831871986389,-0.473503977060318,0.4516494572162628
502.80633749149524,2.7132772440366235,-1.5816765618086774,2.696498063567262,-0.9923559410157291,1.172983612838547,1.5161093312778071,-0.6424459218978882,-0.05339018255472183,0.25263485312461853,0.5218987464904785,-0.5328525304794312,-0.47913989424705505,0.4627254605293274
503.8026569754609,2.7261411614755757,-1.5685824060123466,2.7151177074791186,-1.0572603300998085,1.1748788667901493,1.5322436643093114,-0.6385772824287415,-0.06246586889028549,0.25124531984329224,0.516487181186676,-0.5238040685653687,-0.48427098989486694,0.47365790605545044
505.7345745256736,2.7386075789587263,-1.5558928646248849,2.7331619972916394,-1.1201591488034266,1.176715556671703,1.547879440295705,-0.6341935992240906,-0.07139308750629425,0.2506006360054016,0.5111162662506104,-0.5148903727531433,-0.4889019727706909,0.48437899351119995
506.61871173746647,2.7258334876651036,-1.5420756850173032,2.740486946635391,-1.150670183898606,1.1603543614762193,1.5517013430015802,-0.6344273090362549,-0.06842254847288132,0.24714744091033936,0.5095781683921814,-0.5120641589164734,-0.4901423454284668,0.4877302646636963
507.61555847904634,2.701646313093352,-1.5275604000323382,2.7431460591116723,-1.1672027578006923,1.135662956761314,1.5503205868770749,-0.6366561055183411,-0.06005054712295532,0.24222028255462646,0.5097478628158569,-0.5119431018829346,-0.48999521136283875,0.48782795667648315
508.6124451384599,2.677329379122906,-1.5129672434197492,2.7458194371994646,-1.183824025685701,1.110839087552913,1.5489324232695691,-0.6386067271232605,-0.05160345137119293,0.2372989058494568,0.5099040865898132,-0.51181560754776,-0.4898536503314972,0.48794040083885193
509.60907372838807,2.6528890896214854,-1.4983000582892263,2.7485063768643005,-1.2005296103405754,1.0858892912201985,1.54753721775213,-0.6402756571769714,-0.043093834072351456,0.23238688707351685,0.5100471377372742,-0.5116812586784363,-0.4897182583808899,0.48806777596473694
510.60543847463083,2.6283217462208954,-1.4835566251641543,2.7512072847008815,-1.217322039697849,1.0608097922950745,1.5461347591986283,-0.6416606903076172,-0.034530509263277054,0.2274853140115738,0.5101767182350159,-0.5115395188331604,-0.48958954215049744,0.48821011185646057
511.602360803699,2.6036019891675397,-1.4687217250676534,2.753924948733786,-1.2342186478202188,1.0355747023490416,1.54472359991475,-0.6427609324455261,-0.02591494284570217,0.22259175777435303,0.5102928280830383,-0.5113891959190369,-0.48946818709373474,0.4883677363395691
512.5991165191585,2.578742445613003,-1.4538029358465399,2.756657980747278,-1.2512108037154142,1.0101969117719747,1.5433044607377653,-0.6435731053352356,-0.017262278124690056,0.21771077811717987,0.5103954672813416,-0.5112303495407104,-0.4893547594547272,0.4885405898094177
513.566560998624,2.5515888658137182,-1.448443969052502,2.7572004376946824,-1.2561271117550072,0.9826865506932474,1.541542480611671,-0.6441583037376404,-0.007753419689834118,0.21602731943130493,0.510513424873352,-0.511135458946228,-0.4892514646053314,0.4886200428009033
514.5631784126813,2.5232885259195634,-1.4480930941452557,2.7565966469694287,-1.2547208454990246,0.9541145314424107,1.539604676996589,-0.6444875597953796,0.002207312500104308,0.21602189540863037,0.5106232762336731,-0.5110687613487244,-0.4891594648361206,0.4886671304702759
515.5598811358864,2.49500492562246,-1.4477424267798475,2.755993213385237,-1.253315411046849,0.9255594124864454,1.5376680195886474,-0.6445282101631165,0.012174243107438087,0.21603867411613464,0.5107075572013855,-0.5109912753105164,-0.48907965421676636,0.48873987793922424
516.5564924963469,2.466743680030177,-1.4473920365738306,2.755390256741022,-1.2519110874176236,0.8970268628373824,1.5357328928700187,-0.6442804336547852,0.022137200459837914,0.21607737243175507,0.5107666254043579,-0.5109024047851562,-0.4890129864215851,0.4888378083705902
518.031743233122,2.43850040435791,-1.4470418691635132,2.7547876834869385,-1.250507656727926,0.8685124556170862,1.5337989966021937,-0.643744707107544,0.032089561223983765,0.21613912284374237,0.510800838470459,-0.510800838470459,-0.4889606237411499,0.4889606237411499
518.1980040264879,2.4174647754792007,-1.451243336030877,2.7049094454771807,-1.2497004165625234,0.8743646320895276,1.5065706247092734,-0.6751025915145874,0.07584436237812042,0.23958712816238403,0.5091974139213562,-0.4921778440475464,-0.52104252576828,0.4764383137226105
518.3642668066752,2.396177530200819,-1.45550159059657,2.655030611420975,-1.2488821619294803,0.8802961543842793,1.4789733530752338,-0.7038865685462952,0.12023121118545532,0.2656494379043579,0.5070128440856934,-0.4732038378715515,-0.5525864958763123,0.4622381925582886
518.5305295868626,2.37448525783711,-1.4598517565165332,2.6051517773647697,-1.2480462151091756,0.8863555057587129,1.4507809908006006,-0.7299420237541199,0.16518469154834747,0.2942816913127899,0.5042441487312317,-0.4538782835006714,-0.5836057066917419,0.446247398853302
518.69679236705,2.3524060522167196,-1.4642894635500059,2.555272943308564,-1.2471934174902657,0.892536809239235,1.4220207133121392,-0.7531386613845825,0.21049927175045013,0.32541191577911377,0.5008823275566101,-0.4342191219329834,-0.6139832139015198,0.4284800887107849
518.8630551472373,2.3299051461529943,-1.46882288348229,2.5053941092523586,-1.246322111456466,0.8988514411651922,1.3926396638338963,-0.7733495235443115,0.25600114464759827,0.35896793007850647,0.4969201683998108,-0.4142390787601471,-0.6436358690261841,0.4089120626449585
519.0293179274247,2.3069492655133663,-1.4734598271368824,2.455515275196153,-1.2454310421461958,0.9053104537325752,1.362588007922009,-0.7904574871063232,0.30150577425956726,0.3948706388473511,0.49234920740127563,-0.3939514756202698,-0.6724733114242554,0.3875228762626648
519.1955807076121,2.283579857908752,-1.4781912299321025,2.405636441139948,-1.2445218656265304,0.9119007955722416,1.3319250600454628,-0.804385781288147,0.3467555642127991,0.43302008509635925,0.4871625006198883,-0.3733782172203064,-0.700356662273407,0.36436522006988525
519.3618434877994,2.259790701732206,-1.4830183477145114,2.3557576070837425,-1.24359432962121,0.918624675405569,1.3006409122675349,-0.8150644302368164,0.3915228247642517,0.47331565618515015,0.48135337233543396,-0.352536678314209,-0.7271755933761597,0.339459091424942
519.5281062679868,2.235585889377931,-1.4879410679816096,2.305878773027537,-1.2426485084497643,0.925481617093604,1.268738178366424,-0.8224474787712097,0.4355635344982147,0.5156475901603699,0.47491633892059326,-0.3314454257488251,-0.7528140544891357,0.3128408193588257
519.6943690481742,2.2109862308853714,-1.4929556389428942,2.2559999389713314,-1.2416848710082382,0.9324664178059471,1.2362404405016472,-0.8265203237533569,0.4786137044429779,0.5598952174186707,0.46784764528274536,-0.3101247549057007,-0.7771487832069397,0.2845712900161743
519.8606318283615,2.186010734142982,-1.4980588605441278,2.206121104915126,-1.2407044294884138,0.939574744127311,1.2031684747520763,-0.827294111251831,0.5204058289527893,0.6059302687644958,0.4601447284221649,-0.2885947525501251,-0.8000608086585999,0.25472021102905273
520.0268946085489,2.1606726562710667,-1.5032484628367235,2.1562422708589204,-1.2397072735458265,0.9468034179873824,1.1695362738544148,-0.8248029947280884,0.5606768131256104,0.6536180973052979,0.45180583000183105,-0.2668763995170593,-0.8214366436004639,0.2233615666627884
520.1931573887363,2.134950010092592,-1.5085308952385637,2.106363436802715,-1.238692385069288,0.954161466543224,1.1353026375361033,-0.8190822601318359,0.5991922616958618,0.7028260827064514,0.44282686710357666,-0.2449866384267807,-0.8411784172058105,0.1905377358198166
520.3594201689236,2.1088611458566726,-1.5139031187622416,2.0564846027465093,-1.2376600875657393,0.9616443673234117,1.1004879260768359,-0.8102176189422607,0.635685384273529,0.7534058690071106,0.433207631111145,-0.22294755280017853,-0.8591750264167786,0.1563446968793869
520.525682949111,2.082442244912031,-1.5193573460980971,2.006605768690304,-1.2366120466268398,0.9692417825181352,1.0651396770625947,-0.7983359098434448,0.6698824763298035,0.8051978349685669,0.42295029759407043,-0.20078392326831818,-0.8753169775009155,0.12090945988893509
520.6919457292984,2.055715489458214,-1.5248902778659847,1.9567269346340983,-1.2355489215958468,0.9769486424305924,1.0292825439202593,-0.7835822105407715,0.7015294432640076,0.8580413460731506,0.41205736994743347,-0.1785183697938919,-0.889508068561554,0.08435212075710297
520.8582085094857,2.0286999474134344,-1.5304984622318776,1.9068481005778928,-1.2344713615550564,0.984760295441603,0.9929379638853469,-0.7661255598068237,0.7303861975669861,0.9117699861526489,0.40053245425224304,-0.15617454051971436,-0.9016613364219666,0.04679833725094795
521.0244712896731,2.0014122562313785,-1.5361789368238834,1.8569692665216875,-1.233379898560416,0.9926727447785566,0.9561242056385251,-0.7461583018302917,0.7562288641929626,0.9662137031555176,0.3883799910545349,-0.13377583026885986,-0.9116987586021423,0.00837951060384512
521.1907340698605,1.9738675439231261,-1.541929388726001,1.807090432465482,-1.2322749581124977,1.0006826048287816,0.9188571149984718,-0.7238943576812744,0.7788501977920532,1.0211995840072632,-0.3756055235862732,0.11134583503007889,0.9195520281791687,0.030768034979701042
521.3569968500478,1.9460582817961851,-1.5477538347168098,1.7572115984092764,-1.2311559027756749,1.0087955070319297,0.8811102610256336,-0.6995472311973572,0.7980746626853943,1.076557993888855,-0.36221185326576233,0.08890534192323685,0.9251613020896912,0.07053375989198685
521.5232596302352,1.9179951562771846,-1.553652605296199,1.707332764353071,-1.2300224699788667,1.0170118265897672,0.8428822630659918,-0.6733660697937012,0.8137325644493103,1.132112979888916,-0.3482041656970978,0.06647658348083496,0.9284731149673462,0.1107800230383873
521.6895224104226,1.8897327862912365,-1.559612510962201,1.6574539302968654,-1.2288773772181916,1.0253134447779249,0.804257847511905,-0.6456621289253235,0.8256564736366272,1.187671184539795,-0.3335968554019928,0.04408930614590645,0.9294501543045044,0.15129949152469635
521.8557851906099,1.8612881349029908,-1.5656308413711812,1.60757509624066,-1.2277211018924477,1.033696514461485,0.7652545325612419,-0.6167270541191101,0.8337267637252808,1.2430492639541626,-0.3183998465538025,0.021768098697066307,0.928067684173584,0.19193251430988312
522.0220479707973,1.8326769807457157,-1.5717051926835022,1.5576962621844546,-1.2265540435566542,1.042157597096311,0.7258882253560313,-0.5868636965751648,0.8378505110740662,1.2980644702911377,-0.3026239573955536,-0.00046252936590462923,0.9243125319480896,0.23251821100711823
522.1883107509847,1.8039140325441723,-1.5778333981912607,1.507817428128249,-1.2253765789398954,1.050693612044504,0.6861734722962192,-0.5563845634460449,0.8379641175270081,1.3525335788726807,-0.2862810492515564,-0.022577857598662376,0.9181838631629944,0.27289488911628723
522.354573531172,1.7749856339542787,-1.5840244229336176,1.4579385940720435,-1.2241871245026363,1.0593170358056256,0.6460516081140277,-0.5255786180496216,0.8340357542037964,1.4062867164611816,-0.2693745195865631,-0.0445588044822216,0.9096783995628357,0.3129488527774811
522.5208363113594,1.745929570201169,-1.590266519000979,1.408059760015838,-1.2229876531779424,1.0680118741095113,0.6055980821383662,-0.49479514360427856,0.8260535597801208,1.459132194519043,-0.2519247531890869,-0.06637486815452576,0.8988265991210938,0.3524755835533142
522.6870990915468,1.7167659923389123,-1.5965536551092128,1.3581809259596325,-1.2217796038155408,1.0767693756565093,0.5648530867963609,-0.4643663167953491,0.814042329788208,1.5108877420425415,-0.2339501976966858,-0.08799932897090912,0.8856686353683472,0.3912983238697052
522.8533618717341,1.6875050134880767,-1.6028833541551382,1.3083020919034272,-1.2205634573394943,1.0855861265046445,0.5238325237366194,-0.43461206555366516,0.7980600595474243,1.5613768100738525,-0.21546770632266998,-0.10940717905759811,0.8702528476715088,0.4292592704296112
523.0196246519215,1.6581563765073861,-1.609253188496257,1.2584232578472216,-1.2193395930443414,1.0944588699238895,0.4825516568336505,-0.4058474898338318,0.7781938910484314,1.6104278564453125,-0.19649524986743927,-0.1305740773677826,0.8526390790939331,0.46620437502861023
523.1858874321089,1.6287174139493001,-1.6156677929468664,1.2085444237910161,-1.2181071430953232,1.1033937738672364,0.4409811620805475,-0.37836775183677673,0.754555344581604,1.6578785181045532,-0.1770440638065338,-0.15147848427295685,0.8328849077224731,0.502008318901062
523.3521502122962,1.599206877102668,-1.6221209811605024,1.1586655897348106,-1.216867193164914,1.1123824856006554,0.3991596271951671,-0.3524801731109619,0.7272894978523254,1.7035619020462036,-0.15713754296302795,-0.17209504544734955,0.8110781908035278,0.5365102291107178
523.5184129924836,1.5696400092079972,-1.628605581387958,1.108786755678605,-1.2156212048570465,1.121415005836422,0.35713454629719676,-0.32847559452056885,0.6965729594230652,1.7473160028457642,-0.1368027925491333,-0.19239866733551025,0.7873213887214661,0.5695547461509705
523.684675772671,1.5400220970726568,-1.635119273024074,1.0589079216223996,-1.2143696323913256,1.1304880403016935,0.3149211633942615,-0.3066195249557495,0.6626062393188477,1.7889890670776367,-0.11606308817863464,-0.21236714720726013,0.7617178559303284,0.6010120511054993
523.8509385382968,1.5103580911458765,-1.6416597312024754,1.0090290919346492,-1.2131129173190032,1.1395982991707296,0.27253445345997523,-0.2871597409248352,0.625614583492279,1.8284367322921753,-0.09494277834892273,-0.23197895288467407,0.7343798279762268,0.6307597756385803
524.0172011603934,1.4806452186858707,-1.6482291608245792,0.9591503053056697,-1.2118506891290275,1.1487490029894067,0.22995954261650642,-0.27031856775283813,0.5858397483825684,1.8655248880386353,-0.07346083968877792,-0.2512142062187195,0.7054165601730347,0.6586974859237671
524.1834639145509,1.4508955805811485,-1.6548216187705325,0.909271479058428,-1.2105840131071237,1.1579318154979856,0.18723561194072938,-0.2563084661960602,0.5435525178909302,1.9001209735870361,-0.05164831504225731,-0.27005255222320557,0.6749661564826965,0.6847077012062073
524.3497266947383,1.4211184581974092,-1.6614319422442703,0.8593926450022225,-1.209313878130141,1.1671395282632626,0.1443960146283412,-0.24531464278697968,0.4990442991256714,1.932102084159851,-0.029537148773670197,-0.2884751856327057,0.643173098564148,0.7086874842643738
524.5159894749256,1.3913176870493957,-1.6680579053717532,0.8095138109460169,-1.2080407187153999,1.1763690359961714,0.10145516552442806,-0.23749274015426636,0.45261844992637634,1.961356282234192,-0.007155976258218288,-0.3064650893211365,0.610180675983429,0.7305528521537781
524.682252246006,1.361496790559101,-1.6746972761568626,0.7596349796219218,-1.2067649754051466,1.185617224922808,0.058427532706008645,-0.23297178745269775,0.4045923054218292,1.9877809286117554,0.015465416945517063,-0.32400646805763245,0.5761374235153198,0.7502307891845703
524.8485148686069,1.3316564210808914,-1.6813496594906554,0.7097561928416329,-1.2054867291710896,1.1948834936875135,0.015315500412809761,-0.23185211420059204,0.3552921414375305,2.0112836360931396,0.03829966485500336,-0.3410843014717102,0.5411915183067322,0.7676628232002258
525.0147774912505,1.3018051349441184,-1.6880094350002564,0.6598774060485632,-1.2042070205147233,1.2041601392896426,-0.027844138446392636,-0.23420807719230652,0.3050602674484253,2.0317800045013428,0.06130988150835037,-0.35768556594848633,0.5055102705955505,0.7827907204627991
525.1810401983107,1.2719472947646069,-1.694673600398042,0.6099985939304844,-1.202926544794938,1.2134428710302754,-0.07103195437394287,-0.24008238315582275,0.2542411684989929,2.049197196960449,0.08446284383535385,-0.37379881739616394,0.46925628185272217,0.7955746054649353
525.3473029784981,1.2420863046025057,-1.7013399777286957,0.5601197598742789,-1.2016456726826037,1.2227286311473968,-0.11423366675191624,-0.24948745965957642,0.2031821608543396,2.063474178314209,0.10772572457790375,-0.38941362500190735,0.4325920641422272,0.8059876561164856
525.5135657586854,1.2122257206737554,-1.7080064021117949,0.5102409258180738,-1.2003646705879194,1.2320144256601138,-0.15743496467714624,-0.26240578293800354,0.15222984552383423,2.0745596885681152,0.1310654729604721,-0.4045209586620331,0.39568111300468445,0.8140153884887695
525.6798285388728,1.1823720149995076,-1.714668400882139,0.46036209176186826,-1.199084749398532,1.2412937361307859,-0.200606878425067,-0.27878960967063904,0.10173249244689941,2.0824131965637207,0.15444444119930267,-0.41911420226097107,0.3586934804916382,0.8196517825126648
525.8460913190602,1.152528992251697,-1.72132338887999,0.41048325770566274,-1.197806045531446,1.2505634745729115,-0.2437339241817245,-0.2985610067844391,0.05203016847372055,2.087007522583008,0.17782828211784363,-0.43318748474121094,0.32179251313209534,0.8229065537452698
526.0123540218178,1.1226999350536708,-1.7279692830847297,0.360604446878359,-1.196529085050603,1.2598206519434862,-0.2868021338540299,-0.32161346077919006,0.0034540146589279175,2.088325023651123,0.20118306577205658,-0.4467361867427826,0.2851383686065674,0.8238011002540588
526.1786166260786,1.0928882310585142,-1.7346038704147062,0.31072566560015324,-1.1952543358022774,1.2690621072062334,-0.3297970897535999,-0.3478125333786011,-0.04367478936910629,2.086360454559326,0.22447438538074493,-0.4597570598125458,0.24888888001441956,0.8223679661750793
526.3448791695853,1.0630982811299532,-1.7412242064193155,0.26084690254813775,-1.1939823194062482,1.2782836580439254,-0.37270006982579845,-0.37699630856513977,-0.08904725313186646,2.0811192989349365,0.2476666271686554,-0.4722486436367035,0.21319998800754547,0.8186502456665039
526.5111419431042,1.0333430008025732,-1.7478220840335912,0.2109680704924526,-1.1927145449840804,1.2874739476035195,-0.4154578335489229,-0.4089730381965637,-0.13236406445503235,2.072620153427124,0.2707141637802124,-0.4842151403427124,0.17823922634124756,0.8126994371414185
526.677404666867,1.0036207006960198,-1.7543995916442288,0.1610892533636123,-1.1914506890785816,1.2966359985507312,-0.4580841275128391,-0.4435335397720337,-0.17335756123065948,2.0608904361724854,0.2935914993286133,-0.49565428495407104,0.14413784444332123,0.804583728313446
526.8436672955823,0.9739360804413659,-1.7609546058489005,0.11121046474900308,-1.1901911224557526,1.3057667437544125,-0.5005647394357867,-0.4804442822933197,-0.21177420020103455,2.0459704399108887,0.3162651062011719,-0.5065683126449585,0.11103370785713196,0.7943779826164246
527.0099298707722,0.9442939310333576,-1.7674849181864971,0.061331692192053686,-1.1889362964479182,1.314863057321011,-0.5428852393687973,-0.5194512605667114,-0.24738234281539917,2.027909517288208,0.3387020230293274,-0.5169602632522583,0.07905840873718262,0.7821654677391052
527.1761925741483,0.9147028795734713,-1.773986112268088,0.011452881179226305,-1.1876872085790633,1.323918849223358,-0.5850175022017724,-0.5602796673774719,-0.27997255325317383,2.006769895553589,0.36086535453796387,-0.5268363952636719,0.04834160581231117,0.7680382132530212
527.342455612014,0.8851818773519045,-1.7804486427647563,-0.03842603018046575,-1.1864454014268917,1.3329206115170105,-0.6268980023798606,-0.6026309728622437,-0.30935928225517273,1.982627034187317,0.38270890712738037,-0.5362098813056946,0.01901957206428051,0.7520977854728699
527.5087186003717,0.8557239259984871,-1.7868774233504616,-0.08830492668779817,-1.1852101959478838,1.341875327512812,-0.6685594156029855,-0.6462116837501526,-0.33539316058158875,1.9555591344833374,0.40421491861343384,-0.5450806021690369,-0.008821932598948479,0.7344518899917603
527.6749814699259,0.8263373069366593,-1.793270197997662,-0.13818378755404376,-1.1839819193920478,1.3507799192159153,-0.7099874721674734,-0.6907089352607727,-0.3579491674900055,1.9256571531295776,0.4253535866737366,-0.5534551739692688,-0.035084210336208344,0.7152138352394104
527.8412442012741,0.7970310605627611,-1.7996247088814044,-0.18806260695850457,-1.1827609448272178,1.3596312470779972,-0.7511676530079581,-0.7358002662658691,-0.3769308030605316,1.8930217027664185,0.44609594345092773,-0.5613409280776978,-0.05967779457569122,0.6945021152496338
528.0075068213699,0.7678196960352347,-1.8059366712432814,-0.237941392987239,-1.1815481551269948,1.368423251992548,-0.7920719297319606,-0.7811547517776489,-0.3922728896141052,1.8577630519866943,0.46641042828559875,-0.5687482953071594,-0.08251804113388062,0.6724414229393005
528.1737698672553,0.7387412746165684,-1.812192937392907,-0.2878203067528398,-1.180346108276399,1.3771376014325,-0.8326148947402777,-0.8264195919036865,-0.40394800901412964,1.8200080394744873,0.4862515926361084,-0.5756973624229431,-0.10350929945707321,0.6491669416427612
528.3400326651389,0.7097817728912187,-1.8184018542130298,-0.33769914611794655,-1.179153173928606,1.3857860859619775,-0.8728516071955063,-0.8712836503982544,-0.4119495749473572,1.7798744440078735,0.5056126117706299,-0.5821857452392578,-0.12262094020843506,0.6248036026954651
528.5062955251739,0.6809523186265586,-1.8245610124224876,-0.3875780041284511,-1.1779698296766088,1.3943652100325699,-0.9127658874471104,-0.915418803691864,-0.41630280017852783,1.7374958992004395,0.5244685411453247,-0.5882232785224915,-0.1398044377565384,0.599483847618103
528.6725583953208,0.65226540835802,-1.8306679945253381,-0.43745686517255566,-1.176796506777492,1.4028716256471687,-0.952342203319235,-0.9585025906562805,-0.41706299781799316,1.6930118799209595,0.5427956581115723,-0.593819260597229,-0.15502165257930756,0.573340892791748
528.8388208775823,0.6237351133858962,-1.8367203539675203,-0.4873356098509978,-1.1756335949624244,1.4113021063833928,-0.9915655702820155,-1.0002204179763794,-0.41431504487991333,1.6465686559677124,0.5605723261833191,-0.5989829897880554,-0.16824449598789215,0.5465087890625
529.0050839033205,0.5954177520984526,-1.8427031503190887,-0.537214517572446,-1.1744839260746007,1.4196357079601787,-1.0303389761190753,-1.040239691734314,-0.4082009494304657,1.598331332206726,0.577759861946106,-0.6037367582321167,-0.17943094670772552,0.5191338658332825
529.171346861659,0.5673083459369748,-1.848622054428669,-0.5870934050740135,-1.1733466696017096,1.4278803014325319,-1.0686982174420883,-1.0782876014709473,-0.398853600025177,1.5484495162963867,0.5943526029586792,-0.6080806851387024,-0.18859152495861053,0.4913409948348999
529.3376097029944,0.5394136076280257,-1.854477777246488,-0.6369722574746528,-1.1722216075175316,1.4360368196496809,-1.106647847515653,-1.1140973567962646,-0.3864324986934662,1.4970818758010864,0.6103375554084778,-0.6120204329490662,-0.1957356482744217,0.46325647830963135
529.5038725555631,0.5117514201789939,-1.8602674005841375,-0.6868511132452811,-1.1711092637380158,1.4441011577813,-1.144168807710855,-1.1474127769470215,-0.3711264431476593,1.4443943500518799,0.6256973147392273,-0.6155655384063721,-0.20087511837482452,0.43500685691833496
529.6701355035922,0.48433865917045055,-1.8659881254209367,-0.7367299976539814,-1.1700101518760921,1.4520695046562933,-1.1812431503860166,-1.1779989004135132,-0.3531433343887329,1.39055597782135,0.6404159665107727,-0.618725597858429,-0.20403192937374115,0.40671470761299133
529.8363984409208,0.4571903969286696,-1.8716373968875408,-0.7866088788525585,-1.1689247384125387,1.459938532936145,-1.2178550287206755,-1.2056430578231812,-0.3327064514160156,1.3357388973236084,0.6544786691665649,-0.6215101480484009,-0.2052372694015503,0.3784976601600647
530.0026612211082,0.43035473924413886,-1.87720423745771,-0.836487712908764,-1.1678550957634062,1.467692672689079,-1.2539332565776318,-1.2301392555236816,-0.3100877106189728,1.2801264524459839,0.6678622961044312,-0.6239364147186279,-0.20452134311199188,0.35047709941864014
530.1689240012955,0.4038424780802485,-1.8826882162753173,-0.8863665469649695,-1.1668014203746369,1.4753313477018588,-1.2894741011393502,-1.2513290643692017,-0.28553664684295654,1.2238918542861938,0.6805581450462341,-0.6260114908218384,-0.20193639397621155,0.32275667786598206
530.335186647725,0.3776500890781737,-1.888091942343724,-0.936245340893819,-1.1657631794014733,1.4828583088167226,-1.3244945227108875,-1.269084095954895,-0.25929540395736694,1.1672043800354004,0.6925615668296814,-0.6277390122413635,-0.1975434422492981,0.2954299747943878
530.501449137868,0.35179768287735924,-1.8934119044402695,-0.9861240879367185,-1.1647410351151857,1.4902684802164345,-1.3589718494362104,-1.2832903861999512,-0.23163621127605438,1.1102415323257446,0.7038619518280029,-0.629128634929657,-0.19140271842479706,0.2685900032520294
530.6677115573306,0.32629774817442964,-1.898646141264483,-1.036002813775473,-1.1637353618850714,1.4975591512105977,-1.3928935636970665,-1.293862223625183,-0.20282690227031708,1.0531773567199707,0.714451253414154,-0.6301884651184082,-0.18358193337917328,0.24232111871242523
530.8339739697617,0.301159283612515,-1.9037933352767387,-1.0858815375048283,-1.1627463595414358,1.5047286633424037,-1.4262515756502316,-1.3007409572601318,-0.17313209176063538,0.9961847066879272,0.7243227958679199,-0.6309266090393066,-0.1741536408662796,0.21669940650463104
531.0002363735853,0.2763937553926657,-1.9088517089602468,-1.1357602586519089,-1.161774403792857,1.5117746298380006,-1.4590345052526765,-1.3038920164108276,-0.14281804859638214,0.9394354820251465,0.7334709167480469,-0.6313504576683044,-0.16319361329078674,0.19179387390613556
531.1664988942803,0.25201794203663935,-1.9138185519655855,-1.1856390148603997,-1.1608201199250026,1.5186930739172626,-1.4912240628320719,-1.3033031225204468,-0.11215358972549438,0.8830996751785278,0.7418899536132812,-0.6314683556556702,-0.1507807970046997,0.1676667034626007
531.3327619342348,0.2280528732360361,-1.9186901344419915,-1.2355179268467584,-1.1598841262725215,1.5254786844645942,-1.522796129586713,-1.298986792564392,-0.08140656352043152,0.8273465633392334,0.7495750784873962,-0.6312887072563171,-0.13699740171432495,0.14437249302864075
531.4990253977935,0.20451283692968533,-1.9234638309900443,-1.2853969659143905,-1.1589668927071453,1.5321281647229534,-1.5537348774686746,-1.2909797430038452,-0.050828732550144196,0.7723400592803955,0.756523072719574,-0.6308190822601318,-0.12192834913730621,0.12195656448602676
531.6652880527565,0.18139406715896936,-1.9281409758230215,-1.3352757624033018,-1.1580681051746016,1.5386430614511462,-1.5840474709798722,-1.279343605041504,-0.020640205591917038,0.7182362079620361,0.7627341747283936,-0.6300646662712097,-0.10565980523824692,0.10045457631349564
531.8315504123939,0.15868938190994775,-1.932723359822708,-1.3851544702945109,-1.1571876720111354,1.5450257500164002,-1.6137453564517186,-1.2641572952270508,0.008954288437962532,0.6651857495307922,0.7682093381881714,-0.6290297508239746,-0.08827655762434006,0.07989529520273209
531.9978138903417,0.1363929678171088,-1.9372122864622843,-1.4350335136788515,-1.1563250949796269,1.5512784397170047,-1.642838005351298,-1.2455159425735474,0.037760548293590546,0.6133354902267456,0.7729501128196716,-0.6277188658714294,-0.06986256688833237,0.060302287340164185
532.1640769576528,0.11454393714123919,-1.9415990230013689,-1.4849124338721817,-1.155482167486933,1.5573888948118135,-1.671268758380899,-1.2235296964645386,0.06554695963859558,0.5628395676612854,0.7769515514373779,-0.6261445879936218,-0.05050607770681381,0.04169429466128349
532.3303391503202,0.09307922228913523,-1.945898086252763,-1.5347910916724175,-1.1546560118781366,1.5633772616953703,-1.699131185848994,-1.1983264684677124,0.09221170097589493,0.5138192772865295,0.780225932598114,-0.6243000626564026,-0.030282435938715935,0.024081040173768997
532.4966004614914,0.07196017520214225,-1.9501185613674121,-1.5846694850237644,-1.1538451298608503,1.5692559280858445,-1.7264828192984791,-1.1700388193130493,0.11763576418161392,0.46639758348464966,0.7827816009521484,-0.6221827268600464,-0.00926422979682684,0.007473040372133255
532.6202720502918,0.03485869856203,-1.9429280348584246,-1.580246660937981,-1.1495473508094771,1.5862897304445926,-1.7295176235515957,-1.1667391061782837,0.1558568924665451,0.4792247414588928,0.7720537185668945,-0.6352004408836365,-0.009736909531056881,0.01893332414329052
532.7865355727265,-0.015020358168380646,-1.9264338779194619,-1.5323418721688096,-1.1423635621084793,1.6126236589803868,-1.7131023620813244,-1.180592656135559,0.2064075469970703,0.5415525436401367,0.7500903606414795,-0.6586644053459167,-0.028712447732686996,0.05197250470519066
532.9527977683512,-0.06489901685576606,-1.9094608649762848,-1.4837910789999968,-1.1349709098597947,1.639721637291417,-1.6962099567153133,-1.188433289527893,0.2582802176475525,0.6074381470680237,0.7268308997154236,-0.6797751784324646,-0.04901618883013725,0.0849699079990387
533.1190604293706,-0.11477781516159312,-1.8919878034988478,-1.4345707424701628,-1.12736014092512,1.6676184726134828,-1.6788192043652332,-1.1897739171981812,0.3107577860355377,0.6767635941505432,0.7024437785148621,-0.6983550190925598,-0.07062643766403198,0.11783406883478165
533.2849204643487,-0.1645358256550113,-1.8740630833590377,-1.3848146795433283,-1.1195525140525953,1.696236503611162,-1.6609785473341376,-1.1842031478881836,0.36292195320129395,0.7491166591644287,0.6771895289421082,-0.7141979336738586,-0.09344207495450974,0.15034665167331696
533.4511825985198,-0.21381257820879385,-1.8558471566377046,-1.33493603929198,-1.1116177876690314,1.7253196865597982,-1.6428477155576335,-1.1715463399887085,0.41355475783348083,0.8235818147659302,0.6514884829521179,-0.7270912528038025,-0.11721047759056091,0.18210621178150177
533.6174461231243,-0.26254525389416555,-1.8373627011023521,-1.285056981910654,-1.1035660413529902,1.7548318231001965,-1.6244495513577317,-1.1518003940582275,0.46172016859054565,0.8996477127075195,0.6256148219108582,-0.736988365650177,-0.14179249107837677,0.21295328438282013
533.7837089655029,-0.3108290370980123,-1.8185854324013213,-1.235178129197085,-1.095386389074884,1.7848116632614057,-1.6057596562321061,-1.125024676322937,0.5066476464271545,0.9769567847251892,0.5997664928436279,-0.7439087629318237,-0.16710591316223145,0.24280759692192078
533.9499718993646,-0.3587733826246624,-1.799522292465939,-1.1852992490385579,-1.0870819841178085,1.8152476087361562,-1.5867855806579965,-1.0913697481155396,0.5476056933403015,1.055083155632019,0.5741450190544128,-0.747891366481781,-0.19307160377502441,0.2715495824813843
534.116234066322,-0.40643244392667005,-1.7801650070186839,-1.1354205989513266,-1.0786493030519695,1.8461529313013716,-1.5675190046516194,-1.051098108291626,0.5838052034378052,1.1335972547531128,0.5489653944969177,-0.7489752769470215,-0.21960318088531494,0.29907768964767456
534.2824970722618,-0.4538601326617895,-1.7605186115004825,-1.0855416971694134,-1.0700907074557724,1.8775195753497638,-1.5479648882423391,-1.0045783519744873,0.6144941449165344,1.2120287418365479,0.5244429707527161,-0.7472205758094788,-0.24661169946193695,0.32527464628219604
534.4487603108062,-0.5011029610350333,-1.740588910860811,-1.0356627256060948,-1.0614085402636224,1.9093386938831314,-1.5281287094222908,-0.9522829055786133,0.6389548778533936,1.2898869514465332,0.5007907748222351,-0.7427069544792175,-0.274005264043808,0.35002294182777405
534.6150229058716,-0.5481996507785972,-1.720379049834104,-0.9857839470864636,-1.052604348588158,1.9416049557362993,-1.5080136345337354,-0.8947857618331909,0.6565141677856445,1.3666675090789795,0.47821760177612305,-0.7355322241783142,-0.3016880750656128,0.3732084631919861
534.781286025347,-0.5951797878758868,-1.699895244757818,-0.9359050112438534,-1.0436809505175686,1.9743086432209755,-1.4876258814885062,-0.8327639698982239,0.6665626764297485,1.4418492317199707,0.4569268524646759,-0.7258145809173584,-0.329559862613678,0.3947167992591858
534.9475489267317,-0.6420610445446208,-1.6791521331733632,-0.8860261408284541,-1.0346446210250797,2.007426323120648,-1.4669796975573466,-0.7669997811317444,0.6685747504234314,1.514893651008606,0.43711575865745544,-0.7136945128440857,-0.3575158417224884,0.4144302308559418
535.1138114975006,-0.6888571928799707,-1.6581643843071088,-0.8361473695977827,-1.0255018115310546,2.040934556395714,-1.4460898597901661,-0.6983599662780762,0.6621249318122864,1.5852595567703247,0.4189675748348236,-0.6993342041969299,-0.38544750213623047,0.4322361946105957
535.2800738978112,-0.7355808244819217,-1.6369443689652843,-0.7862686495045806,-1.016257809673355,2.0748132550197194,-1.4249688385413206,-0.6277796030044556,0.6468985080718994,1.6524134874343872,0.402648389339447,-0.6829147934913635,-0.4132440686225891,0.4480302035808563
535.4463361260853,-0.7822412312742628,-1.615496907436456,-0.736389981022368,-1.0069149108140514,2.109054839705,-1.4036214940865508,-0.5562443137168884,0.6226916909217834,1.715839147567749,0.38830655813217163,-0.6646311283111572,-0.4407913386821747,0.4617210328578949
535.6125992434627,-0.8288466030766494,-1.593834411158189,-0.686511045809129,-0.9974782965685643,2.143639711888295,-1.3820599198642003,-0.48478755354881287,0.5894436836242676,1.7750252485275269,0.3760703504085541,-0.6446983814239502,-0.4679734706878662,0.4732186496257782
535.7788614265351,-0.8754071086235155,-1.5719856541046993,-0.636632390887427,-0.9879606349629224,2.178521865073963,-1.3603129146704582,-0.41448014974594116,0.5472630858421326,1.8294692039489746,0.3660404682159424,-0.6233565211296082,-0.494676411151886,0.4824275076389313
535.9451241945787,-0.9219301624492596,-1.5499659915314612,-0.5867535604743063,-0.9783685743644125,2.213676823251463,-1.3383956414619254,-0.34638458490371704,0.4963817894458771,1.8787118196487427,0.35829371213912964,-0.600849449634552,-0.5207841992378235,0.4892742335796356
536.1113872785629,-0.9684220640332106,-1.5277902998905928,-0.5368746352790421,-0.9687087069157445,2.249080908402008,-1.3163232238956413,-0.28154706954956055,0.43717634677886963,1.922330379486084,0.3528811037540436,-0.5774294137954712,-0.5461815595626831,0.49369603395462036
536.2776501042542,-1.014887392416737,-1.505475076688565,-0.4869957875716322,-0.9589881654205069,2.2847076837509444,-1.294112086384387,-0.22097954154014587,0.370168536901474,1.959941029548645,0.34982600808143616,-0.5533549785614014,-0.570753812789917,0.49564093351364136
536.4439126630489,-1.061330299813115,-1.483037303109624,-0.43711701993324964,-0.9492143222106565,2.320530124784959,-1.2717789474861176,-0.16563767194747925,0.29601970314979553,1.9912070035934448,0.34912338852882385,-0.5288878679275513,-0.5943887829780579,0.49506816267967224
536.6101751430606,-1.1077546275300392,-1.4604935243169592,-0.3872382759297244,-0.9393944148648998,2.3565216416778356,-1.249340294660828,-0.11640022695064545,0.2155187577009201,2.0158445835113525,0.3507401943206787,-0.5042882561683655,-0.6169763803482056,0.49195000529289246
536.776437633146,-1.1541638409768504,-1.4378598437121697,-0.3373595289041017,-0.9295354813636345,2.3926563428475385,-1.22681236030604,-0.07405182719230652,0.12957166135311127,2.033625364303589,0.35461604595184326,-0.47981199622154236,-0.638410210609436,0.48627176880836487
536.942700277446,-1.200561345551132,-1.415152436085528,-0.28748073561410525,-0.9196445677262389,2.4289090133576074,-1.2042112358639154,-0.03926652669906616,0.039186518639326096,2.0443804264068604,0.3606635630130768,-0.45570769906044006,-0.6585875749588013,0.4780319333076477
537.1089626133179,-1.2469496371298963,-1.392388232440007,-0.23760203485252565,-0.9097289253327425,2.465252307906104,-1.181553568795318,-0.012594357132911682,-0.05454021692276001,2.0480034351348877,0.3687690794467926,-0.432213693857193,-0.6774108409881592,0.4672420024871826
537.2752249495791,-1.293331007742913,-1.3695814722414137,-0.18772333397417126,-0.8997948165531915,2.501663132279626,-1.158853777046384,0.00555264949798584,-0.15045197308063507,2.0444514751434326,0.37879616022109985,-0.40955331921577454,-0.6947870254516602,0.4539279043674469
537.4414877626936,-1.339709002034135,-1.3467556551323665,-0.13784449003982377,-0.8898523589013099,2.5381042888406253,-1.136135076531505,0.014904290437698364,-0.24732616543769836,2.033750534057617,0.39058008790016174,-0.3879380226135254,-0.7106316089630127,0.43812549114227295
537.6077501840994,-1.386086128581808,-1.3239281716456703,-0.08796576361809741,-0.8799091550843464,2.574548258781069,-1.113414808890719,0.015344515442848206,-0.34392988681793213,2.015990734100342,0.40393969416618347,-0.36755701899528503,-0.7248650789260864,0.41988715529441833
537.7740130078528,-1.4324651045633772,-1.3011154544388839,-0.03808691649206022,-0.8699723497968823,2.6109687951029854,-1.0907091526654311,0.0069106221199035645,-0.43903201818466187,1.9913268089294434,0.41867685317993164,-0.34857720136642456,-0.7374147772789001,0.3992781937122345
537.9402757458238,-1.478848622175256,-1.2783339747533766,0.011791904899236962,-0.8600491157335329,2.6473393892872483,-1.0680346911597727,-0.010208189487457275,-0.5314233899116516,1.9599754810333252,0.43457838892936707,-0.33114272356033325,-0.7482155561447144,0.37637677788734436
538.1065384830584,-1.525239557738731,-1.2556003611293607,0.061670726069622275,-0.8501467577496155,2.6836333205599185,-1.045407930473072,-0.03567570447921753,-0.6199386119842529,1.9222123622894287,0.4514198303222656,-0.31537288427352905,-0.7572101354598999,0.35127297043800354
538.2728015074878,-1.571640781304859,-1.2329313983823385,0.11154963339843528,-0.8402726470114595,2.719823899496532,-1.0228454278755335,-0.06901580095291138,-0.7034770250320435,1.8783692121505737,0.468968003988266,-0.30136120319366455,-0.7643492817878723,0.32406869530677795
538.4390641563275,-1.6180550931289615,-1.2103437256814253,0.16142842805033972,-0.830434013726803,2.755884806662171,-1.0003638721858759,-0.10962387919425964,-0.781023383140564,1.8288291692733765,0.4869847893714905,-0.28917449712753296,-0.7695919871330261,0.29487645626068115
538.6053266340555,-1.6644859729745638,-1.1878533016333095,0.2113071713687313,-0.8206377618195289,2.791790345874861,-0.9779790628274156,-0.15677985548973083,-0.8516653776168823,1.7740192413330078,0.5052302479743958,-0.27885234355926514,-0.7729056477546692,0.2638189494609833
538.7715892350046,-1.7109379520506467,-1.165481149067328,0.2611859516534799,-0.8108928143663243,2.8275070685667973,-0.9557118721462795,-0.20966359972953796,-0.914600133895874,1.7144142389297485,0.52346271276474,-0.2704085111618042,-0.7742687463760376,0.23102796077728271
538.9378513126946,-1.7574161154931003,-1.1432533522478445,0.3110645749605031,-0.8012104523370495,2.8629937202423528,-0.9335880417278638,-0.26737016439437866,-0.9691473841667175,1.6505320072174072,0.5414414405822754,-0.2638295590877533,-0.7736702561378479,0.19664497673511505
539.1041139169697,-1.8039235674006813,-1.1211761935060258,0.3609433562430329,-0.7915934639830186,2.898240030953099,-0.9116141686115496,-0.32893723249435425,-1.0147976875305176,1.582888126373291,0.5589480996131897,-0.2590748369693756,-0.7710996866226196,0.16081787645816803
539.2703766064802,-1.8504659615603547,-1.0992644693490659,0.41082216309617703,-0.7820481925710864,2.9332226778879114,-0.8898047017900819,-0.39335864782333374,-1.0511693954467773,1.512030005455017,0.5757686495780945,-0.2560814917087555,-0.7665578722953796,0.12370025366544724
539.4366390507555,-1.8970501635611456,-1.077532740840363,0.46070089637876316,-0.7725812219474297,2.9679179540064697,-0.8681744447709168,-0.4596061706542969,-1.0780268907546997,1.438517451286316,0.5917016267776489,-0.2547648549079895,-0.7600541114807129,0.08545058220624924
539.6029013187754,-1.943683365488674,-1.0559966598492099,0.5105795767847129,-0.7631994809393747,3.0023006646763886,-0.8467391079939619,-0.5266475677490234,-1.0952788591384888,1.3629190921783447,0.6065610647201538,-0.2550196647644043,-0.7516058087348938,0.0462314747273922
539.7691639175168,-1.9903738965728905,-1.034672374845028,0.5604583564071428,-0.7539100529261418,3.036345082174073,-0.8255147990263484,-0.5934666395187378,-1.1029748916625977,1.2858034372329712,0.6201781034469604,-0.2567223310470581,-0.7412383556365967,0.006208750884979963
539.9354266415925,-2.0371315406095056,-1.0135741695746519,0.6103371736298414,-0.7447191948767234,3.0700284948256993,-0.804515651423866,-0.6590826511383057,-1.1013025045394897,1.2077293395996094,-0.6324045062065125,0.25973400473594666,0.7289828062057495,0.03445052728056908
540.1016889752874,-2.083968069276329,-0.9927146397292189,0.6602158737383319,-0.7356323616701589,3.1033308168615723,-0.7837540798199707,-0.7225663065910339,-1.0905743837356567,1.1292415857315063,-0.6431130766868591,0.26390373706817627,0.7148762941360474,0.07557901740074158
540.2679515557641,-2.1308974862169165,-0.9721075079593643,0.7100946478813431,-0.7266554363727816,3.1362302711540373,-0.7632436678374594,-0.7830532193183899,-1.0712177753448486,1.0508677959442139,-0.6521977782249451,0.2690696716308594,0.6989622712135315,0.11701005697250366
540.4342149146221,-2.1779359590495813,-0.9517680188422258,0.7599736555387525,-0.7177950064842809,3.1687027208646237,-0.7429993874533624,-0.8397569060325623,-1.043759822845459,0.9731159210205078,-0.6595739126205444,0.27506223320961,0.6812900304794312,0.15857765078544617
540.6004780158632,-2.225106540618049,-0.9317081550630085,0.8098525859110887,-0.7090563323774524,3.200728905847151,-0.7230331263055403,-0.8919824957847595,-1.0088129043579102,0.896462082862854,-0.6651800870895386,0.2817092835903168,0.6619117856025696,0.2001200020313263
540.7667403964629,-2.2724452406622713,-0.911931731251026,0.8597313000909604,-0.7004410351448226,3.232302928558455,-0.703348811083441,-0.9391414523124695,-0.9670516848564148,0.821337878704071,-0.6689771413803101,0.2888433337211609,0.640877366065979,0.2414858043193817
540.9330028279742,-2.319997367627648,-0.8924426650545965,0.9096100295443497,-0.6919509015041345,3.2634179563769914,-0.6839505408552146,-0.9807443022727966,-0.9191964268684387,0.7481427192687988,-0.6709445714950562,0.29629915952682495,0.6182374954223633,0.28252869844436646
541.0992656135113,-2.3678152155724677,-0.8732470311101415,0.9594888652054786,-0.6835886505612002,3.2940643335476243,-0.6648445925099868,-1.016400694847107,-0.8660005927085876,0.6772459149360657,-0.6710801720619202,0.30391499400138855,0.5940449833869934,0.32310616970062256
541.2655289196024,-2.415955767467373,-0.8543436371396632,1.0093678570327893,-0.6753537924869343,3.324243797318055,-0.646029726655778,-1.0458141565322876,-0.808241605758667,0.6089703440666199,-0.6694003939628601,0.31153661012649536,0.5683477520942688,0.3630824387073517
541.4317917850526,-2.464480523539013,-0.8357181522159765,1.0592467166678572,-0.6672401325338895,3.353979264975997,-0.6274916665859518,-1.0687769651412964,-0.7467061877250671,0.5435841679573059,-0.6659367084503174,0.3190213143825531,0.5411862134933472,0.40233221650123596
541.5980544063813,-2.513471325657065,-0.8173546872080619,1.109125503066445,-0.659240761959543,3.3832966445897403,-0.6092144040611175,-1.0851755142211914,-0.6821634769439697,0.4813222587108612,-0.6607295274734497,0.3262387812137604,0.512595534324646,0.4407386779785156
541.764255265159,-2.5630452697779855,-0.7992605992706684,1.158985760699758,-0.6513588563716857,3.412184535038795,-0.591204918979431,-1.0950045585632324,-0.6153453588485718,0.42243343591690063,-0.6538268327713013,0.3330727219581604,0.48261746764183044,0.47817718982696533
541.9305180453464,-2.6129241038341906,-0.7815792499997687,1.208459587327534,-0.6436569233052142,3.44041349144889,-0.5736060409593564,-1.0983105897903442,-0.5475022792816162,0.3675180971622467,-0.6453673839569092,0.3393530547618866,0.4515317380428314,0.5142563581466675
542.0967808255338,-2.6628029378903966,-0.7643600480472204,1.257315192227746,-0.6361564871103144,3.4679048752514623,-0.5564670274158307,-1.0952916145324707,-0.4798465669155121,0.3168468475341797,-0.6355341672897339,0.3449198603630066,0.4195825159549713,0.5487049221992493
542.2630436057211,-2.7126817719466016,-0.7476463005197763,1.3054880884717985,-0.6288765732385114,3.4945887687205914,-0.539831188654492,-1.0863906145095825,-0.41313910484313965,0.2705003619194031,-0.6244914531707764,0.349683940410614,0.38691404461860657,0.5814027190208435
542.4293063859085,-2.7625606060028076,-0.7313381433486938,1.3531115055084229,-0.621773362159729,3.5206246376037598,-0.5235989689826965,-1.0719400644302368,-0.34800010919570923,0.22824929654598236,-0.6123724579811096,0.35355332493782043,0.3535533547401428,0.6123724579811096
542.4793063859084,-2.763382928255521,-0.735518041303359,1.3458271232781203,-0.6103090634448278,3.5198023975004693,-0.5235989729510706,-1.0747129917144775,-0.34801018238067627,0.23774419724941254,-0.6123723983764648,0.35355332493782043,0.3535533845424652,0.6123724579811096
543.4674806157687,-2.764027909142199,-0.7402023993451838,1.3394113187196859,-0.5992089233428761,3.519157461610406,-0.5235989729510706,-1.0768777132034302,-0.3480110168457031,0.2473859190940857,-0.6123724579811096,0.35355329513549805,0.3535533845424652,0.6123723983764648
545.1365253703358,-2.7644577407708506,-0.745493130115142,1.3340520452224276,-0.5885589190756597,3.5187276299817545,-0.5235989729510706,-1.0783238410949707,-0.3480112552642822,0.25717678666114807,-0.6123724579811096,0.35355329513549805,0.3535533845424652,0.6123724579811096
546.0139783497349,-2.7631791938137042,-0.7511411996549149,1.3407063770936758,-0.589565181407135,3.520006176938901,-0.5235989729510706,-1.0740435123443604,-0.3480149507522583,0.2601350247859955,-0.6123724579811096,0.3535533845424652,0.35355329513549805,0.6123725175857544
547.2797303623282,-2.7609145944935363,-0.7541463283951292,1.3553573733006297,-0.6012110357963363,3.5222707695096425,-0.5235989408891969,-1.066521167755127,-0.34801942110061646,0.25499966740608215,-0.6123724579811096,0.35355329513549805,0.3535533547401428,0.6123723983764648
548.3017316734368,-2.759747988125208,-0.7511245244012529,1.3644470724502258,-0.6133224990991015,3.5234373553158496,-0.5235988432127312,-1.062748908996582,-0.348050057888031,0.24585072696208954,-0.6123724579811096,0.35355332493782043,0.3535533547401428,0.6123725175857544
549.2917245900209,-2.7585786597291575,-0.748095669670757,1.3735579804786189,-0.6254622219243233,3.524606663101802,-0.5235987453083581,-1.0588825941085815,-0.3480377793312073,0.23673699796199799,-0.6123723983764648,0.35355350375175476,0.3535534143447876,0.6123724579811096
550.497084772271,-2.7578263054856462,-0.7470497858513494,1.3791017924594937,-0.6320519033938287,3.52535900169394,-0.5235986949519337,-1.0563477277755737,-0.34800636768341064,0.2321922481060028,-0.6123723983764648,0.3535533547401428,0.3535533845424652,0.6123723983764648
552.7887668022506,-2.758388910026483,-0.7522521860597736,1.3733983225818869,-0.6211460996526729,3.524796397153103,-0.5235987944692463,-1.0581977367401123,-0.3480117917060852,0.24191175401210785,-0.6123723983764648,0.3535534739494324,0.35355329513549805,0.6123723983764648
553.7619345383339,-2.7584344211209135,-0.7587927268816497,1.3704756766918738,-0.6116829650684923,3.5247508860586727,-0.523598849773407,-1.05833899974823,-0.34800881147384644,0.2516424059867859,-0.6123723387718201,0.3535534739494324,0.3535533547401428,0.6123724579811096
555.575133592929,-2.7578331242461793,-0.7670070851124641,1.3710314332618385,-0.604024397751764,3.525352182933407,-0.523598849773407,-1.0563702583312988,-0.34800636768341064,0.2613418400287628,-0.6123723983764648,0.3535534143447876,0.3535533547401428,0.6123724579811096
556.5593107190472,-2.756451207976264,-0.7686406811812653,1.379466059424249,-0.6108254378476285,3.5267340992033223,-0.523598849773407,-1.0519524812698364,-0.34803563356399536,0.2582854628562927,-0.6123723983764648,0.35355344414711,0.35355344414711,0.6123723983764648
557.5490119454008,-2.754747763692977,-0.7675697113540384,1.3911434208311249,-0.6235737690817313,3.5284375434866093,-0.523598849773407,-1.0464699268341064,-0.3480401039123535,0.2500457763671875,-0.6123723983764648,0.35355344414711,0.3535533547401428,0.6123723983764648
558.6291242673781,-2.7532599305237357,-0.7657615099206866,1.4016659119003319,-0.63590446158429,3.5299253766558505,-0.523598849773407,-1.0416146516799927,-0.34800225496292114,0.24166132509708405,-0.6123723983764648,0.3535533547401428,0.3535534143447876,0.6123723983764648
559.7324853907319,-2.75337641561961,-0.7585003078476442,1.4035831815420132,-0.6450829332990137,3.529808891559976,-0.523598849773407,-1.0419901609420776,-0.3480037450790405,0.23177103698253632,-0.6123723983764648,0.3535534739494324,0.3535533845424652,0.6123724579811096
560.7086593429538,-2.7525012715107335,-0.754070720398428,1.4105055560375341,-0.6564348592223697,3.53068399724923,-0.5235989242144105,-1.0392146110534668,-0.34800851345062256,0.22241219878196716,-0.6123724579811096,0.3535533547401428,0.3535533845424652,0.6123723983764648
561.6663429099115,-2.7507043007192937,-0.7529334196314295,1.4216245231531162,-0.6686911572529484,3.532480954348993,-0.523599015220613,-1.0335975885391235,-0.3480372428894043,0.21465565264225006,-0.6123723983764648,0.35355332493782043,0.3535533547401428,0.6123724579811096
562.6562616932185,-2.7482223078871244,-0.7544508826431097,1.4357188197935449,-0.6812681013181414,3.5349629707389845,-0.5235991020992353,-1.0258815288543701,-0.3480623960494995,0.20845438539981842,-0.6123725175857544,0.3535533547401428,0.3535533547401428,0.6123723983764648
564.6727592384509,-2.745745141867638,-0.7559653945948128,1.4497857067940678,-0.6938205865886365,3.5374401602704797,-0.5235991888089019,-1.0181028842926025,-0.3480182886123657,0.20233631134033203,-0.6123725175857544,0.3535533547401428,0.35355329513549805,0.6123723983764648
565.9292744169437,-2.7459287452080465,-0.7601040572547084,1.4476035588900131,-0.6874997505021634,3.5372565619715397,-0.5235991090885452,-1.0186653137207031,-0.34801697731018066,0.20847727358341217,-0.6123724579811096,0.3535533547401428,0.35355332493782043,0.6123723387718201
567.8107458868893,-2.746837030009658,-0.7649506158811169,1.4409976846466113,-0.6760472551666384,3.536348277169928,-0.5235989841571161,-1.021440029144287,-0.3480040431022644,0.21797804534435272,-0.6123723983764648,0.35355344414711,0.35355332493782043,0.6123724579811096
569.4276013046689,-2.744102534143034,-0.7726382697829015,1.4542291136943641,-0.6815909277557479,3.539082773036552,-0.5235989689826965,-1.013089895248413,-0.3480294942855835,0.21959680318832397,-0.6123724579811096,0.35355332493782043,0.3535533845424652,0.6123724579811096
570.7882899945433,-2.7421199782473,-0.7787119864514735,1.4636377101775837,-0.6849257119500947,3.5410653289322864,-0.5235989446196405,-1.0070220232009888,-0.3480141758918762,0.22145012021064758,-0.6123724579811096,0.35355329513549805,0.3535533547401428,0.6123724579811096
572.9107871419786,-2.7445159583553207,-0.7778349259333437,1.4501351768776796,-0.6723001858318041,3.5386693488242655,-0.5235988342732727,-1.0143756866455078,-0.3480382561683655,0.22807349264621735,-0.6123723983764648,0.35355332493782043,0.3535533845424652,0.6123723387718201
573.897074977964,-2.7468564503074853,-0.7771703972551295,1.4368471223394212,-0.6596766097074415,3.536328856872101,-0.5235987346475772,-1.0214958190917969,-0.34800243377685547,0.23489835858345032,-0.6123723983764648,0.3535533845424652,0.3535533845424652,0.6123723983764648
574.8867205112277,-2.7483089191622088,-0.7797889100337697,1.4270519920012683,-0.6472629643628824,3.5348763880173775,-0.5235988015692901,-1.026044487953186,-0.3480181097984314,0.24368751049041748,-0.6123724579811096,0.35355332493782043,0.3535533845424652,0.6123723983764648
576.149247868215,-2.74886612981304,-0.7845099017147205,1.4218431748886229,-0.637333142963988,3.534319165633519,-0.5235987845020612,-1.0277575254440308,-0.3480075001716614,0.25236833095550537,-0.6123724579811096,0.35355332493782043,0.3535533845424652,0.6123724579811096
577.7088720945145,-2.7471115129599237,-0.7946816355871622,1.4284692089016875,-0.6337874036333891,3.536073740387488,-0.5235985503026557,-1.0222954750061035,-0.3480064868927002,0.2606213688850403,-0.6123723387718201,0.3535533845424652,0.3535534739494324,0.6123723983764648
578.8693052255661,-2.745053116643794,-0.797106324331494,1.4398893331862272,-0.6427828830573543,3.5381321816873457,-0.5235987013480666,-1.0159893035888672,-0.34802430868148804,0.25681930780410767,-0.6123723983764648,0.3535533845424652,0.35355350375175476,0.6123723983764648
579.8590199560971,-2.7429036351989535,-0.79719889874891,1.4527504610715951,-0.6555515054898656,3.5402817343185538,-0.5235989683190705,-1.0093679428100586,-0.34800076484680176,0.24946331977844238,-0.6123724579811096,0.3535533845424652,0.35355329513549805,0.6123725175857544
580.9333428297302,-2.7403870858695543,-0.7985548823289679,1.4666358837591262,-0.6680809066217179,3.5427982457108813,-0.523598860324995,-1.0018101930618286,-0.3480207920074463,0.24307683110237122,-0.6123723387718201,0.3535533845424652,0.35355326533317566,0.6123725175857544
581.7908288834651,-2.738505601291059,-0.8028580047966547,1.4757433983557493,-0.6728853071631653,3.544679705888527,-0.5235988065754423,-0.996147632598877,-0.34800684452056885,0.24291618168354034,-0.6123724579811096,0.3535533845424652,0.3535533845424652,0.6123723983764648
583.2888044402127,-2.737635158614374,-0.8117902089760285,1.4772851002622742,-0.6654948896131777,3.545550148565212,-0.5235988489368729,-0.9935444593429565,-0.34800052642822266,0.25246381759643555,-0.6123723983764648,0.3535533547401428,0.3535534143447876,0.6123723983764648
584.5628064621638,-2.735449120280863,-0.8221890795013072,1.4852923387077732,-0.6631030653653721,3.547736145549383,-0.5235986197452152,-0.9871190786361694,-0.34801340103149414,0.25997108221054077,-0.6123723983764648,0.3535533845424652,0.3535534143447876,0.6123723983764648
585.1678322593871,-2.7339985339404462,-0.8249920953467202,1.4921996213152366,-0.6672072983913937,3.5491867281426575,-0.5235985642533179,-0.9828629493713379,-0.3480103611946106,0.25925981998443604,-0.6123723983764648,0.3535533845424652,0.35355350375175476,0.6123724579811096
586.5550285306892,-2.733396373716522,-0.8193043363859359,1.4977370867437358,-0.6784326716675011,3.549788927416476,-0.5235987082649733,-0.9810934066772461,-0.34800446033477783,0.24952562153339386,-0.6123723983764648,0.35355344414711,0.3535534739494324,0.6123723387718201
587.5439426963351,-2.732479941615587,-0.8143023532586908,1.5043898866864682,-0.6900875851737172,3.5507053655639993,-0.5235988647918806,-0.9784618616104126,-0.34801793098449707,0.23999305069446564,-0.6123723983764648,0.35355344414711,0.35355329513549805,0.6123724579811096
588.9487485202526,-2.7315039650605217,-0.8094161685215232,1.5112608711227578,-0.7018448816595348,3.5516813421190645,-0.5235990239323312,-0.9755988121032715,-0.3480011820793152,0.2305196076631546,-0.6123724579811096,0.35355329513549805,0.3535533845424652,0.6123724579811096
590.324476741438,-2.7281058768145257,-0.8164976894121038,1.526285058571037,-0.7097875493747099,3.5550793892494386,-0.5235989926047827,-0.9659093022346497,-0.3480226993560791,0.23031042516231537,-0.6123724579811096,0.3535534143447876,0.3535534143447876,0.6123723983764648
591.2054887617504,-2.7265075921881747,-0.823390079112064,1.5321679978062068,-0.7087780317810496,3.556677674786066,-0.5235989495833975,-0.9613432884216309,-0.34800708293914795,0.23492205142974854,-0.6123724579811096,0.3535533547401428,0.3535533845424652,0.6123723983764648
592.5428293625243,-2.7264655639036475,-0.8283173482956869,1.5306693862619922,-0.7023520379663052,3.55671973791787,-0.5235989147361204,-0.9612377882003784,-0.3480130434036255,0.24136604368686676,-0.6123723983764648,0.3535533845424652,0.3535533547401428,0.6123723983764648
594.5964466789748,-2.7241057446823906,-0.8275860000035671,1.5425531175662528,-0.7149671175626857,3.559079529572947,-0.5235989423023004,-0.9546727538108826,-0.3480418920516968,0.2339603453874588,-0.6123723983764648,0.35355344414711,0.35355329513549805,0.6123724579811096
596.140820162135,-2.7217442996098065,-0.8268541478323447,1.5544450364385034,-0.7275908886061587,3.5614409470603587,-0.5235989698874728,-0.9480279088020325,-0.34800779819488525,0.22662535309791565,-0.6123724579811096,0.35355329513549805,0.3535533547401428,0.6123723983764648
597.5687197428643,-2.7192258852500952,-0.8360973305198993,1.5635344266676192,-0.7274369323465784,3.5639594020331566,-0.5235988064235299,-0.9411027431488037,-0.34801048040390015,0.2320774644613266,-0.6123724579811096,0.3535533845424652,0.35355344414711,0.6123723983764648
598.6738757049206,-2.7198386632438547,-0.8399341596627848,1.5593231963702117,-0.7193889806948361,3.5633466439357315,-0.5235988596265727,-0.9427956342697144,-0.34801650047302246,0.2386857271194458,-0.6123723983764648,0.3535533547401428,0.35355344414711,0.6123724579811096
599.6412182976965,-2.7222578923821965,-0.8403690108070944,1.5474660279756949,-0.7070971814792806,3.5609274052640285,-0.5235990202441687,-0.9494470357894897,-0.3480062484741211,0.24570953845977783,-0.6123724579811096,0.3535533547401428,0.35355329513549805,0.6123723983764648
601.6250138555772,-2.723486613398751,-0.8447703566491053,1.5397229532553374,-0.6949526773310893,3.5596986411081337,-0.5235989824905425,-0.9528653025627136,-0.3480069637298584,0.2549974024295807,-0.6123724579811096,0.3535533845424652,0.3535533845424652,0.6123723983764648
602.8504918139843,-2.7212605890196544,-0.8492304266514001,1.5489765795718566,-0.699746116591142,3.561924680167182,-0.5235988754203321,-0.9467530250549316,-0.34803563356399536,0.25486576557159424,-0.6123724579811096,0.3535533845424652,0.3535533845424652,0.6123723983764648
603.9283389336555,-2.7178768059448406,-0.8536967259568613,1.5639313266123136,-0.7102344363464453,3.565308497367085,-0.5235987453104729,-0.9374158382415771,-0.34800833463668823,0.25158143043518066,-0.6123723983764648,0.35355344414711,0.3535533547401428,0.6123724579811096
604.9760138874886,-2.7159930441261526,-0.8511572603766164,1.5736603680022034,-0.7225031470643455,3.5671922630534336,-0.5235989231419004,-0.9323565363883972,-0.3480299711227417,0.24339818954467773,-0.6123724579811096,0.35355329513549805,0.35355332493782043,0.6123723983764648
606.0520044201103,-2.7142974983986217,-0.8477151272041126,1.5827403062447476,-0.7350254651429764,3.5688878087809646,-0.5235991407883601,-0.9277620911598206,-0.3480148911476135,0.2346317172050476,-0.6123724579811096,0.3535533547401428,0.35355332493782043,0.6123723387718201
607.0274864856848,-2.7112077449319583,-0.8507739031195843,1.5957184883594255,-0.744944595963913,3.571977562247628,-0.5235988903455766,-0.9195413589477539,-0.3480191230773926,0.23103539645671844,-0.6123724579811096,0.3535533547401428,0.35355332493782043,0.6123723387718201
607.9685749868163,-2.70864519032877,-0.8519351619810104,1.6067197955233223,-0.7547843739046441,3.5745401168508164,-0.5235986485037292,-0.9127703309059143,-0.3480071425437927,0.22644789516925812,-0.6123723983764648,0.35355326533317566,0.3535533845424652,0.6123724579811096
609.1059085862004,-2.7079389024457896,-0.8454642048412065,1.6116552428699422,-0.7661908691734358,3.5752464047337966,-0.5235987369816457,-0.9109153747558594,-0.348003089427948,0.2167392373085022,-0.6123723983764648,0.3535533547401428,0.3535533845424652,0.6123723983764648
610.0956480899118,-2.70763401583205,-0.8380262084167011,1.6149269854496093,-0.7769006509016659,3.5755512913475362,-0.5235987827530865,-0.9101207852363586,-0.3480035662651062,0.2068737894296646,-0.6123724579811096,0.3535533547401428,0.3535533547401428,0.6123723387718201
611.7783313192101,-2.7064846505212934,-0.8323643399235298,1.6211082337117746,-0.7887437745789553,3.576700656658293,-0.5235988674571967,-0.9071426391601562,-0.348008930683136,0.1974806934595108,-0.6123723983764648,0.3535533845424652,0.35355344414711,0.6123723983764648
612.4250147594452,-2.7077337771721535,-0.8285794228298653,1.6166636394827967,-0.7880841646709713,3.5754515300074328,-0.5235989261848841,-0.9104403257369995,-0.34803086519241333,0.1956188827753067,-0.6123723983764648,0.35355332493782043,0.35355323553085327,0.6123725175857544
613.6680577989317,-2.711121320034794,-0.826069482147978,1.6028807738688564,-0.7768113631230001,3.572063987144792,-0.5235989570309045,-0.9193247556686401,-0.34802454710006714,0.199980229139328,-0.6123724579811096,0.3535533845424652,0.3535533547401428,0.6123723983764648
614.5906777200358,-2.7127707997930104,-0.829282524710289,1.5949529069667792,-0.7656704561684932,3.570414507386576,-0.52359892368541,-0.923676073551178,-0.34801220893859863,0.20767530798912048,-0.6123724579811096,0.3535533845424652,0.3535533845424652,0.6123723983764648
616.4582799962047,-2.713320557271139,-0.8361121416091919,1.590730905532837,-0.754618763923645,3.5698647499084473,-0.523598849773407,-0.9251158237457275,-0.34800010919570923,0.2174731343984604,-0.6123723983764648,0.35355332493782043,0.3535533845424652,0.6123723387718201
616.6226656328523,-2.7209521649478963,-0.8130735932944348,1.551486378421421,-0.8039344549179077,3.5363407555049204,-0.5454905835459527,-0.9680178761482239,-0.35460788011550903,0.2055666595697403,-0.6178843379020691,0.3616750240325928,0.3686124086380005,0.5929037928581238
616.7870536536857,-2.7284155087849773,-0.7905227958667289,1.5124775861787845,-0.8532508611679077,3.5033041597161647,-0.5668732903592151,-1.0106544494628906,-0.360984206199646,0.19576804339885712,-0.6217729449272156,0.36954426765441895,0.38450926542282104,0.5735748410224915
616.9514416745191,-2.7357853449952354,-0.7681816401072886,1.4736124436547353,-0.9025672674179077,3.470538796770312,-0.5880092002830759,-1.0529989004135132,-0.3670237958431244,0.18788206577301025,-0.624104380607605,0.3770012855529785,0.4010891914367676,0.5545189380645752
617.1158296953524,-2.7431154247994085,-0.7458541558380184,1.4348434684858757,-0.9518836736679077,3.4378826139521452,-0.6090825825657393,-1.0949660539627075,-0.3726249933242798,0.18174302577972412,-0.6249266862869263,0.3839339017868042,0.41822895407676697,0.5358600616455078
617.2802177161858,-2.7504331942433122,-0.7234708834987681,1.3962117743082612,-1.0012000799179077,3.4052306065876303,-0.6301606970570885,-1.1363914012908936,-0.3776922821998596,0.17725113034248352,-0.6242638826370239,0.3902903199195862,0.4358411431312561,0.5176973938941956
617.4446057370192,-2.75775462756398,-0.7010026742372342,1.3577453268498605,-1.0505164861679077,3.37251572515506,-0.6512756874319455,-1.1771060228347778,-0.38215112686157227,0.17433562874794006,-0.6221294403076172,0.3960583209991455,0.4538513123989105,0.5001117587089539
617.6089937578525,-2.7650908641937555,-0.6784193081910852,1.3194193516632444,-1.0998328924179077,3.339687022064629,-0.6724601388560929,-1.2169638872146606,-0.38594865798950195,0.17293572425842285,-0.6185328960418701,0.40124669671058655,0.4721917510032654,0.4831697940826416
617.7733817786859,-2.7724522104656057,-0.6556867665538891,1.2811566905350076,-1.1491492986679077,3.3066958153489425,-0.693753255022041,-1.2558482885360718,-0.3890506625175476,0.17300501465797424,-0.6134794354438782,0.40587836503982544,0.4908033311367035,0.46692386269569397
617.9377697995193,-2.7798454974844238,-0.6327823017893367,1.2428930802934093,-1.1984657049179077,3.273507194157684,-0.7151841449385632,-1.2936300039291382,-0.3914259076118469,0.17449285089969635,-0.6069708466529846,0.4099830389022827,0.5096231698989868,0.45142489671707153
618.1021578203527,-2.7872687706243564,-0.6097188425702604,1.2045995128752867,-1.2477821111679077,3.240121917935387,-0.7367539323238382,-1.330151081085205,-0.39305225014686584,0.17735962569713593,-0.5990053415298462,0.4136086702346802,0.5285831689834595,0.43671533465385437
618.266545841186,-2.7947101855219847,-0.5865489672661427,1.1662809530671272,-1.2970985174179077,3.2065783813997277,-0.7584336979440325,-1.365229606628418,-0.39392024278640747,0.18158115446567535,-0.5895788669586182,0.4168244004249573,0.5476078391075134,0.4228234589099884
618.4309338620194,-2.8021582775444105,-0.5633259351968526,1.127947878437933,-1.3464149236679077,3.172917654641207,-0.7801925561970638,-1.3986904621124268,-0.39402592182159424,0.18712042272090912,-0.5786927938461304,0.4196997582912445,0.5666167140007019,0.40977102518081665
618.5953218828528,-2.8096034682754913,-0.5400925932037275,1.0896064500411804,-1.3957313299179077,3.1391651240368246,-0.8020108417373568,-1.4303733110427856,-0.3933740258216858,0.19392310082912445,-0.5663554668426514,0.4222944974899292,0.5855270624160767,0.3975762128829956
618.7597099036861,-2.8170468614377144,-0.5168657065751878,1.0512478871005808,-1.4450477361679077,3.10533863648119,-0.8238771131501967,-1.4601398706436157,-0.39196306467056274,0.20189909636974335,-0.5525809526443481,0.42466291785240173,0.6042510271072388,0.3862592875957489
618.9240979245195,-2.824491796712202,-0.49365079549819224,1.0128637726210081,-1.4943641424179077,3.0714521083291015,-0.8457828167344674,-1.4878631830215454,-0.38979554176330566,0.21093204617500305,-0.5373902916908264,0.4268544912338257,0.6226972937583923,0.3758389353752136
619.0884859453529,-2.8319389041204905,-0.4704529565582211,0.9744496975596776,-1.5436805486679077,3.0375146823487102,-0.867722261323544,-1.5134276151657104,-0.38688337802886963,0.2208937555551529,-0.5208103656768799,0.42891398072242737,0.640774667263031,0.3663291931152344
619.2528739661863,-2.83938431099622,-0.447277163996464,0.9360087134778144,-1.5929969549179077,3.0035396347208523,-0.8896863112662076,-1.5367236137390137,-0.38325172662734985,0.23163950443267822,-0.5028758645057678,0.43088459968566895,0.6583905816078186,0.3577375113964081
619.4172619870196,-2.8468207161219587,-0.42412826063086034,0.8975495611360036,-1.6423133611679077,2.9695433712697676,-0.9116631894750962,-1.5576553344726562,-0.37893640995025635,0.24301046133041382,-0.4836285412311554,0.4328087866306305,0.6754514575004578,0.3500646948814392
619.581650007853,-2.8542317452073345,-0.40102165239379456,0.8590851482150755,-1.6916297674179077,2.9355490627976164,-0.9336353947868185,-1.5761380195617676,-0.3739943504333496,0.25485357642173767,-0.46311578154563904,0.4347310960292816,0.6918667554855347,0.3432973325252533
619.7460380286864,-2.861611879470302,-0.37795392543881545,0.8206284073353991,-1.7409461736679077,2.901575629687075,-0.9555904337254614,-1.592110276222229,-0.3684723675251007,0.2669805884361267,-0.44139364361763,0.43669047951698303,0.707543134689331,0.33742502331733704
619.9104260495197,-2.8689672012805443,-0.354910043560251,0.7821767373174254,-1.7902625799179077,2.8676157378674705,-0.977535573504171,-1.6055406332015991,-0.3624076843261719,0.27920129895210266,-0.41851913928985596,0.4387150704860687,0.7223935723304749,0.33244290947914124
620.0748140703531,-2.876302223782411,-0.33187787550053965,0.7437271274800288,-1.8395789861679077,2.833662455465974,-0.9994777095934109,-1.6164127588272095,-0.35584524273872375,0.2913282513618469,-0.39455217123031616,0.44083264470100403,0.7363342642784119,0.3283396065235138
620.2392020911865,-2.883622028170943,-0.3088446099760338,0.7052757959172227,-1.8888953924179077,2.799707759949234,-1.0214247062903667,-1.6247282028198242,-0.34883254766464233,0.30317410826683044,-0.36955559253692627,0.44306978583335876,0.7492847442626953,0.3251001238822937
620.4035901120199,-2.8909273219244724,-0.2857853014214058,0.6668189598686777,-1.9382117986679077,2.7657385472296814,-1.0433901947548223,-1.6305036544799805,-0.34142810106277466,0.3145337402820587,-0.343600869178772,0.44544562697410583,0.7611667513847351,0.3227098286151886
620.5679781328532,-2.8982149859590183,-0.2626978229265407,0.6283686478972101,-1.9875282049179077,2.7317607011503067,-1.065363214631995,-1.6337682008743286,-0.33369746804237366,0.32522547245025635,-0.31676003336906433,0.4479901194572449,0.7719070315361023,0.3211345374584198
620.7323661536866,-2.905478491629852,-0.23957758422974756,0.5899340673566972,-2.0368446111679077,2.697777792924154,-1.0873373024038075,-1.6345688104629517,-0.3257146179676056,0.3350715935230255,-0.2891097664833069,0.450729101896286,0.7814369797706604,0.32033565640449524
620.89675417452,-2.912711782673135,-0.21641986478314618,0.551523838267225,-2.0861610174179077,2.6637934214703334,-1.1093064610031453,-1.6329702138900757,-0.31755319237709045,0.34390223026275635,-0.2607298791408539,0.4536873400211334,0.789692759513855,0.3202703297138214
621.0611421953533,-2.9199064686940974,-0.19321634765387688,0.513148830539388,-2.1354774236679077,2.629811838523887,-1.131264014215922,-1.6290533542633057,-0.30929264426231384,0.3515482246875763,-0.23170526325702667,0.4568859338760376,0.7966160178184509,0.32089075446128845
621.2255302161867,-2.9270616348355833,-0.1699540801990633,0.4748102586082923,-2.1847938299179077,2.595841761203303,-1.1532090888275859,-1.6229193210601807,-0.3009980618953705,0.35785043239593506,-0.2021225392818451,0.4603470265865326,0.8021515011787415,0.3221489489078522
621.3899182370201,-2.9341927114122037,-0.14664193827248168,0.4364935444678818,-2.2341102361679077,2.5618870007703443,-1.1751472338295725,-1.6146847009658813,-0.29270774126052856,0.36271095275878906,-0.17205320298671722,0.4640991985797882,0.8062492609024048,0.3239933252334595
621.5543062578535,-2.941302496680152,-0.12327791872546714,0.39819526186674153,-2.2834266424179077,2.5279544464591033,-1.1970783347385705,-1.6044749021530151,-0.28447818756103516,0.3660164773464203,-0.14158034324645996,0.4681628942489624,0.8088650703430176,0.3263675272464752
621.7186942786868,-2.9483865282680175,-0.0998628990073559,0.3599156815647695,-2.3327430486679077,2.494054433142814,-1.2189966554357035,-1.5924241542816162,-0.2763752341270447,0.3676679730415344,-0.11079017072916031,0.4725569188594818,0.8099623918533325,0.329205721616745
621.8830822995202,-2.9554309484270043,-0.07640162007217628,0.32165988180415184,-2.3820594549179077,2.4602017869775104,-1.2408890766522422,-1.5786751508712769,-0.26847419142723083,0.3675825595855713,-0.07977239787578583,0.477298378944397,0.8095130324363708,0.3324322998523712
622.0474703203536,-2.9624102355585085,-0.05289901664070243,0.2834391482490341,-2.4313758611679077,2.426422891850846,-1.2627319609895309,-1.5633788108825684,-0.2608637809753418,0.36568641662597656,-0.04862392693758011,0.48240339756011963,0.8074988126754761,0.33595865964889526
622.2118583411869,-2.969292792919592,-0.02936646384172063,0.2452669157905543,-2.4806922674179077,2.3927476776609,-1.2844991794991532,-1.5466938018798828,-0.2536338269710541,0.3619309067726135,-0.017442727461457253,0.48788735270500183,0.8039110898971558,0.33968910574913025
622.3762463620203,-2.9760488476117595,-0.005820467432164116,0.20715502904298802,-2.5300086736679077,2.359196169087733,-1.3061772939334817,-1.5287846326828003,-0.24686677753925323,0.3562948703765869,0.013675856404006481,0.49376147985458374,0.7987475395202637,0.3435330390930176
622.5406343828537,-2.9826341105633136,0.017724732728379444,0.16912184159232452,-2.5793250799179077,2.3258023447758394,-1.3277451379893015,-1.5098196268081665,-0.24065640568733215,0.34876400232315063,0.04462719336152077,0.500036895275116,0.7920177578926086,0.34738942980766296
622.705022403687,-2.9890054383898446,0.0412558714603448,0.1311810035714871,-2.6286414861679077,2.2925980379655844,-1.3491830089822792,-1.4899710416793823,-0.2350848913192749,0.33934345841407776,0.07530912011861801,0.506723165512085,0.783739447593689,0.3511587977409363
622.8694104245204,-2.995152964048767,0.06477506228553037,0.09330995368209402,-2.6779578924179077,2.2595825183236107,-1.370493558351155,-1.469409704208374,-0.2301824986934662,0.3280586004257202,0.1056416928768158,0.5138239860534668,0.7739278674125671,0.3547680974006653
623.0337984453538,-3.0010967873504866,0.08829911661321789,0.05545017012920676,-2.7272742986679077,2.22672558867555,-1.391699996166629,-1.4483004808425903,-0.22593551874160767,0.31495100259780884,0.13556617498397827,0.5213379859924316,0.7625903487205505,0.35816800594329834
623.198186742951,-3.006859999480877,0.11185282213168475,0.017533172841688302,-2.776590787947038,2.193984036743211,-1.4128339720518404,-1.4267983436584473,-0.2223251610994339,0.30006706714630127,0.16502812504768372,0.5292601585388184,0.7497324347496033,0.3613179624080658
623.3625748843848,-3.0124215107045083,0.13546815348441743,-0.020451101087540603,-2.8259072303771973,2.1613076912399336,-1.4339257526524432,-1.4050507545471191,-0.21939651668071747,0.28341859579086304,0.1939416080713272,0.5375717282295227,0.7353747487068176,0.3641802966594696
623.5269629052182,-3.01767062331434,0.1592058549077166,-0.05843724046173232,-2.8752236366271973,2.1286235852952853,-1.45501111552965,-1.3831883668899536,-0.21732039749622345,0.2649499475955963,0.22216778993606567,0.546237587928772,0.7195693254470825,0.366722971200943
623.6913509260515,-3.02250323409271,0.18316695814266165,-0.09635199042230923,-2.9245400428771973,2.0958221513451956,-1.4761626382026651,-1.3613300323486328,-0.2162541151046753,0.24456751346588135,0.24955756962299347,0.5552161335945129,0.7023705840110779,0.36896026134490967
623.8557389468849,-3.0270018470728934,0.20757125218972927,-0.13427515663155173,-2.9738564491271973,2.062748352026891,-1.4975657198234495,-1.3395851850509644,-0.2161015272140503,0.2221180647611618,0.27601033449172974,0.5644638538360596,0.6837709546089172,0.3710204064846039
624.020125378261,-3.0313165187835693,0.2327277511358261,-0.17235282063484192,-3.023172378540039,2.029201030731201,-1.5194815397262573,-1.318030834197998,-0.21669359505176544,0.19738224148750305,0.30143237113952637,0.5739310383796692,0.6637329459190369,0.3730955719947815
624.1299323624038,-3.0330856252723803,0.21316268565092847,-0.13941072539199556,-3.0390895389369925,2.025298458609069,-1.5163097137121189,-1.3203463554382324,-0.21561288833618164,0.20360222458839417,0.30488887429237366,0.5729495882987976,0.6630008220672607,0.37309709191322327
624.8020071422719,-3.034870033334462,0.1934310698134321,-0.10618819568740132,-3.055142449059361,2.0213626622990897,-1.5131109407596555,-1.3222311735153198,-0.21446844935417175,0.20995093882083893,0.30836862325668335,0.5719457864761353,0.6622560024261475,0.37310025095939636
625.4740502106064,-3.036663770675659,0.17359629273414612,-0.07279197126626968,-3.071279287338257,2.0174062887774866,-1.5098954439163208,-1.3236684799194336,-0.21326616406440735,0.21640484035015106,0.3118599057197571,0.5709224939346313,0.6615009903907776,0.37310487031936646
