time,ur20-shoulder_pan_joint,ur20-shoulder_lift_joint,ur20-elbow_joint,ur20-wrist_1_joint,ur20-wrist_2_joint,ur20-wrist_3_joint,target-POS_X,target-POS_Y,target-POS_Z,target-ROT_X,target-ROT_Y,target-ROT_Z,target-ROT_W
0.0,0.8316386381732386,-1.399250332509176,2.207422971725464,1.1907599608050745,0.8096119165420532,-2.155292336140768,-0.16427236795425415,0.6304217576980591,0.29538336396217346,0.5301024913787842,-0.7404906749725342,-0.335912823677063,0.24047324061393738
0.1964929699897766,0.8424807347907757,-1.4044809000134229,2.193925455945369,1.1984842586276887,0.8065813203329171,-2.1402886896400473,-0.16614195704460144,0.6358069181442261,0.3033851385116577,0.5301967859268188,-0.740880012512207,-0.33526062965393066,0.23997576534748077
0.39321543648838997,0.8531592989128404,-1.4096325743121503,2.1806315246301673,1.2060920500453831,0.8035964349284649,-2.125511344733935,-0.16822278499603271,0.641016960144043,0.31146442890167236,0.5302839875221252,-0.7412328124046326,-0.33467692136764526,0.23950791358947754
0.5902103520929813,0.8636835745510574,-1.4147098150065336,2.1675296697480473,1.213589920823013,0.8006546764311744,-2.110947509258004,-0.17050522565841675,0.6460523009300232,0.31961631774902344,0.5303645730018616,-0.741550862789154,-0.3341578245162964,0.23906971514225006
0.787521954625845,0.8740622588601475,-1.4197168178768227,2.1546090640589246,1.220984067124996,0.7977536138016389,-2.0965851478062265,-0.1729804277420044,0.650913417339325,0.3278365731239319,0.5304388403892517,-0.7418355941772461,-0.3336995244026184,0.23866118490695953
0.9842800162732601,0.8842570352483783,-1.424635097797248,2.141917408558262,1.2282471908394883,0.7949039573408039,-2.0824772841264747,-0.17562764883041382,0.655579686164856,0.33608293533325195,0.5305070281028748,-0.7420873045921326,-0.33330073952674866,0.23828406631946564
1.1732516251504421,0.895332316096653,-1.4219109876539808,2.126497352050306,1.230424099151571,0.7912046282934762,-2.0676915714749597,-0.17657843232154846,0.6635656356811523,0.3410423994064331,0.5305235385894775,-0.7421718835830688,-0.3331722617149353,0.23816347122192383
1.3701662421226501,0.9066172422350276,-1.4169074264344965,2.1103346352959127,1.2310643298437547,0.7872685928878137,-2.0527752801705343,-0.17720912396907806,0.6725437641143799,0.345034122467041,0.5305238962173462,-0.7421808242797852,-0.33316001296043396,0.2381521612405777
1.572424967322533,0.9178292789690855,-1.4119361832463648,2.0942763136241207,1.2317004252821313,0.7833579803579921,-2.0379553332793963,-0.17809651792049408,0.6814749240875244,0.34908178448677063,0.5305227041244507,-0.7421559691429138,-0.33319538831710815,0.23818255960941315
1.7691747097594206,0.94291385700749,-1.385062701948046,2.0534950832896723,1.2618871257280118,0.8028801589899075,-1.9829143545493761,-0.17643487453460693,0.690706193447113,0.35101842880249023,0.5196691751480103,-0.7527467012405396,-0.31217122077941895,0.25664275884628296
2.0319754499631677,0.9742683417399433,-1.3483545423006915,2.001559794843228,1.3053121226693154,0.8328776063934992,-1.9097843037293036,-0.17427614331245422,0.7002812623977661,0.3517519235610962,0.5036725997924805,-0.7673264741897583,-0.28006619215011597,0.28122392296791077
2.2935293859586308,1.0056472983783646,-1.3116177322500915,1.9495839713503267,1.3487710124476686,0.8628984665470821,-1.8365971755328248,-0.17295962572097778,0.710025429725647,0.3522034287452698,0.4873683750629425,-0.7809920907020569,-0.24617300927639008,0.3031868040561676
2.5527001469736064,1.0369044174118816,-1.2750235631738223,1.897809958577911,1.3920611608907567,0.8928027622864806,-1.76369421689979,-0.17248249053955078,0.7198553681373596,0.3523925244808197,0.470878005027771,-0.7936776280403137,-0.21085989475250244,0.32231634855270386
2.7511761667072423,1.0574267531970318,-1.2517350756042267,1.8627818855550988,1.4162128492698782,0.907234301062346,-1.7202572890240615,-0.17315185070037842,0.729597806930542,0.35315239429473877,0.46193814277648926,-0.8001161217689514,-0.19132983684539795,0.3313910663127899
2.950695800753755,1.0655661817031694,-1.2438091563492106,1.847051070503417,1.4182064121186806,0.9037184836170673,-1.7108946601205546,-0.17456002533435822,0.7392033934593201,0.3547961413860321,0.4619356095790863,-0.8001340627670288,-0.19131438434123993,0.3313605487346649
3.1476253002607053,1.0737014301247778,-1.2358873075289223,1.8313283341683892,1.4201989511534383,0.9002044717548339,-1.7015368394883164,-0.17615722119808197,0.7487806677818298,0.35643255710601807,0.4619351625442505,-0.8001370429992676,-0.19131219387054443,0.3313553035259247
3.344554278227014,1.081832116839183,-1.227969900755509,1.8156144141000419,1.4221903729045928,0.8966924303171522,-1.692184266100609,-0.17794284224510193,0.7583258748054504,0.35806140303611755,0.4619367718696594,-0.8001251220703125,-0.19132256507873535,0.33137550950050354
3.5391236386918252,1.0902329901476167,-1.2179826182879046,1.798223800517742,1.4269686641997315,0.8947688788136677,-1.6742582997613897,-0.17939162254333496,0.7678579092025757,0.3593592643737793,0.45828527212142944,-0.8021535277366638,-0.18841274082660675,0.3332037925720215
3.781001823652695,1.1004009973588114,-1.1947715105127286,1.770067569793369,1.4495013760539164,0.902938342740672,-1.6016948442731287,-0.1777404546737671,0.7775211334228516,0.3584449589252472,0.4310941696166992,-0.8166791796684265,-0.16640743613243103,0.3456900119781494
4.0240891335120095,1.1106198334229205,-1.1714443727270911,1.7417705888826134,1.472146726685082,0.9111486450022398,-1.5287686513153345,-0.17634990811347961,0.7871946692466736,0.3572518527507782,0.40332162380218506,-0.8302369117736816,-0.14357632398605347,0.356965035200119
4.268314745401959,1.1208865211081167,-1.148008001233097,1.713341102038701,1.4948981184280723,0.9193973935477452,-1.4555009677483495,-0.1752249300479889,0.7968648076057434,0.3557804524898529,0.375012069940567,-0.8427948951721191,-0.11998619884252548,0.36696863174438477
4.513586976781353,1.1311972062894815,-1.1244711940682592,1.684789781719685,1.5177470103874644,0.9276814917886591,-1.3819192983345312,-0.1743694245815277,0.8065163493156433,0.35403189063072205,0.34621381759643555,-0.8543224334716797,-0.09571066498756409,0.3756439983844757
5.039636424715995,1.141547968832359,-1.1008428999543962,1.6561274831711952,1.5406847153876118,0.9359977901010685,-1.308051618911297,-0.17378687858581543,0.8161340951919556,0.35200750827789307,0.3169778883457184,-0.8647922873497009,-0.07082800567150116,0.38293951749801636
5.380401173496302,1.162410331463595,-1.1096961314420266,1.6453933510389425,1.5327263532733506,0.9732531591458783,-1.2947967212814206,-0.17563411593437195,0.8090196847915649,0.34891337156295776,0.33173760771751404,-0.8678576946258545,-0.05958404764533043,0.36499708890914917
5.582550014487532,1.1881380491799098,-1.1244839393681092,1.6353788633597401,1.51919880292639,1.0206011823673744,-1.2877440953544395,-0.17676420509815216,0.7997150421142578,0.34590983390808105,0.3541540503501892,-0.8698363900184631,-0.049109261482954025,0.3399231731891632
5.832109681853984,1.2201713198079873,-1.1428960604320713,1.622909945690218,1.5023558133547057,1.0795536342825667,-1.2789629559837163,-0.1763056069612503,0.7902055978775024,0.3435022234916687,0.3806517422199249,-0.8712988495826721,-0.03721398115158081,0.3075023591518402
6.2016674714340185,1.2633136145957247,-1.1676934395018412,1.6061168517839393,1.4796717349898985,1.1589505865486855,-1.267136548755355,-0.17298266291618347,0.7810779213905334,0.34299200773239136,0.41373828053474426,-0.871582567691803,-0.023317592218518257,0.2619553506374359
6.905811438005372,1.3136575254733827,-1.1966301719596344,1.586520536216179,1.4532010702939566,1.251601038002633,-1.2533359942313815,-0.166200190782547,0.7756525874137878,0.34700655937194824,0.44837039709091187,-0.8696070909500122,-0.010357818566262722,0.20649453997612
7.805409117122867,1.3723669886339345,-1.2190379399067743,1.5779395475850961,1.416422368071525,1.3319993738408464,-1.3129495563256528,-0.17023909091949463,0.7732945680618286,0.3459486663341522,0.512033998966217,-0.8446933627128601,-0.007492257282137871,0.15574978291988373
8.538785214093021,1.4470969567330516,-1.2435974461155062,1.572005488421928,1.367541988839366,1.4246726758865444,-1.4152930276752183,-0.17959073185920715,0.7750369906425476,0.3463233709335327,0.5954088568687439,-0.7976782321929932,-0.005892420653253794,0.09572303295135498
9.023815732152315,1.5025082099553544,-1.2618079853698756,1.5676054643982285,1.331297853586385,1.4933886667697494,-1.4911793173505814,-0.18692801892757416,0.779599666595459,0.3509471118450165,0.6511105298995972,-0.7572730779647827,-0.0036398808006197214,0.050785697996616364
9.376577315731017,1.54397085922591,-1.2754344088528893,1.564313052798282,1.3041774081764974,1.5448068690948007,-1.547962848317301,-0.19302873313426971,0.784489095211029,0.3569210469722748,0.6891279220581055,-0.7244377732276917,-0.0013526884140446782,0.017054358497262
9.647452621714862,1.5675755186672424,-1.2856844811170676,1.5650606217782495,1.291420119134553,1.5707963665398332,-1.5740170559985085,-0.198475182056427,0.7842401266098022,0.36225780844688416,-0.7071067094802856,0.7071067094802856,4.684859167269906e-09,3.907336321162802e-08
9.955036576126187,1.5740514926475702,-1.2939103744100104,1.5709604958325467,1.2937461591638746,1.5707963568365988,-1.5675411028088568,-0.2035290002822876,0.7765913009643555,0.3658539950847626,-0.7071067094802856,0.7071067094802856,1.1736987381993913e-08,4.5680014437721184e-08
10.151966168765394,1.5805435858852925,-1.302156742660341,1.5768750551818695,1.2960779889073082,1.5707963471092123,-1.56104903041356,-0.20850421488285065,0.7688712477684021,0.36940380930900574,0.7071067094802856,-0.7071067094802856,3.8814931713204714e-08,4.0408485446619125e-09
10.348871602897017,1.5870519594473718,-1.3104237904580787,1.5828044465647304,1.2984156662168778,1.5707963373574323,-1.5545406777461734,-0.2133994996547699,0.7610806822776794,0.37290704250335693,-0.7071067094802856,0.7071067690849304,-3.359065203767386e-08,6.292679571862081e-11
10.545847538147537,1.5935799014062213,-1.3187156943692346,1.5887516655480018,1.3007603721022778,1.5707963275763321,-1.5480127567448394,-0.21821610629558563,0.7532165050506592,0.37636446952819824,-0.7071067094802856,0.7071067094802856,-2.3156113471145545e-08,6.199432078801692e-09
10.902186876956405,1.600121120698152,-1.3270244633767407,1.5947109807183784,1.3031098469395488,1.570796317775338,-1.5414715584530503,-0.2229481339454651,0.7452874183654785,0.37977275252342224,-0.7071067690849304,0.7071067094802856,-2.4089302996799233e-08,7.399767021354364e-09
11.095877270626247,1.5940635651579993,-1.3293254626957736,1.6010959811950702,1.29902585200699,1.5707963242727465,-1.5475291202183032,-0.21836616098880768,0.743906557559967,0.37738069891929626,0.7071067094802856,-0.7071067094802856,6.048481537845873e-08,2.9672621693066503e-08
11.29277985491079,1.5826878842243608,-1.329095034639838,1.6076660754700367,1.2922253296760877,1.5707963376487761,-1.5589048011519417,-0.20987604558467865,0.7451888918876648,0.37256404757499695,0.7071067094802856,-0.7071067094802856,7.728490913905262e-08,3.090909928005203e-08
11.489657461123883,1.5712906733233274,-1.3288641704686,1.6142486045096867,1.2854119364652,1.5707963510501215,-1.5703020120529751,-0.2013690173625946,0.7463441491127014,0.36774763464927673,-0.7071067690849304,0.7071067094802856,-3.919261004625696e-08,1.3330975212610952e-09
11.717285385854673,1.5598632980397065,-1.3286326952816276,1.6208485551734573,1.278580510614457,1.5707963644869354,-1.581729387336596,-0.19284065067768097,0.7473725080490112,0.36292797327041626,0.7071067690849304,-0.7071066498756409,2.8920844385993405e-08,5.140719405716254e-09
11.892126431592468,1.5523509527627144,-1.3347899809408548,1.6318166017558762,1.2737697238752366,1.5707963446902582,-1.5892417067975597,-0.18733464181423187,0.7426266670227051,0.36083027720451355,-0.7071067690849304,0.7071067094802856,-3.6555643845304076e-08,7.809149438209317e-10
12.09918490832396,1.5480188728084951,-1.3461235051394838,1.646318772261404,1.2706010308365878,1.5707962979585082,-1.593573740020029,-0.18434792757034302,0.7332432270050049,0.36085376143455505,0.7071067094802856,-0.7071067094802856,-1.2334268051361619e-09,4.2120625209918217e-08
12.14918490832396,1.5436934232711792,-1.3574401140213013,1.660799264907837,1.267437219619751,1.570796251296997,-1.597899317741394,-0.18145118653774261,0.7238304018974304,0.36077210307121277,0.7071067690849304,-0.7071067094802856,-1.7078495062605725e-08,2.5892518351611216e-08
12.314293892490886,1.5456433739848439,-1.3612099686894001,1.663604914421347,1.263123164247881,1.5709916043927075,-1.5483666224913164,-0.182772696018219,0.7231481671333313,0.36129093170166016,-0.6900826096534729,0.7237257361412048,0.0017944731516763568,0.001937659690156579
12.479404466115005,1.5475944982673335,-1.3649818136219696,1.6664118804629566,1.2588080019103625,1.57118703787495,-1.4988334504040806,-0.18409313261508942,0.7224636077880859,0.36181244254112244,-0.6726632118225098,0.7399299144744873,0.003688044613227248,0.003782226238399744
12.644515039739124,1.5495466678696213,-1.368755402584103,1.6692199264090455,1.2544912822228542,1.5713825319633605,-1.4493002783168447,-0.1854122430086136,0.721777617931366,0.36233675479888916,-0.6548587679862976,0.7557095885276794,0.005677374079823494,0.005530145484954119
12.809625613363245,1.5514994954754648,-1.3725303199221774,1.6720288617432315,1.2501734084005547,1.5715781978172845,-1.3997671062296086,-0.18672971427440643,0.7210898995399475,0.3628636300563812,-0.6366797685623169,0.7710557579994202,0.007758361753076315,0.007177448831498623
12.974736186987364,1.5534527037907608,-1.3763061344404965,1.6748390993962894,1.2458544393313156,1.571774085373062,-1.3502339341423728,-0.1880454123020172,0.7204004526138306,0.3633923828601837,-0.6181367039680481,0.7859596014022827,0.009926753118634224,0.008720413781702518
13.139846760611483,1.5554062011177003,-1.3800827460059784,1.677649558789195,1.2415350489621741,1.571969961826588,-1.300700762055137,-0.18935927748680115,0.7197094559669495,0.3639236390590668,-0.5992403626441956,0.800412118434906,0.012178752571344376,0.010155519470572472
13.304957334235603,1.5573603033356809,-1.3838602052319413,1.6804606446822934,1.2372151091761643,1.5721660141216935,-1.2511675899679011,-0.19067154824733734,0.7190166711807251,0.3644576072692871,-0.5800020694732666,0.8144049048423767,0.014510092325508595,0.011479558423161507
13.470067907859722,1.5593147299120935,-1.3876378287946574,1.6832717774171195,1.2328948730896907,1.5723620971552374,-1.2016344178806653,-0.19198200106620789,0.7183225154876709,0.3649938404560089,-0.5604329705238342,0.8279297351837158,0.016916338354349136,0.012689326889812946
13.635178481483843,1.5612693503335537,-1.3914156023839213,1.6860830853535742,1.2285741844539813,1.5725582926089958,-1.1521012457934292,-0.1932905912399292,0.7176271080970764,0.365532249212265,-0.5405446290969849,0.8409788608551025,0.019393110647797585,0.013781819492578506
13.800289055107962,1.5632239265132104,-1.395193313378098,1.6888947884481262,1.2242532868077556,1.5727546000587467,-1.1025680737061934,-0.1945970356464386,0.7169298529624939,0.3660726845264435,-0.5203483700752258,0.8535446524620056,0.021935613825917244,0.014754071831703186
13.965399628732081,1.565178402766034,-1.3989711170404602,1.6917064671189208,1.2199322768297671,1.5729508179389882,-1.0530349016189575,-0.19590145349502563,0.7162315845489502,0.36661529541015625,-0.4998563826084137,0.865619957447052,0.02453952096402645,0.015603453852236271
14.130510181853598,1.5671328810610263,-1.4027491678715436,1.694518171960771,1.215611476864187,1.5731471364909062,-1.0035017356825024,-0.1972038596868515,0.7155314087867737,0.3671605885028839,-0.4790806174278259,0.8771973848342896,0.027200089767575264,0.01632760837674141
14.295620577298171,1.569086984724265,-1.4065271251973301,1.6973298713036542,1.2112906028598451,1.573343481916669,-0.9539686170491306,-0.19850407540798187,0.7148298621177673,0.3677081763744354,-0.4580330550670624,0.8882704377174377,0.029912464320659637,0.01692407950758934
14.46073115092229,1.5710411653318803,-1.4103051519538063,1.7001412567650729,1.2069697388648792,1.5735399413150626,-0.9044354449618947,-0.19980216026306152,0.7141271829605103,0.36825817823410034,-0.4367264211177826,0.8988326191902161,0.032671961933374405,0.017390871420502663
14.62584172454641,1.5729954843225726,-1.4140830379338285,1.7029523789401093,1.2026489578040382,1.5737363656573062,-0.8549022728746588,-0.20109859108924866,0.7134228944778442,0.3688108026981354,-0.41517317295074463,0.9088776111602783,0.035473596304655075,0.017725806683301926
14.790952298170529,1.5749497727511732,-1.4178607838859247,1.7057633425469683,1.1983283397928313,1.573932768127352,-0.8053691007874229,-0.20239277184009552,0.7127171754837036,0.3693655729293823,-0.3933859169483185,0.9183998107910156,0.038312237709760666,0.017927151173353195
14.956062871794648,1.5769039561576281,-1.4216384865768539,1.708574387392308,1.1940079475244798,1.5741291816917327,-0.755835928700187,-0.20368501543998718,0.7120096683502197,0.36992278695106506,-0.3713775873184204,0.9273935556411743,0.041182741522789,0.01799316145479679
15.121173445418767,1.5788579611299498,-1.4254161255698412,1.7113855608539792,1.189687879422866,1.5743254547720837,-0.7063027566129512,-0.20497529208660126,0.711300253868103,0.37048226594924927,-0.3491610288619995,0.9358537793159485,0.0440799817442894,0.01792224682867527
15.286284019042887,1.5808119526196713,-1.4291937076924652,1.7141966188160989,1.1853680470695358,1.5745216639870108,-0.6567695845257152,-0.2062634825706482,0.7105892896652222,0.3710441291332245,-0.326749324798584,0.9437754154205322,0.04699883237481117,0.017713269218802452
15.451394592667006,1.58276585395715,-1.432971248461856,1.7170077167473459,1.1810485498741263,1.574717955697145,-0.6072364124384794,-0.20754951238632202,0.709876298904419,0.3716083765029907,-0.30415570735931396,0.9511541724205017,0.04993390664458275,0.01736513152718544
15.616505166291125,1.5847196767734786,-1.4367487521842357,1.7198185929213228,1.176729269278378,1.5749141677526004,-0.5577032403512434,-0.20883363485336304,0.7091618180274963,0.37217527627944946,-0.2813935875892639,0.9579855799674988,0.05288020893931389,0.01687685027718544
15.781615739915244,1.586673492624353,-1.440525987103357,1.7226293252198948,1.172410142873944,1.575110354009101,-0.5081700682640076,-0.21011583507061005,0.70844566822052,0.3727443516254425,-0.25847628712654114,0.9642659425735474,0.0558323971927166,0.016247667372226715
15.946726329403099,1.5886269979488248,-1.4443030571715563,1.7254401426019046,1.1680915061602022,1.5753066302616767,-0.4586368914176514,-0.21139568090438843,0.707727313041687,0.37331584095954895,-0.23541711270809174,0.9699915051460266,0.05878465250134468,0.015477074310183525
16.11183698650456,1.5905804123088256,-1.4480797980760254,1.7282508286852265,1.1637733388175984,1.5755025950385,-0.40910369428721344,-0.21267369389533997,0.7070073485374451,0.3738894760608673,-0.2122299075126648,0.9751591682434082,0.061731964349746704,0.01456447597593069
16.27694756012868,1.5925335499493856,-1.4518563629957972,1.7310612141655959,1.1594558131741186,1.5756986438360634,-0.35957052219997754,-0.21394942700862885,0.7062853574752808,0.374465674161911,-0.1889280527830124,0.9797660112380981,0.06466880440711975,0.013509837910532951
16.4420581337528,1.5944864258059133,-1.4556327441027406,1.7338714709792544,1.1551389441583324,1.5758944825782204,-0.31003735011274164,-0.21522310376167297,0.7055614590644836,0.3750443160533905,-0.16552548110485077,0.9838095903396606,0.06758971512317657,0.012313077226281166
16.607168703339152,1.5964389346108367,-1.4594087657755275,1.7366812472184017,1.150822531051357,1.5760901212119058,-0.26050417923683594,-0.21649453043937683,0.7048358917236328,0.37562569975852966,-0.14203567802906036,0.9872875213623047,0.07048960030078888,0.010974368080496788
16.7722792313305,1.5983911510793445,-1.4631839697949387,1.7394909100824671,1.146506859228486,1.5762859406347103,-0.2109710208394311,-0.217763751745224,0.7041083574295044,0.37620893120765686,-0.11847275495529175,0.9901978969573975,0.07336239516735077,0.009494218043982983
16.93738980495462,1.600343106407328,-1.4669585095277724,1.742300155395355,1.1421916306896907,1.5764816501829924,-0.1614378487521952,-0.21903078258037567,0.7033789753913879,0.3767942190170288,-0.09485041350126266,0.9925393462181091,0.07620307058095932,0.00787306483834982
17.102500364479216,1.6022945143674558,-1.4707327998538782,1.745108812112227,1.1378773466235457,1.576677478520937,-0.11190468089481614,-0.2202954888343811,0.702647864818573,0.37738236784935,-0.0711824893951416,0.9943106174468994,0.07900632172822952,0.006111709866672754
17.267610897180397,1.6042453958137453,-1.474506375171901,1.7479171215799523,1.1335635815796947,1.5768731074360645,-0.06237152108446153,-0.22155781090259552,0.7019149661064148,0.377972811460495,-0.04748288169503212,0.9955108761787415,0.08176667243242264,0.004211021587252617
17.43272145057144,1.6061958978904574,-1.4782795515564326,1.750725055715555,1.1292504950975963,1.577068385449476,-0.0128383550671492,-0.2228180319070816,0.7011801600456238,0.3785657286643982,-0.02376561053097248,0.9961393475532532,0.08447892218828201,0.0021719762589782476
17.597830832852395,1.6081460157977503,-1.4820526838302612,1.7535330057144165,1.124937653541565,1.5772637128829956,0.03669445961713791,-0.22407597303390503,0.7004432678222656,0.3791610300540924,4.481020732782781e-05,-0.9961962699890137,-0.087137870490551,3.888801984430756e-06
17.998292743540254,1.5957342573476734,-1.510073803765125,1.7890959588583577,1.0798871175474019,1.5743734672177576,0.024687921689292153,-0.21666063368320465,0.6971200704574585,0.3734060525894165,-6.484136974904686e-05,-0.9943916201591492,-0.10575680434703827,0.0008455765782855451
18.197383209443537,1.5831978759674563,-1.5383762757812547,1.8250159894819382,1.0343842419574782,1.5714542014193065,0.012560829535111074,-0.20928938686847687,0.693676769733429,0.36767011880874634,-0.00012001222785329446,-0.9922117590904236,-0.12455619126558304,0.0012283031828701496
18.396476618326155,1.5705332137594261,-1.5669683580468863,1.8613035784242795,0.9884157498254672,1.5685050636967435,0.00030964468038754533,-0.20196472108364105,0.6901023387908936,0.3619545102119446,-0.00011901387188117951,-0.9896459579467773,-0.1435251384973526,0.0011371123837307096
18.59559768748924,1.5577378707363791,-1.5958554688377269,1.89796560228009,0.9419729299997339,1.5655254951806183,-0.012067954507023278,-0.19469064474105835,0.6863864064216614,0.3562621772289276,-6.0080150433350354e-05,-0.9866836071014404,-0.16265034675598145,0.00055699358927086
18.776493657519183,1.5510259040062153,-1.6165480238745507,1.9249205619491183,0.9134222675384575,1.5640689261687657,-0.018484828004266186,-0.19095617532730103,0.6801921129226685,0.3516288101673126,4.905748937744647e-05,0.9848079681396484,0.17364712059497833,8.642286047688685e-06
18.986188277934115,1.5525694206456588,-1.625995261121679,1.9385284235928633,0.9092466654359694,1.5646767549757885,-0.0168143738448963,-0.19186675548553467,0.670841634273529,0.34832945466041565,0.00016430128016509116,0.9848076105117798,0.17364919185638428,2.89911240543006e-05
19.185353361402075,1.5541084640348206,-1.6354151194241313,1.952096848427586,0.9050831646045686,1.5652828222401671,-0.015148760812177198,-0.1927465945482254,0.6615095138549805,0.3449672758579254,0.0002791836450342089,0.9848070740699768,0.173651784658432,4.925353641738184e-05
19.384397019032757,1.5556419744468728,-1.64480111262523,1.9656164937512501,0.900934631872805,1.565886710647001,-0.013489135783986134,-0.19359518587589264,0.6522027850151062,0.3415451943874359,0.0003936938592232764,0.9848064184188843,0.17365486919879913,6.945610948605463e-05
19.64887194272898,1.557171177840407,-1.6541607443186328,1.9790981677886996,0.8967977507132505,1.5664889029723925,-0.011834171979920849,-0.19441355764865875,0.6429147124290466,0.33806154131889343,0.0005078723188489676,0.9848057627677917,0.1736583411693573,8.954374789027497e-05
19.83810921441524,1.5456210482026727,-1.6614032631502746,1.9880626230021743,0.8952519115664547,1.5625033355513946,-0.02279970371504226,-0.18913736939430237,0.6384519934654236,0.33633852005004883,0.00045009597670286894,0.9848151803016663,0.17360569536685944,8.04361843620427e-05
20.050603367316224,1.5238862565620044,-1.6670722840297953,1.9936163017978956,0.8956920913137265,1.5549458969654926,-0.04359113032385434,-0.1792292594909668,0.6375700831413269,0.3359980583190918,0.0002600994484964758,0.9848215579986572,0.17356927692890167,4.643099964596331e-05
20.303717074462366,1.5018877564082753,-1.672810087214266,1.9992373634515457,0.8961376117676658,1.5472967638777528,-0.0646348195853788,-0.1693292111158371,0.6365412473678589,0.3356529772281647,6.894591206219047e-05,0.9848142266273499,0.17361140251159668,1.1877711585839279e-05
20.496442722907464,1.4734527123351986,-1.6888411428136516,2.021690416767168,0.8796445998277217,1.5198575663471245,-0.08978059681642649,-0.16580229997634888,0.6323316693305969,0.33042365312576294,0.0008182012825272977,-0.9836862087249756,-0.17969872057437897,0.008306916803121567
20.69735445954985,1.4399856566199065,-1.7116834365848184,2.055123609689034,0.8523581014914603,1.4794649014940429,-0.1184281773262204,-0.1663440763950348,0.626402735710144,0.3224451541900635,0.0024327051360160112,-0.9814831614494324,-0.19033868610858917,0.02135683223605156
20.896325790669387,1.4045511934408015,-1.7358685463968797,2.0905222194032564,0.8234675283616235,1.4366976976019938,-0.1487598457400901,-0.16751253604888916,0.6205302476882935,0.31450018286705017,0.00451426999643445,-0.9786607027053833,-0.20253802835941315,0.034368764609098434
21.09535272174663,1.3669688460904792,-1.761519653147625,2.1280665400064502,0.7928257334224056,1.3913381304554875,-0.18093008893759502,-0.1693705916404724,0.614751398563385,0.30661463737487793,0.007140681147575378,-0.9751232862472534,-0.2164606899023056,0.04720418155193329
21.430601317861907,1.3271385750346907,-1.7887050368928046,2.1678565098103943,0.760351152026827,1.3432654585284876,-0.21502454010487362,-0.17198091745376587,0.6091219186782837,0.29883334040641785,0.010394347831606865,-0.9707719087600708,-0.23223906755447388,0.05965660512447357
21.90031290723522,1.283843279706853,-1.8486538681712674,2.2279459680994878,0.6766848979538077,1.3100409172534984,-0.2283799277962636,-0.16370299458503723,0.6111457943916321,0.2962600588798523,0.005005679093301296,-0.9594030976295471,-0.27612069249153137,0.05725286900997162
22.207142162929305,1.238516579051113,-1.9142166674158334,2.2924064091585614,0.5846361212455824,1.2770110987322068,-0.24017754996425078,-0.1541571021080017,0.6135846376419067,0.2948535084724426,0.00031310407212004066,-0.9448916912078857,-0.32348430156707764,0.050372228026390076
22.530773814769347,1.1907077253207443,-1.9833697765963052,2.3603967934884214,0.48754662569356944,1.2421725214790647,-0.2526212263059133,-0.14442354440689087,0.6154965758323669,0.2940458655357361,-0.0025040507316589355,-0.9273867607116699,-0.37197989225387573,0.03972815349698067
22.8782658592294,1.1393740679618265,-2.057621337447246,2.433399905267133,0.38329901235555364,1.2047654002443426,-0.26598233764338136,-0.13454274833202362,0.6166218519210815,0.29363423585891724,-0.0030380021780729294,-0.9062672853469849,-0.42198318243026733,0.02450285665690899
23.660211833808592,1.0828314425041334,-2.139407409409533,2.5138108445791096,0.26847310555104226,1.163562475024405,-0.2806992378784617,-0.12460238486528397,0.616630494594574,0.2932644486427307,-0.0005972240469418466,-0.8804749846458435,-0.47408056259155273,0.0033274241723120213
24.172934203565394,1.1228057914183474,-2.1513896578791143,2.544235396693633,0.19318170056879125,1.1948246188186324,-0.24947373095638795,-0.1301708221435547,0.6172682046890259,0.28800326585769653,-0.0021236122120171785,0.8701770305633545,0.4927188754081726,0.003920499701052904
24.41038636556833,1.1804589993032883,-2.1520072313065333,2.5672808900437603,0.12194605196791101,1.2394034923830053,-0.20940911561498454,-0.1391587257385254,0.6178351640701294,0.28381332755088806,-0.003694217186421156,0.861358642578125,0.5079361200332642,0.0069542801938951015
24.646507811231363,1.2377891102531127,-2.1526213437629345,2.5901972331081904,0.05110961826900039,1.2837325394772126,-0.1695690281862219,-0.14887681603431702,0.6178156733512878,0.281767874956131,-0.004176017828285694,0.8515338897705078,0.5242219567298889,0.007991100661456585
24.870741438263384,1.2922328677031367,-2.153204537987913,2.611959825274344,-0.016160469840606123,1.32582978729346,-0.13173473795333426,-0.15878474712371826,0.6170416474342346,0.28167420625686646,-0.0036266841925680637,0.8412708044052124,0.5405561327934265,0.007017225492745638
25.078930691432475,1.342781063142267,-2.153746003475306,2.6321652595353173,-0.07861724579133408,1.3649148910726858,-0.09660756843810911,-0.16850928962230682,0.6154919862747192,0.2830984592437744,-0.0022325424943119287,0.830964982509613,0.5563034415245056,0.004311918746680021
25.53089960777035,1.3894542585826468,-2.1542459604826294,2.6508217550645345,-0.13628611577175925,1.4010037498667063,-0.06417323059857702,-0.17786136269569397,0.6132235527038574,0.2856171429157257,-0.00018630617705639452,0.8208153247833252,0.5711936354637146,0.00021269242279231548
26.291554553777402,1.458937324036667,-2.118919360070156,2.673061818689007,-0.23673384046005724,1.4944112466920583,-0.04228314167061311,-0.17130188643932343,0.6176614761352539,0.2815343737602234,0.005771205760538578,0.8096693754196167,0.586683988571167,0.014286698773503304
27.118704291671826,1.5826026984589037,-2.053732639591222,2.7122896680265836,-0.41644564817245283,1.6632013553693685,-0.00501572189492757,-0.16216178238391876,0.6195865869522095,0.2796800136566162,0.021859552711248398,0.7866938710212708,0.6160035729408264,0.034271981567144394
27.67780031180428,1.6980222463607788,-1.9928926229476929,2.7489020824432373,-0.5841744542121887,1.8207368850708008,0.029766744002699852,-0.15623773634433746,0.6125515699386597,0.2828965485095978,0.04317256808280945,0.7622170448303223,0.6443114280700684,0.04499001055955887
27.842109442578884,1.6926638860592882,-1.9939199111097066,2.7430934346174936,-0.6121290790361168,1.8700296243031818,0.026225059430458574,-0.12988604605197906,0.6202791929244995,0.3028935194015503,0.06219040974974632,0.7492695450782776,0.656225323677063,0.06399863213300705
28.006421752267876,1.687306607946689,-1.994947127277127,2.737285967155821,-0.6400778668274759,1.9193233172098796,0.02268419349132752,-0.10360434651374817,0.6259199380874634,0.3228369355201721,0.08176169544458389,0.735722541809082,0.6672483682632446,0.08250436931848526
28.170733918857223,1.6819506871177317,-1.9959742524323503,2.731479675675327,-0.6680213311372852,1.9686169671866833,0.01914410240472863,-0.07748383283615112,0.629492998123169,0.34258270263671875,0.10185402631759644,0.7216017842292786,0.6773636937141418,0.10047399997711182
28.335045625866105,1.6765953202936692,-1.9970013989422142,2.7256737937501034,-0.6959616972033668,2.0179104792893474,0.015604487244342975,-0.051614537835121155,0.6310333013534546,0.3619915246963501,0.12243501096963882,0.7069332003593445,0.6865569353103638,0.1178755983710289
28.49935788660626,1.6712404216682741,-1.998028462699766,2.719868608522949,-0.7239002822408193,2.067204157511393,0.012065193193199618,-0.02608579397201538,0.6305862069129944,0.3809256851673126,0.14347124099731445,0.6917443871498108,0.6948146224021912,0.13467827439308167
28.66367019629525,1.6658857022011184,-1.9990553528872042,2.7140632605423076,-0.7518375417229094,2.116497850418091,0.008526126349018288,-0.0009862184524536133,0.6282129287719727,0.3992544412612915,0.16492846608161926,0.6760634779930115,0.7021256685256958,0.15085166692733765
28.82798250598424,1.6605313916881992,-2.0000822630862163,2.708258242279898,-0.7797735921629001,2.1657915433247883,0.0049872595029225196,0.02359732985496521,0.6239843368530273,0.41684985160827637,0.18677161633968353,0.659920334815979,0.7084798216819763,0.1663665622472763
28.992294815673233,1.6551772986260371,-2.001108941733652,2.702453394344616,-0.8077086535621935,2.215085236231486,0.001448560021837224,0.04758016765117645,0.6179848909378052,0.4335918724536896,0.208965003490448,0.643345296382904,0.7138688564300537,0.18119488656520844
29.156607125362225,1.6498232911762143,-2.0021355096359583,2.696648733170774,-0.8356429570773264,2.2643789291381835,-0.0020899963695657576,0.07088032364845276,0.6103100776672363,0.4493679702281952,0.23147237300872803,0.6263696551322937,0.7182866334915161,0.19530963897705078
29.320919435051216,1.6444695768035973,-2.0031619106890717,2.6908441548707196,-0.8635763113157542,2.3136726220448813,-0.0056283917815946275,0.0934184193611145,0.6010663509368896,0.46407389640808105,0.25425684452056885,0.609025239944458,0.7217287421226501,0.2086847722530365
29.485231744740208,1.639115900003788,-2.0041884404494055,2.6850397205626613,-0.8915090245854109,2.3629663149515787,-0.009166662131924838,0.11511916667222977,0.5903691649436951,0.47761377692222595,0.2772813141345978,0.5913444757461548,0.7241926193237305,0.22129589319229126
29.6495440544292,1.6337623672903747,-2.0052149988792696,2.6792356626169562,-0.919441382624886,2.4122600078582765,-0.012704833239542444,0.13591064512729645,0.5783441662788391,0.48990195989608765,0.300508052110672,0.573360800743103,0.7256773114204407,0.23311960697174072
29.81385636411819,1.6284090739258565,-2.006241571338222,2.673431790795737,-0.9473732216784818,2.461553700764974,-0.01624291155985226,0.15572544932365417,0.56512451171875,0.5008630752563477,0.3238990306854248,0.555107831954956,0.726184070110321,0.24413391947746277
29.978168673807183,1.6230558950937342,-2.00726797950522,2.6676277893488125,-0.9753046212026499,2.5108473936716713,-0.019780915677671,0.17450037598609924,0.5508512258529663,0.5104326009750366,0.3474159240722656,0.536620020866394,0.7257157564163208,0.2543182075023651
30.142480983496174,1.6177027137271145,-2.008294483601941,2.6618239783484787,-1.0032354172045348,2.560141086578369,-0.023318845260435404,0.19217804074287415,0.535670280456543,0.5185567736625671,0.3710206151008606,0.5179317593574524,0.7242769598960876,0.2636536657810211
30.306793293185166,1.6123497231239083,-2.009321029828813,2.6560204563759737,-1.0311657085612411,2.6094347794850665,-0.02685672245951112,0.20870524644851685,0.5197340846061707,0.525193452835083,0.3946740925312042,0.49907878041267395,0.721873939037323,0.27212265133857727
30.471105602874157,1.6069968500047676,-2.010347572824146,2.650217008391083,-1.0590956995787482,2.6587284723917644,-0.030394574791861396,0.22403471171855927,0.5031981468200684,0.5303133130073547,0.41833794116973877,0.48009592294692993,0.718515157699585,0.27970901131629944
30.63541791256315,1.6016439521392303,-2.0113740935710935,2.6444135598933896,-1.0870254504931942,2.7080221652984617,-0.03393240304519082,0.23812490701675415,0.4862213134765625,0.5338981747627258,0.4419736862182617,0.46101900935173035,0.7142103910446167,0.2863984704017639
30.79973025440737,1.5962911252523664,-2.0124005152635753,2.638610309201341,-1.1149548706654615,2.757315867851728,-0.03747018509297145,0.25093966722488403,0.4689638912677765,0.535942792892456,0.46554267406463623,0.44188392162323,0.7089713215827942,0.29217830300331116
30.964042897272837,1.590938445253138,-2.013427031987359,2.632806841429545,-1.1428841217878172,2.806609660711368,-0.04100796328407895,0.26244914531707764,0.4515875279903412,0.5364537835121155,0.4890066683292389,0.42272642254829407,0.7028113007545471,0.29703712463378906
31.128355238994423,1.585585815051373,-2.0144536519355962,2.6270037757346856,-1.1708132562318532,2.855903363227844,-0.04454571144546648,0.2726293206214905,0.43425190448760986,0.5354496240615845,0.5123271942138672,0.4035828113555908,0.695745050907135,0.3009658753871918
31.292667548683415,1.5802332970144493,-2.015480069384661,2.6212009960076132,-1.1987422747685688,2.9051970561345417,-0.048083440007900734,0.2814621329307556,0.4171163737773895,0.5329610705375671,0.5354666113853455,0.3844892382621765,0.6877890229225159,0.30395686626434326
31.456979858372407,1.5748808508752525,-2.0165065065222794,2.615398308915341,-1.226671163481201,2.9544907490412395,-0.05162115655562432,0.28893566131591797,0.4003368616104126,0.5290313959121704,0.5583872199058533,0.36548134684562683,0.6789613962173462,0.30600404739379883
31.621292168061398,1.5695284061227412,-2.0175330684287123,2.6095955883129047,-1.254599941569217,3.003784441947937,-0.055158870504015176,0.29504406452178955,0.38406550884246826,0.5237146019935608,0.5810521841049194,0.34659501910209656,0.6692814826965332,0.30710330605506897
31.78560447775039,1.5641758827177112,-2.0185596366224097,2.6037928116365854,-1.282528662297024,3.0530781348546343,-0.05869659262105261,0.2997872233390808,0.36844897270202637,0.5170758366584778,0.6034247279167175,0.3278658986091614,0.6587703227996826,0.30725258588790894
31.94991678743938,1.5588235471596155,-2.0195863373846663,2.597990277841172,-1.3104570281018735,3.102371827761332,-0.062234296777152316,0.303170770406723,0.35362890362739563,0.5091909170150757,0.6254686713218689,0.3093295395374298,0.6474502086639404,0.3064512014389038
32.11422909712837,1.5534711586262675,-2.020612942029217,2.592187754557557,-1.3383851861502651,3.15166552066803,-0.06577201151579704,0.30520614981651306,0.3397388458251953,0.5001459717750549,0.6471484899520874,0.29102087020874023,0.6353448629379272,0.30470067262649536
32.27854140681736,1.5481188344033805,-2.0216396024465317,2.5863852792611257,-1.366313247894079,3.2009592135747273,-0.06930973161565368,0.30590999126434326,0.32690492272377014,0.4900358021259308,0.6684296131134033,0.27297472953796387,0.6224789619445801,0.3020041882991791
32.44285371650635,1.5427665586321826,-2.022666268374118,2.5805827846048963,-1.3942411982113363,3.2502529064814247,-0.07284745573619461,0.3053043484687805,0.31524428725242615,0.4789646863937378,0.6892777681350708,0.25522518157958984,0.6088789105415344,0.2983667552471161
32.607166026195344,1.5374142004208524,-2.0236927144181225,2.5747801112782636,-1.422168914070809,3.2995465993881226,-0.07638518577379906,0.30341601371765137,0.3048645555973053,0.4670448303222656,0.7096596360206604,0.23780591785907745,0.5945718884468079,0.29379531741142273
32.77147833588434,1.5320620318239149,-2.0247193500765195,2.5689780067948087,-1.4500965351230855,3.3488402922948204,-0.0799229335877528,0.3002764582633972,0.2958625555038452,0.4543949365615845,0.7295427918434143,0.22075043618679047,0.579586386680603,0.288298636674881
32.93579064557333,1.5267098047311027,-2.025746064978714,2.56317565802578,-1.4780239665726915,3.3981339852015178,-0.08346068434617034,0.2959214746952057,0.2883243262767792,0.44114068150520325,0.7488958835601807,0.2040906697511673,0.5639517903327942,0.28188714385032654
33.100102955262315,1.5213576303969758,-2.0267727231843145,2.5573731935765496,-1.5059512161715722,3.447427678108215,-0.0869984362245173,0.29039084911346436,0.2823244035243988,0.4274126887321472,0.7676878571510315,0.18785887956619263,0.547698438167572,0.2745734453201294
33.26441526495131,1.5160055259841168,-2.027799324057201,2.55157073840129,-1.5338782711463819,3.496721371014913,-0.09053618351256368,0.28372806310653687,0.2779250144958496,0.4133462607860565,0.7858896851539612,0.1720859706401825,0.5308577418327332,0.26637160778045654
33.428727574640305,1.5106534025744016,-2.028826020833571,2.5457684185020297,-1.561805093256504,3.546015063921611,-0.09407391579654077,0.27597954869270325,0.2751753330230713,0.3990793824195862,0.8034725189208984,0.15680237114429474,0.5134614706039429,0.25729799270629883
33.59303988432929,1.5053013247808227,-2.0298527679219918,2.5399660925972203,-1.5897319501103153,3.595308756828308,-0.0976116477591596,0.267194926738739,0.2741124629974365,0.38475358486175537,0.8204088807106018,0.1420372575521469,0.4955427646636963,0.24736987054347992
33.75735219401828,1.4999492412742266,-2.0308793681172586,2.53416366408635,-1.617658495806669,3.6446024497350056,-0.1011493659306559,0.25742608308792114,0.2747598886489868,0.37051093578338623,0.8366727828979492,0.12781934440135956,0.4771350026130676,0.2366073727607727
33.92166450370728,1.4945971917709802,-2.0319059995498536,2.528361332115535,-1.6455849641690492,3.6938961426417034,-0.10468708882296103,0.24672697484493256,0.27712810039520264,0.356494277715683,0.8522387742996216,0.11417601257562637,0.4582724869251251,0.2250312864780426
34.085976813396265,1.489245202907675,-2.0329326746462715,2.5225590275592826,-1.673511393749469,3.743189835548401,-0.10822481489362597,0.2351531684398651,0.28121399879455566,0.3428455591201782,0.8670833706855774,0.1011337861418724,0.43898963928222656,0.2126646786928177
34.25028912308525,1.4838932807262093,-2.0339592724025795,2.5167565202291593,-1.7014376648176452,3.792483528455098,-0.11176252893028822,0.2227613925933838,0.28700175881385803,0.32970499992370605,0.8811840415000916,0.08871817588806152,0.4193217158317566,0.19953219592571259
34.41460143277425,1.478541384929528,-2.0349857537425846,2.51095405209745,-1.7293637543366442,3.841777221361796,-0.11530024139664485,0.20960941910743713,0.29446175694465637,0.3172098696231842,0.8945192098617554,0.07695357501506805,0.3993040919303894,0.18566028773784637
34.57891374246324,1.4731893936580975,-2.0360125157789914,2.5051517598385553,-1.7572901419750475,3.891070914268494,-0.11883797262089099,0.19575545191764832,0.30355262756347656,0.3054945468902588,0.9070693254470825,0.06586288660764694,0.37897270917892456,0.1710762083530426
34.74322605215223,1.4678374865753094,-2.037039108713605,2.4993493460276737,-1.7852164252699447,3.940364607175191,-0.12237568233823393,0.1812572479248047,0.31421947479248047,0.294687420129776,0.9188156723976135,0.05546828731894493,0.35836338996887207,0.15580952167510986
34.90753836184122,1.462485525426525,-2.0380658520341406,2.4935468269247636,-1.8131428799030966,3.9896583000818886,-0.12591337605271777,0.16617286205291748,0.32639622688293457,0.2849123477935791,0.9297415018081665,0.04579032212495804,0.3375124931335449,0.1398906111717224
35.071850671530214,1.4571335555057474,-2.039092689546565,2.487744250708748,-1.8410694381308614,4.038951992988586,-0.1294510405722035,0.15055948495864868,0.34000441431999207,0.27628564834594727,0.9398307204246521,0.0368485227227211,0.3164561986923218,0.12335211783647537
35.23616298121921,1.451781678004688,-2.0401194265085154,2.481941653245024,-1.8689959421129,4.088245685895284,-0.13298865242047372,0.13447290658950806,0.35495537519454956,0.2689168155193329,0.949069619178772,0.028661126270890236,0.295230507850647,0.10622744262218475
35.400475290908204,1.4464297787074507,-2.0411461632202172,2.4761390433120876,-1.896922682628778,4.137539378801982,-0.1365262317268459,0.11796826124191284,0.3711499273777008,0.262906938791275,0.9574452042579651,0.021244751289486885,0.27387213706970215,0.08855117857456207
35.56478760059719,1.4410776980820226,-2.0421728708521654,2.470336372282835,-1.92485001526058,4.186833071708679,-0.1400638570338893,0.10109877586364746,0.38847944140434265,0.25834792852401733,0.964946448802948,0.01461480837315321,0.2524167597293854,0.07035952061414719
35.72909991028619,1.435725694615432,-2.0431993896366523,2.4645336699676426,-1.9527773491784408,4.236126764615377,-0.14360146963869203,0.08391545712947845,0.4068264365196228,0.25532183051109314,0.9715638160705566,0.008785344660282135,0.23089998960494995,0.051689762622117996
35.89341221997518,1.4303737728614863,-2.044226087845757,2.4587310470226775,-1.9807051115389023,4.285420457522075,-0.14713912765568626,0.06646794825792313,0.42606526613235474,0.25390109419822693,0.9772888422012329,0.003768904134631157,0.2093578279018402,0.03258004039525986
36.05772452966417,1.4250216665951492,-2.0452526646003446,2.4529283032097715,-2.008633373717623,4.334714150428772,-0.15067682643288674,0.04880321025848389,0.4460640847682953,0.25414639711380005,0.9821153879165649,-0.0004235566593706608,0.18782521784305573,0.01307001244276762
36.222036839353166,1.4196695700017654,-2.046279345072472,2.4471255408557124,-2.0365617556991857,4.3840078433354694,-0.15421453888645847,0.030965521931648254,0.46668463945388794,0.2561081051826477,-0.9860382676124573,0.0037823650054633617,-0.16633664071559906,0.006800442934036255
36.38634914904216,1.4143174905920235,-2.0473058587770616,2.4413228939382456,-2.0644905827815485,4.433301536242167,-0.15775227566057634,0.012997433543205261,0.4877835512161255,0.2598235309123993,-0.9890541434288025,0.006299508735537529,-0.1449267566204071,0.026989495381712914
36.550661458731156,1.4089652933307941,-2.0483323907334388,2.435520072593203,-2.0924197531630893,4.482595229148865,-0.1612900142987048,-0.005062207579612732,0.5092140436172485,0.26531919836997986,-0.991161048412323,0.007968415506184101,-0.12362883985042572,0.047455672174692154
36.714973768420144,1.4036129602826244,-2.049358885697801,2.4297173616747307,-2.120349830199932,4.531888922055562,-0.16482781710348451,-0.023176051676273346,0.5308262705802917,0.2726088762283325,-0.9923588633537292,0.008784241043031216,-0.10247640311717987,0.06815611571073532
36.87928607810914,1.3982606769698656,-2.0503851207670243,2.4239146034268675,-2.1482797747624858,4.58118261496226,-0.16836558692959464,-0.04131077229976654,0.5524678826332092,0.2816934287548065,-0.9926487803459167,0.008743355050683022,-0.08150143176317215,0.08904697000980377
37.043598387798134,1.3929083065611358,-2.0514114255301474,2.418111408229333,-2.1762113125184306,4.630476307868958,-0.17190349565389282,-0.059434983879327774,0.5739880800247192,0.2925633490085602,-0.9920336008071899,0.007843916304409504,-0.06073552742600441,0.11008559167385101
37.20791069748713,1.387555290230263,-2.0524377602640165,2.4123079005318284,-2.2041451242698624,4.6797700007756555,-0.17544166679204004,-0.07751944661140442,0.5952342748641968,0.3051944375038147,-0.9905177354812622,0.0060858712531626225,-0.04021001607179642,0.1312274932861328
37.37222300717612,1.3822016460287692,-2.0534640820795063,2.406503380592779,-2.2320837823753585,4.7290636936823525,-0.17898037105497067,-0.09553822129964828,0.6160576939582825,0.3195531964302063,-0.9881066679954529,0.0034701162949204445,-0.019954940304160118,0.15242959558963776
37.53653094585783,1.3768469095230103,-2.054490327835083,2.400698184967041,-2.2600272337542933,4.778356075286865,-0.18251964449882507,-0.11346715688705444,0.6363099813461304,0.33559131622314453,-0.984808087348938,-3.057922413063352e-07,1.6309823536175827e-07,0.17364637553691864
37.84672514132097,1.3795928579437178,-2.040815798345323,2.3898780040511243,-2.26304966908107,4.777431962872099,-0.1799283417936074,-0.1128903329372406,0.6455729007720947,0.33907100558280945,-0.9848081469535828,-3.4587310437927954e-07,1.442454617972544e-07,0.17364555597305298
38.044962702010416,1.382333714715082,-2.027166624724803,2.3790778863551276,-2.266066500085228,4.776509563984193,-0.17734184398735187,-0.11235366016626358,0.6548923850059509,0.3424033522605896,-0.9848081469535828,-3.0816059393146134e-07,2.1201017830208002e-07,0.17364604771137238
38.24282516321971,1.3869226622032056,-2.0134904329507552,2.367940790406832,-2.2688750195314253,4.774963250304844,-0.17301284228334482,-0.1127508282661438,0.6641647815704346,0.3458295464515686,-0.9848084449768066,-4.3829373908010894e-07,1.4247089552554826e-07,0.17364369332790375
38.45816023644292,1.3922592716729711,-1.999824548371492,2.3566834410066195,-2.271594074611965,4.77316452165068,-0.16797889819640313,-0.11359554529190063,0.6734471321105957,0.34920433163642883,-0.9848084449768066,-3.951525968659553e-07,1.6680507997079985e-07,0.17364376783370972
38.684425043552814,1.3898105127235205,-1.9904457839320258,2.348454764694766,-2.2725706937278094,4.773984146552784,-0.17029285577794828,-0.11108967661857605,0.680676281452179,0.35171616077423096,-0.9848113059997559,-1.4671193184767617e-06,-4.1463943034614203e-07,0.17362762987613678
38.962947994838245,1.3717835789099753,-1.9896267411706778,2.346270396209558,-2.27006342191594,4.780042973275514,-0.18730964162563637,-0.10167789459228516,0.6836086511611938,0.35275694727897644,-0.9848151803016663,-2.9148732210160233e-06,-2.67995801550569e-07,0.17360615730285645
39.27572061229913,1.3538134609806138,-1.988810279804433,2.3440929122465968,-2.26756405232784,4.786082704260671,-0.2042727952947245,-0.09222562611103058,0.686406672000885,0.3538121283054352,-0.9848098754882812,-9.023210623126943e-07,6.58432099953643e-08,0.17363624274730682
39.53273789165329,1.3448724501077738,-2.000111800481888,2.3530728951604036,-2.2646175774876434,4.789076125240877,-0.21272116507026745,-0.08946508169174194,0.6791646480560303,0.35130181908607483,-0.9848089814186096,-7.274306312865519e-07,4.8459092738539766e-08,0.17364118993282318
39.73101564822506,1.337747730857737,-2.0139248703956283,2.364360831041654,-2.2615704141158752,4.791456678225957,-0.21945675711808124,-0.0881824791431427,0.6699339151382446,0.3479204475879669,-0.9848087430000305,-6.345827046061459e-07,9.704582026870412e-09,0.1736421436071396
39.93489683503814,1.3344960044906389,-2.024299217942322,2.376460157890742,-2.263057758776416,4.792543299763295,-0.2225307762217735,-0.08854498714208603,0.6619781255722046,0.34282949566841125,-0.9848082065582275,-4.0452957250636246e-07,1.0908153313948787e-07,0.17364563047885895
40.148793188071274,1.3364850358616178,-2.030000551632866,2.3896234681359716,-2.2706669276236346,4.7918790314797945,-0.22065012196292433,-0.09098713099956512,0.6556581258773804,0.33558860421180725,-0.9848084449768066,-4.7504764211225847e-07,1.2521593362180283e-07,0.17364418506622314
40.34700962636473,1.3384682776089338,-2.035685290021331,2.402748462941038,-2.278253947889059,4.791216696732099,-0.2187749418663019,-0.09340333193540573,0.649324893951416,0.32835835218429565,-0.9848085045814514,-5.54045755052357e-07,7.671299329103931e-08,0.173643559217453
40.545240649169706,1.340447006152557,-2.0413570918213444,2.415843589589537,-2.2858237026002843,4.790555869239701,-0.21690402906071837,-0.09579496830701828,0.642974317073822,0.32113415002822876,-0.984808623790741,-4.6797885033811326e-07,6.179181610832529e-08,0.17364327609539032
40.743523267245315,1.3424217888366616,-2.047017583260877,2.4289126027368675,-2.293378362169339,4.789896359529097,-0.21503684711509877,-0.09816289693117142,0.6366055011749268,0.3139146566390991,-0.9848084449768066,-4.414957857079571e-07,9.519338561858603e-08,0.17364375293254852
41.128510234905455,1.3445854241902229,-2.05250737521289,2.4415961282625056,-2.300729179860988,4.789173196562264,-0.21299152541715105,-0.1005556508898735,0.6303701996803284,0.30689987540245056,-0.9848085045814514,-3.992002177710674e-07,8.562116349253301e-09,0.17364363372325897
41.52221501245034,1.3600544297983217,-2.0469596175110008,2.4293917396843034,-2.295005044434776,4.78396623544966,-0.1983950109402031,-0.10638953745365143,0.6345741152763367,0.3137117028236389,-0.9848217964172363,-5.099318514112383e-06,2.9000048584748583e-07,0.17356812953948975
41.720381755371214,1.375415658225925,-2.0414505126933586,2.417272382725066,-2.289320790769076,4.778795552789717,-0.18390019473754932,-0.11233985424041748,0.6386961340904236,0.3204776346683502,-0.9848284125328064,-7.49979790271027e-06,-4.926494625578925e-07,0.1735309660434723
41.918641295273424,1.3906734736270348,-2.035978495612882,2.405234614252597,-2.2836748039566874,4.773659679581728,-0.1695029588045365,-0.11840400099754333,0.6427345871925354,0.3271995484828949,-0.9848282933235168,-7.478859060938703e-06,-1.6939220586209558e-06,0.1735314130783081
42.11699879168403,1.4058306296940588,-2.030542578693598,2.393276261720514,-2.278066065024015,4.768557688916126,-0.15520070476398953,-0.12457961589097977,0.6466873288154602,0.3338780105113983,-0.9848217964172363,-5.123583832755685e-06,-1.9706144485098775e-06,0.17356868088245392
42.326739758216426,1.4208835617964928,-2.025144040343882,2.381400137470923,-2.27249589302338,4.7634907806691595,-0.1409967961922156,-0.1308617889881134,0.6505508422851562,0.34051162004470825,-0.9848088622093201,-5.443308737085317e-07,-1.417149633198278e-07,0.1736418455839157
42.53409896552402,1.431737144938348,-2.011521860832869,2.370319611597595,-2.2755261078636497,4.759811293767825,-0.13077422957054582,-0.13468413054943085,0.6589108109474182,0.34392860531806946,-0.9848101139068604,-9.145725812231831e-07,4.902499028958118e-08,0.1736343652009964
42.73228694259959,1.4422957918623893,-1.997561671758185,2.359356950701843,-2.278986859792506,4.7562298935010165,-0.12083082365083704,-0.13852961361408234,0.6675069332122803,0.3470132648944855,-0.9848093390464783,-7.265985004778486e-07,-6.775186989216309e-08,0.17363925278186798
42.928333026765166,1.4492131868897244,-1.9840926197549544,2.348109033434621,-2.2814978091557836,4.753881815983718,-0.11431758946960005,-0.14074595272541046,0.6764792203903198,0.35027992725372314,-0.9848082065582275,-4.075962465321936e-07,4.7068098751879006e-08,0.17364510893821716
43.19975657103857,1.4535129203528478,-1.9709706322518084,2.3366503964600427,-2.283326293142399,4.7524203600877115,-0.11027027483981963,-0.14175359904766083,0.6857480406761169,0.35364729166030884,-0.9848082065582275,-3.327474189518398e-07,-5.892024290687914e-08,0.17364530265331268
43.30653942268013,1.4611580937622561,-1.9678020125251683,2.3345669149598645,-2.2846530034863934,4.7498170943978915,-0.10307770014337808,-0.1454409509897232,0.6868394613265991,0.3539988696575165,-0.9848114252090454,-7.993961617103196e-07,-4.9407152147296074e-08,0.17362694442272186
43.580325411801184,1.4721863812963216,-1.9746763985444655,2.341943800258528,-2.2854744322943126,4.746059165839443,-0.09270444128535649,-0.15167173743247986,0.6796022653579712,0.35138633847236633,-0.9848158359527588,-1.5653176888008602e-06,-1.5188835789103905e-07,0.17360234260559082
43.77883992919787,1.4833007915757026,-1.9816044684194394,2.349378293559507,-2.28630227585192,4.742271890646429,-0.0822501749701062,-0.1578064262866974,0.672268271446228,0.34872210025787354,-0.9848167300224304,-1.8005586071012658e-06,-3.4056202480314823e-07,0.17359693348407745
43.97708821872338,1.494459504183891,-1.9885601537613509,2.3568424209443877,-2.287133419215506,4.738469519275871,-0.07175423767708045,-0.16381920874118805,0.6648668646812439,0.3460162580013275,-0.9848141670227051,-1.3794559663438122e-06,-4.2040977632495924e-07,0.17361129820346832
44.418175008728625,1.5056653149639512,-1.9955451973343796,2.364338052568762,-2.287968070630098,4.734651099034207,-0.06121399962321075,-0.16970987617969513,0.657398521900177,0.34326741099357605,-0.9848081469535828,-3.273825086580473e-07,5.555038029569914e-08,0.1736455261707306
44.844051447314584,1.5036777667518997,-1.984458778588974,2.354078599057346,-2.2887530250152617,4.735329597433293,-0.06308260789254726,-0.16817201673984528,0.6662296056747437,0.34658926725387573,-0.9848082065582275,-3.0253028171500773e-07,8.506630422289163e-08,0.17364570498466492
45.042308640283906,1.501439844392209,-1.973035815157963,2.3434880082849467,-2.2895364296733796,4.736093434341339,-0.06518670296611959,-0.16645224392414093,0.6754053831100464,0.349922776222229,-0.9848082065582275,-3.0343414891831344e-07,1.1149172252089556e-07,0.1736457794904709
45.23908892328795,1.4997786880494302,-1.9572737956032071,2.3272456483716306,-2.280326690662077,4.736180695565782,-0.06681160315961997,-0.16473302245140076,0.6846897602081299,0.3526887893676758,-0.9855543375015259,6.266694254009053e-05,6.265843694563955e-05,0.16935905814170837
45.52649416008935,1.5024334635623555,-1.907381498163321,2.266799511904219,-2.1941051196216583,4.731095732216776,-0.06486508296244463,-0.1632998287677765,0.6944854855537415,0.3522814214229584,-0.9912651181221008,0.000503092014696449,0.0004943349049426615,0.13188256323337555
45.848426414561125,1.5054071667401552,-1.8514954608233054,2.199091765157385,-2.0975254432801265,4.725399894057838,-0.06268472034127037,-0.1618352085351944,0.7042867541313171,0.3524702489376068,-0.9959703683853149,0.0007648553000763059,0.0007422359194606543,0.08967612683773041
46.2110587646137,1.5087568185900253,-1.7885440641420733,2.1228241064232347,-1.9887357382643533,4.71898396291579,-0.060228706660440064,-0.16033975780010223,0.7140077948570251,0.35363849997520447,-0.9991195201873779,0.0007666811579838395,0.0007336608250625432,0.041940413415431976
46.614439198269075,1.5124828623795528,-1.7185189776079988,2.037986443016755,-1.8677216081677428,4.711847089754842,-0.05749671690968229,-0.15883749723434448,0.7234248518943787,0.35629206895828247,0.9999363422393799,-0.0004052826843690127,-0.00038191251223906875,0.011267707683146
46.93875167196809,1.5103106563154103,-1.6674917831113978,1.97720339124838,-1.7799071317566217,4.705985840834233,-0.06010784023559726,-0.1539687216281891,0.7296993732452393,0.3584182560443878,0.9987301230430603,-2.7710078938980587e-05,0.00016179404337890446,0.050380218774080276
47.15841042784737,1.4997897831680802,-1.647484804281719,1.9554249700766813,-1.7462052120450284,4.702380766423746,-0.07023607366758007,-0.1444048285484314,0.7322662472724915,0.3579619228839874,0.9977927207946777,-5.3001000196672976e-05,0.0003083145129494369,0.06640362739562988
47.4553508486226,1.489244076951983,-1.6274306017402675,1.9335951439480912,-1.712423743604155,4.698767182732755,-0.0803882133964819,-0.1347871571779251,0.7346510887145996,0.357695072889328,0.9965949058532715,-2.0337449313956313e-05,0.00011920111137442291,0.08245368301868439
47.66089146787183,1.4907961381153467,-1.613233689660356,1.9207663305933642,-1.704347495827404,4.6985117888237795,-0.07879055142904508,-0.1352394074201584,0.7414196729660034,0.3566652238368988,0.9961948990821838,2.976850907998596e-07,7.580690208897067e-08,0.08715354651212692
47.879323846642734,1.4973496235892594,-1.6014975062752754,1.911695383018457,-1.7069280721739335,4.699646528765122,-0.07233555692219186,-0.13996636867523193,0.7500076293945312,0.3551715612411499,0.9961948990821838,3.477671555174311e-07,4.552379451183697e-08,0.08715291321277618
48.14934851212608,1.5038742267015262,-1.5898130463119098,1.9026644127028833,-1.7094972754672086,4.7007762677082185,-0.06590901070999208,-0.14478999376296997,0.7585263252258301,0.3535686433315277,0.99619460105896,3.164522297538497e-07,1.539476670586737e-07,0.08715590089559555
48.411135697095936,1.5152701352938034,-1.5888921094104294,1.9015144478324288,-1.7091631334366222,4.702752251651222,-0.05468524260015583,-0.15436775982379913,0.75766921043396,0.3537244200706482,0.9961952567100525,4.016065133782831e-07,1.7009671182677266e-07,0.08714880794286728
48.716106984701334,1.5269094655201134,-1.5885237384377153,1.9007693373855619,-1.7086802709035969,4.704770524985752,-0.04322175551033082,-0.164169579744339,0.7562105059623718,0.35397541522979736,0.9961948990821838,3.83481165044941e-07,6.753854364660583e-08,0.08715242892503738
48.90519340117801,1.5290756989155578,-1.580901525049877,1.8946416976445475,-1.7101524885168031,4.705146089472983,-0.04108820045538443,-0.1657356470823288,0.7620777487754822,0.35302767157554626,0.9961946606636047,3.639829060375632e-07,-2.8892319647866316e-08,0.08715569972991943
49.10507795616029,1.5266293388628838,-1.569748062138809,1.8858938224025854,-1.7125765078384305,4.7047217943006,-0.04349752975913148,-0.16325773298740387,0.7715437412261963,0.3514072597026825,0.9961946606636047,3.31919750351517e-07,-4.084377636104364e-08,0.08715546876192093
49.303247213652114,1.5241898087577457,-1.5586257383752444,1.877170370192257,-1.7149937595851972,4.704298683710087,-0.04590013250080781,-0.16074176132678986,0.7809716463088989,0.3496861755847931,0.9961946606636047,3.5306771906107315e-07,6.566496324467153e-08,0.08715574443340302
49.48413155256746,1.5253297157777002,-1.547872758621243,1.8666674055615198,-1.7152404179817369,4.7044966692592585,-0.044777542222611905,-0.16131246089935303,0.789991557598114,0.3493494689464569,0.9961949586868286,3.3890762551891385e-07,-1.2263029702808126e-07,0.08715293556451797
49.68241240113018,1.5313835941981022,-1.537627580990328,1.8537221560071249,-1.7125071479105771,4.705547316417823,-0.0388154486689574,-0.16624581813812256,0.7984378933906555,0.35096490383148193,0.9961953163146973,4.059436093939439e-07,-7.193805107164053e-09,0.08714762330055237
49.880658772131184,1.5374318533501352,-1.5273919130321552,1.8407889223582872,-1.709776414887073,4.706596988355557,-0.03285888918807311,-0.1712828278541565,0.8068375587463379,0.35249075293540955,0.9961956143379211,4.0322842664863856e-07,5.117408363730647e-08,0.0871453806757927
50.07890750869153,1.5434755066523995,-1.5171640397050838,1.8278655375816144,-1.7070477613621071,4.707645860950681,-0.02690686572613534,-0.17642399668693542,0.8151898384094238,0.35392749309539795,0.9961954951286316,4.0775023535388755e-07,-5.370272759819272e-08,0.08714622259140015
50.27717269240854,1.5495149284242218,-1.5069433275362019,1.8149512012551687,-1.7043210183339679,4.708693999166103,-0.02095900963899727,-0.1816687434911728,0.8234933614730835,0.35527539253234863,0.9961951375007629,3.73668171960162e-07,-2.311510982622167e-08,0.08715023100376129
50.62552232209351,1.5554611248644692,-1.496774054609074,1.802109032596877,-1.7016154652500544,4.709725956259936,-0.015102964816623017,-0.18693554401397705,0.8317211866378784,0.3565245270729065,0.9961944818496704,3.866516067319026e-07,9.557256674952441e-08,0.0871572270989418
50.97611204053424,1.5454936731921876,-1.494518741991647,1.8005492160916066,-1.7023566802999854,4.7079957656792075,-0.024919180357570184,-0.17772525548934937,0.8353309631347656,0.35590144991874695,0.9961949586868286,3.888275728058943e-07,-3.775027934693753e-08,0.08715172857046127
51.20450921917439,1.5355395621864845,-1.4922664479365018,1.798991487280624,-1.7030969032906451,4.706267890825349,-0.03472225764985556,-0.16847380995750427,0.8388345837593079,0.3552764058113098,0.9961947202682495,3.1918202125780226e-07,5.749556564182967e-08,0.08715467154979706
51.40530177209782,1.5267216509690804,-1.4981396856796025,1.8044752709298988,-1.7027688921004356,4.704738008373357,-0.04340663748832776,-0.16052325069904327,0.8353289365768433,0.3559388816356659,0.9961947798728943,3.099679020124313e-07,-6.942583041791295e-08,0.08715379983186722
51.60356766361999,1.5183719428274423,-1.50758925402194,1.8130595736827535,-1.70197218248124,4.703289736459506,-0.05163003419373794,-0.15323324501514435,0.8287128806114197,0.35710379481315613,0.9961947798728943,3.276021800502349e-07,1.1824349144262669e-07,0.08715403079986572
51.80567265940313,1.5102358317074018,-1.5115319858101384,1.8168253049607561,-1.7018750038206754,4.70187931547405,-0.05964329858090737,-0.14598199725151062,0.8265848159790039,0.3574472963809967,0.9961948394775391,2.6953182441502577e-07,-1.3970829115805827e-07,0.087153360247612
52.07025171390843,1.502552667074342,-1.5049639854712955,1.8113921845366907,-1.7031107101509904,4.700548982089704,-0.06721091186614253,-0.1385909914970398,0.8330790996551514,0.3563191890716553,0.9961956143379211,2.924417117355915e-07,-1.276681729223128e-07,0.08714525401592255
52.2912199623912,1.4948695024412824,-1.4983959851324526,1.8059590641126255,-1.7043464164813054,4.699218648705358,-0.07477852515137774,-0.1311090886592865,0.8395052552223206,0.3551551401615143,0.9961957931518555,2.4424906541753444e-07,-2.5246714940863058e-08,0.08714213967323303
52.50931948881359,1.48430164606548,-1.4988348215587282,1.8066852418842587,-1.7047956726900682,4.697391110258252,-0.08518843239572742,-0.12134993821382523,0.8404119610786438,0.35500699281692505,0.9961965084075928,4.1005677076100255e-07,1.7451595724082836e-08,0.0871344581246376
52.70758619989962,1.4735456927524297,-1.499711331165387,1.8077964115952696,-1.7051961838318632,4.695531146832509,-0.09578367002003656,-0.11144731193780899,0.8408651351928711,0.35492420196533203,0.9961963295936584,3.4956491390403244e-07,-1.2315651076733047e-07,0.08713597059249878
52.8964545945094,1.4638413690913012,-1.5038388486968572,1.8116429711698545,-1.7050765333422278,4.693854802344393,-0.10533990122545597,-0.10281132906675339,0.8384360074996948,0.355390727519989,0.9961960315704346,-1.4694263654746464e-06,-2.1700458319173777e-07,0.08713982999324799
53.10485388445698,1.4560766190269303,-1.5139362526638735,1.8205122922200052,-1.7040012866177032,4.692517101695745,-0.11297986468203754,-0.09658753871917725,0.830852210521698,0.3568056523799896,0.9961962699890137,-6.4064888647408225e-06,-7.073253414091596e-07,0.08713674545288086
53.30323987933837,1.448266709063346,-1.5240923832790998,1.8294331973702747,-1.7029197862426033,4.691171620960685,-0.12066426227710825,-0.0904531329870224,0.8231725692749023,0.35814157128334045,0.9961960911750793,-1.147484545072075e-05,-1.0205909575233818e-06,0.08713879436254501
53.68010173079466,1.439389750118193,-1.533989167512629,1.838206902621953,-1.7014011338204205,4.692408225441699,-0.129425889759727,-0.08486736565828323,0.8156113028526306,0.35923799872398376,0.996185302734375,-0.00012046025949530303,-0.0014060251414775848,0.08725123852491379
54.28824021895653,1.3935477921580994,-1.5343357976531184,1.8414119692391133,-1.6846391231774733,4.7840443462683275,-0.17551459488095766,-0.09442354738712311,0.8159753084182739,0.35714149475097656,0.9946941137313843,-0.004317810293287039,-0.052015721797943115,0.0886528268456459
54.623221255860415,1.3692217476279618,-1.5459063791713656,1.856382356663743,-1.692165347773966,4.835716425918992,-0.24485429328913105,-0.10137538611888885,0.8152427077293396,0.35781213641166687,0.9935342669487,0.01568382792174816,-0.08068724721670151,0.07831472158432007
55.34500906007751,1.3940120982134454,-1.584474813348688,1.899813957728477,-1.757120808697711,4.7965268176744145,-0.37269454252221956,-0.10299386084079742,0.8054819107055664,0.35733920335769653,0.9925227761268616,0.09481075406074524,-0.05786805599927902,0.050604045391082764
55.85885974129572,1.4198747589363259,-1.6247115306271005,1.9451241988690942,-1.8248859273141795,4.755642057356195,-0.5060645399025675,-0.10418505221605301,0.7956934571266174,0.35824668407440186,0.9836309552192688,0.17579565942287445,-0.031151244416832924,0.02440253645181656
56.41964902504281,1.4457632809277858,-1.664988482456917,1.990479747811878,-1.892718807401582,4.714716414478416,-0.6395679001012132,-0.1049506738781929,0.7861034274101257,0.3605955243110657,0.9670871496200562,0.2544362246990204,-0.0017453755717724562,0.0012213997542858124
56.63736227229667,1.4421760868970472,-1.6788625370880637,2.002914235939146,-1.894848103504692,4.712388950406592,-0.6522198231810615,-0.10222940146923065,0.7766292691230774,0.360946387052536,-0.9659256935119629,-0.25881943106651306,-2.0069888861939944e-08,6.755940518132775e-08
56.83565180078578,1.4367912610540867,-1.6911908289865414,2.0134030004987853,-1.8930085448480682,4.712388965022942,-0.6576046177062372,-0.0993996188044548,0.7671273946762085,0.3610059916973114,-0.9659256935119629,-0.25881946086883545,-2.5122703917190847e-08,8.83523796346708e-08
57.03389966190291,1.4313890143263173,-1.7035590051374203,2.0239256981074236,-1.8911630348867245,4.712388979686579,-0.6630068330149033,-0.09666453301906586,0.7576000690460205,0.3609360158443451,0.9659256935119629,0.2588193714618683,-1.544441019518672e-08,2.446670954725505e-08
57.24773905006097,1.4272825697945308,-1.7157385021612526,2.0342112637323235,-1.8892690764410869,4.71238899230957,-0.6671132583847336,-0.09497780352830887,0.7481288909912109,0.3607935309410095,-0.9659256935119629,-0.2588193714618683,-2.6631830962742242e-08,7.242020672038052e-08
57.46814374478105,1.4311295460117188,-1.726575844392234,2.0428898208321895,-1.8871102913099713,4.71238899230957,-0.6632663379251338,-0.09907263517379761,0.7390976548194885,0.3608885705471039,0.9659256935119629,0.25881943106651306,-2.1731354493681465e-08,3.98685564562129e-08
57.66641196460966,1.4349838587108474,-1.737433854275177,2.0515849286133796,-1.8849473892082185,4.71238899230957,-0.6594120810899275,-0.10310523211956024,0.73004150390625,0.3608846366405487,-0.9659256935119629,-0.25881943106651306,2.035645207953962e-09,2.25127045894169e-08
58.053852743494446,1.4388444736139783,-1.7483096181388382,2.060294253804349,-1.8827809505355266,4.71238899230957,-0.6555515221420624,-0.1070740818977356,0.7209638357162476,0.36078140139579773,-0.9659256935119629,-0.25881943106651306,-2.493068196329773e-09,1.6422301740703915e-08
58.845173082382125,1.4905482507821128,-1.7013731767471338,2.0213586689890533,-1.8470427470545712,4.646353396082436,-0.7194290445694267,-0.10998618602752686,0.7279525399208069,0.35604968667030334,0.9483929872512817,0.3146167993545532,0.02189292572438717,0.032979387789964676
59.22555297116572,1.5382099406129606,-1.657308345510731,1.9848225339867562,-1.814070624953413,4.58520677603737,-0.7787915357785085,-0.11360505223274231,0.7365575432777405,0.35275766253471375,0.9275191426277161,0.365938663482666,0.04175398126244545,0.06366860866546631
59.55695189872731,1.5792341013064974,-1.619380132642253,1.9533745454917095,-1.785690312793156,4.5325756424057655,-0.8298870044279195,-0.11781606823205948,0.7452868819236755,0.3507263660430908,0.9059534072875977,0.4095141589641571,0.0585055835545063,0.09013035893440247
59.84968885900984,1.6151236935772555,-1.5861990005387347,1.9258625753321217,-1.760862069759559,4.486531801536068,-0.8745873835632709,-0.12249203771352768,0.7539528012275696,0.3495270907878876,0.8843594193458557,0.44695284962654114,0.07288212329149246,0.11326763033866882
60.112087088619255,1.6470418482231708,-1.5566895957559574,1.9013949995641182,-1.7387812476996658,4.445583037830878,-0.914341349092037,-0.12754414975643158,0.762471079826355,0.34888505935668945,0.8630313873291016,0.47955596446990967,0.08543828874826431,0.13380230963230133
60.37577177759514,1.6758063481366734,-1.5300958505743156,1.879344928409631,-1.7188821084393346,4.408680192941418,-0.9501674471449806,-0.1329042613506317,0.7707958817481995,0.34862470626831055,0.8421167135238647,0.5082667469978333,0.09656108170747757,0.1522504687309265
60.729009647153134,1.7057670709828883,-1.5090688694962444,1.867082798283346,-1.6991230171602587,4.366260002886096,-0.966668044901043,-0.13643182814121246,0.7723041772842407,0.3467738926410675,0.8235099911689758,0.5289852023124695,0.1108885183930397,0.17236478626728058
61.16702134759309,1.7479908224551866,-1.4905809067678015,1.8676821902750633,-1.672892625371629,4.299824816929587,-0.9551544332592403,-0.13707686960697174,0.7632139325141907,0.3428424596786499,0.8032099604606628,0.5437735915184021,0.13685162365436554,0.20108571648597717
61.738541752214566,1.814545009411368,-1.4614396939441383,1.8686269676879126,-1.631547592347273,4.195107930522206,-0.937006375944813,-0.13968342542648315,0.7539588809013367,0.341465562582016,0.766541600227356,0.5667258501052856,0.18034876883029938,0.2423013597726822
62.4844718752416,1.892205063496725,-1.4274357000934046,1.8697293996810913,-1.5833033323287964,4.0729169845581055,-0.9158299604998987,-0.14728784561157227,0.7512117624282837,0.34625062346458435,0.7167329788208008,0.5924621820449829,0.23433871567249298,0.283491849899292
62.65024586829231,1.8992055588936916,-1.4190706744510766,1.867724397688876,-1.566833368837742,4.067714002832702,-0.8660977625846863,-0.14927226305007935,0.7470264434814453,0.34303534030914307,0.7243244051933289,0.5785840749740601,0.24108754098415375,0.2871782183647156
62.816021040208,1.9062041143133355,-1.4107077472147393,1.8657197504616572,-1.5503674081362768,4.062512468483641,-0.8163652110099793,-0.15122874081134796,0.742895781993866,0.3399762511253357,0.7315268516540527,0.5646211504936218,0.24819310009479523,0.29063984751701355
62.98179621212369,1.9132013159075758,-1.4023464184993883,1.8637155937407879,-1.5339042950394421,4.057311719331747,-0.7666326594352721,-0.15316036343574524,0.7388232946395874,0.3370702862739563,0.7383399605751038,0.5505868196487427,0.2556454837322235,0.2938597798347473
63.14757138403938,1.9201981820295007,-1.3939856455642574,1.8617116900074733,-1.5174424006360352,4.052111189652826,-0.7169001078605652,-0.15507008135318756,0.7348121404647827,0.33431416749954224,0.7447638511657715,0.5364940166473389,0.2634342610836029,0.29682186245918274
63.31334655595507,1.9271945589110542,-1.3856252089605228,1.8597077873536374,-1.5009812711614852,4.046911044173989,-0.6671675562858581,-0.15696074068546295,0.7308660745620728,0.33170485496520996,0.7507996559143066,0.5223555564880371,0.2715483605861664,0.2995096743106842
63.47912172787076,1.9341907581726538,-1.3772648826843956,1.8577038848671867,-1.4845204942456338,4.041710355967051,-0.6174350047111511,-0.15883475542068481,0.7269889116287231,0.3292393684387207,0.75644850730896,0.5081839561462402,0.279976487159729,0.30190715193748474
63.64489689978645,1.941186813832197,-1.3689047511371915,1.855700041997352,-1.468059988117491,4.036510581227814,-0.5677024531364441,-0.16069567203521729,0.7231831550598145,0.32691431045532227,0.7617128491401672,0.4939914345741272,0.28870534896850586,0.3039987087249756
63.81067207170214,1.9481826822287291,-1.360544755490725,1.8536963241963924,-1.451599725924947,4.031310663836573,-0.5179699015617371,-0.16254615783691406,0.7194523811340332,0.32472652196884155,0.7665948271751404,0.4797903299331665,0.29772236943244934,0.3057694137096405
63.976447243617834,1.9551786711742822,-1.3521847462513268,1.8516925792518768,-1.4351395479180078,4.026110566220708,-0.46823734998703004,-0.16438931226730347,0.7157995700836182,0.3226724863052368,0.7710974216461182,0.46559277176856995,0.307013601064682,0.3072047829627991
64.14222235019679,1.962174526142285,-1.3438249054474867,1.8496888951941421,-1.4186794450744378,4.020910439442854,-0.4185048180133425,-0.1662280559539795,0.7122276425361633,0.32074910402297974,0.7752236723899841,0.45141056180000305,0.31656503677368164,0.3082909882068634
64.30799743820411,1.969170283109872,-1.3354651478812707,1.8476852265191104,-1.4022194013467209,4.015710463266175,-0.36877229161114494,-0.16806542873382568,0.7087391018867493,0.3189527094364166,0.7789775133132935,0.4372553825378418,0.3263612687587738,0.30901479721069336
64.47377256068275,1.9761660214794374,-1.3271054125358488,1.8456815370647164,-1.385759335687455,4.010510526681273,-0.31903975486755365,-0.16990479826927185,0.7053366899490356,0.3172796964645386,0.782362699508667,0.4231385886669159,0.33638691902160645,0.30936387181282043
64.63954774550668,1.9831617817582359,-1.318745694827951,1.8436778250250454,-1.3692991890299626,4.005310455109424,-0.26930719942037656,-0.1717492640018463,0.7020225524902344,0.3157264292240143,0.7853838801383972,0.4090717136859894,0.34662604331970215,0.30932626128196716
64.80532299562329,1.9901575427791756,-1.3103860470925235,1.8416741296123758,-1.3528389888679493,4.000110156074744,-0.21957462438539166,-0.17360159754753113,0.6987993717193604,0.31428927183151245,0.7880457043647766,0.39506563544273376,0.3570623993873596,0.30889081954956055
64.97109810736391,1.9971534442095575,-1.3020264130028523,1.8396704803626258,-1.3363788122157159,3.9949101358896275,-0.16984209086320184,-0.17546558380126953,0.695668637752533,0.31296423077583313,0.7903531789779663,0.38113120198249817,0.36767852306365967,0.3080473244190216
65.13687324834551,2.0041493313206544,-1.2936666727693902,1.8376667697312667,-1.3199185409601644,3.9897101352159434,-0.12010954856872558,-0.17734423279762268,0.6926324963569641,0.31174740195274353,0.7923120260238647,0.3672791123390198,0.3784574270248413,0.3067860007286072
65.30264841026643,2.011145218223544,-1.2853068742339449,1.835663077058867,-1.3034581933740008,3.984510075419102,-0.07037699999244842,-0.17924049496650696,0.6896923184394836,0.31063491106033325,0.7939279079437256,0.35351935029029846,0.3893810510635376,0.305098295211792
65.46842354527995,2.018141160984096,-1.2769471158646004,1.8336595549663868,-1.2869978184283717,3.9793098807775107,-0.020644459488392164,-0.1811578869819641,0.6868501901626587,0.3096228241920471,0.7952066659927368,0.3398623764514923,0.4004315137863159,0.3029758036136627
65.63419871442204,2.0251370475271977,-1.2685873859756172,1.8316558051863525,-1.2705372015541083,3.974109729675277,0.029088091254234283,-0.1830991804599762,0.6841068267822266,0.3087071180343628,0.7961553931236267,0.3263174295425415,0.41159018874168396,0.3004114627838135
65.79997385600372,2.0321328991093224,-1.2602275587351741,1.8296520602823645,-1.2540764722818225,3.9689094318472478,0.07882063372873689,-0.1850680410861969,0.681463897228241,0.307883620262146,0.7967802882194519,0.31289440393447876,0.42283838987350464,0.29739871621131897
65.96574899356862,2.0391287676843266,-1.2518676467499987,1.8276483490907942,-1.2376156411082284,3.9637090467365215,0.1285531749982085,-0.18706738948822021,0.6789222955703735,0.3071482181549072,0.7970884442329407,0.2996022701263428,0.4341570734977722,0.2939319312572479
66.13152421914027,2.046124818243582,-1.243507704578869,1.825644706720961,-1.2211546789728933,3.958508796815347,0.17828574266970382,-0.18910062313079834,0.6764825582504272,0.30649664998054504,0.7970873117446899,0.28644999861717224,0.44552716612815857,0.290006160736084
66.29729948690886,2.0531209163957556,-1.2351477537154627,1.8236410214076235,-1.2046934079238016,3.953308357562939,0.22801832300027694,-0.19117054343223572,0.6741456389427185,0.30592453479766846,0.7967844605445862,0.27344605326652527,0.45692920684814453,0.28561779856681824
66.46307472301211,2.0601170679177985,-1.2267877361888473,1.8216372986646805,-1.1882320082337658,3.948107791733442,0.2777508938312532,-0.1932806372642517,0.6719120740890503,0.305428147315979,0.7961875200271606,0.26059868931770325,0.4683437645435333,0.2807631492614746
66.6288498949278,2.067113281326247,-1.2184276215669336,1.8196335362497464,-1.1717705351109586,3.942907108945468,0.3274834454059601,-0.19543376564979553,0.6697818040847778,0.30500248074531555,0.7953045964241028,0.2479158192873001,0.4797509014606476,0.275439977645874
66.79462492488788,2.074109641117599,-1.2100675355805535,1.8176297806982118,-1.1553089480261873,3.9377066143178894,0.3772159543939859,-0.19763299822807312,0.6677553057670593,0.30464357137680054,0.7941441535949707,0.23540490865707397,0.491131067276001,0.2696472704410553
66.96040004007703,2.0811059610072133,-1.2017073155913136,1.8156261098827349,-1.1388472805603094,3.932506015599169,0.42694848895072934,-0.19988134503364563,0.6658324003219604,0.30434703826904297,0.7927145957946777,0.22307319939136505,0.5024646520614624,0.2633838951587677
67.126175197334,2.088102282367279,-1.1933470024124453,1.813622452405871,-1.1223855217481815,3.9273053221996794,0.4766810361278201,-0.2021816074848175,0.664013147354126,0.30410823225975037,0.7910245656967163,0.2109275460243225,0.513731837272644,0.25665009021759033
67.29195029770804,2.09509871255691,-1.184986673547755,1.81161862795981,-1.1059236158666403,3.9221045302480766,0.5264135662400313,-0.20453691482543945,0.6622968912124634,0.3039230704307556,0.7890830039978027,0.1989743709564209,0.5249127745628357,0.2494470477104187
67.4577253387839,2.102095230861922,-1.1766261077491214,1.8096148791108793,-1.0894616581293457,3.916903752129356,0.5761460785627897,-0.20694980025291443,0.6606835126876831,0.30378690361976624,0.7868988513946533,0.18721985816955566,0.535987913608551,0.24177654087543488
67.62350049357377,2.1090918121486935,-1.168265505614296,1.8076110860359318,-1.0729996028646158,3.9117029276069797,0.6258786249997513,-0.20942342281341553,0.659171998500824,0.3036953806877136,0.7844813466072083,0.1756698191165924,0.5469377636909485,0.23364125192165375
67.78927578931254,2.1160884572587655,-1.1599049050100656,1.805607212007405,-1.0565374215187138,3.9065020065757614,0.675611213721383,-0.21196019649505615,0.6577617526054382,0.3036442995071411,0.7818400263786316,0.1643294245004654,0.557742714881897,0.22504451870918274
67.95505081361745,2.123085208221143,-1.151544053309428,1.803603307105193,-1.0400750407353865,3.901300675050211,0.7253437210128563,-0.21456292271614075,0.6564517617225647,0.30362868309020996,0.7789839506149292,0.15320423245429993,0.568384051322937,0.21599088609218597
68.12082594546364,2.1300821659643145,-1.1431831595961954,1.8015993610273957,-1.0236124886124882,3.8960996028390644,0.7750762605667114,-0.21723395586013794,0.655240535736084,0.30364441871643066,0.7759228944778442,0.14229843020439148,0.578842282295227,0.20648546516895294
68.28660117915848,2.1370792250645256,-1.1348221290940514,1.7995954343735274,-1.0071497545693693,3.890898457168752,0.8248088306751649,-0.21997585892677307,0.6541271209716797,0.3036872148513794,0.7726668119430542,0.13161635398864746,0.5890988707542419,0.1965341717004776
68.45237648797716,2.1440763464053036,-1.1264609038783195,1.797591543025325,-0.9906868157715432,3.885697043739103,0.8745414233207702,-0.22279101610183716,0.6531099677085876,0.30375221371650696,0.769225001335144,0.12116201967000961,0.5991353392601013,0.18614359200000763
68.61815165989285,2.1510736932888257,-1.1180995416931503,1.795587515040002,-0.9742236156060002,3.880495486109954,0.9242739748954774,-0.22568172216415405,0.6521875858306885,0.3038354516029358,0.7656075954437256,0.11093901097774506,0.6089335083961487,0.17532117664813995
68.78392683180853,2.1580710745622027,-1.1097381519803835,1.793583543452839,-0.9577602416884817,3.8752938063938487,0.9740065264701843,-0.22865012288093567,0.651358425617218,0.3039320409297943,0.7618243098258972,0.10095032304525375,0.6184755563735962,0.16407515108585358
68.94970190492887,2.1650686778251416,-1.1013766283030022,1.791579536773804,-0.9412966267043681,3.8700922584558826,1.0237390484062878,-0.23169851303100586,0.6506203413009644,0.30403804779052734,0.7578853964805603,0.09119860082864761,0.6277438998222351,0.15241438150405884
69.11547711282488,2.1720664279857274,-1.0930149462520604,1.7895754501347774,-0.9248326825795705,3.864890596220089,1.0734716107750906,-0.2348286509513855,0.649971067905426,0.3041488528251648,0.7538004517555237,0.0816863551735878,0.6367216110229492,0.14034870266914368
69.28125246172587,2.1790642613590125,-1.0846530954187499,1.7875713178936565,-0.9083683893167767,3.859688591332519,1.123204215445389,-0.23804253339767456,0.6494091153144836,0.3042602241039276,0.749579668045044,0.07241559773683548,0.6453920006752014,0.12788817286491394
69.44702727499153,2.1860623671858597,-1.0762910372610228,1.7855672655361243,-0.8919038615775662,3.8544865135269197,1.1729366594250874,-0.2413419485092163,0.6489319801330566,0.30436772108078003,0.7452329397201538,0.06338799744844437,0.6537389755249023,0.11504396796226501
69.61280209534051,2.193060589560049,-1.0679288418687283,1.7835631175645936,-0.875439004456779,3.8492841078928297,1.2226691055297851,-0.24472874402999878,0.6485373973846436,0.30446720123291016,0.7407702207565308,0.05460473895072937,0.6617468595504761,0.10182768851518631
69.77857728684128,2.2000592528714606,-1.05956614240554,1.781558819095031,-0.8589734177964852,3.8440817266574547,1.2724016629800183,-0.2482042908668518,0.6482226848602295,0.3045542538166046,0.7362014055252075,0.046066731214523315,0.6694004535675049,0.0882515162229538
69.94435283653618,2.2070579679451012,-1.0512032298237204,1.7795545611047257,-0.8425071920676009,3.8388789552615994,1.322134327888489,-0.2517700791358948,0.6479852795600891,0.3046247661113739,0.7315363883972168,0.037774473428726196,0.6766851544380188,0.07432840764522552
70.11012790883707,2.2140570450640373,-1.0428398725850088,1.7775501916772356,-0.8260402712153135,3.833676083387294,1.3718668495787558,-0.2554275691509247,0.6478226780891418,0.3046746253967285,0.7267850637435913,0.029728135094046593,0.6835868954658508,0.06007198989391327
70.27590298896172,2.221056556138234,-1.0344758792453002,1.775545681038615,-0.809572371220535,3.8284727015697575,1.42159937361615,-0.2591780722141266,0.6477320194244385,0.30469951033592224,0.7219569683074951,0.02192777208983898,0.6900922656059265,0.045495957136154175
70.44167797024161,2.2280568662346982,-1.0261113264145856,1.7735410375512426,-0.7931031364505474,3.823268977974839,1.4713318680001202,-0.26302292943000793,0.6477102041244507,0.3046955466270447,0.7170618772506714,0.01437304262071848,0.6961884498596191,0.030614949762821198
70.60745281926482,2.235058284849633,-1.017745036981553,1.7715360659755557,-0.7766305137192683,3.8180640375869066,1.5210643227070844,-0.26696303486824036,0.6477544903755188,0.3046586513519287,0.7121086716651917,0.00706397695466876,0.7018638253211975,0.015444507822394371
70.77322750402172,2.2420618534088135,-1.0093765258789062,1.7695304155349731,-0.7601533532142639,3.8128576278686523,1.5707967281341553,-0.27100011706352234,0.6478617787361145,0.30458495020866394,-0.7071065902709961,-2.0614272955299384e-07,-0.7071068286895752,2.4890289296308765e-07
70.82322750402172,2.236581654524296,-1.0076154200134708,1.7583576183240586,-0.7507418043069006,3.807377256832332,1.5707965757914772,-0.2711358666419983,0.6567867994308472,0.3087681233882904,-0.7071065902709961,-2.1608481404200575e-07,-0.7071068286895752,2.2489047069029766e-07
71.02038361293752,2.2311019450943914,-1.0058544918658394,1.7471860677866224,-0.7413312647422083,3.801897613662518,1.5707965426614323,-0.2711670398712158,0.665693461894989,0.312992662191391,-0.7071066498756409,-2.965304020108306e-07,-0.7071068286895752,2.557253253598901e-07
71.24123025412901,2.2256227718779624,-1.0040937360327098,1.7360156104341464,-0.7319216460398695,3.796418506699695,1.5707965095346292,-0.27109381556510925,0.6745803356170654,0.31725797057151794,-0.7071067094802856,-1.9047949706418876e-07,-0.7071067094802856,2.4908115392463515e-07
71.39091795889162,2.223094115540734,-1.0007749176213168,1.7320808427354983,-0.7313057734349641,3.79388986346805,1.5707964631830535,-0.27103114128112793,0.6786831021308899,0.316052109003067,-0.7071067094802856,-3.0311136356431234e-07,-0.7071067690849304,3.2930805105024774e-07
71.73580641132821,2.2249602955164787,-0.9951336687106949,1.7389245517320873,-0.7437907989125621,3.795755977372981,1.5707963971122396,-0.27106010913848877,0.6756303310394287,0.3066830635070801,-0.7071067094802856,-2.921409816281084e-07,-0.7071067094802856,2.9576094107142126e-07
71.93300945890178,2.2268328118663416,-0.9894732656648569,1.7457914976624787,-0.756318215688605,3.797628427427695,1.5707963308170907,-0.2710200548171997,0.6724910140037537,0.2973361015319824,-0.7071067690849304,-2.8524533490781323e-07,-0.7071067094802856,3.232287042465032e-07
72.1301132647418,2.2290511907875166,-0.9840467057969271,1.752875880636584,-0.768829174839657,3.7998468458039834,1.5707962947260423,-0.27104470133781433,0.6688834428787231,0.28816497325897217,-0.7071067094802856,-2.8875373914161173e-07,-0.7071067094802856,1.669140203830466e-07
72.32727455181112,2.23138340799933,-0.978684346561178,1.7600423191853496,-0.7813579726241716,3.8021791361003485,1.570796268152845,-0.2710401713848114,0.6650718450546265,0.2790735960006714,-0.7071067094802856,-2.3287168460228713e-07,-0.7071067094802856,1.7018346909480897e-07
72.46338402354917,2.231227132980323,-0.9756938756567294,1.7608074545540304,-0.7851135951003277,3.802022885836126,1.5707962404949791,-0.2710624933242798,0.6653549075126648,0.27569249272346497,-0.7071067690849304,-2.2911611097242712e-07,-0.7071067094802856,2.006399881793186e-07
72.85890272285819,2.226765542763918,-0.9768148862932253,1.7504948226072548,-0.7736799967145553,3.797561236689722,1.5707962110299796,-0.2711697518825531,0.6727960109710693,0.2821602523326874,-0.7071067094802856,-3.1871425676399667e-07,-0.7071067094802856,2.417042992419738e-07
73.0560220072794,2.2223112284471456,-0.9779340688010761,1.7401990083580603,-0.7622650440829327,3.7931068635390535,1.5707961816130314,-0.27118420600891113,0.6801846027374268,0.2886831760406494,-0.7071068286895752,-3.4192134990007617e-07,-0.7071066498756409,2.8148997444077395e-07
73.25316146414757,2.2178617819834465,-0.979052028221461,1.729914445787007,-0.7508625661686951,3.7886573583057532,1.5707961522282312,-0.2711065709590912,0.6875231862068176,0.2952633798122406,-0.7071067690849304,-3.065609064378805e-07,-0.7071067094802856,2.54453880188521e-07
73.44104310896277,2.2130236298070405,-0.9781426123492483,1.7192827876303889,-0.741140340418798,3.7838191932008542,1.5707961457639845,-0.2710408866405487,0.6956185698509216,0.30002880096435547,-0.7071068286895752,-3.1325117788583157e-07,-0.7071066498756409,3.038201157323783e-07
73.63818528529286,2.2073318340023675,-0.972809807244396,1.7078813509450337,-0.7350716653137193,3.7781274844453323,1.5707961892885602,-0.271100252866745,0.7054510712623596,0.3007223308086395,-0.7071067690849304,-3.4383253932901425e-07,-0.7071067094802856,2.7763979915107484e-07
73.83535087507248,2.2016368072012895,-0.9674739749272695,1.6964734421369587,-0.7289995452734882,3.77243254474282,1.5707962328378429,-0.27105244994163513,0.7152849435806274,0.30141395330429077,-0.7071067094802856,-2.133372873913686e-07,-0.7071067094802856,2.0049262161592196e-07
74.02981849785924,2.1963073603076464,-0.9637253776292166,1.6847229904984065,-0.7209977181835907,3.767103151018496,1.5707962675480078,-0.271049439907074,0.7246744632720947,0.3039400279521942,-0.7071067094802856,-2.2854433723296097e-07,-0.7071067690849304,1.8592777450976428e-07
74.22697352644086,2.191245259668249,-0.9611437069368463,1.6727166926916404,-0.7115731704335846,3.76204107859521,1.570796295764119,-0.27105459570884705,0.7337244749069214,0.3078480362892151,-0.7071067690849304,-1.611205959761719e-07,-0.7071067094802856,2.4909405738071655e-07
74.41694731291413,2.186113698491919,-0.95700777196579,1.6610243832553515,-0.7040168408905059,3.7569094918495405,1.570796287830049,-0.27103039622306824,0.7429797649383545,0.309984415769577,-0.7071067690849304,-7.527053469402745e-08,-0.7071067094802856,1.7865524171156721e-07
74.61409854169965,2.180840838405531,-0.9496183704424249,1.6499997127152,-0.700381544586417,3.7516364935098983,1.5707962041514,-0.2710575759410858,0.7526955604553223,0.3083188533782959,-0.7071067094802856,-1.8090037201545783e-07,-0.7071067094802856,2.3289626938094443e-07
74.92448038882583,2.176797485446093,-0.9430630663541641,1.6419720246562384,-0.6989091225883661,3.7475930398887125,1.5707961432252457,-0.2710125148296356,0.7601442337036133,0.3058359920978546,-0.7071067094802856,-3.316197592084791e-07,-0.7071067094802856,2.8093489845559816e-07
75.3141285932243,2.1803784983880643,-0.9416843557069814,1.6525270674573427,-0.7108427714898743,3.751174185254293,1.5707962233754658,-0.27105414867401123,0.7535457015037537,0.2985136806964874,-0.7071067094802856,-2.4746321969359997e-07,-0.7071067094802856,1.941160974183731e-07
75.5991800167512,2.1839643539433053,-0.9403037806257452,1.6630963838707356,-0.7227925582963455,3.7547601734122207,1.5707963036340733,-0.27101263403892517,0.7468826174736023,0.2912479043006897,-0.7071067094802856,-1.5843653500269284e-07,-0.7071067094802856,8.983869292933377e-08
75.85532247221651,2.181813564054154,-0.9317065031396766,1.6609492107093136,-0.7292427182390263,3.7526093083882994,1.570796314870016,-0.27103757858276367,0.7508715987205505,0.28333818912506104,-0.7071067094802856,-2.1521721293993323e-07,-0.7071067690849304,2.2710223390731699e-07
76.12220097485338,2.1787327728592447,-0.9219466291054856,1.6567372255024417,-0.7347906886781496,3.749528408377651,1.570796314870016,-0.2710202932357788,0.756549060344696,0.27528026700019836,-0.7071067094802856,-2.512606158688868e-07,-0.7071067094802856,3.3247272313019494e-07
76.32123595705723,2.174889824397992,-0.9182958957120959,1.6474864422696285,-0.7291906533385218,3.745685460469717,1.570796301614261,-0.2710786759853363,0.7638129591941833,0.27640944719314575,-0.7071067690849304,-1.876019410929075e-07,-0.7071067094802856,2.1217172729848244e-07
76.51839268064593,2.1706707715330382,-0.917653387827315,1.6357521812410483,-0.7180988816428246,3.7414664620253038,1.5707962818272097,-0.2711188495159149,0.7718410491943359,0.28213003277778625,-0.7071067094802856,-1.9252293270710652e-07,-0.7071067094802856,1.835994822840803e-07
76.7155489199469,2.166451726104105,-0.917010881074945,1.624017940893936,-0.707007129496217,3.7372474710168158,1.5707962620401932,-0.2710668742656708,0.7798268795013428,0.2879093289375305,-0.7071067094802856,-1.96746526626157e-07,-0.7071067094802856,1.7652973838266917e-07
76.89447636386846,2.164014239554284,-0.9198006340168414,1.6156807660155257,-0.6958801788312032,3.734809976548091,1.5707962649194689,-0.2710205316543579,0.7844587564468384,0.2955631613731384,-0.7071067094802856,-3.447092637998139e-07,-0.7071067690849304,2.8552338449117087e-07
77.09163297569846,2.163693350403884,-0.9266616973809084,1.6113826687884336,-0.6847209903198065,3.7344890054958597,1.5707962946985876,-0.2710263729095459,0.7850885987281799,0.3054008483886719,-0.7071067094802856,-3.432636788147647e-07,-0.7071067690849304,2.532491123474756e-07
77.28825588381385,2.1631436701636635,-0.9331044692517404,1.606443975237121,-0.6733394885645307,3.733939269777942,1.570796314870016,-0.2710174322128296,0.7861406803131104,0.31517553329467773,-0.7071067094802856,-3.048183714327024e-07,-0.7071067094802856,2.739356830261386e-07
77.48542337349151,2.16211136384679,-0.9386813369119087,1.6001464521344175,-0.6614650436862093,3.7329069634610685,1.570796314870016,-0.271033376455307,0.7881695032119751,0.32482287287712097,-0.7071067094802856,-1.8770595033856807e-07,-0.7071067094802856,2.3616310329543921e-07
77.7510476106198,2.1606272728539118,-0.9426883625840573,1.5932251158899917,-0.6505366309883118,3.7314228849015225,1.570796314870016,-0.27101239562034607,0.7910307049751282,0.33316871523857117,-0.7071067094802856,-3.115647473350691e-07,-0.7071067094802856,2.727808521285624e-07
78.04782168921017,2.1557217701218185,-0.934955437859579,1.5815005599993828,-0.6465449732893135,3.7265174883009,1.570796314870016,-0.2710622549057007,0.8007539510726929,0.33154910802841187,-0.7071067094802856,-2.2897570772784093e-07,-0.7071067094802856,1.6206038822019764e-07
78.39361819488705,2.1508118341941023,-0.9272155247447337,1.5697654084058072,-0.6425497082537373,3.7216076586005684,1.570796314870016,-0.2710135877132416,0.810471773147583,0.3298935294151306,-0.7071067094802856,-2.4296542733281967e-07,-0.7071067690849304,1.6586156448283873e-07
78.69554884807987,2.1512242815473344,-0.921723759509778,1.5741173447991708,-0.6523934438543426,3.7220200448224237,1.570796314870016,-0.27104756236076355,0.8096957206726074,0.3213212192058563,-0.7071067094802856,-2.054599974599114e-07,-0.7071067094802856,1.913126226327222e-07
78.9344357199525,2.152421904472092,-0.916554275388998,1.5808476385988237,-0.6642932647249594,3.723217581846814,1.570796314870016,-0.2710484266281128,0.8072991371154785,0.31175941228866577,-0.7071067690849304,-2.520556279250741e-07,-0.7071067094802856,2.875789562040154e-07
79.24022431531161,2.1504125808625973,-0.9081192820416477,1.580281776035859,-0.67038383498132,3.7303825097064043,1.5717400603408462,-0.2704946994781494,0.8058597445487976,0.30330389738082886,0.7067508697509766,-0.0030522465240210295,0.7074475884437561,0.0034340459387749434
79.7489438891263,2.117005980710339,-0.8675646437667277,1.5083770792251665,-0.6198264924262268,3.7960504658489977,1.581931667971064,-0.26567575335502625,0.8142169713973999,0.3052707016468048,0.7016512155532837,-0.03603562340140343,0.7104598879814148,0.040417928248643875
80.05783299342517,2.080931558909513,-0.8237713478179788,1.4307301366932414,-0.5652316850483807,3.866962607099202,1.5929371684052687,-0.26180627942085266,0.8229120969772339,0.30781498551368713,0.6935688257217407,-0.0715906172990799,0.7123373746871948,0.08007808774709702
80.37930624173504,2.0433943910461396,-0.7782023208105675,1.34993476505871,-0.5084231668044702,3.940750094653589,1.6043889199953585,-0.259245902299881,0.8319275379180908,0.3108386993408203,0.6823378205299377,-0.10835634171962738,0.712774932384491,0.12093736231327057
80.69746167424748,2.0062487042107544,-0.7331085403535141,1.2699820210635164,-0.45220711353291837,4.013768040894003,1.6157212394668325,-0.2581290304660797,0.8411499261856079,0.3141076862812042,0.6684228181838989,-0.14433948695659637,0.7116904854774475,0.16085284948349
80.99887050682159,1.9710582027413073,-0.6903882979073521,1.1942376374014825,-0.39895002573088184,4.082942644014317,1.626457075548702,-0.2582753300666809,0.8504509329795837,0.31735795736312866,0.652707576751709,-0.17791199684143066,0.7092799544334412,0.19809621572494507
81.53590416908314,1.9385387544813295,-0.6509106361557052,1.1242424551043513,-0.349735293375929,4.1468667096895,1.6363780329495243,-0.2593398988246918,0.8597540259361267,0.3204047977924347,0.6360337138175964,-0.20836766064167023,0.7058665156364441,0.23194074630737305
82.00119260050145,1.907354587670576,-0.6345419548342974,1.1009088548643728,-0.3360103556722588,4.199430315602708,1.632757612367505,-0.2526022493839264,0.8568190932273865,0.31835973262786865,0.6237221956253052,-0.23311300575733185,0.6982607841491699,0.26279404759407043
82.28957059191684,1.8694945128639797,-0.6189205377149879,1.0812435056835408,-0.3259691370716627,4.261518357949707,1.6257635222042197,-0.2446311116218567,0.8522745966911316,0.31476300954818726,0.608482301235199,-0.26186904311180115,0.6866841912269592,0.29939714074134827
82.69266074253966,1.8186581094448104,-0.5979449673624966,1.0548379682026314,-0.3124863470294456,4.344886729100116,1.6163722468064,-0.2368440479040146,0.849284827709198,0.3096306324005127,0.5857862234115601,-0.29951009154319763,0.6682438850402832,0.347272664308548
83.20216271552405,1.754734192626366,-0.571569367905229,1.021634490616735,-0.29553249720587127,4.449717764820049,1.6045632464253268,-0.23070409893989563,0.8513870239257812,0.30256134271621704,0.5537346601486206,-0.3450484275817871,0.6405026912689209,0.40506261587142944
83.60848197055516,1.7037362056734404,-0.5505271266918557,0.9951450231217033,-0.282006852108745,4.533351122379958,1.5951421208539465,-0.22767874598503113,0.85828697681427,0.29632341861724854,0.5254743695259094,-0.3797670006752014,0.6148912906646729,0.44895705580711365
83.8955605144065,1.6660008968803308,-0.5349571891839559,0.9755444801313938,-0.2719987238499336,4.5952345566386645,1.5881710793706254,-0.22592176496982574,0.8665732145309448,0.2913108766078949,0.5030934810638428,-0.40444591641426086,0.5940459966659546,0.48003101348876953
84.32486622776564,1.6353772322284144,-0.5223215818405151,0.9596378803253174,-0.2638767401324671,4.645455360412598,1.5825138092041016,-0.2244972586631775,0.8753423094749451,0.2869686484336853,0.4840467870235443,-0.42379969358444214,0.5759950876235962,0.5043035745620728
84.48875243047188,1.6682730811182362,-0.5539156439581695,0.910472019513448,-0.284115518403392,4.619410196293561,1.5645564054584602,-0.24214699864387512,0.8882622718811035,0.31255003809928894,0.528116762638092,-0.4301862120628357,0.5616031289100647,0.46971726417541504
84.65264499100688,1.7018734977461705,-0.5854722751897514,0.861304251352946,-0.3051997177584166,4.593055814557536,1.5460961105736306,-0.26148340106010437,0.9012942314147949,0.3403581976890564,0.5712515115737915,-0.43387681245803833,0.5457735061645508,0.4330748915672302
84.81653755154188,1.7363232948184935,-0.6169695581208897,0.8121364831924438,-0.3273157712315451,4.566316022252442,1.5270191052387303,-0.2826769948005676,0.9141957759857178,0.3705762028694153,0.613278329372406,-0.4348220229148865,0.5284430980682373,0.3944200873374939
84.98043011207689,1.7715395822576223,-0.6483519069028996,0.7629687150319417,-0.35042024878165556,4.539172325858846,1.5073371365314185,-0.3056924045085907,0.9266976118087769,0.4034755825996399,0.6538608074188232,-0.43304750323295593,0.5095857381820679,0.35391849279403687
85.14432267261189,1.807486537915198,-0.6795530865107645,0.7138009468714396,-0.3745332336958399,4.511578102292039,1.4870216254103465,-0.33048444986343384,0.9384857416152954,0.4392799139022827,0.6926969885826111,-0.42859703302383423,0.4891842305660248,0.3117276132106781
85.3082152331469,1.8440557622159846,-0.7105566368456279,0.6646331787109374,-0.39954332172463036,4.483559282002114,1.4661333563452799,-0.35690587759017944,0.9491576552391052,0.47829386591911316,0.7294286489486694,-0.42161282896995544,0.46724584698677063,0.2680627703666687
85.4721077936819,1.8812962202351808,-0.7413224647505623,0.6154654105504354,-0.42553047689688633,4.4550601125657385,1.4446148637518585,-0.38486945629119873,0.9582901000976562,0.5206940174102783,0.7638112306594849,-0.4121924638748169,0.4437674283981323,0.22307035326957703
85.6360003542169,1.9191218539473858,-0.7718676857990203,0.5662976423899333,-0.45236666634840184,4.4261302054303755,1.4225440588011702,-0.41410180926322937,0.9653587341308594,0.5667451620101929,0.7955181002616882,-0.4005647897720337,0.4187750518321991,0.176992267370224
85.79989291475191,1.9575977793115766,-0.802155856310158,0.5171298742294311,-0.48014270964878925,4.396711586494058,1.3998579536288385,-0.4443701505661011,0.9698741436004639,0.6165407299995422,0.8243393301963806,-0.38688573241233826,0.39228230714797974,0.12999504804611206
85.96378551244555,1.9967879842852152,-0.8321310671917861,0.46796209492133733,-0.5089055191220682,4.366767845546126,1.3765212571770005,-0.4753660261631012,0.9713240265846252,0.6701197624206543,0.8500593900680542,-0.37134239077568054,0.36432644724845886,0.08228006958961487
86.127678135163,2.036709356334144,-0.8617222970580861,0.4187943081061045,-0.5385558248003658,4.336338652490344,1.3525943691408655,-0.5066467523574829,0.9691491723060608,0.7274537682533264,0.8724429607391357,-0.35420235991477966,0.33499085903167725,0.034133732318878174
86.291570695698,2.0774511212178335,-0.8908268444271823,0.36962653994560235,-0.5690907859965492,4.305413249045347,1.3280740865589495,-0.5377511978149414,0.9628555178642273,0.7883760929107666,-0.891329824924469,0.3357042372226715,-0.3043559491634369,0.014180799014866352
86.45546316102012,2.119134532100217,-0.9193227810362784,0.32045880034896407,-0.6005426240718866,4.2739610180086025,1.3029337636676466,-0.5681725740432739,0.9520207643508911,0.8526152968406677,-0.906606912612915,0.3160851299762726,-0.27250704169273376,0.06240038201212883
86.61935579283647,2.161936359457206,-0.9470528244732646,0.27129101080406,-0.6329923695213768,4.241927515578726,1.277114726872984,-0.5974071025848389,0.9363144636154175,0.9197883009910583,-0.9182096123695374,0.2955614924430847,-0.239532932639122,0.11026569455862045
86.78324829954076,2.2057862986673404,-0.9740489442356126,0.22212325879277503,-0.666318967450713,4.209389100338441,1.2507008870316376,-0.6245753169059753,0.9154285192489624,0.9896048307418823,-0.9260673522949219,0.2745577096939087,-0.20550042390823364,0.15743841230869293
86.94714085716933,2.2507189904837195,-1.000277481266941,0.1729554915042043,-0.7005051224382028,4.176366779317262,1.2237066714635614,-0.6488608121871948,0.8892188668251038,1.0616116523742676,-0.9301888942718506,0.25342708826065063,-0.1704837679862976,0.20361372828483582
87.11103333855712,2.2967740455165395,-1.025701120492136,0.12378774708786869,-0.7355382943289793,4.1428760706869845,1.1961429532587604,-0.6694153547286987,0.8576948046684265,1.1352647542953491,-0.9306341409683228,0.232522651553154,-0.13456496596336365,0.24848636984825134
87.27492581063656,2.3439776073122243,-1.0502925545272763,0.07462000546403681,-0.7714056299935057,4.1089365253696455,1.1680216936238639,-0.68536376953125,0.8210356831550598,1.2099484205245972,-0.9275128245353699,0.21220332384109497,-0.09783006459474564,0.29175135493278503
87.43881827985643,2.3923921421141814,-1.0739996034644375,0.025452264698075065,-0.8081731962359587,4.07453973583722,1.1393069768320863,-0.6959095001220703,0.7796211242675781,1.2849771976470947,-0.9209849834442139,0.19278912246227264,-0.06036100909113884,0.33312976360321045
87.60259003611057,2.441523668990423,-1.0969231003136914,-0.023503284621119513,-0.8455160168125483,4.0399502846307564,1.1102426067193982,-0.6998286247253418,0.7341989278793335,1.3594468832015991,-0.9112769961357117,0.17488448321819305,-0.022406598553061485,0.3721391260623932
87.76648247139009,2.49069139957428,-1.1189144095331507,-0.07171326108454118,-0.88295894364092,4.005606042869125,1.0811982350974805,-0.6963841915130615,0.6861165761947632,1.4318418502807617,-0.898823618888855,0.1590195894241333,0.015497570857405663,0.40815281867980957
87.9303750319251,2.539859167734782,-1.1401185457615637,-0.11927917922777391,-0.9205107606823019,3.971495541932037,1.0521667976100055,-0.6851592063903809,0.6362861394882202,1.501616358757019,-0.8839903473854065,0.1454089730978012,0.05329525098204613,0.4411087930202484
88.0942675924601,2.589026935895284,-1.1606479517602621,-0.16629334534833543,-0.9581878587464232,3.9376074980567757,1.0231380827658165,-0.665918231010437,0.5856715440750122,1.5682047605514526,-0.8671389222145081,0.13420574367046356,0.09092453122138977,0.4709474742412567
88.2581601529951,2.6381947040557865,-1.1805774413151158,-0.2128136212288611,-0.9959904672815085,3.903950552578547,0.9941161356495606,-0.6386209726333618,0.5353003740310669,1.6310012340545654,-0.8486364483833313,0.1255144476890564,0.1282982975244522,0.49759605526924133
88.4220527135301,2.6873624722162885,-1.199945968735216,-0.2588669295053883,-1.0339244677224517,3.8705517352575067,0.9651079387799344,-0.603454053401947,0.48624110221862793,1.6893903017044067,-0.8288539052009583,0.11938583105802536,0.16531333327293396,0.5209795832633972
88.58594527406511,2.7365302403767906,-1.2188339283867045,-0.3045145083909835,-1.0719852407611998,3.8374181427246334,0.9361196175478419,-0.560686469078064,0.43951207399368286,1.7428524494171143,-0.8081349730491638,0.11584760993719101,0.2018885612487793,0.5410526990890503
88.74983783460011,2.7856980085372927,-1.2373216586505988,-0.34981328479553164,-1.1101616225079465,3.804551223515416,0.9071582174547017,-0.5107311010360718,0.3960990309715271,1.7909032106399536,-0.7868079543113708,0.11489371955394745,0.23793862760066986,0.5577793121337891
88.91373039513512,2.8348657766977947,-1.2554747849015768,-0.39479786468463957,-1.148435263811054,3.771958330985129,0.8782355017305945,-0.4541824460029602,0.356943815946579,1.8330812454223633,-0.7651925086975098,0.116476871073246,0.2733651101589203,0.5711261034011841
89.07762295567012,2.8840335448582968,-1.2733577750185314,-0.4395000390298883,-1.1867858729222096,3.7396464158072913,0.849364254918462,-0.39177629351615906,0.322909414768219,1.8689783811569214,-0.7435896992683411,0.12051808834075928,0.3080688714981079,0.5810707807540894
89.24151551620513,2.933201313018799,-1.2910334796762089,-0.48395072080671336,-1.225194154872951,3.7076232026245526,0.820556853995554,-0.3243766129016876,0.29475754499435425,1.8982423543930054,-0.7222791314125061,0.12690889835357666,0.34195223450660706,0.5876015424728394
89.40540807674013,2.982369081179301,-1.3085638919570644,-0.5281800038329966,-1.263641252039396,3.675894980026293,0.7918248889090126,-0.25295647978782654,0.273131787776947,1.9205824136734009,-0.7015160918235779,0.13551531732082367,0.37491774559020996,0.5907177329063416
89.56930063727513,3.031536849339803,-1.32601513836213,-0.5722189530169611,-1.3021089376066872,3.64446090258498,0.7631772363216938,-0.17856669425964355,0.25854161381721497,1.9357705116271973,-0.6815286874771118,0.14618368446826935,0.40686777234077454,0.590429961681366
89.73319319781014,3.080704617500305,-1.343456801430086,-0.616099518576917,-1.3405793550086307,3.6133140540545616,0.7346206203262331,-0.10231547057628632,0.2513526380062103,1.9436399936676025,-0.6625166535377502,0.15874437987804413,0.43770545721054077,0.5867586731910706
89.89708575834514,3.1298723856608075,-1.360958288453324,-0.659853391064476,-1.3790354224466816,3.5824470944079563,0.7061613226050293,-0.025357484817504883,0.2517794966697693,1.944082260131836,-0.6446525454521179,0.1730123609304428,0.46733322739601135,0.5797321200370789
90.06097831888015,3.1790401538213096,-1.3785888545329663,-0.7035112306085917,-1.4174594650347192,3.5518543175295068,0.6778061789025724,0.05112379789352417,0.2598794996738434,1.9370473623275757,-0.6280816197395325,0.18878789246082306,0.4956543445587158,0.5693851113319397
90.22487087941515,3.2282079219818116,-1.3964271080620245,-0.7471046260079962,-1.455834640469393,3.5215333925604155,0.6495627513879949,0.12595881521701813,0.2755511403083801,1.9225438833236694,-0.6129173636436462,0.20586362481117249,0.522576093673706,0.5557577013969421
90.38876343995015,3.2773756901423137,-1.4145569302758494,-0.7906736584444186,-1.4941509313511363,3.491460933645891,0.6214270810641741,0.1980179101228714,0.2985435724258423,1.9006266593933105,-0.5992423295974731,0.22403457760810852,0.5480014085769653,0.5388984084129333
90.55265600048516,3.326543458302816,-1.4330496027807569,-0.8342605992658163,-1.532404728548435,3.4615978716728244,0.593387531520856,0.26619333028793335,0.3284558653831482,1.8713964223861694,-0.587115466594696,0.2430933564901352,0.5718237161636353,0.5188629031181335
90.71654856102016,3.3757112264633182,-1.4519875916932379,-0.8779055270438529,-1.570589056098692,3.431917870780772,0.565437534374663,0.3294387459754944,0.36473825573921204,1.8350032567977905,-0.5765678882598877,0.26282694935798645,0.5939407348632812,0.49570727348327637
90.88044112155517,3.4248789946238203,-1.4714556295512184,-0.9216492259299706,-1.6086971807576407,3.402394548221668,0.5375706656579731,0.3867780566215515,0.4067012369632721,1.791644811630249,-0.5676043629646301,0.28302082419395447,0.6142497062683105,0.46949100494384766
91.04433368209017,3.4740467627843223,-1.4915339508462695,-0.9655299319553794,-1.6467228020249698,3.3730050691029563,0.5097823798527595,0.4373120069503784,0.45351922512054443,1.7415741682052612,-0.5602038502693176,0.3034563362598419,0.6326454281806946,0.440279096364975
91.20822624262517,3.5232145309448244,-1.5122943271505573,-1.0095811686360603,-1.684660703468332,3.3437328488489904,0.4820708583396618,0.4802279472351074,0.5042368769645691,1.6851112842559814,-0.5543202757835388,0.32391002774238586,0.6490215063095093,0.40814509987831116
91.37211880316018,3.5723822991053265,-1.5338121303827261,-1.0538376194790438,-1.7225052578470845,3.3145624002328082,0.4544349366002358,0.5148444771766663,0.5577892661094666,1.6226346492767334,-0.5498786568641663,0.344161719083786,0.6632726192474365,0.3731696307659149
91.53601136369518,3.6215500672658285,-1.5561700112153776,-1.0983364723699083,-1.7602500728869985,3.285478111192939,0.42687393580729766,0.5406283140182495,0.6130232810974121,1.5545777082443237,-0.5467748045921326,0.3639982044696808,0.6752944588661194,0.33543992042541504
91.69990392423018,3.6707178354263306,-1.5794603528525368,-1.143117759004142,-1.7978908102495301,3.256463599850163,0.39938564938597687,0.5572105646133423,0.6687183976173401,1.481423020362854,-0.5448742508888245,0.38321661949157715,0.6849838495254517,0.2950493097305298
91.86379648476519,3.7198856035868326,-1.6039207242820348,-1.1882640848616413,-1.8354307497574838,3.2275091506546114,0.37196477027478575,0.5645325779914856,0.7237014770507812,1.4035568237304688,-0.5439713597297668,0.4016762375831604,0.6922619938850403,0.252041220664978
92.02768904530019,3.769053371747335,-1.6296216420666805,-1.2338057427154427,-1.8728998597032926,3.1985935759332684,0.34458834438492064,0.5624804496765137,0.7766503691673279,1.3215850591659546,-0.5438824892044067,0.4191836416721344,0.697009265422821,0.20653074979782104
92.1915816058352,3.818221139907837,-1.6567065741023415,-1.2797940929083176,-1.910320649295647,3.16970150126662,0.31723876739306633,0.5511848330497742,0.8262745141983032,1.2361094951629639,-0.5443753004074097,0.43557968735694885,0.6991180777549744,0.1586182862520218
92.3554741663702,3.8673889080683392,-1.6853391527288717,-1.3262840329889047,-1.947711665019724,3.140821064491402,0.28990184385870277,0.5309516191482544,0.8713024854660034,1.1477795839309692,-0.545183539390564,0.45072057843208313,0.6984789371490479,0.1084112673997879
92.5193667269052,3.9165566762288413,-1.715602237711444,-1.3732734726396518,-1.9850514961133325,3.111977215408436,0.2625961230733484,0.5022078156471252,0.9104540348052979,1.0574718713760376,-0.546032726764679,0.4644315540790558,0.694985568523407,0.05609363690018654
92.68325928744021,3.9657244443893434,-1.7475306289183412,-1.4206989085400152,-2.022265603522812,3.0832458790546715,0.235384776297287,0.4655851721763611,0.9425413012504578,0.9662681221961975,-0.5466314554214478,0.47653064131736755,0.6885555982589722,0.0019307696493342519
92.84715184797521,4.014892212549846,-1.780757879881158,-1.4683806608756462,-2.0592972423868,3.0546881986370242,0.2083184437326194,0.4218020737171173,0.9663739800453186,0.8757889866828918,0.5467932224273682,-0.486755907535553,-0.6791272759437561,0.053590886294841766
93.01104440851022,4.064059980710347,-1.8152062986353885,-1.5162064013968333,-2.0960608038641473,3.026393906640511,0.18147090647003994,0.37201789021492004,0.9812242984771729,0.7873193621635437,0.5462355017662048,-0.4949953258037567,-0.6667013764381409,0.1100713387131691
93.17493696904522,4.11322774887085,-1.8508107153499016,-1.5641058521994,-2.1325156880086835,2.9984191795097392,0.1548811658155313,0.3175579905509949,0.9866536855697632,0.7020227313041687,0.5446727275848389,-0.5012112855911255,-0.6512992978096008,0.16711696982383728
93.33882952958022,4.162395517031352,-1.8873684606187577,-1.6120274942314496,-2.1686917860738895,2.9707567393200933,0.12853208096037763,0.25980332493782043,0.9824462532997131,0.6210796236991882,0.5418777465820312,-0.5053894519805908,-0.6329620480537415,0.22429652512073517
93.50272209011523,4.211563285191854,-1.9248467686212254,-1.6599198799194053,-2.204568282372425,2.943462872497709,0.10245265513740925,0.2002466917037964,0.9687926769256592,0.5454163551330566,0.5375773310661316,-0.5076047778129578,-0.6117720603942871,0.28121668100357056
93.66661465065023,4.260731053352356,-1.9631814544516015,-1.7077925058100225,-2.2401784625136645,2.916541711639981,0.07662818453543294,0.14032158255577087,0.9461045265197754,0.47580817341804504,0.531525194644928,-0.5079769492149353,-0.5878171324729919,0.337507426738739
93.83050721118524,4.309898821512858,-2.0024156363475023,-1.755782534806379,-2.27561536166396,2.8899416686511166,0.05099749595939919,0.08135774731636047,0.9149565100669861,0.412743479013443,0.5234402418136597,-0.5066919326782227,-0.5611627101898193,0.39289942383766174
93.99439977172024,4.35906658967336,-2.04267549346376,-1.8041242519217309,-2.311020794639027,2.863593034338623,0.025470547126628808,0.024548590183258057,0.8760374188423157,0.35654255747795105,0.5129948258399963,-0.5039774775505066,-0.5318514704704285,0.4471876919269562
94.15828835861227,4.408233165740967,-2.0838730335235596,-1.8528598546981812,-2.3464527130126953,2.8374366760253906,-1.7948696040548384e-07,-0.029000073671340942,0.8303083777427673,0.3077435791492462,0.5,-0.4999999403953552,-0.5,0.5000000596046448
94.20828835861226,4.405595491675046,-2.0829345145739593,-1.865981915029177,-2.3342690702551403,2.834799286117938,-1.1589078204448688e-07,-0.028950124979019165,0.8223117589950562,0.301962673664093,0.4999997913837433,-0.5000000596046448,-0.5000000596046448,0.5
94.40565405236026,4.402960060208112,-2.0819966678836814,-1.8790938070093794,-2.322094979261186,2.8321639003550336,-5.234446197905132e-08,-0.02896207571029663,0.8142552971839905,0.2962638735771179,0.49999988079071045,-0.5000001192092896,-0.5,0.49999991059303284
94.59349546117384,4.400313336611328,-2.0770466644270758,-1.8902306438575542,-2.315908159631152,2.8295171906813184,-4.688723010426511e-08,-0.028967618942260742,0.806313693523407,0.2952750325202942,0.49999991059303284,-0.4999999701976776,-0.4999999701976776,0.5
94.82511320625751,4.397647726581442,-2.0658807637101715,-1.8983147715024313,-2.3189900385611684,2.826851545365436,-1.3138466106169364e-07,-0.02892366051673889,0.7985929250717163,0.3014203906059265,0.49999991059303284,-0.5,-0.5,0.5
95.0225424907109,4.394976273350484,-2.0546903865686192,-1.906416620112787,-2.322078673182402,2.8241800567711324,-2.1606731621681103e-07,-0.028934746980667114,0.7908075451850891,0.30748945474624634,0.4999998211860657,-0.5000000596046448,-0.5,0.4999999701976776
95.33198671619134,4.392313186862613,-2.0437604775644456,-1.914577840214613,-2.324847466237686,2.8215169365445987,-3.006967497301526e-07,-0.028998583555221558,0.7830084562301636,0.3132060766220093,0.4999997913837433,-0.5000000596046448,-0.5000000596046448,0.4999999403953552
95.64783871206804,4.390204576648033,-2.046689923010938,-1.9253946392499162,-2.3111012217558904,2.8194083774119294,-3.7859947040298286e-07,-0.028964191675186157,0.7771733999252319,0.3052453398704529,0.4999997913837433,-0.5,-0.5000000596046448,0.4999999701976776
95.8452464643435,4.388090851780244,-2.0496264741317978,-1.9362376755553938,-2.297321634329553,2.817294703749956,-4.566911522206914e-07,-0.02898329496383667,0.7712357640266418,0.2973606288433075,0.5000000596046448,-0.4999999403953552,-0.4999999403953552,0.5000000596046448
96.03412350672646,4.384995651514461,-2.0476828926933583,-1.94881886796897,-2.286683836215777,2.8141994570472075,-3.7324254981952117e-07,-0.028948575258255005,0.7628523111343384,0.2930128872394562,0.49999985098838806,-0.4999999701976776,-0.5000000596046448,0.4999999701976776
96.23152246731682,4.381461657837416,-2.0435387787841175,-1.9621672493692583,-2.2774792973591707,2.810665372914976,-2.1697940722198073e-07,-0.02893882989883423,0.7533718347549438,0.2902676463127136,0.49999991059303284,-0.4999999701976776,-0.5,0.5
96.61117237892205,4.37821022543014,-2.0393676407133645,-1.9743055123773856,-2.2695119256766456,2.807413854923853,-7.059640411059872e-08,-0.028995871543884277,0.7446227073669434,0.28814592957496643,0.5,-0.4999999701976776,-0.5,0.49999991059303284
97.02736892218435,4.379986485626149,-2.034549710276303,-1.9648456512497507,-2.2837899099277297,2.8091901151198617,-9.880313214800234e-08,-0.02894604206085205,0.749436616897583,0.29676172137260437,0.5,-0.5,-0.5000000596046448,0.49999991059303284
97.22474174986327,4.381756289923484,-2.029749290827097,-1.9554201724187248,-2.2980160001940217,2.8109599194171966,-1.2690734154621487e-07,-0.02894631028175354,0.7541356086730957,0.305439829826355,0.5,-0.4999999403953552,-0.4999999403953552,0.5000000596046448
97.61473019066408,4.383519696498108,-2.0249662245691877,-1.946028766055521,-2.3121906641071783,2.812723325991821,-1.5490995613024805e-07,-0.028995871543884277,0.7587195038795471,0.3141787648200989,0.4999999403953552,-0.5000000596046448,-0.5000000596046448,0.5
97.97393038900451,4.380004111706341,-2.0184753246246565,-1.9577546657743883,-2.3069555832771083,2.809207771577155,-1.2262595917987524e-07,-0.028894752264022827,0.7496317625045776,0.31404829025268555,0.4999999403953552,-0.5,-0.5,0.5
98.17128371478871,4.376202982015172,-2.011903241178454,-1.9706277051055439,-2.3006545313951428,2.80540667388499,-8.706456601579333e-08,-0.0288618803024292,0.7397847175598145,0.31341153383255005,0.5,-0.4999999403953552,-0.5,0.5000000596046448
98.36866382541017,4.372410263900148,-2.0053457011929665,-1.983472257497462,-2.2943674232041333,2.8016139876981594,-5.158186718489876e-08,-0.02890843152999878,0.7299370765686035,0.31276416778564453,0.4999999403953552,-0.4999999403953552,-0.5000000596046448,0.49999991059303284
98.58470471123276,4.369130052478869,-2.001640133269585,-1.9952572119201866,-2.2862879770266082,2.7983338011818724,-2.324637806755771e-08,-0.02898290753364563,0.7214865684509277,0.3102235496044159,0.4999999403953552,-0.5,-0.5,0.5
98.82624396984602,4.367658686759858,-2.008085428833336,-2.003331674236882,-2.271768287904782,2.796862435462861,-2.0238135964201766e-08,-0.028934001922607422,0.7179731726646423,0.30100446939468384,0.49999988079071045,-0.5,-0.5,0.5
99.02363113989259,4.366180681314232,-2.014559809620387,-2.0114425736009074,-2.257183076822608,2.7953844300172346,-1.721631878233285e-08,-0.028933614492416382,0.7143370509147644,0.29182934761047363,0.5,-0.4999999403953552,-0.49999988079071045,0.5000000596046448
99.26328613590431,4.364696137036116,-2.021062833665532,-2.019589356332238,-2.2425333394206026,2.7938998857391186,-1.4181132802381373e-08,-0.02898159623146057,0.7105787992477417,0.2827015519142151,0.4999998211860657,-0.5000000596046448,-0.5,0.5000000596046448
99.47686956274853,4.361128374936188,-2.017800587411347,-2.03100640401076,-2.2343784320408173,2.79033209310538,1.9186207076231768e-08,-0.028926849365234375,0.7021323442459106,0.2802419364452362,0.4999999403953552,-0.5,-0.5,0.4999999403953552
99.67428530577169,4.356930507653004,-2.0115733550549577,-2.043407712528307,-2.228204196729375,2.7861341860346256,6.174364256238477e-08,-0.028907299041748047,0.6922720670700073,0.27978697419166565,0.5,-0.5,-0.4999999403953552,0.5
99.93832036129649,4.3527407220793695,-2.00535811132989,-2.055785146119207,-2.2220418480196527,2.7819443607500185,1.0421914672257603e-07,-0.028972625732421875,0.6824137568473816,0.27932462096214294,0.5,-0.49999991059303284,-0.49999988079071045,0.5
100.19839245473408,4.345080251278368,-2.004085258819981,-2.074384239635774,-2.2255246359877745,2.7902309695952785,-0.019947369617715215,-0.028859317302703857,0.6733402609825134,0.27583733201026917,0.4943033754825592,-0.5020790100097656,-0.5058914422988892,0.49764901399612427
100.39577306826972,4.336363378954116,-2.0042981555065293,-2.094884505875281,-2.231915996018311,2.8022857283328744,-0.045929652380363645,-0.02877020835876465,0.6644819974899292,0.2714875042438507,0.48690640926361084,-0.5049272775650024,-0.5134097337722778,0.49434906244277954
100.59313952570223,4.327636431554285,-2.004511298261866,-2.1154084665918935,-2.238314743266757,2.814354420119026,-0.07194196580685133,-0.028789997100830078,0.6555984020233154,0.2671903967857361,0.47953274846076965,-0.507935106754303,-0.5207507610321045,0.49078384041786194
100.79050955941342,4.3189035977527785,-2.004724584783838,-2.135946270897933,-2.2447178065256934,2.8264312523424118,-0.09797182476424844,-0.028921395540237427,0.6466895937919617,0.2629473805427551,0.4721926152706146,-0.5110985040664673,-0.5279008746147156,0.486963152885437
100.98787907158398,4.310170163406107,-2.004937885973236,-2.1564854875609885,-2.251121310114627,2.83850891507321,-0.12400347375982917,-0.029167383909225464,0.6377567648887634,0.25876039266586304,0.46489664912223816,-0.5144124627113342,-0.5348459482192993,0.482898086309433
101.18525799011253,4.301440421734945,-2.005151096974508,-2.177016019821167,-2.2575221061706543,2.850581471120016,-0.15002411603927612,-0.029530316591262817,0.6288004517555237,0.254631370306015,0.4576546549797058,-0.5178722143173218,-0.5415740013122559,0.47860023379325867
