time,ur20-shoulder_pan_joint,ur20-shoulder_lift_joint,ur20-elbow_joint,ur20-wrist_1_joint,ur20-wrist_2_joint,ur20-wrist_3_joint,target-POS_X,target-POS_Y,target-POS_Z,target-ROT_X,target-ROT_Y,target-ROT_Z,target-ROT_W
0.0,0.8432109991656702,-1.0581461191177368,1.8536399602890015,-0.7954937815666199,-0.7275853157043457,0.0,0.17500010132789612,0.8303085565567017,0.3077435791492462,0.5,-0.5,-0.5000000596046448,0.5
0.19720667973160744,0.8373838456317944,-1.0590812644998226,1.8667223305240745,-0.8076410535274251,-0.7334124677205646,0.0,0.17510300874710083,0.8223075866699219,0.3019816279411316,0.5000000596046448,-0.4999999403953552,-0.5,0.49999991059303284
0.3943733125925064,0.8315445948398448,-1.0600183512577377,1.8798318599558344,-0.8198135434068844,-0.7392517169917064,0.0,0.17507830262184143,0.8142619132995605,0.29628485441207886,0.5,-0.5000000596046448,-0.5,0.5
0.5797859619115595,0.8256958356528766,-1.0649230473513511,1.8909831532754267,-0.8260601900194103,-0.7451004551818959,0.0,0.1750657856464386,0.8063293099403381,0.29524701833724976,0.5,-0.5,-0.5,0.49999985098838806
0.808188946689752,0.8198405779393678,-1.0760555614787646,1.8990410786671463,-0.8229856540261943,-0.7509556613234281,0.0,0.17515599727630615,0.7986086010932922,0.301371306180954,0.5,-0.5,-0.5,0.49999988079071045
1.0054515430287394,0.813953786647717,-1.0872480299278031,1.9071424001367905,-0.8198945600733227,-0.7568424007653607,0.0,0.17513379454612732,0.7908326983451843,0.3074389398097992,0.5,-0.5000000596046448,-0.5,0.4999998211860657
1.3175052789846347,0.8080683236565,-1.0982995181343764,1.915294502481585,-0.8169952252261758,-0.7627278124196614,0.0,0.17500175535678864,0.7830503582954407,0.31326496601104736,0.5,-0.5,-0.5,0.49999988079071045
1.6339788023399158,0.8034547164315718,-1.0953749409326212,1.9260879688120756,-0.8307131413670136,-0.7673414213408895,0.0,0.1750745177268982,0.7772072553634644,0.3053230345249176,0.4999999403953552,-0.5,-0.5,0.49999988079071045
1.9444333763447101,0.7988203004873715,-1.092437173031482,1.9369301168356308,-0.8444929293257278,-0.7719758389890405,0.0,0.1750362515449524,0.7712851166725159,0.2974405586719513,0.49999991059303284,-0.5,-0.5,0.49999991059303284
2.13538226155799,0.7948276483488627,-1.0992332633803643,1.94219127870419,-0.842957959687555,-0.7759685071526632,0.0,0.17504823207855225,0.7662791013717651,0.30086299777030945,0.5,-0.5,-0.5000000596046448,0.4999999403953552
2.3726577812803002,0.7911344591768229,-1.1106593032579501,1.944809771432169,-0.8341504125379482,-0.7796617191696001,0.0,0.17504405975341797,0.7616729736328125,0.30957773327827454,0.4999999403953552,-0.5,-0.5,0.4999999403953552
2.5168181942970373,0.7873807057979625,-1.1153460066940013,1.9502418782667663,-0.8348958159364943,-0.7834155017866422,0.0,0.17505843937397003,0.7570493221282959,0.31099849939346313,0.49999988079071045,-0.5000000596046448,-0.5,0.5
2.810579290962768,0.7835417352794312,-1.1105638722997317,1.9596273831775768,-0.8490634552415744,-0.7872545105270844,0.0,0.17512507736682892,0.7524124383926392,0.30230093002319336,0.4999999701976776,-0.4999999701976776,-0.49999991059303284,0.4999999701976776
3.007712899125171,0.7796827561299198,-1.1057568135248421,1.9690618051361783,-0.8633049359750655,-0.7911135280977186,0.0,0.17508763074874878,0.7476873397827148,0.29365071654319763,0.49999991059303284,-0.4999999701976776,-0.4999999701976776,0.5
3.2054145748775107,0.7752837894377361,-1.1060278285264578,1.9773238656211498,-0.8712959920089784,-0.7955125381980247,0.0,0.17505139112472534,0.7423567175865173,0.2899887263774872,0.5,-0.4999999403953552,-0.5,0.5000000596046448
3.5067821522319877,0.7697041149998828,-1.1177342258730527,1.982878632050578,-0.8651443953206418,-0.8010922669258368,0.0,0.17514623701572418,0.7358056902885437,0.2973553240299225,0.4999999701976776,-0.5,-0.4999999701976776,0.5
3.704003006693181,0.7640965063030001,-1.129499230498517,1.9884612080387927,-0.8589620010835861,-0.8066999301844772,0.0,0.17513221502304077,0.7291957139968872,0.3046729862689972,0.4999999403953552,-0.4999999403953552,-0.4999999403953552,0.5
4.06640100300663,0.7584721260598114,-1.1412994225506603,1.9940604807041031,-0.8527611161998335,-0.8123243651526099,0.0,0.17500819265842438,0.7225417494773865,0.31192532181739807,0.5,-0.5,-0.5,0.5
4.40618082675318,0.7551975162749589,-1.1356922749011646,2.0020026643282023,-0.8663103355756961,-0.8155989272286222,0.0,0.17512120306491852,0.7188794016838074,0.30345508456230164,0.4999999701976776,-0.4999999701976776,-0.5,0.5
4.603366682112019,0.7520180877376149,-1.1292293361507864,2.0100962940071434,-0.8808667845832047,-0.8187783029469765,0.0,0.1751495748758316,0.7152708768844604,0.29427993297576904,0.4999999701976776,-0.5,-0.5,0.5
4.806214871152031,0.7488214568918005,-1.1227314296492212,2.018233714295859,-0.8955019913055419,-0.8219748806880239,0.0,0.17507585883140564,0.7115720510482788,0.2851423919200897,0.49999988079071045,-0.5,-0.5,0.5000000596046448
4.977293396369672,0.7427507381473679,-1.122561053392255,2.0284819250351807,-0.9059205469589666,-0.8280455628765481,0.0,0.17510119080543518,0.7047684788703918,0.2803637683391571,0.49999985098838806,-0.4999999701976776,-0.4999999701976776,0.5000000596046448
5.1791077568584205,0.7337990399644485,-1.128764263433521,2.040832777158765,-0.9120682471353666,-0.8369972412552636,0.0,0.17518271505832672,0.6949307322502136,0.2799130082130432,0.4999999701976776,-0.5,-0.5,0.5
5.376417645757747,0.7248002220620482,-1.1350001257728266,2.053248641381229,-0.9182483074184017,-0.8459960392492152,0.0,0.17510206997394562,0.6850763559341431,0.27945175766944885,0.49999988079071045,-0.5,-0.5,0.5000000596046448
5.56947625199492,0.7138875065847691,-1.1387936281003477,2.0673095047902734,-0.925151843737629,-0.8500445628739008,0.0,0.17539964616298676,0.6757288575172424,0.27706119418144226,0.49709364771842957,-0.501631498336792,-0.5017933249473572,0.4994669556617737
5.766461873000217,0.700996105010285,-1.1401194020085412,2.083086194055924,-0.9328123330261011,-0.8490796206891034,0.0,0.17601120471954346,0.6668682098388672,0.27280405163764954,0.49120643734931946,-0.5048810839653015,-0.5054121613502502,0.4983670115470886
5.96336507195766,0.6879648819452245,-1.1414595553992868,2.0990339989443974,-0.9405559087830745,-0.8481042126403874,0.0,0.17636580765247345,0.6579590439796448,0.2686293423175812,0.4852278232574463,-0.5081063508987427,-0.5090687870979309,0.49722304940223694
6.160758686756444,0.6747509767942846,-1.1428184961299157,2.1152053728906397,-0.9484080401655934,-0.8471151305431163,0.0,0.17645716667175293,0.6489817500114441,0.264529287815094,0.47913792729377747,-0.511315107345581,-0.5127745270729065,0.49603015184402466
6.3580223448031665,0.6613916937839603,-1.1441923877696205,2.1315546624266153,-0.9563465597913271,-0.8461151666787663,0.0,0.17627732455730438,0.6399711966514587,0.260521799325943,0.472953200340271,-0.5144960284233093,-0.5165187120437622,0.49479028582572937
6.555177149867368,0.647881518418565,-1.1455817974386215,2.1480886162742845,-0.9643747445526207,-0.8451039082784474,0.0,0.1758199781179428,0.6309338808059692,0.2566111981868744,0.46667107939720154,-0.5176478624343872,-0.5203022956848145,0.4935019612312317
6.752242082303119,0.6342151065232242,-1.1469872747410532,2.1648137747144602,-0.9724957701316641,-0.8440809553220572,0.0,0.17507882416248322,0.6218770146369934,0.25280195474624634,0.4602889120578766,-0.5207693576812744,-0.524126410484314,0.49216341972351074
6.949238283132863,0.6203872688611856,-1.1484093533469475,2.181736488412375,-0.9807127201413852,-0.8430459193868614,0.0,0.17404711246490479,0.6128082275390625,0.24909906089305878,0.453803688287735,-0.5238591432571411,-0.5279920697212219,0.4907730519771576
7.342310541064967,0.6063926855670374,-1.1498485803604126,2.1988632678985596,-0.9890287558185022,-0.8419984022723597,0.0,0.1727183610200882,0.6037359237670898,0.24550816416740417,0.4472128450870514,-0.5269156694412231,-0.5319001078605652,0.4893289804458618
7.507294784132091,0.6115454732135953,-1.1555070339292088,2.1990630180931188,-0.9395334828983654,-0.8044517249484335,0.0,0.1651712954044342,0.6114389896392822,0.2589399516582489,0.4226299822330475,-0.5328975319862366,-0.53997802734375,0.4958100914955139
7.672279808699897,0.6166968999872682,-1.161163849995063,2.199262426568595,-0.8900379755280234,-0.7669154044668656,0.0,0.15824583172798157,0.6192165017127991,0.2719247341156006,0.3976964056491852,-0.53912353515625,-0.5469724535942078,0.5020005106925964
7.837264833267703,0.6218474614971211,-1.1668196258124948,2.1994622050056036,-0.8405424681576815,-0.7293850460746175,0.0,0.15190526843070984,0.6270415186882019,0.2844122052192688,0.3724557161331177,-0.5455830097198486,-0.5528719425201416,0.5078862309455872
8.00224985783551,0.6269976301255666,-1.1724751016191726,2.199661732584121,-0.7910469607873396,-0.6918578106881739,0.0,0.14611147344112396,0.6348850727081299,0.2963564991950989,0.3469528555870056,-0.5522652268409729,-0.5576667785644531,0.5134535431861877
8.167234882403317,0.6321476015626264,-1.1781303249155726,2.199861373125042,-0.7415514534169977,-0.6543320702037186,0.0,0.14082354307174683,0.64271479845047,0.307716429233551,0.3212326765060425,-0.5591582655906677,-0.561348557472229,0.5186901688575745
8.332219906971124,0.6372974367964391,-1.1837852969561427,2.200060947354096,-0.6920559460466558,-0.6168077040917948,0.0,0.1359986960887909,0.6504954099655151,0.31845611333847046,0.29534104466438293,-0.5662490725517273,-0.5639106631278992,0.5235841274261475
8.49720493153893,0.6424471026476776,-1.1894401132596468,2.2002605331951686,-0.642560438676314,-0.5792842531464668,0.0,0.13159263134002686,0.6581898331642151,0.32854512333869934,0.269323468208313,-0.5735244750976562,-0.5653483867645264,0.5281246304512024
8.662189956106737,0.6475967539004092,-1.1950948381275923,2.200460400165861,-0.5930649313059719,-0.5417615299308557,0.0,0.12756015360355377,0.665759265422821,0.3379589319229126,0.24322612583637238,-0.5809704065322876,-0.5656589269638062,0.5323009490966797
8.827174980674542,0.6527462898971422,-1.2007494007199195,2.2006601820961222,-0.5435694239356301,-0.5042395153777205,0.0,0.12385548651218414,0.6731635332107544,0.34667858481407166,0.21709507703781128,-0.5885723829269409,-0.5648413300514221,0.5361030697822571
8.992160005242349,0.6578957922494106,-1.2064038973625417,2.2008600429924376,-0.49407391656528815,-0.46671787692021566,0.0,0.12043219804763794,0.6803609132766724,0.3546909987926483,0.19097618758678436,-0.596315324306488,-0.5628963708877563,0.5395216941833496
9.157145029810156,0.6630452444941273,-1.212058484637819,2.201059833071029,-0.4445784091949463,-0.4291966483099375,0.0,0.11724447458982468,0.6873086094856262,0.36198949813842773,0.1649155467748642,-0.6041839122772217,-0.5598271489143372,0.5425479412078857
9.322130054377963,0.6681947281351736,-1.2177129681843502,2.2012596862951472,-0.39508290182460437,-0.3916757605741137,0.0,0.11424658447504044,0.6939637064933777,0.36857298016548157,0.13895867764949799,-0.6121619343757629,-0.5556381940841675,0.545173704624176
9.487115131191935,0.6733442160873944,-1.2233674718641099,2.201459620008559,-0.3455873787804127,-0.35415514125994035,0.0,0.11139392107725143,0.7002825736999512,0.37444639205932617,0.1131509467959404,-0.6202331185340881,-0.5503361821174622,0.5473918318748474
9.652100241787803,0.6784936983461044,-1.229022000843244,2.201659510574378,-0.29609184560165236,-0.3166347339616817,0.0,0.10864348709583282,0.7062219977378845,0.379620760679245,0.0875377506017685,-0.6283805966377258,-0.5439295768737793,0.5491953492164612
9.817085326763532,0.683643181479941,-1.2346765513576519,2.2018593122583323,-0.24659632010893384,-0.2791145025300088,0.0,0.10595370829105377,0.7117387056350708,0.38411256670951843,0.06216348707675934,-0.6365872025489807,-0.5364287495613098,0.5505784749984741
9.98207035133134,0.688792661881484,-1.2403312090805845,2.2020591500635835,-0.19710081273859192,-0.24159442722000424,0.0,0.10328485816717148,0.716790497303009,0.3879443109035492,0.037072259932756424,-0.6448354721069336,-0.5278455018997192,0.5515360236167908
10.147055375899146,0.6939421584012225,-1.2459858265682362,2.2022592942051995,-0.14760530536825,-0.2040744919981304,0.0,0.10060001909732819,0.7213361859321594,0.39114364981651306,0.012307836674153805,-0.6531074047088623,-0.5181942582130432,0.5520633459091187
10.312040363568165,0.6990916963623244,-1.2516404401592343,2.2024593318080514,-0.09810980906754409,-0.16655466268737512,0.0,0.09786466509103775,0.725335955619812,0.39374348521232605,-0.012086858041584492,-0.6613850593566895,-0.5074903964996338,0.552156925201416
10.477025413735959,0.7042412879091089,-1.257295039131424,2.2026593699508474,-0.04861429401720628,-0.1290348777883097,0.0,0.09504739195108414,0.7287518382072449,0.39578187465667725,-0.03606968745589256,-0.6696499586105347,-0.49575144052505493,0.5518136620521545
10.642010479929237,0.7093909051004408,-1.2629496993714477,2.202859479873128,0.0008812258407773499,-0.09151513913944158,0.0,0.09211979806423187,0.731548011302948,0.3973015546798706,-0.059599220752716064,-0.6778836846351624,-0.48299673199653625,0.5510314702987671
10.806995500343245,0.714540535932028,-1.268604463548178,2.2030596378253335,0.050376731964979715,-0.05399544749900892,0.0,0.08905678987503052,0.7336907982826233,0.3983493149280548,-0.08263485133647919,-0.6860673427581787,-0.46924692392349243,0.5498093366622925
10.971980424234797,0.7196901988470111,-1.2742593118551624,2.20325970167868,0.09987220913244511,-0.016475791384757514,0.0,0.08583757281303406,0.7351497411727905,0.39897608757019043,-0.10513688623905182,-0.6941822171211243,-0.4545246362686157,0.5481464862823486
11.136965428665452,0.7248399483532673,-1.2799141491202888,2.203459765141375,0.1493677104616417,0.021043871502817633,0.0,0.08244428783655167,0.73589688539505,0.399236261844635,-0.12706679105758667,-0.7022092938423157,-0.438853919506073,0.546043336391449
11.301950572325527,0.7299897185434274,-1.2855690677619855,2.203659923296584,0.19886325355966458,0.05856358737013233,0.0,0.07886342704296112,0.7359079122543335,0.39918726682662964,-0.14838698506355286,-0.71012943983078,-0.4222602844238281,0.5435013771057129
11.466935671782672,0.7351395231358208,-1.2912239916295296,2.20386013828703,0.24835878339680773,0.09608331770699735,0.0,0.07508541643619537,0.7351621389389038,0.39888978004455566,-0.16906090080738068,-0.7179237008094788,-0.4047711193561554,0.5405221581459045
11.631920670810548,0.7402893835818672,-1.2968789583358857,2.204060372167133,0.2978542831051705,0.13360306467679348,0.0,0.07110468298196793,0.7336424589157104,0.3984059691429138,-0.18905343115329742,-0.725572943687439,-0.38641488552093506,0.5371091365814209
11.796905637723079,0.7454393119493783,-1.3025340506383005,2.2042606061619083,0.34734977317892984,0.17112286852845188,0.0,0.06691981852054596,0.7313358187675476,0.39780062437057495,-0.2083304077386856,-0.7330582737922668,-0.3672216832637787,0.5332657098770142
11.96189082759064,0.750589225825809,-1.3081890875069828,2.204460949465334,0.39684533013919826,0.208642830141547,0.0,0.06253334879875183,0.7282336950302124,0.3971386253833771,-0.22685927152633667,-0.7403606176376343,-0.3472226858139038,0.5289965867996216
12.126875944415591,0.7557392326527765,-1.313844185055165,2.2046611694225513,0.44634086518668364,0.2461628994807601,0.0,0.05795193463563919,0.7243316769599915,0.3964872360229492,-0.24460841715335846,-0.7474613189697266,-0.32645073533058167,0.5243072509765625
12.291860932898595,0.7608892710110251,-1.3194993713866097,2.2048616681475157,0.49583636173158496,0.2836830918373621,0.0,0.05318605154752731,0.7196297645568848,0.39591240882873535,-0.2615480422973633,-0.7543417811393738,-0.3049396574497223,0.5192040801048279
12.456845824345706,0.766039364010253,-1.3251546956526727,2.205062159106526,0.5453318291657182,0.32120344158648645,0.0,0.048250384628772736,0.7141328454017639,0.3954812288284302,-0.27764952182769775,-0.760983407497406,-0.2827245891094208,0.5136942863464355
12.621830673739415,0.7711895077202919,-1.330810067767294,2.2052625142155744,0.594827283983831,0.35872398124813376,0.0,0.04316318780183792,0.7078507542610168,0.39525914192199707,-0.29288578033447266,-0.7673681974411011,-0.2598417401313782,0.5077854990959167
12.78681551939732,0.7763396972334751,-1.3364654581687025,2.205462797446147,0.6443227376812026,0.39624475523383296,0.0,0.0379459485411644,0.7007973194122314,0.3953106999397278,-0.3072313666343689,-0.7734782099723816,-0.23632840812206268,0.5014869570732117
12.951800396187554,0.781489967471569,-1.342121060907591,2.205663070597374,0.6938182007182729,0.4337658385186196,0.0,0.03262386471033096,0.6929915547370911,0.3956986665725708,-0.32066240906715393,-0.779295802116394,-0.2122226506471634,0.4948080778121948
13.11678542075536,0.7866402824405597,-1.3477766965506959,2.2058636122312834,0.7433137080886147,0.4712873214344503,0.0,0.02722495049238205,0.6844569444656372,0.39648348093032837,-0.3331567347049713,-0.7848038673400879,-0.1875634789466858,0.4877595901489258
13.281770422570816,0.7917906655030077,-1.3534323707352867,2.206064099305362,0.7928092086332515,0.5088093338655112,0.0,0.021780580282211304,0.6752221584320068,0.39772355556488037,-0.34469345211982727,-0.7899854183197021,-0.1623913049697876,0.48035237193107605
13.446755271208824,0.7969411732374869,-1.3590884154746088,2.2062646664698273,0.8423046632246538,0.5463319097811586,0.0,0.01632409542798996,0.665319561958313,0.39947307109832764,-0.35525381565093994,-0.7948241829872131,-0.13674646615982056,0.4725987911224365
13.611740295776631,0.8020917976374752,-1.3647444876504533,2.206464820001048,0.8918001705949958,0.5838552759466293,0.0,0.010892048478126526,0.6547871232032776,0.40178370475769043,-0.36482036113739014,-0.7993043065071106,-0.11067087948322296,0.4645112454891205
13.776725393082572,0.8072425574006544,-1.3704006997189788,2.2066652146635097,0.941295699786778,0.6213796548110514,0.0,0.005521833896636963,0.6436656713485718,0.4047025442123413,-0.37337779998779297,-0.8034101724624634,-0.08420605957508087,0.4561035931110382
13.941710543594393,0.8123935666904673,-1.3760573354974865,2.20686559542583,0.9907912449403244,0.6589053421487086,0.0,0.0002535581588745117,0.6320009827613831,0.4082728922367096,-0.380912184715271,-0.8071269989013672,-0.057395126670598984,0.4473896622657776
14.106695568162198,0.8175447182957923,-1.381714129179224,2.2070659984056475,1.0402867523106663,0.6964326149136338,0.0,-0.004872016608715057,0.6198424696922302,0.4125322699546814,-0.3874116539955139,-0.8104405999183655,-0.03028087131679058,0.4383848011493683
14.271680195365708,0.8226963812452345,-1.3873715668522892,2.207266412017324,1.0897821404717187,0.7339627714773088,0.0,-0.009812697768211365,0.6072430610656738,0.4175146222114563,-0.39286571741104126,-0.813337504863739,-0.002907030051574111,0.42910367250442505
14.43666541503012,0.8278489157071497,-1.3930299248865996,2.2074665215904985,1.1392777063710424,0.7714993040695324,0.0,-0.014526017010211945,0.5942578911781311,0.42324715852737427,-0.3972659111022949,-0.8158053755760193,0.02468339167535305,0.41956162452697754
14.601648655044126,0.8330029249191284,-1.3986899852752686,2.2076666355133057,1.1887726783752441,0.8090460896492004,0.0,-0.01896868646144867,0.5809454917907715,0.42975205183029175,-0.40060487389564514,-0.8178330063819885,0.052446380257606506,0.40977349877357483
14.651648655044127,0.8435738760024944,-1.4038012136144298,2.194498248638273,1.196310306940127,0.806105317516628,0.0,-0.0210249200463295,0.5862452387809753,0.4378257095813751,-0.39489591121673584,-0.821007251739502,0.049325402826070786,0.4093545079231262
14.849377098934937,0.8540145544961136,-1.4088494530184161,2.1814921442151665,1.203755044488303,0.8032008452696072,0.0,-0.023269712924957275,0.5913812518119812,0.4459696412086487,-0.3892098665237427,-0.8240845799446106,0.046242713928222656,0.40897664427757263
15.047373763727236,0.864331633924174,-1.4138379302456978,2.1686400089382447,1.2111116495837029,0.800330756808649,0.0,-0.025695718824863434,0.5963528752326965,0.45417964458465576,-0.38354554772377014,-0.827068030834198,0.043196968734264374,0.4086383879184723
15.245678919809151,0.8745313554277396,-1.4187696629904092,2.1559340681276877,1.2183845724789857,0.7974933159227379,0.0,-0.02829618752002716,0.601159930229187,0.46245262026786804,-0.37790149450302124,-0.8299611210823059,0.04018668830394745,0.40833792090415955
15.443191874282647,0.8845629560781483,-1.423620106543421,2.143437557898984,1.2255376166107483,0.7947026442532564,0.0,-0.031048275530338287,0.605776309967041,0.4707377552986145,-0.3723083734512329,-0.8327513933181763,0.03722723200917244,0.4080755412578583
15.630768641339827,0.8954791610026277,-1.4219178403412716,2.1284169103055426,1.228386684692446,0.7911428143654153,0.0,-0.03229297697544098,0.6132990121841431,0.4761987328529358,-0.36627674102783203,-0.8355304002761841,0.034187525510787964,0.4081192910671234
15.828654907154132,0.9068061524802935,-1.4168958926173745,2.1121677308102136,1.2290414357595125,0.7872050678550102,0.0,-0.03290744870901108,0.6223226189613342,0.4802105128765106,-0.36001652479171753,-0.8382581472396851,0.031124327331781387,0.4083411693572998
16.03543284021822,0.9180725564313852,-1.4119008070476318,2.0960054673857953,1.2296926845949623,0.7832883841591938,0.0,-0.03376246988773346,0.631308376789093,0.4842625856399536,-0.353741317987442,-0.8409058451652527,0.02808639220893383,0.4086019694805145
16.238570648831143,0.9312110226342213,-1.3997468084090852,2.0752117740469025,1.2420306493139746,0.7900639968418223,0.0,-0.03298720717430115,0.6406246423721313,0.4869241714477539,-0.3486692011356354,-0.8440937399864197,0.03358663618564606,0.4059647023677826
16.436456542116417,0.9455884433543196,-1.3828813226771648,2.051361049998058,1.2620547836113414,0.8038686405630636,0.0,-0.031272053718566895,0.6502341032028198,0.4885408282279968,-0.3442903161048889,-0.8476094007492065,0.0446631945669651,0.4012824296951294
16.634334761303677,0.9599473189832397,-1.3660375913319838,2.0275410904278197,1.282053089256717,0.8176554780044806,0.0,-0.02986373007297516,0.6599141359329224,0.4900251030921936,-0.33977410197257996,-0.8510435819625854,0.055682308971881866,0.3964565098285675
16.83220476622583,0.9742821322900909,-1.3492220863813305,2.0037610478784997,1.3020178821338435,0.8314192117342002,0.0,-0.028763331472873688,0.6696527004241943,0.49137818813323975,-0.33512410521507263,-0.854392409324646,0.06663687527179718,0.39149048924446106
17.030079055231823,0.9885889077960885,-1.3324394712750693,1.9800275172776103,1.321943625399734,0.8451560246511368,0.0,-0.02797158807516098,0.6794384717941284,0.4926018714904785,-0.3303431570529938,-0.8576527833938599,0.07752101123332977,0.38638758659362793
17.227964259338393,1.0028633309160901,-1.3156948072530144,1.956347656096691,1.3418243099214564,0.8588617740573852,0.0,-0.027488142251968384,0.689259946346283,0.4936979115009308,-0.32543498277664185,-0.860821545124054,0.08832862973213196,0.38115134835243225
17.42586630175711,1.0171009752003148,-1.298993286778199,1.9327288073796918,1.3616537707667469,0.8725322098469381,0.0,-0.027312330901622772,0.6991057991981506,0.4946681261062622,-0.32040297985076904,-0.8638955354690552,0.09905384480953217,0.37578558921813965
17.623758528035893,1.0312956883437954,-1.2823421268343707,1.909181177194231,1.3814234393207392,0.8861614248143377,0.0,-0.0274428129196167,0.7089632749557495,0.49551457166671753,-0.31525179743766785,-0.8668713569641113,0.10968942195177078,0.370294988155365
17.82160875166656,1.0454408152587038,-1.2657491341965397,1.885715805675142,1.4011240467183843,0.8997430290014561,0.0,-0.02787744253873825,0.7188196182250977,0.49623939394950867,-0.30998656153678894,-0.869746208190918,0.12022806704044342,0.36468490958213806
18.022431092929814,1.0574405666996003,-1.2522509812091873,1.8650079285219516,1.414503158147376,0.9072201281268226,0.0,-0.028774254024028778,0.7286069393157959,0.49723899364471436,-0.3050834536552429,-0.8720624446868896,0.1263584941625595,0.36119896173477173
18.22356782013533,1.0656122764047482,-1.2442907572806872,1.8491984967000579,1.4165119524165752,0.9036947383967564,0.0,-0.03018190711736679,0.738258421421051,0.498902827501297,-0.3009956479072571,-0.8734980821609497,0.12464457005262375,0.3617546856403351
18.421455594692205,1.0737806223400577,-1.2363338100668675,1.8333955726093296,1.4185199197937508,0.9001707998439923,0.0,-0.031771451234817505,0.7478842735290527,0.5005506277084351,-0.2968900799751282,-0.8749056458473206,0.12293919920921326,0.3623289167881012
18.619343406501983,1.0819453000221901,-1.2283804361709667,1.8175997453197115,1.4205269854298923,0.8966484438268962,0.0,-0.03354217857122421,0.7574812769889832,0.502181887626648,-0.29276716709136963,-0.8762851357460022,0.12124266475439072,0.36292147636413574
18.82158301227699,1.0900397932713415,-1.2200194560795894,1.8016355271165136,1.4232342955584658,0.8936050072543034,0.0,-0.03531362861394882,0.7670586705207825,0.5036770105361938,-0.28875258564949036,-0.8775848746299744,0.1200389564037323,0.3633970022201538
19.024656610389762,1.0969346602422652,-1.2042531987208345,1.782513008315295,1.438571191794254,0.8991606000775194,0.0,-0.03401167690753937,0.7768386602401733,0.5029292702674866,-0.2869703769683838,-0.8779279589653015,0.12755052745342255,0.3614158034324646
19.22254630347114,1.1038404847496603,-1.18846188513681,1.76336009941401,1.4539324619012968,0.9047250220211867,0.0,-0.03287030756473541,0.7866250872612,0.5020215511322021,-0.28514349460601807,-0.8782360553741455,0.13506487011909485,0.359377384185791
19.420433072199636,1.1107566884485411,-1.1726468378092876,1.7441784044193651,1.4693168194128532,0.9102978070793232,0.0,-0.03189094364643097,0.7964128255844116,0.5009543299674988,-0.28327229619026184,-0.8785085082054138,0.14258064329624176,0.3572819232940674
19.618322057475858,1.1176827501430449,-1.1568092485390875,1.7249693688382477,1.4847231049843121,0.9158785352942986,0.0,-0.031074784696102142,0.8061969876289368,0.49972787499427795,-0.28135690093040466,-0.8787446618080139,0.15009647607803345,0.355129599571228
19.81620841642242,1.124617882066105,-1.1409509186863167,1.7057351774975142,1.5001495663118507,0.9214665719166568,0.0,-0.030422933399677277,0.8159722089767456,0.4983430802822113,-0.27939772605895996,-0.8789440989494324,0.15761074423789978,0.3529207110404968
20.014096936037355,1.1315617032448346,-1.1250727194086942,1.6864768870036562,1.5155953559619124,0.9270616099745234,0.0,-0.029936231672763824,0.8257335424423218,0.49680063128471375,-0.2773950695991516,-0.8791059255599976,0.16512222588062286,0.3506554663181305
20.21198797022324,1.1385134799192684,-1.10917632857013,1.6671965323979279,1.5310588417637105,0.9326630582350851,0.0,-0.029615432024002075,0.8354758024215698,0.49510133266448975,-0.27534937858581543,-0.8792297840118408,0.1726294457912445,0.34833425283432007
20.405253404885492,1.1489424198070897,-1.1014104243705825,1.6516726503404413,1.5387995763302404,0.9469054811391263,0.0,-0.03206378221511841,0.8407830595970154,0.49474409222602844,-0.2695097327232361,-0.8831080198287964,0.17635925114154816,0.3411482572555542
20.731580936990017,1.1675641575203273,-1.1121276166138037,1.6444382684735626,1.5289917559900723,0.9812629011935038,0.0,-0.04026728868484497,0.8362557888031006,0.4979007840156555,-0.2549912631511688,-0.8953089118003845,0.17118775844573975,0.3226393163204193
20.929255159280533,1.1870192316827934,-1.1233244110868055,1.636880142701032,1.518745028481153,1.0171578410472506,0.0,-0.048335395753383636,0.8317949175834656,0.5014636516571045,-0.23994870483875275,-0.9073251485824585,0.16522496938705444,0.3031277656555176
21.127127436629767,1.20732344012776,-1.1350098997668685,1.6289921357031043,1.5080510732958647,1.0546194479691144,0.0,-0.05624791234731674,0.8274438381195068,0.5055063962936401,-0.22441323101520538,-0.9190666675567627,0.1583966463804245,0.28260502219200134
21.325001856020922,1.2283912102656818,-1.1471348338724323,1.620807491680704,1.4969549603732877,1.0934898390885803,0.0,-0.06395584344863892,0.8232649564743042,0.5100901126861572,-0.20850026607513428,-0.9303850531578064,0.1506655067205429,0.26117274165153503
21.52282425173306,1.2500790561672033,-1.1596166343062733,1.6123819536596153,1.485532261834463,1.1335042804467295,0.0,-0.07140778750181198,0.8193227052688599,0.5152632594108582,-0.19237133860588074,-0.9411161541938782,0.1420285850763321,0.23900090157985687
21.720636533282036,1.2721795424067264,-1.1723359177235912,1.6037961084843417,1.4738922311453018,1.1742800501858506,0.0,-0.07855245471000671,0.8156768083572388,0.5210499167442322,-0.17623376846313477,-0.9510923027992249,0.13253140449523926,0.21633411943912506
21.918473066470856,1.2944255955622388,-1.185138977888651,1.595153711838219,1.4621755323072552,1.215324393339316,0.0,-0.0853433609008789,0.8123747110366821,0.5274395942687988,-0.16032922267913818,-0.9601596593856812,0.1222759485244751,0.1934853196144104
22.17676061552821,1.3165256031254347,-1.1978579858179181,1.5865680526245027,1.4505357537305172,1.2560992799125423,0.0,-0.09174685180187225,0.8094423413276672,0.5343847274780273,-0.1449010968208313,-0.9682044386863708,0.11141235381364822,0.17079538106918335
22.46542111243144,1.3421059218045126,-1.1982921590126117,1.5643844665684037,1.4471699934853166,1.3179664607058028,0.0,-0.0929582417011261,0.8130919933319092,0.539029598236084,-0.127502903342247,-0.9765688180923462,0.10490827262401581,0.13802410662174225
22.7349526792603,1.3680945794071921,-1.1892145790296595,1.533688458604804,1.4504839187057874,1.3905952275629638,0.0,-0.09029155969619751,0.8220037817955017,0.5423798561096191,-0.11014692485332489,-0.9835976958274841,0.10177421569824219,0.10022570937871933
22.950353100783655,1.3912175155853028,-1.1811379670781497,1.5063772429230868,1.4534324234936635,1.4552153540199708,0.0,-0.08810815960168839,0.8306339979171753,0.5466997027397156,-0.09500434994697571,-0.988405704498291,0.09800906479358673,0.0665028840303421
23.14825087774498,1.4121654790283946,-1.1738210515012937,1.481634954864159,1.456103588177614,1.5137572293372934,0.0,-0.08638788759708405,0.8389842510223389,0.5517219305038452,-0.08157166838645935,-0.9915911555290222,0.09381958097219467,0.03592933714389801
23.377663469114687,1.431395053560042,-1.1671043521042779,1.4589223091406178,1.458555633719696,1.5674968378531797,0.0,-0.08510082960128784,0.8470590710639954,0.5572707653045654,-0.06951113045215607,-0.9935417175292969,0.08933570235967636,0.00788392685353756
23.563392860635222,1.4461486038848785,-1.1626082822364188,1.4462886271867312,1.4603318002558274,1.592373857889624,0.0,-0.08943841606378555,0.8516709804534912,0.5601651668548584,0.06111505255103111,0.994317889213562,-0.08699613809585571,0.005340058356523514
23.827407244438948,1.45731372152675,-1.1600400223874134,1.4428110208707063,1.4615425159872413,1.590440593218501,0.0,-0.09926705062389374,0.8528047800064087,0.5599710941314697,0.05564510077238083,0.9946357607841492,-0.0870610699057579,0.004855559207499027
24.13520533359631,1.4680559729875449,-1.1571812076671388,1.4389613824856473,1.4628205903568872,1.5885808725732413,0.0,-0.10872408002614975,0.8541146516799927,0.5597270131111145,0.050381049513816833,0.9949125051498413,-0.08712983876466751,0.004390473011881113
24.454153935751073,1.4674146784531006,-1.1458603631118818,1.4242649696979839,1.466098872849757,1.5887014897099496,0.0,-0.10714828222990036,0.8637481331825256,0.558098554611206,0.05069541931152344,0.9949001669883728,-0.08708596229553223,0.004425085615366697
24.737938964701662,1.4667710490160395,-1.134498300258077,1.4095150484351444,1.469389091309582,1.5888225460041014,0.0,-0.1055598109960556,0.8733615875244141,0.556365430355072,0.05101102590560913,0.9948878288269043,-0.08704180270433426,0.00445987842977047
24.9325303932145,1.473765230791398,-1.1301635041799685,1.4036993748150572,1.4709489804286267,1.5876162625639643,0.0,-0.11166627705097198,0.8762727379798889,0.5558280944824219,0.04758346453309059,0.9950593709945679,-0.08703629672527313,0.004162087105214596
25.14431527820644,1.4845026713261933,-1.1292808131116898,1.4022728280010852,1.471658485932083,1.5857594486736937,0.0,-0.12155011296272278,0.875817596912384,0.5559107065200806,0.042320456355810165,0.9952971935272217,-0.08705589920282364,0.003701642621308565
25.39390269773018,1.494996265178048,-1.1289655708295756,1.401590641359024,1.472185954217742,1.583944674436403,0.0,-0.13124731183052063,0.8748078942298889,0.5560781955718994,0.037175919860601425,0.9955019354820251,-0.08708146214485168,0.0032519972883164883
25.647465065691087,1.5026676846940936,-1.135426950476484,1.40979546678033,1.4705431869415322,1.5826163995573748,0.0,-0.13871413469314575,0.8684015274047852,0.5572361946105957,0.033414602279663086,0.9956349730491638,-0.08709632605314255,0.002923035528510809
25.97321380120731,1.5103391042101395,-1.1418883301233929,1.4180002922016366,1.4689004196653221,1.5812881246783466,0.0,-0.1460915058851242,0.861915111541748,0.5583629012107849,0.029652809724211693,0.9957534074783325,-0.08711493760347366,0.0025941962376236916
26.223696897392443,1.5184648946122632,-1.1377607340998621,1.4123100402732227,1.4705422769808068,1.5798794788832402,0.0,-0.1533215492963791,0.8642371892929077,0.5579849481582642,0.025668008252978325,0.9958640336990356,-0.0871250182390213,0.0022456881124526262
26.42158530524867,1.5267996590373367,-1.1284217164000845,1.39978175561519,1.4738000139131793,1.5784338160963922,0.0,-0.16059839725494385,0.8708397150039673,0.5568214654922485,0.021580422297120094,0.9959610104560852,-0.08713346719741821,0.0018880806164816022
26.65768086522702,1.5356255101762513,-1.1227204340121693,1.3919894235546177,1.4759522803112972,1.5769025409185895,0.0,-0.16856011748313904,0.8742267489433289,0.5561830401420593,0.017251724377274513,0.9960453510284424,-0.08714158087968826,0.001509372261352837
26.926917756593408,1.5455625789716143,-1.1249379047880854,1.3945048568953102,1.4756999645821387,1.5751775767122467,0.0,-0.1777934730052948,0.8707283139228821,0.5568068027496338,0.012377668172121048,0.9961180686950684,-0.08714514225721359,0.0010828980011865497
27.207634934327732,1.5555135011672974,-1.1271584669696253,1.3970237970352173,1.4754472970962524,1.5734502077102661,0.0,-0.1869865357875824,0.8671257495880127,0.5574284791946411,0.0074966223910450935,0.9961662888526917,-0.08715490251779556,0.0006559307221323252
27.370990266482227,1.581535653301124,-1.1213021774600256,1.4082291864011327,1.4784128019040936,1.6224568073566144,-1.2334524394615289e-11,-0.19497805833816528,0.8581068515777588,0.5479010343551636,-0.0078507699072361,0.9949129223823547,-0.09694662690162659,0.026226218789815903
27.53434599600102,1.6074013167141818,-1.1155590301450575,1.4192177341990344,1.4813204823408004,1.6714635262122521,-1.5368323176941806e-11,-0.20254459977149963,0.8494098782539368,0.5393872857093811,-0.023550434038043022,0.9927471876144409,-0.10581807792186737,0.05196942761540413
27.69770172551981,1.6332307690407217,-1.1098419760926397,1.430156220597331,1.4842149045149304,1.72047024506789,-9.509830380329335e-12,-0.20984847843647003,0.8410031199455261,0.5317265391349792,-0.039626140147447586,0.9896443486213684,-0.1138998493552208,0.0778500884771347
27.8610574550386,1.6590389732484294,-1.1041380422257199,1.441069805293489,1.4871025480558668,1.7694769639235277,-4.4155833369332354e-15,-0.21696250140666962,0.8329171538352966,0.5248821377754211,-0.05605020001530647,0.9855907559394836,-0.1211966872215271,0.1038297489285469
28.024413184557392,1.6848343410943682,-1.098441384677063,1.4519693920332986,1.489986050881454,1.8184836827791655,9.64002378568996e-12,-0.2239566147327423,0.8251831531524658,0.5188271999359131,-0.07279133796691895,0.9805750846862793,-0.12770210206508636,0.129869282245636
28.187768914076184,1.7106237473527752,-1.092748491341007,1.462862092205602,1.4928675692227849,1.8674904016348033,1.7616433916124586e-11,-0.2309018224477768,0.8178260326385498,0.5135356187820435,-0.08981721103191376,0.9745877385139465,-0.1334076225757599,0.15592941641807556
28.351124643594975,1.7364118994220563,-1.087056484961165,1.4737528166609157,1.4957483971946504,1.9164971204904409,2.1659967975459736e-11,-0.23786965012550354,0.8108662366867065,0.5089799165725708,-0.10709398984909058,0.9676205515861511,-0.13830430805683136,0.1819702386856079
28.51448037311377,1.7622032026475054,-1.0813629204272739,1.4846467114824493,1.498629817715643,1.9655038393460789,1.9816189530288517e-11,-0.24493224918842316,0.8043159246444702,0.5051307678222656,-0.12458725273609161,0.9596670269966125,-0.14238454401493073,0.20795157551765442
28.67783610263256,1.7880019705388799,-1.0756651028186637,1.4955488173407658,1.501513181215918,2.0145105582017164,1.4191237575675727e-11,-0.2521628439426422,0.798180103302002,0.5019554495811462,-0.14226247370243073,0.9507217407226562,-0.1456422656774521,0.23383302986621857
28.841191832151356,1.8138150244330473,-1.0699594172885492,1.5064661275799986,1.5044003020274133,2.0635172770573544,8.175811555631632e-12,-0.25963640213012695,0.7924556732177734,0.49941790103912354,-0.1600862741470337,0.9407804012298584,-0.1480739265680313,0.2595740556716919
29.004547561670147,1.8396510458589668,-1.0642402434058826,1.5174093968498232,1.5072942395709386,2.112523995912992,1.8755476435033997e-12,-0.2674284875392914,0.7871290445327759,0.4974769651889801,-0.17802701890468597,0.9298389554023743,-0.14968036115169525,0.28513458371162415
29.167903291188942,1.8655262531231591,-1.0584945295638646,1.5284037942970816,1.5102015602340877,2.16153071476863,-1.8539497607792665e-12,-0.2756173014640808,0.7821722030639648,0.49607789516448975,-0.19605973362922668,0.9178904891014099,-0.15047374367713928,0.31047579646110535
29.331257431250542,1.8915605545043945,-1.0526350736618042,1.539616346359253,1.5131659507751465,2.2105369567871094,0.0,-0.2843415439128876,0.777466893196106,0.49505507946014404,-0.21424157917499542,0.9048857092857361,-0.15056680142879486,0.3355771005153656
29.44121382017598,1.8706379308745926,-1.0622449493042525,1.5340131650221576,1.505924354106556,2.1775500401094776,0.0,-0.2752913236618042,0.7800072431564331,0.4983094036579132,-0.19928275048732758,0.9151511192321777,-0.14695759117603302,0.31810086965560913
29.64002989982233,1.8494838014577704,-1.0719611568228142,1.5283481058269393,1.4986026302242035,2.144198127997146,0.0,-0.26640981435775757,0.7827475070953369,0.5018349289894104,-0.18423952162265778,0.9249141812324524,-0.14279447495937347,0.3003319799900055
29.83883402128682,1.828185032532528,-1.0817437980598947,1.5226443122852953,1.491230844695623,2.110618175104797,0.0,-0.2577119767665863,0.7856876254081726,0.5056442618370056,-0.16919593513011932,0.9341182708740234,-0.13808435201644897,0.2823623716831207
30.03767204289303,1.8068432013023072,-1.0915462180495374,1.5169289866922973,1.4838441547339372,2.0769703295479616,0.0,-0.24921317398548126,0.7888198494911194,0.5097431540489197,-0.15424558520317078,0.9427120685577393,-0.13284723460674286,0.2642988860607147
30.236473389016247,1.7855714452684657,-1.1013164521176273,1.511232427181693,1.4764817187242238,2.0434329655781887,0.0,-0.24092896282672882,0.7921280860900879,0.5141286253929138,-0.139487624168396,0.9506528973579407,-0.12711679935455322,0.24625901877880096
30.435331769333935,1.764458515640923,-1.11101373634729,1.505578401257592,1.4691742546336677,2.010146009660651,0.0,-0.23286211490631104,0.7955935001373291,0.518795371055603,-0.12500102818012238,0.9579201936721802,-0.12093137204647064,0.22834014892578125
30.634181972639418,1.7435974912196721,-1.1205953191358247,1.4999918353493158,1.4619539782655961,1.9772562112027912,0.0,-0.2250162661075592,0.7991911172866821,0.5237302780151367,-0.1108638122677803,0.9645028114318848,-0.11433886736631393,0.2106422632932663
30.832939770119047,1.7230669817133304,-1.1300250946134573,1.4944937810749137,1.4548480974795068,1.9448875074294094,0.0,-0.2173900455236435,0.8028935790061951,0.5289162397384644,-0.09713967889547348,0.9704045057296753,-0.10739091038703918,0.19325117766857147
31.03189418842063,1.702889009010245,-1.1392929480062395,1.4890901358787387,1.4478642343421209,1.9130746183741327,0.0,-0.20996324717998505,0.8066798448562622,0.5343443155288696,-0.0838509127497673,0.9756518602371216,-0.10012507438659668,0.17620272934436798
31.219388291286087,1.677250031082289,-1.1476187058302036,1.486427502287701,1.4433760888729266,1.8683791152831535,0.0,-0.20156118273735046,0.8094387054443359,0.5374554395675659,-0.06793742626905441,0.9812073111534119,-0.09634146839380264,0.15275758504867554
31.4436247681554,1.6433578466448209,-1.1550911125345338,1.4872124109860956,1.4419346213573305,1.8049205345496981,0.0,-0.19180864095687866,0.8112088441848755,0.5381193161010742,-0.04768029972910881,0.9869514107704163,-0.0964796170592308,0.11977068334817886
31.66997229149144,1.6090501992709243,-1.1626551187649226,1.4880069413857195,1.4404754837996074,1.7406840550548999,0.0,-0.1823199838399887,0.813540518283844,0.5399131178855896,-0.02722501941025257,0.991321325302124,-0.09537728130817413,0.08627860993146896
31.89177785761203,1.5753351691764708,-1.170088467222568,1.48878774736878,1.4390415508302483,1.6775571721262648,0.0,-0.173240527510643,0.816372275352478,0.54279625415802,-0.007236232049763203,0.9942024946212769,-0.0930824726819992,0.05333356559276581
32.10767053672475,1.5430249674547747,-1.177212085011469,1.4895360189481772,1.4376673665757602,1.6170606423657403,0.0,-0.16464844346046448,0.8195863962173462,0.5466161370277405,0.011756384745240211,0.9956550002098083,-0.08976496756076813,0.021793019026517868
32.31296546688545,1.5236121330023589,-1.1853413405603146,1.494495011932325,1.4359855550586225,1.5789869920753223,0.0,-0.16014857590198517,0.8186070322990417,0.550162672996521,0.023143690079450607,0.995925784111023,-0.08713239431381226,0.002024895278736949
32.623242673329734,1.526066777695401,-1.1960013644610528,1.5075606170997677,1.4335985014972088,1.5785611298854723,0.0,-0.16268880665302277,0.8091529011726379,0.5519058108329773,0.021939853206276894,0.9959530234336853,-0.08713438361883163,0.0019195773638784885
32.822116439096355,1.5285168521875852,-1.206641540906672,1.5206018959603862,1.4312158922915366,1.5781360605907206,0.0,-0.1651807278394699,0.7996690273284912,0.5535560846328735,0.020738210529088974,0.995978832244873,-0.08713675290346146,0.001814427669160068
33.12520750319002,1.529518537963807,-1.2162139694778906,1.5323765495284598,1.4290193451789228,1.577962171826355,0.0,-0.16637222468852997,0.7912891507148743,0.5549329519271851,0.02024698071181774,0.9959889054298401,-0.08713690936565399,0.0017713906709104776
33.476631342083074,1.5178426181335805,-1.2165679466270283,1.5332217827537202,1.4284215497444868,1.5799868392871244,0.0,-0.15654462575912476,0.7927778959274292,0.5546813607215881,0.025973236188292503,0.9958565831184387,-0.08711905032396317,0.0022722191642969847
33.84168439119688,1.506159389413032,-1.216922145358722,1.534067545077932,1.4278233801021658,1.5820127741488885,0.0,-0.14669880270957947,0.7941460013389587,0.5544307231903076,0.03170233592391014,0.9956901669502258,-0.08710993081331253,0.002773620653897524
34.11512506102115,1.5080130308184847,-1.2248899584747526,1.5435431863692999,1.4263366330031366,1.5816915718960984,0.0,-0.14869193732738495,0.7870907783508301,0.5557447075843811,0.03079342469573021,0.9957186579704285,-0.08711288124322891,0.0026941301766783
34.31399269868523,1.5126296870321536,-1.2344114762758196,1.5547799006608196,1.4246685796860505,1.580891294741585,0.0,-0.15303316712379456,0.778283417224884,0.5573115348815918,0.02852959744632244,0.9957861304283142,-0.08711846172809601,0.0024960143491625786
34.67521083852698,1.5172459672804464,-1.2439322186756316,1.5660156998710946,1.4230006622097684,1.5800910827590242,0.0,-0.15729746222496033,0.7694258689880371,0.5588051080703735,0.026265747845172882,0.9958483576774597,-0.0871254950761795,0.0022980482317507267
34.9501146982961,1.507905478033647,-1.2460914494469013,1.5688900158508854,1.4221746783913627,1.581709173208824,0.0,-0.1497463434934616,0.7689369320869446,0.55888831615448,0.03084626980125904,0.9957177042961121,-0.08710501343011856,0.0026984356809407473
35.16377742468741,1.4958020593688708,-1.2467978605695131,1.570114431617909,1.4215144861573241,1.5838059987903286,0.0,-0.13986071944236755,0.7699901461601257,0.5587021112442017,0.03678080067038536,0.9955162405967712,-0.08708754926919937,0.003217690158635378
35.37454640758263,1.4835209508891762,-1.2511511744080641,1.5725488161666203,1.411636742937808,1.58449449868041,0.0,-0.13019132614135742,0.771635115146637,0.5587824583053589,0.0429249033331871,0.9957635998725891,-0.08124887198209763,0.0032852382864803076
35.58271653159261,1.4708024250458864,-1.269594075635347,1.5796374094846044,1.3661243278664763,1.5796931141729,0.0,-0.12149212509393692,0.7762159109115601,0.5602710247039795,0.04967231675982475,0.9973663687705994,-0.05281694605946541,0.0018048578640446067
35.78166571586132,1.45856190138725,-1.2873438346552226,1.5864595911811585,1.3223224124317376,1.5750721807893828,0.0,-0.11298319697380066,0.7809447646141052,0.5623174905776978,0.056015610694885254,0.9981064796447754,-0.025398174300789833,0.000713831395842135
36.10379934506303,1.4470247324573384,-1.304208507017444,1.5933452916667497,1.2816594678739914,1.570796369933959,0.0,-0.10486575216054916,0.7851912379264832,0.5647796392440796,0.061846308410167694,0.9980856776237488,5.8446687489777105e-08,2.467987592069676e-08
36.44142540056532,1.4416092564573453,-1.3155244686958527,1.608063298537217,1.2782574541779765,1.570796355234413,0.0,-0.10191775858402252,0.7756969928741455,0.5649210214614868,0.06454861909151077,0.9979145526885986,-3.2327012178257064e-08,1.9738990886253305e-08
36.640276609699185,1.436198635064444,-1.3268302863817825,1.622768111712333,1.2748584901566005,1.5707963405480443,0.0,-0.09908286482095718,0.7661672234535217,0.5649581551551819,0.06724807620048523,0.9977362155914307,-1.9636045678339542e-08,2.168726354057071e-08
36.83913806338137,1.4307928851660636,-1.3381259247879373,1.6374596852959828,1.271462586418583,1.5707963258748987,0.0,-0.09636139869689941,0.7566040754318237,0.5648910403251648,0.06994454562664032,0.9975508451461792,3.831469896908857e-08,2.4679351895429136e-08
37.029187910350885,1.4277040411284871,-1.3490338654598806,1.6515404933942937,1.2682897382179275,1.570796314870016,0.0,-0.09542802721261978,0.7471525073051453,0.5648008584976196,0.07148510217666626,0.9974416494369507,-1.3915670393771506e-08,2.191603698520339e-08
37.22813789190696,1.431573038171215,-1.3587965294892943,1.6638113959212508,1.26578148227263,1.570796314870016,0.0,-0.09953434765338898,0.7380975484848022,0.5648676156997681,0.06955544650554657,0.9975780844688416,-8.161027409414601e-08,1.6478162834232535e-08
37.426983736622795,1.4354375114855733,-1.368547778767095,1.6760679510012413,1.2632761590430865,1.570796314870016,0.0,-0.10357031971216202,0.7290112972259521,0.5648555755615234,0.06762773543596268,0.997710645198822,4.323385383031564e-08,2.4286046951260687e-08
37.734562187807285,1.4398966524024703,-1.3775662961021353,1.6874045311919523,1.2609580802167482,1.5707963153065652,0.0,-0.10788195580244064,0.7204762697219849,0.564773440361023,0.06540309637784958,0.9978588819503784,4.8835456567530855e-08,2.531402998329213e-08
38.05431394070942,1.454060475620009,-1.3747723261356424,1.6839101858113301,1.2616584631632843,1.570796322838972,0.0,-0.1177821010351181,0.7213773131370544,0.5647938847541809,0.058334797620773315,0.9982969760894775,3.927873137854476e-08,2.418921773994498e-08
38.25312417165,1.468172769511481,-1.371988520895665,1.6804285531891023,1.262356298050538,1.5707963303439754,0.0,-0.12769347429275513,0.7221377491950989,0.564807653427124,0.05128925293684006,0.9986838102340698,4.910245365863375e-08,2.4293131062336215e-08
38.45197243780453,1.4822378669722716,-1.3692140256709164,1.6769585643601501,1.2630517991346457,1.5707963378238794,0.0,-0.13761651515960693,0.7227580547332764,0.5648149251937866,0.0442647859454155,0.9990198016166687,3.1896743024617535e-08,2.3395161363737316e-08
38.65086460650522,1.4962564138733971,-1.3664487130562322,1.6735000599821566,1.2637449983531028,1.5707963452790275,0.0,-0.14754951000213623,0.7232385277748108,0.564815878868103,0.037261296063661575,0.9993054866790771,3.42199939495913e-08,2.3419623573772697e-08
38.84979751125533,1.5102290257516653,-1.3636924616302044,1.6700528881965335,1.264435926143418,1.570796352709747,0.0,-0.1574902981519699,0.7235797643661499,0.5648103952407837,0.030279036611318588,0.9995414614677429,-1.891466538950226e-08,2.1098827573950985e-08
39.04864387751181,1.5241471681142014,-1.3609469549154531,1.6666191545411213,1.2651241604858314,1.5707963601114994,0.0,-0.1674305647611618,0.723781406879425,0.5647988319396973,0.023322470486164093,0.9997279644012451,-1.588053955003943e-08,2.171955593155417e-08
39.274591487140995,1.5380144243010978,-1.35821148605872,1.6631979749729815,1.2658098785719285,1.5707963674861902,0.0,-0.17737053334712982,0.7238446474075317,0.5647810697555542,0.016390223056077957,0.9998656511306763,-2.3905583290684262e-08,2.1355921475674222e-08
39.4578194489658,1.54627139441423,-1.3503488767372205,1.6531659329646096,1.2679793142788978,1.570796357526857,0.0,-0.18316732347011566,0.7294456362724304,0.564833402633667,0.0122621338814497,0.9999247789382935,-1.742513511260313e-08,2.1744353873032196e-08
39.656668180781615,1.5506423653937673,-1.3389173715023734,1.6385323276305173,1.2711814143781428,1.5707963355206043,0.0,-0.18614642322063446,0.7389312386512756,0.5648523569107056,0.01007680781185627,0.9999492168426514,-1.5257779040211972e-08,2.191684167485164e-08
39.85538064147831,1.5549016179560156,-1.3274755255934778,1.6238540909678356,1.27441780427123,1.570796315730715,0.0,-0.18912865221500397,0.7484084963798523,0.5647852420806885,0.007947281002998352,0.999968409538269,4.3614697631255694e-08,2.2372791619318377e-08
40.0542396364689,1.5574055159145033,-1.3161191222466389,1.608817684081559,1.2780977941317493,1.5707963294096332,0.0,-0.19086450338363647,0.758197546005249,0.5649387836456299,0.006695377640426159,0.9999775886535645,-2.9117215305518585e-08,2.1717287523870255e-08
40.2530969364524,1.5599177983073267,-1.30472469138441,1.593730926994007,1.2817901066323494,1.5707963431343563,0.0,-0.19265711307525635,0.7679773569107056,0.5649878978729248,0.0054392325691878796,0.9999852180480957,-2.2271480659696863e-08,2.1821815465727923e-08
40.45195822249652,1.5624385084941337,-1.2932920363495564,1.5785935593218425,1.2854948054988957,1.5707963569051206,0.0,-0.19450658559799194,0.7777467370033264,0.5649315118789673,0.004178907722234726,0.999991238117218,-1.7170993515946975e-08,2.1937504257607543e-08
40.84169627211891,1.5650301704821739,-1.2821297828708236,1.5637356328400467,1.2891904649007928,1.5707963701788332,0.0,-0.19646401703357697,0.7872318625450134,0.5648293495178223,0.002883050823584199,0.9999958276748657,2.214694205804335e-08,2.204473403821794e-08
41.24226377646869,1.5715697879716706,-1.2904391558426553,1.5696991885585476,1.2915362821541236,1.5707963491837982,0.0,-0.2016030102968216,0.7795286178588867,0.5684825778007507,-0.00038673687959089875,0.9999998211860657,-1.6796857238432494e-08,2.196384052410849e-08
41.44095284234231,1.578113430963466,-1.2987536437008012,1.5756664151809343,1.293883543389883,1.5707963281758397,0.0,-0.20665259659290314,0.7717670798301697,0.5720816850662231,-0.003658546833321452,0.9999933242797852,-2.342788008036223e-08,2.2064822857714717e-08
41.639988769995625,1.5846857925445055,-1.3071046219912454,1.581659830629715,1.2962411062315464,1.5707963070756819,0.0,-0.21163053810596466,0.7639187574386597,0.575640082359314,0.006944681517779827,-0.999975860118866,3.541351389912961e-08,3.752278132651554e-08
41.838734832810815,1.591266092314776,-1.3154656867087848,1.5876604850085794,1.2986015165702214,1.5707962859500388,0.0,-0.21651960909366608,0.7560094594955444,0.5791457891464233,0.010234675370156765,-0.9999475479125977,-3.175736651428451e-08,3.8069817520636207e-08
42.05209623023694,1.5978715698025991,-1.3238587427539612,1.5936840992504224,1.3009709583735547,1.5707962647435645,0.0,-0.22133147716522217,0.7480195760726929,0.5826072096824646,0.013537192717194557,-0.9999083280563354,-5.2625566127062484e-08,3.8362660603752374e-08
42.25557084349701,1.6023427852686252,-1.3362733774999345,1.6048060371235457,1.2941461325345944,1.5710972280806093,0.0,-0.22434090077877045,0.7392890453338623,0.5847831964492798,-0.015771863982081413,0.9998673796653748,0.004060617182403803,8.642709872219712e-05
42.45443123547146,1.6031157722427183,-1.355658608074871,1.6247644384052857,1.2713870112829135,1.5719198258451537,0.0,-0.2243533879518509,0.7293463945388794,0.5846984386444092,-0.01614866405725479,0.9997545480728149,0.015158310532569885,0.00031676943763159215
42.65329408613751,1.6038889161926324,-1.375047775342909,1.6447268927778744,1.2486232681787721,1.5727425906603265,0.0,-0.22435075044631958,0.7194064855575562,0.5844448804855347,-0.01651427522301674,0.999518632888794,0.026256471872329712,0.0005384388496167958
42.852155968228075,1.604662227505365,-1.3944411397927015,1.6646936684319347,1.2258545973969281,1.5735655335797685,0.0,-0.22433319687843323,0.7094723582267761,0.5840230584144592,-0.016868606209754944,0.9991593360900879,0.037353917956352234,0.0007512389565818012
43.05101477695415,1.6054356999395312,-1.4138385449006812,1.684664604215906,1.2030811827029981,1.5743886479615197,0.0,-0.2243008017539978,0.6995469927787781,0.5834330320358276,-0.017211521044373512,0.9986768364906311,0.048449333757162094,0.0009550972608849406
43.249884389022085,1.6062093581734473,-1.4332406095580525,1.7046403373199912,1.1803022974912334,1.575211960067765,0.0,-0.2242535650730133,0.6896325349807739,0.5826753377914429,-0.01754281297326088,0.998071014881134,0.05954154208302498,0.001149884075857699
43.44874463198492,1.606983157231023,-1.4526462058391196,1.7246197064686732,1.1575192659964726,1.576035422035821,0.0,-0.22419171035289764,0.6797328591346741,0.5817500948905945,-0.01786235347390175,0.9973418116569519,0.07062852382659912,0.001335364650003612
43.64760949430773,1.6077571319024504,-1.4720562062241689,1.7446036099392055,1.1347310638881285,1.5768590708887367,0.0,-0.2241152971982956,0.6698501110076904,0.5806576013565063,-0.01816999353468418,0.9964893460273743,0.0817093551158905,0.00151158741209656
43.834688413569424,1.6039726118790332,-1.49092998322394,1.7662917556532054,1.108470453395918,1.5762924362470556,0.0,-0.22143769264221191,0.6614027619361877,0.5776627659797668,-0.01625838130712509,0.9954971671104431,0.09337814152240753,0.001187299843877554
44.033555436560604,1.5958216705471429,-1.5093043381576334,1.789627244123223,1.078866553061447,1.5743945302013378,0.0,-0.2163773775100708,0.6542943120002747,0.572894811630249,-0.01225234568119049,0.9943309426307678,0.10562006384134293,0.0004675515810959041
44.23240916026542,1.5876619720637317,-1.5276984340026778,1.812987803612652,1.0492308470949279,1.5724945850965546,0.0,-0.21144285798072815,0.6471619009971619,0.5680330991744995,0.008273866958916187,-0.992995023727417,-0.11786631494760513,0.0001507085980847478
44.431277356723044,1.5794930582044815,-1.5461133037166064,1.8363747459808044,1.0195616712435482,1.570592494237458,0.0,-0.20663389563560486,0.6400071978569031,0.5630777478218079,0.004324638284742832,-0.9914892315864563,-0.13011494278907776,0.0006668265559710562
44.63012962756464,1.571316528936872,-1.5645453405539946,1.859783490649663,0.9898648365266598,1.5686886301684984,0.0,-0.20195160806179047,0.6328336000442505,0.5580308437347412,0.00040745511068962514,-0.989814043045044,-0.14236101508140564,0.001080138492397964
44.82899985430548,1.5631314470742081,-1.5829966571789238,1.8832167207092465,0.9601369391188146,1.5667827746704264,0.0,-0.19739554822444916,0.6256425380706787,0.5528923273086548,-0.0034761105198413134,-0.9879694581031799,-0.15460322797298431,0.0013901242054998875
45.02785754544446,1.5549395982069087,-1.6014632284032846,1.9066693241580148,0.9303844642146251,1.5648753435090674,0.0,-0.1929667592048645,0.6184372901916504,0.5476644039154053,-0.0073232874274253845,-0.9859560132026672,-0.1668364554643631,0.001596319256350398
45.21731711147139,1.5510623075682308,-1.615929426981835,1.9257612140974156,0.9119627349561464,1.564082607661842,0.0,-0.19097723066806793,0.6102806329727173,0.5432771444320679,-0.009134153835475445,-0.9847654700279236,-0.17363983392715454,0.0015926685882732272
45.41621771795461,1.5526023893513452,-1.6253544982446473,1.9393523110004627,0.9077817539610359,1.5646891358535022,0.0,-0.1919022798538208,0.600943386554718,0.5399811267852783,-0.008428475819528103,-0.9847714900970459,-0.17364336550235748,0.0014276552246883512
45.6151435632796,1.5541380130835576,-1.634752286899544,1.9529040659656496,0.9036128755869041,1.565293908337393,0.0,-0.19279663264751434,0.5916240811347961,0.5366226434707642,-0.007724812254309654,-0.9847767949104309,-0.1736471951007843,0.0012631468707695603
45.813949957171175,1.555668121463894,-1.6441163224219542,1.9664071483975882,0.8994589701717577,1.5658965087181942,0.0,-0.19365981221199036,0.5823298692703247,0.5332046747207642,-0.007023721933364868,-0.9847814440727234,-0.17365139722824097,0.0010992161696776748
46.012775424549076,1.5571938611958973,-1.65345362246686,1.9798716778620873,0.8953169246694145,1.566497388600511,0.0,-0.19449275732040405,0.5730546116828918,0.5297254920005798,-0.006324602756649256,-0.9847856163978577,-0.17365598678588867,0.000935742340516299
46.19767555190036,1.5529880459419847,-1.660278650905093,1.9944876102259295,0.8875758874247666,1.5650460879460375,0.0,-0.1926468461751938,0.566156268119812,0.5238538980484009,-0.008269590325653553,-0.9847738146781921,-0.17363902926445007,0.0012854225933551788
46.3965427052767,1.544542986099397,-1.6652476214786691,2.0099584937083343,0.8771716832559036,1.5620769410071969,0.0,-0.18891505897045135,0.5609404444694519,0.516255259513855,-0.012170244008302689,-0.9847365617752075,-0.1736130714416504,0.002014791127294302
46.59541691807816,1.5361029540381017,-1.6702136337668383,2.0254201665729346,0.8667736732483676,1.55910956175523,0.0,-0.18528969585895538,0.555631160736084,0.508669376373291,-0.016068534925580025,-0.9846819639205933,-0.17359590530395508,0.0027439536061137915
46.79429222984025,1.5276677047726739,-1.6751768319160472,2.0408730776195054,0.8563815555832934,1.55614386405721,0.0,-0.18177245557308197,0.5502302646636963,0.5010972023010254,-0.01996447890996933,-0.984609842300415,-0.17358775436878204,0.003472879994660616
47.207338838769246,1.5192380188529322,-1.680136756660269,2.056315796923864,0.8459962918879318,1.5531801223418735,0.0,-0.17836539447307587,0.5447400808334351,0.4935399889945984,-0.023857666179537773,-0.9845203161239624,-0.1735883355140686,0.004201457370072603
47.51556104848037,1.5132805314480986,-1.6795110880198345,2.0473548379160458,0.8544429724095568,1.5511343235819663,0.0,-0.17556458711624146,0.5485264658927917,0.4992731213569641,-0.02661341428756714,-0.9844501614570618,-0.17357255518436432,0.00469299778342247
47.71441840434323,1.5077295044290977,-1.677954459676531,2.034320900594082,0.8660340798861381,1.549239595068199,0.0,-0.17280712723731995,0.5537744760513306,0.5072553157806396,-0.02918209508061409,-0.984377920627594,-0.17355668544769287,0.005145652685314417
47.91322816962252,1.502171298815544,-1.676395818299656,2.021270107769318,0.8776401769962968,1.5473424162893288,0.0,-0.16999927163124084,0.5589252710342407,0.5152801871299744,-0.0317540168762207,-0.9842979907989502,-0.17354443669319153,0.0055990442633628845
48.11215144449721,1.4966011329376525,-1.6748338230053168,2.0081912319726642,0.889271248351566,1.5454411551210565,0.0,-0.16714003682136536,0.5639818906784058,0.5233536958694458,-0.03433132544159889,-0.9842103123664856,-0.1735357940196991,0.006053519900888205
48.29522388854871,1.4966579909846056,-1.6684729038854444,1.9944210378954328,0.8966731896323125,1.545460371792242,0.0,-0.166632741689682,0.5711578130722046,0.5290138721466064,-0.03430493548512459,-0.984210729598999,-0.17353898286819458,0.006048861425369978
48.49407824555288,1.5018729119289578,-1.6577087993655009,1.9800079656944727,0.9002034229960233,1.547240011897442,0.0,-0.1683872491121292,0.5803504586219788,0.5323716402053833,-0.03189188241958618,-0.9842919111251831,-0.1735527068376541,0.005623335484415293
48.690788157823185,1.5054198904466347,-1.6472838469964033,1.9658374279938347,0.9038677913127818,1.5484504112409418,0.0,-0.16944485902786255,0.5895509123802185,0.5356837511062622,-0.030250562354922295,-0.9843433499336243,-0.173564150929451,0.005333982408046722
48.88964916447053,1.5031796339805823,-1.6380775279052664,1.9525673438145188,0.9079805188020262,1.5476857249349605,0.0,-0.16775311529636383,0.5987433195114136,0.5390751957893372,-0.03128714859485626,-0.9843111038208008,-0.17355796694755554,0.005516796372830868
49.08947530520638,1.5009324448575994,-1.6288427191064478,1.9392561942739617,0.9121059734629864,1.5469186722446393,0.0,-0.16601602733135223,0.6079527735710144,0.5424076318740845,-0.03232697397470474,-0.9842773675918579,-0.1735522747039795,0.005700200796127319
49.29332956340631,1.492694049570539,-1.6231318014151335,1.930459464538124,0.9154269861252881,1.544111094204368,0.0,-0.16139796376228333,0.614861249923706,0.544852614402771,-0.03613978624343872,-0.9841482043266296,-0.17350943386554718,0.006371523253619671
49.52733698729767,1.4743919178999254,-1.623359441315286,1.929273264769384,0.9173886435959244,1.5378759441299419,0.0,-0.1519584208726883,0.617804229259491,0.5459031462669373,-0.04460953176021576,-0.9838037490844727,-0.17343105375766754,0.007864273153245449
49.86596620540026,1.4561089056129652,-1.6235868434106484,1.9280883041682384,0.9193482518144597,1.5316473076260961,0.0,-0.14247474074363708,0.6205994486808777,0.5469638109207153,-0.053068388253450394,-0.9833773374557495,-0.17339280247688293,0.009357321076095104
50.196710212537155,1.4515205895354901,-1.6339344312654662,1.9424091483963801,0.9155480626703156,1.5300876160153678,0.0,-0.1412537544965744,0.6115294694900513,0.5437123775482178,-0.055191658437252045,-0.9832605719566345,-0.1733717918395996,0.00973169319331646
50.39556306079875,1.4472170404214826,-1.6444581436518513,1.9570036745770563,0.9116424163129663,1.5286249987503486,0.0,-0.1402837336063385,0.6022438406944275,0.5402929782867432,-0.057183075696229935,-0.9831464886665344,-0.17335307598114014,0.010082889348268509
50.593673868485794,1.4372375826882466,-1.655293762457749,1.97134335088083,0.9085735374512468,1.5252397143672367,0.0,-0.1366228610277176,0.593578577041626,0.5371896028518677,-0.06180170550942421,-0.9828689694404602,-0.17329230904579163,0.010896551422774792
50.88182600458371,1.4266218845785477,-1.6661935656110085,1.9856964649832007,0.9055855596473631,1.5216388951095916,0.0,-0.13284718990325928,0.58493971824646,0.5340258479118347,-0.06671404093503952,-0.9825471639633179,-0.17323967814445496,0.011763016693294048
51.00379225867922,1.4177947400920425,-1.6670057524433641,1.9862599773592535,0.9062534012486914,1.5186493340257683,0.0,-0.1286710798740387,0.5854393839836121,0.5341938734054565,-0.07079895585775375,-0.982261061668396,-0.17319022119045258,0.012483213096857071
51.27381975194835,1.41049095732444,-1.6592713652356845,1.975140972971198,0.9100176875826212,1.5161803736293968,0.0,-0.12395007908344269,0.5936562418937683,0.5372074246406555,-0.07417934387922287,-0.9820126295089722,-0.17314006388187408,0.013078751973807812
51.472662337035175,1.4031925628940587,-1.651542684041971,1.964030171585219,0.9137791968290049,1.5137132346989186,0.0,-0.11912007629871368,0.6018251180648804,0.5401716232299805,-0.07755677402019501,-0.9817512035369873,-0.17309631407260895,0.013674438931047916
51.715888318784565,1.395831610643633,-1.643855650066637,1.9529748378725045,0.9175313541721968,1.5112251557761769,0.0,-0.11415316164493561,0.6099188327789307,0.543077290058136,-0.08096254616975784,-0.9814743995666504,-0.1730581521987915,0.014275752007961273
51.95938037876988,1.3777542308729764,-1.6428558181519515,1.9507967899350072,0.9198538680207315,1.5051491070791856,0.0,-0.10473187267780304,0.6129165291786194,0.544121503829956,-0.08933167904615402,-0.9807549715042114,-0.17289167642593384,0.01574777625501156
52.201143120480914,1.359722587281443,-1.641858515834593,1.9486242525079858,0.9221705058567723,1.499088430922634,0.0,-0.0952632948756218,0.6157614588737488,0.5451732277870178,-0.09767571836709976,-0.9799567461013794,-0.1727648377418518,0.017220472916960716
52.35849536689203,1.347276761504025,-1.6468968818491407,1.9550607839590204,0.9215963823729255,1.4949124654723687,0.0,-0.08988728374242783,0.612352192401886,0.5440109372138977,-0.10343388468027115,-0.9793618321418762,-0.17268197238445282,0.01823769137263298
52.59417806189723,1.3401424078173747,-1.6576960340174516,1.9697134272153416,0.918265295893225,1.4925286710067347,0.0,-0.08856013417243958,0.6030862331390381,0.5406572222709656,-0.1067359521985054,-0.9790077805519104,-0.17261797189712524,0.018819760531187057
52.898522960918534,1.335988372061459,-1.6673483752394118,1.982898432990365,0.9150479914856763,1.491142971432652,0.0,-0.08859014511108398,0.5946010947227478,0.5374932289123535,-0.10865871608257294,-0.978796660900116,-0.17257796227931976,0.019158581271767616
53.23271245520646,1.3549992432300682,-1.6681177393420852,1.9847185799726934,0.912703391128136,1.4975151144920995,0.0,-0.09813500195741653,0.5919955372810364,0.5364989042282104,-0.09986381232738495,-0.9797401428222656,-0.17270362377166748,0.017603756859898567
53.46102219432681,1.3740545593631692,-1.6688889021187867,1.9865429822238772,0.9103533093974008,1.5039021548000477,0.0,-0.10763556510210037,0.5892313122749329,0.5355139970779419,-0.09104317426681519,-0.9805958867073059,-0.17287328839302063,0.016050158068537712
53.653737125450036,1.3818470607019209,-1.6747009017321393,1.9946790821479206,0.9074890884895318,1.5065121496965928,0.0,-0.11246757209300995,0.583005428314209,0.5333256125450134,-0.08743445575237274,-0.9809190630912781,-0.1729600727558136,0.015416902489960194
53.88803017966807,1.379099744185674,-1.6852087185742393,2.0086928969662963,0.9041511533016986,1.5055875676052768,0.0,-0.11301404237747192,0.5736716389656067,0.529940128326416,-0.0887058898806572,-0.9808049201965332,-0.172939732670784,0.01564110815525055
54.10106703849103,1.3746644943799013,-1.6931603946754585,2.0223958746988058,0.8986857859961597,1.5040977669928581,0.0,-0.11250773072242737,0.5661567449569702,0.5252028107643127,-0.09075888246297836,-0.9806179404258728,-0.17290166020393372,0.01600257121026516
54.3391041488743,1.364669406300437,-1.6927908962862626,2.0351724270090132,0.8862137639014636,1.5007461772219373,0.0,-0.10844164341688156,0.5644339919090271,0.516295313835144,-0.09538587182760239,-0.9801813364028931,-0.17280957102775574,0.0168170053511858
54.537938426563755,1.354630078008155,-1.692419762424998,2.0480055308362046,0.8736865382000206,1.49737975265981,0.0,-0.10442894697189331,0.5625612735748291,0.5073942542076111,-0.10003205388784409,-0.9797178506851196,-0.1727292388677597,0.01763637736439705
54.79730915063229,1.3445451895343226,-1.6920469442950647,2.060896873474121,0.8611024618148804,1.4939980506896973,0.0,-0.10047364234924316,0.5605387687683105,0.4985005259513855,-0.10469787567853928,-0.9792271256446838,-0.17266078293323517,0.01846085675060749
54.95675318969892,1.3506061030244296,-1.7164583201893222,2.0894399549295284,0.8132692500948906,1.4916482862508802,0.0,-0.10617521405220032,0.5527830719947815,0.49100130796432495,-0.10024924576282501,-0.9756964445114136,-0.19405144453048706,0.017620299011468887
55.11619802349415,1.3565559350511545,-1.7407085023576983,2.1178467846479223,0.7654357999563217,1.489341596307105,0.0,-0.11166001856327057,0.5452345013618469,0.48363953828811646,-0.0957857295870781,-0.9716838598251343,-0.2153395712375641,0.016859881579875946
55.27564285728938,1.362480744683052,-1.7649235065633417,2.1462297644100397,0.7176023498177528,1.4870448202269368,0.0,-0.11701424419879913,0.5377752184867859,0.4764171242713928,-0.09126734733581543,-0.9671944379806519,-0.23652204871177673,0.016200361773371696
55.435087691084604,1.3683917819368203,-1.7891161032975016,2.1745953277399015,0.669768899679184,1.4847531829830816,0.0,-0.1222524642944336,0.5303828120231628,0.4693409204483032,-0.08669323474168777,-0.96222984790802,-0.2575913667678833,0.015643008053302765
55.59453252487983,1.3742931413994814,-1.8132904095740727,2.202944625342483,0.6219354495406151,1.4824654569538738,0.0,-0.1273825466632843,0.5230410099029541,0.46241578459739685,-0.08206639438867569,-0.956791877746582,-0.27853837609291077,0.015186846256256104
55.75397735867506,1.3801890245316573,-1.8374535465912456,2.2312831042888184,0.5741019994020462,1.4801798766091265,0.0,-0.13241291046142578,0.5157293677330017,0.45564329624176025,-0.07738977670669556,-0.9508828520774841,-0.29935339093208313,0.01483156532049179
55.913422192470286,1.3860810471009253,-1.8616078634828097,2.259613190557953,0.5262685492634773,1.4778958570798595,0.0,-0.13734868168830872,0.5084314346313477,0.44902414083480835,-0.07266788929700851,-0.9445052146911621,-0.32002609968185425,0.014575761742889881
56.07286702626551,1.3919716731654515,-1.8857586413776974,2.2879400325085806,0.47843509912490845,1.4756125316661473,0.0,-0.14219576120376587,0.5011277794837952,0.44255709648132324,-0.06790471076965332,-0.9376616477966309,-0.3405460715293884,0.014418358914554119
56.23231186006074,1.3978624954990178,-1.9099102025160841,2.3162682654468894,0.43060164898633957,1.4733291656892769,0.0,-0.1469588577747345,0.4937998056411743,0.4362390637397766,-0.06310467422008514,-0.9303551316261292,-0.36090293526649475,0.014358088374137878
56.39175669385597,1.4037551708520757,-1.934066176769713,2.3446013429153245,0.3827681988477707,1.471045305226766,0.0,-0.15164193511009216,0.48642975091934204,0.4300668239593506,-0.05827229842543602,-0.9225888252258301,-0.3810864984989166,0.014393536373972893
56.551201527651195,1.4096520465639037,-1.9582323335392093,2.372944859221882,0.3349347487092018,1.4687598306154037,0.0,-0.15624915063381195,0.4789988100528717,0.4240350127220154,-0.05341164022684097,-0.9143661260604858,-0.4010869562625885,0.014523562975227833
56.71064626210535,1.4155546573320392,-1.9824110487252566,2.4013004026765827,0.2871013283729553,1.466472200327821,0.0,-0.16078321635723114,0.4714909493923187,0.4181385934352875,-0.048527203500270844,-0.9056905508041382,-0.4208945333957672,0.014746702276170254
56.87009105826048,1.421467259787872,-2.0066098491530404,2.4296739473436055,0.2392678895264159,1.4641806733985459,0.0,-0.16524836421012878,0.4638870656490326,0.4123702943325043,-0.043622057884931564,-0.8965655565261841,-0.44050005078315735,0.01506240013986826
57.0295357122124,1.4273940895057895,-2.0308321684630033,2.4580663360429,0.191434493340839,1.4618837495404748,0.0,-0.16964754462242126,0.45617198944091797,0.406724214553833,-0.03869938105344772,-0.8869948387145996,-0.4598948359489441,0.015470139682292938
57.188980517560026,1.4333464991472797,-2.0550905788498777,2.4864852364641066,0.1436010517365515,1.4595770017748937,0.0,-0.17398813366889954,0.4483242332935333,0.40119120478630066,-0.033758215606212616,-0.8769810795783997,-0.47907137870788574,0.015972258523106575
57.34842388365273,1.439410924911499,-2.079512119293213,2.5150420665740967,0.095768041908741,1.4572274684906006,0.0,-0.17832817137241364,0.44023066759109497,0.39572229981422424,-0.028757991269230843,-0.8665260076522827,-0.4980260133743286,0.016601867973804474
57.52767816520611,1.3856346404454845,-2.089722508580132,2.5165095276612472,0.11857094328254736,1.4130443622693685,0.0,-0.16905531287193298,0.44119101762771606,0.3957061469554901,-0.04182368144392967,-0.8685575723648071,-0.49327683448791504,0.02315879426896572
57.71531521638987,1.3293435250903567,-2.1004103834840575,2.5180458636689145,0.1424402229066767,1.3667951718814537,0.0,-0.1597764641046524,0.44197821617126465,0.3960603177547455,-0.055895060300827026,-0.8700533509254456,-0.48883122205734253,0.030445856973528862
57.91180913414565,1.270395349763623,-2.1116027487397844,2.519654717992894,0.16743618312756153,1.3183629216674253,0.0,-0.15051764249801636,0.4426356256008148,0.39686012268066406,-0.07102514803409576,-0.8708922863006592,-0.48478803038597107,0.038504596799612045
58.117311671644785,1.2087445885138821,-2.123308248263325,2.5213373331589026,0.19357812844214217,1.267710207174011,0.0,-0.14131315052509308,0.4432186484336853,0.398188978433609,-0.08723411709070206,-0.8709352016448975,-0.48126858472824097,0.047355860471725464
58.33118039104284,1.1445839726944647,-2.135490288560637,2.5230884490097,0.22078433443376858,1.21499537788492,0.0,-0.1322171986103058,0.44379597902297974,0.4001303017139435,-0.10446508228778839,-0.870033860206604,-0.47841623425483704,0.056972309947013855
58.81671450918468,1.078437630330221,-2.1480493545532227,2.5248937606811523,0.2488325536251068,1.160649061203003,0.0,-0.12330325692892075,0.4444454610347748,0.402751624584198,-0.12255002558231354,-0.8680543303489685,-0.4763820767402649,0.06725490093231201
58.980380195309316,1.0999811626507594,-2.1269671536483177,2.5109231875247655,0.2301289404887346,1.209748767040394,0.0,-0.11126480251550674,0.45447781682014465,0.406036376953125,-0.12332553416490555,-0.8685166239738464,-0.47752654552459717,0.04937533289194107
59.14404786825544,1.121519428164367,-2.1058890893005566,2.4969551249175246,0.21142962535168627,1.2588490689242327,0.0,-0.0996396616101265,0.4648241400718689,0.40952789783477783,-0.12427141517400742,-0.8684651255607605,-0.47887957096099854,0.03161059319972992
59.307715541201574,1.1430541316635494,-2.0848143401554853,2.4829897543203443,0.19273349619656074,1.3079493708080716,0.0,-0.0884706899523735,0.4754576086997986,0.41321060061454773,-0.1253989189863205,-0.8679088950157166,-0.48043093085289,0.013978907838463783
59.4713832141477,1.164586830097504,-2.0637408815847214,2.4690254102914686,0.17403889677555442,1.3570496726919103,0.0,-0.07779853790998459,0.48635151982307434,0.4170682728290558,0.1267188936471939,0.8668575286865234,0.4821702241897583,0.003502245293930173
59.635050887093826,1.1861184362116248,-2.0426684586902657,2.4550618234137107,0.15534513074438244,1.406149974575749,0.0,-0.06766246259212494,0.49747583270072937,0.42108213901519775,0.12824200093746185,0.8653215169906616,0.4840860068798065,0.02081596478819847
59.79871856003996,1.2076493880613104,-2.021596721530558,2.441098638112772,0.13665186548214853,1.455250276459588,0.0,-0.05809918791055679,0.5087997317314148,0.4252329468727112,0.12997867166996002,0.8633117079734802,0.4861670136451721,0.037946224212646484
59.962386232986084,1.229179910061815,-2.000525336555479,2.427135755776912,0.11795896411131426,1.5043505783434268,0.0,-0.04914405196905136,0.5202904343605042,0.429499089717865,0.13193877041339874,0.8608400225639343,0.4884006083011627,0.054877255111932755
60.12605390593221,1.2507100582814181,-1.9794542243141255,2.4131731035968302,0.09926634381385256,1.5534508802272655,0.0,-0.040829867124557495,0.5319134593009949,0.43385806679725647,0.13413168489933014,0.8579182624816895,0.4907739758491516,0.07159409672021866
60.289721578878336,1.2722400326934218,-1.95838337555344,2.3992106408043115,0.0805739011498723,1.6025511821111043,0.0,-0.03318756818771362,0.5436343550682068,0.43828660249710083,0.13656608760356903,0.8545594811439514,0.49327394366264343,0.08808238804340363
60.45338925182446,1.2937697413990998,-1.9373126320892666,2.385248256329277,0.06188158434414578,1.651651483994943,0.0,-0.02624533697962761,0.5554168820381165,0.4427599310874939,0.13925012946128845,0.8507766723632812,0.49588698148727417,0.1043284460902214
60.617056924770594,1.3152994652056238,-1.9162421339158846,2.371285855082813,0.043189347683446344,1.700751785878782,0.0,-0.020029909908771515,0.5672242641448975,0.44725221395492554,0.1421910524368286,0.8465837240219116,0.4985990524291992,0.12031908333301544
60.78072459771672,1.3368291301549193,-1.8951717588881989,2.357323815788432,0.024497191893086606,1.7498520877626207,0.0,-0.01456492766737938,0.5790189504623413,0.4517371356487274,0.14539571106433868,0.84199458360672,0.5013956427574158,0.13604198396205902
60.944392270662846,1.3583588047536068,-1.8741013974367569,2.343361585549563,0.0058050345057335685,1.7989523896464594,0.0,-0.00987192615866661,0.5907637476921082,0.4561876654624939,0.14887017011642456,0.8370239734649658,0.5042624473571777,0.15148548781871796
61.10805994360898,1.3798885208807292,-1.8530310304987034,2.329399052653137,-0.01288715084538675,1.8480526915302984,0.0,-0.005970139056444168,0.6024203896522522,0.46057605743408203,0.15261973440647125,0.8316867351531982,0.5071843266487122,0.16663861274719238
61.271727616555104,1.401418298297248,-1.8319608241193617,2.31543685513554,-0.031579313977220975,1.8971529934141371,0.0,-0.002876482903957367,0.6139506101608276,0.46487367153167725,0.15664897859096527,0.8259981274604797,0.5101462602615356,0.18149103224277496
61.43539528950123,1.4229481503043448,-1.810890533355635,2.3014744221457644,-0.05027153584161082,1.9462532952979759,0.0,-0.0006053000688552856,0.6253163814544678,0.46905213594436646,0.1609618365764618,0.8199737668037415,0.5131328105926514,0.19603322446346283
61.599062962447356,1.4444780238256136,-1.7898202638855052,2.2875119504073282,-0.06896377232367439,1.9953535971818146,0.0,0.00083121657371521,0.6364797949790955,0.47308191657066345,0.16556143760681152,0.813629686832428,0.5161283016204834,0.21025647222995758
61.76273063539348,1.4660078928398013,-1.7687500827479556,2.2735495461005897,-0.08765600102051255,2.0444538990656533,0.0,0.0014234557747840881,0.6474032402038574,0.4769342541694641,0.17045022547245026,0.8069817423820496,0.5191171169281006,0.22415268421173096
61.926398308339614,1.487537980069136,-1.7476798452638904,2.2595870804989087,-0.1063483085264562,2.0935542009494923,0.0,0.0011637955904006958,0.6580496430397034,0.4805794656276703,0.17562980949878693,0.8000465035438538,0.522083580493927,0.2377147227525711
62.09006598128574,1.5090680970361554,-1.7266095245550224,2.245624575506846,-0.12504066863259647,2.142654502833331,0.0,4.6953558921813965e-05,0.6683823466300964,0.48398852348327637,0.18110106885433197,0.7928406596183777,0.5250116586685181,0.2509359121322632
62.25373365423187,1.5305982273316074,-1.7055391158029862,2.2316620320132827,-0.14373308043035501,2.1917548047171698,0.0,-0.0019299611449241638,0.6783657670021057,0.4871322214603424,0.1868642419576645,0.7853804230690002,0.5278854966163635,0.2638106942176819
62.417401327178005,1.5521287402112423,-1.6844685068905456,2.2176989718857203,-0.16242569834546733,2.2408551066010087,0.0,-0.00476817786693573,0.687964916229248,0.4899820387363434,0.1929185688495636,0.7776829600334167,0.5306892395019531,0.27633392810821533
62.58106900012414,1.5736592965034828,-1.6633979005547161,2.2037360760435583,-0.18111836375244283,2.2899554084848477,0.0,-0.00846640020608902,0.6971457004547119,0.49250927567481995,0.19926276803016663,0.7697649598121643,0.5334070920944214,0.288501501083374
62.744736673070264,1.595189899854453,-1.642327290695132,2.1897733315507883,-0.19981107883886282,2.339055710368686,0.0,-0.013021543622016907,0.7058746218681335,0.49468591809272766,0.20589464902877808,0.7616434097290039,0.5360227823257446,0.30031007528305054
62.90840434601639,1.61672090379942,-1.6212562711029426,2.1758102615296986,-0.21850410756237593,2.3881560122525247,0.0,-0.018428906798362732,0.7141203880310059,0.49648454785346985,0.2128112018108368,0.7533352971076965,0.5385210514068604,0.31175681948661804
63.07207201896252,1.6382519800245663,-1.6001851553139126,2.1618470735486386,-0.2371972056231818,2.4372563141363637,0.0,-0.02468138188123703,0.7218517661094666,0.4978792369365692,0.22000907361507416,0.7448573112487793,0.5408860445022583,0.3228400945663452
63.235739691908655,1.659783126131626,-1.579113946519866,2.1478837715215358,-0.25589037072066007,2.4863566160202026,0.0,-0.03177041560411453,0.7290397882461548,0.4988437592983246,0.227483868598938,0.7362263798713684,0.5431025624275208,0.3335587680339813
63.39940736485479,1.6813145682654622,-1.558042365798461,2.1339203797940214,-0.27458388261201405,2.5354569179040416,0.0,-0.039686091244220734,0.7356554865837097,0.49935290217399597,0.23523007333278656,0.7274593710899353,0.545154869556427,0.3439123034477234
63.563075037800914,1.7028462030496845,-1.5369706553849236,2.1199569024356584,-0.2932774989220053,2.58455721978788,0.0,-0.048416510224342346,0.741672694683075,0.4993835389614105,0.2432422935962677,0.7185728549957275,0.5470284223556519,0.35390138626098633
63.72674271074705,1.7243780387993342,-1.5158988099206734,2.105993335692506,-0.3119712238994008,2.633657521671719,0.0,-0.05794857442378998,0.7470656037330627,0.49891263246536255,0.25151383876800537,0.709583044052124,0.5487083196640015,0.363526850938797
63.89041038369317,1.7459101252708993,-1.4948265752622187,2.0920293550567814,-0.33066525096303523,2.6827578235555576,0.0,-0.06826772540807724,0.7518102526664734,0.4979187846183777,0.26003745198249817,0.7005065083503723,0.5501801371574402,0.37279078364372253
64.0540780566393,1.767442374875697,-1.473754247642494,2.078065362728187,-0.3493594423983044,2.7318581254393965,0.0,-0.07935789227485657,0.7558841109275818,0.4963817298412323,0.2688051760196686,0.6913591027259827,0.5514296889305115,0.3816956877708435
64.21774572958543,1.7889747933688704,-1.4526818283202398,2.0641013655888174,-0.3680538030927528,2.7809584273232355,0.0,-0.09120208024978638,0.7592657804489136,0.49428269267082214,0.2778085470199585,0.6821566820144653,0.5524430871009827,0.39024507999420166
64.38141340253156,1.8105073856301082,-1.431609139546786,2.0501370899472975,-0.38674838796603633,2.830058729207074,0.0,-0.1037822738289833,0.7619362473487854,0.49160444736480713,0.28703823685646057,0.6729147434234619,0.5532071590423584,0.39844271540641785
64.5450810754777,1.8320402197738752,-1.4105362012197173,2.0361726554853234,-0.40544318976586413,2.879159031090913,0.0,-0.11707908660173416,0.7638767957687378,0.4883309602737427,0.2964843213558197,0.6636484265327454,0.5537087917327881,0.4062933027744293
64.70874874842383,1.8535732837804337,-1.3894630255133873,2.0222080755113967,-0.42413820236749794,2.9282593329747515,0.0,-0.13107255101203918,0.7650706171989441,0.48444807529449463,0.3061363399028778,0.6543727517127991,0.5539354681968689,0.41380223631858826
64.87241642136996,1.8751065011593697,-1.3683896862052047,2.008243458874423,-0.4428334133584856,2.9773596348585905,0.0,-0.14574125409126282,0.7655025720596313,0.47994285821914673,0.3159831464290619,0.6451020836830139,0.5538749694824219,0.4209756553173065
65.0360840943161,1.896640035281832,-1.3473158441880346,1.9942786075098557,-0.46152898144120624,3.0264599367424294,0.0,-0.16106382012367249,0.7651592493057251,0.47480475902557373,0.3260130286216736,0.6358504295349121,0.5535158514976501,0.4278199076652527
65.19975176726223,1.9181738115465246,-1.326241660923575,1.9803135439997872,-0.48022483207903016,3.0755602386262684,0.0,-0.17701728641986847,0.7640275359153748,0.4690243601799011,0.33621373772621155,0.6266314387321472,0.5528470277786255,0.4343424439430237
65.36341944020836,1.9397077978581352,-1.3051672798229523,1.9663482219012796,-0.4989209496346913,3.124660540510107,0.0,-0.1935785561800003,0.7620968222618103,0.46259453892707825,0.3465726673603058,0.6174585223197937,0.5518581867218018,0.4405507445335388
65.52708737186116,1.9612424747314303,-1.2840922211790664,1.9523827041264539,-0.5176175421092665,3.1737609200059462,0.0,-0.21072402596473694,0.7593571543693542,0.45550912618637085,0.35707613825798035,0.6083442568778992,0.5505391359329224,0.4464533030986786
65.69075518346492,1.9827774501710616,-1.2630168715775232,1.9384169408514953,-0.5363144021325195,3.222861263487074,0.0,-0.228428915143013,0.7557997107505798,0.44776493310928345,0.36771073937416077,0.5993008613586426,0.5488805174827576,0.4520590007305145
65.85442285641105,2.004312780745114,-1.2419411776401745,1.924450867909671,-0.5550115887721022,3.271961565370913,0.0,-0.24666815996170044,0.7514179944992065,0.4393600523471832,0.37846216559410095,0.5903401374816895,0.546873927116394,0.4573771357536316
66.01809052935718,2.0258487040591024,-1.2208649097585187,1.910484407065243,-0.5737092730800873,3.321061867254752,0.0,-0.2654164433479309,0.7462053894996643,0.4302939474582672,0.38931575417518616,0.5814731121063232,0.5445109605789185,0.4624176323413849
66.18175820230331,2.0473853591826354,-1.1997884462655664,1.8965177592369844,-0.5924073751961854,3.3701621691385903,0.0,-0.284648060798645,0.7401571869850159,0.42056915163993835,0.4002564251422882,0.5727105140686035,0.541784405708313,0.46719062328338623
66.34542587524945,2.068922467044999,-1.1787113463694816,1.882550795493854,-0.6111059754626579,3.4192624710224293,0.0,-0.30433589220046997,0.7332699298858643,0.4101889133453369,0.41126880049705505,0.5640623569488525,0.5386873483657837,0.4717071056365967
66.50909354819558,2.0904600606221075,-1.1576335319363151,1.8685832963862674,-0.6298051441895206,3.468362772906268,0.0,-0.3244536519050598,0.7255409955978394,0.3991587162017822,0.42233726382255554,0.5555379390716553,0.5352136492729187,0.47597816586494446
66.67276122114171,2.111998520412271,-1.1365550145542205,1.8546152831241196,-0.6485049795807951,3.517463074790107,0.0,-0.3449741005897522,0.7169687151908875,0.38748612999916077,0.43344539403915405,0.5471462607383728,0.5313580632209778,0.4800151586532593
66.83642889408785,2.1335379577462814,-1.1154755792915445,1.84064674587679,-0.6672056176892937,3.5665633766739457,0.0,-0.3658697307109833,0.7075525522232056,0.3751802444458008,0.4445772171020508,0.5388954281806946,0.5271160006523132,0.4838300049304962
67.00009656703398,2.155078405826002,-1.0943950449313744,1.826677439285736,-0.6859071132019452,3.6156636785577843,0.0,-0.387112557888031,0.6972930431365967,0.36225202679634094,0.45571595430374146,0.5307930111885071,0.5224833488464355,0.48743489384651184
67.16376423998011,2.176620260673486,-1.0733133318647683,1.8127072785478349,-0.7046097819670434,3.664763980441623,0.0,-0.4086747169494629,0.6861915588378906,0.3487139344215393,0.46684470772743225,0.5228461623191833,0.5174571871757507,0.49084195494651794
67.32743191292624,2.198164911653786,-1.0522292159870559,1.798735518729166,-0.7233145189754305,3.7138642823254617,0.0,-0.43052858114242554,0.674250066280365,0.33458003401756287,0.47794651985168457,0.5150611400604248,0.5120353102684021,0.4940636456012726
67.49109958587238,2.219713453082929,-1.0311406534838103,1.7847608144088924,-0.7420228916224912,3.7629645842093007,0.0,-0.4526463449001312,0.6614723205566406,0.3198646903038025,0.4890041649341583,0.507443904876709,0.5062163472175598,0.4971121549606323
67.65476487463272,2.241267681121826,-1.0100467205047607,1.770782470703125,-0.7607358694076538,3.8120641708374023,0.0,-0.4750000536441803,0.6478615999221802,0.30458489060401917,0.5000000596046448,0.4999999403953552,0.4999999403953552,0.5
67.70476487463272,2.235713116309896,-1.0082615489344753,1.759452543802427,-0.7511909240747595,3.806509413265902,0.0,-0.47513681650161743,0.6569101214408875,0.3088260889053345,0.4999999701976776,0.5,0.4999999701976776,0.5
67.90464024057543,2.2301592149738596,-1.0064765905975106,1.7481239702270797,-0.7416471744862148,3.800955494017995,0.0,-0.4751664996147156,0.665939211845398,0.31310978531837463,0.49999991059303284,0.5,0.5,0.5000000596046448
68.15193665661337,2.224605710646812,-1.0046917598545493,1.7367962064510554,-0.7321041071125937,3.795401971780357,0.0,-0.475088506937027,0.6749480962753296,0.317435622215271,0.49999991059303284,0.5,0.4999999701976776,0.5000000596046448
68.28316175423073,2.2224080770689896,-1.0011316115264235,1.73370242592466,-0.7325704320061304,3.7932043283659866,0.0,-0.4750347435474396,0.6785159707069397,0.3155324459075928,0.49999985098838806,0.5,0.5,0.5
68.60735802684518,2.2242999509002015,-0.9954053567637674,1.7406439886337846,-0.7452383180000098,3.7950962021971986,0.0,-0.4750596582889557,0.675415575504303,0.3060346245765686,0.49999985098838806,0.4999999701976776,0.49999991059303284,0.5000000596046448
68.80724240799042,2.2261977901203545,-0.9896610461792756,1.7476074392303211,-0.7579461479191986,3.7969940414173515,0.0,-0.47501376271247864,0.6722269654273987,0.2965628206729889,0.49999988079071045,0.5,0.4999999701976776,0.5
69.00710436288806,2.228485727219486,-0.9841805278890883,1.7548162510986414,-0.7706356151102104,3.799281978516483,0.0,-0.4750475287437439,0.6685180068016052,0.2872835695743561,0.4999999403953552,0.5,0.5,0.5000000596046448
69.30325241509173,2.2308505737536795,-0.9787367198301378,1.7620859963370474,-0.7833493183309772,3.8016468250506765,0.0,-0.4750353693962097,0.6646448969841003,0.2780696451663971,0.5,0.5,0.5,0.5
69.38071443074652,2.229880614183904,-0.9764787235841825,1.7607725142708688,-0.7842939243669144,3.8006768288218296,0.0,-0.4750811457633972,0.666283369064331,0.2764940857887268,0.5,0.5,0.5,0.49999988079071045
69.6904275229547,2.2253595107226416,-0.9776177800309329,1.7503172907876419,-0.7726996743028601,3.7961556497015487,0.0,-0.4751773476600647,0.6738204956054688,0.2830587923526764,0.49999991059303284,0.5,0.4999999701976776,0.49999991059303284
69.89030605539418,2.2208447931012745,-0.9787552276155632,1.7398768348017297,-0.7611218005560569,3.7916408565280273,0.0,-0.4751785099506378,0.6813051700592041,0.2896813452243805,0.4999999403953552,0.5000000596046448,0.5000000596046448,0.4999997913837433
70.090160261688,2.216336144535882,-0.9798911461492896,1.7294504137382865,-0.7495594907425347,3.787132132512044,0.0,-0.47508496046066284,0.6887364387512207,0.2963612973690033,0.4999999403953552,0.5000001192092896,0.5000001192092896,0.4999998211860657
70.2790672367785,2.211214176903403,-0.9778376969415721,1.7184725177796139,-0.7406349847092453,3.7820101692163552,0.0,-0.47505953907966614,0.6973869800567627,0.3001536726951599,0.5,0.5000000596046448,0.5000000596046448,0.4999997913837433
70.47893647461868,2.205445114832068,-0.972428804077256,1.7069102985089601,-0.7344815053160179,3.7762411954055617,0.0,-0.4750995934009552,0.7073556184768677,0.30085647106170654,0.49999991059303284,0.4999999701976776,0.4999999701976776,0.4999999701976776
70.67882033422327,2.1996730600563565,-0.9670171053465539,1.695342081330193,-0.7283248338017004,3.770469228936178,0.0,-0.4750296473503113,0.71732497215271,0.30155718326568604,0.49999985098838806,0.5000000596046448,0.5000000596046448,0.49999991059303284
70.87682979538775,2.1944072310870273,-0.9638046811842129,1.6833008966500445,-0.7194961052941153,3.7652035256646594,0.0,-0.4750596582889557,0.7266787886619568,0.304801344871521,0.49999991059303284,0.5000000596046448,0.5,0.4999999403953552
71.07671577840782,2.1892760389113617,-0.9611875159332876,1.671125006045479,-0.7099374622026808,3.7600724694020102,0.0,-0.47504106163978577,0.7358500361442566,0.3087729811668396,0.4999999403953552,0.5,0.4999999403953552,0.5
71.26837334021664,2.1840245154796727,-0.9558177313983597,1.659511024097671,-0.7036933464323025,3.754821005195249,0.0,-0.47504666447639465,0.7453994750976562,0.30957281589508057,0.5000000596046448,0.4999999403953552,0.4999999403953552,0.4999999403953552
71.50434184930334,2.1786805723294322,-0.9483228604687011,1.6483320618691062,-0.700009336289565,3.7494770620450084,0.0,-0.47504809498786926,0.7552481889724731,0.3078755736351013,0.5,0.4999999403953552,0.4999999403953552,0.5000000596046448
71.66503514341157,2.1770145980624163,-0.9433255745760867,1.6461220534730656,-0.7027966182304353,3.7478110443291404,0.0,-0.4750324785709381,0.7583245038986206,0.3038037419319153,0.5000000596046448,0.49999988079071045,0.4999999403953552,0.4999999403953552
71.97971982078647,2.1806451322917377,-0.9419240615186456,1.6568283426585149,-0.714904314440542,3.7514414725256784,0.0,-0.4750509560108185,0.7516160011291504,0.2963962256908417,0.4999999403953552,0.5,0.5,0.49999991059303284
72.24180727358656,2.183183758871781,-0.9391422172263035,1.6651155543533747,-0.7259733083388262,3.753980028067462,0.0,-0.4750111401081085,0.7468889951705933,0.2889212667942047,0.49999991059303284,0.5,0.5,0.4999999403953552
72.53797498994436,2.1800581311489835,-0.9292306828510257,1.6608401669963528,-0.7316096210205423,3.7508545107869713,0.0,-0.4750392735004425,0.7526838779449463,0.2807784676551819,0.5,0.5,0.5,0.49999988079071045
72.85731647580869,2.176934926751929,-0.9193506804181312,1.6565569187524147,-0.7372065402216403,3.7477314163655775,0.0,-0.47500041127204895,0.7584267854690552,0.2726210057735443,0.5000000596046448,0.49999991059303284,0.4999999701976776,0.49999991059303284
73.17722730416666,2.1726594633946053,-0.9187014864419292,1.6446594031695458,-0.7259581621896005,3.743455897835115,0.0,-0.4751027226448059,0.7665936350822449,0.27838069200515747,0.5000000596046448,0.5,0.5,0.5
73.37710782963644,2.168384010111114,-0.9180522939953558,1.6327619156195634,-0.7147098106609514,3.7391803893786157,0.0,-0.4751106798648834,0.7747175693511963,0.2842015326023102,0.5,0.5,0.5,0.49999985098838806
73.60160755365344,2.1641085708925396,-0.9174031036844246,1.6208644672086299,-0.7034614961358948,3.7349048949872143,0.0,-0.47502389550209045,0.7827979326248169,0.29008227586746216,0.5,0.4999999701976776,0.49999991059303284,0.5
73.8146923466628,2.163122781621398,-0.9230971922988384,1.6152429585229722,-0.6921458422136637,3.7339190964914137,0.0,-0.4750291407108307,0.7847119569778442,0.29937314987182617,0.5,0.4999999403953552,0.5,0.49999991059303284
74.0145668744152,2.1627979919076052,-0.9300527376707678,1.6108889550016963,-0.6808362367565931,3.733594306777621,0.0,-0.4750138819217682,0.7853186130523682,0.3093484342098236,0.5,0.4999999403953552,0.4999999403953552,0.4999999403953552
74.21394418767146,2.16194872677394,-0.9360679228611722,1.605057134985415,-0.6689892160926169,3.7327450203719854,0.0,-0.47503116726875305,0.7869923114776611,0.3191757798194885,0.5,0.4999999403953552,0.5,0.49999991059303284
74.4526285535615,2.160903904010496,-0.9417205203240085,1.5986797485857642,-0.6569592322301299,3.7317001683841307,0.0,-0.47502294182777405,0.7890127301216125,0.32896316051483154,0.4999999403953552,0.5,0.5,0.49999991059303284
74.62514703633435,2.157692041417936,-0.9399201162841946,1.5892633842329782,-0.6493432125127191,3.728488292714933,0.0,-0.47504666447639465,0.7953352928161621,0.3324562609195709,0.49999991059303284,0.5,0.5,0.4999999403953552
74.8419593681428,2.152719256444217,-0.9320746787164891,1.577371601826038,-0.645296760032165,3.723515507741214,0.0,-0.4750524163246155,0.8051906824111938,0.33079788088798523,0.4999999403953552,0.5,0.5,0.5000000596046448
75.06891580973702,2.149830600043371,-0.9251062569075666,1.5717842139244427,-0.6466777294096786,3.720626851340368,0.0,-0.47502392530441284,0.8109315037727356,0.3263964056968689,0.49999991059303284,0.5,0.4999999701976776,0.49999991059303284
75.38234551074723,2.1510420865239817,-0.9198689732034943,1.5785964126643828,-0.6587272321426929,3.7218383378209787,0.0,-0.4750550389289856,0.8085476160049438,0.31669479608535767,0.4999999403953552,0.5,0.5,0.5000000596046448
75.73102897197676,2.1522575938192463,-0.9146143074259112,1.5854312204791714,-0.6708167260914036,3.7230538451162434,0.0,-0.47502774000167847,0.8060742616653442,0.3070072829723358,0.4999999403953552,0.5,0.5,0.5000000596046448
75.9536953994328,2.1459246729119936,-0.9042338044551638,1.5734929411514351,-0.6653306366191539,3.736978878109739,0.0,-0.47385266423225403,0.810947597026825,0.3030530512332916,0.5036765933036804,0.49518513679504395,0.49463289976119995,0.5063988566398621
76.16840816909382,2.1345190807081207,-0.8903900255334082,1.5489505078481622,-0.648061824786109,3.7594549207968613,0.0,-0.47185367345809937,0.8207355737686157,0.30290302634239197,0.5097012519836426,0.4869946837425232,0.4855591058731079,0.5169846415519714
76.36833829680393,2.1230535877509307,-0.8764735408045925,1.5242791807341305,-0.6307023192986518,3.7820490048679387,0.0,-0.4697446823120117,0.830505907535553,0.3027517795562744,0.5155982971191406,0.47859010100364685,0.476317435503006,0.52747642993927
76.56823370480845,2.1115386773216165,-0.8624970745731314,1.4995015176235165,-0.6132679925294837,3.8047404718011317,0.0,-0.46752795577049255,0.840250551700592,0.30259859561920166,0.5213577747344971,0.4699794352054596,0.4669176936149597,0.5378598570823669
76.76809193441579,2.099976562096421,-0.8484633125216416,1.4746222797297774,-0.59576219461501,3.8275249612611963,0.0,-0.4652044177055359,0.8499683141708374,0.30244195461273193,0.5269739627838135,0.4611652195453644,0.4573630392551422,0.5481277704238892
76.96793939793417,2.0883683980155188,-0.8343736576969748,1.4496439543928201,-0.5781866757241847,3.850400195333908,0.0,-0.4627741873264313,0.8596593141555786,0.3022806644439697,0.5324419736862183,0.4521491527557373,0.44765615463256836,0.5582745671272278
77.16785188639471,2.076712433571812,-0.8202259841703224,1.4245627727380996,-0.5605387839608187,3.87336962556721,0.0,-0.46023696660995483,0.869326114654541,0.3021133542060852,0.5377582907676697,0.44293102622032166,0.4377972185611725,0.5682971477508545
77.36773012081096,2.0650171382130367,-0.8060305719131184,1.3993969592341442,-0.5428313426221737,3.8964165619317326,0.0,-0.4575946629047394,0.8789628148078918,0.3019386827945709,0.5429146885871887,0.4335189759731293,0.4277956485748291,0.5781831741333008
77.5675845506222,2.05328523475066,-0.7917907257954068,1.3741523727980232,-0.5250684742227197,3.919535638811585,0.0,-0.4548473358154297,0.8885686993598938,0.30175521969795227,0.5479061007499695,0.42391660809516907,0.4176558256149292,0.5879262089729309
77.76747118556807,2.0415158265384696,-0.7775053574938696,1.3488270840358492,-0.5072488211815034,3.942728623152157,0.0,-0.451994925737381,0.8981453776359558,0.301561176776886,0.5527288913726807,0.4141251742839813,0.4073795676231384,0.5975224375724792
77.96736061448166,2.029713838076332,-0.7631804442244406,1.3234316894346223,-0.4893798395130871,3.965985810655133,0.0,-0.4490380883216858,0.9076902270317078,0.3013552129268646,0.5573771595954895,0.4041506350040436,0.3969734311103821,0.6069636344909668
78.16723022485087,2.0178840862373253,-0.7488218325687622,1.2979765538911554,-0.47146882227804515,3.9892977091132686,0.0,-0.44597718119621277,0.9172008633613586,0.30113545060157776,0.5618457198143005,0.39399954676628113,0.38644471764564514,0.616241991519928
78.36709473157237,2.0060282681320456,-0.7344315824307364,1.2724653292301704,-0.4535183390127067,4.012660974173242,0.0,-0.442812442779541,0.9266768097877502,0.30090004205703735,0.5661302804946899,0.3836756944656372,0.37579774856567383,0.6253522634506226
78.56698728972981,1.9941479175316947,-0.7200115554576204,1.2469013158044049,-0.43553071194688875,4.036072583360953,0.0,-0.43954336643218994,0.9361183047294617,0.3006472587585449,0.5702272057533264,0.3731832206249237,0.3650369942188263,0.6342894434928894
78.7668648908467,1.9822490946945328,-0.7055691074161345,1.2212975540138198,-0.4175151167075709,4.059520594234405,0.0,-0.43617066740989685,0.9455219507217407,0.3003752529621124,0.5741313099861145,0.3625304102897644,0.3541712760925293,0.6430455446243286
78.96672846624563,1.9703347987074638,-0.6911078785114798,1.1956604972620613,-0.39947609410828455,4.082999096744907,0.0,-0.43269428610801697,0.9548863768577576,0.30008214712142944,0.5778389573097229,0.35172298550605774,0.34320664405822754,0.6516151428222656
79.1666169824631,1.9584061381152766,-0.6766292142633555,1.1699925309041435,-0.381415322558273,4.1065059063763405,0.0,-0.4291132986545563,0.9642118811607361,0.29976585507392883,0.5813471078872681,0.3407652676105499,0.3321477770805359,0.6599943041801453
79.36649255329678,1.9464682576881147,-0.6621393592454045,1.1443047254023306,-0.36334059157568893,4.130030884762255,0.0,-0.4254284203052521,0.9734952449798584,0.2994246184825897,0.5846521258354187,0.3296654224395752,0.32100287079811096,0.6681764721870422
79.59249932464171,1.934524147017657,-0.6476419421377986,1.1186035137285442,-0.34525642759767416,4.153568140565402,0.0,-0.42163941264152527,0.9827355742454529,0.29905644059181213,0.5877509117126465,0.31843000650405884,0.3097788095474243,0.6761569380760193
79.81457023005703,1.9197796746959845,-0.640957591757493,1.1097267617056572,-0.3404114154668962,4.178041685800526,0.0,-0.4129481315612793,0.9868504405021667,0.29706722497940063,0.5927819609642029,0.3058246076107025,0.2974303066730499,0.6830930113792419
80.01448448803046,1.9047366739299256,-0.634756323840253,1.101930625455838,-0.33643239378994294,4.202758006480611,0.0,-0.4039686918258667,0.9906890392303467,0.29493436217308044,0.597744345664978,0.292916864156723,0.28481191396713257,0.6897706985473633
80.21433606799462,1.8895973751103232,-0.6285153583893084,1.0940845820925587,-0.33242790033056707,4.227632549154383,0.0,-0.39503413438796997,0.9946034550666809,0.2927657961845398,0.6024801135063171,0.2798044979572296,0.2720072865486145,0.6962320804595947
80.41414629723647,1.8743771126088762,-0.622241016786192,1.0861965787570127,-0.3284019911809232,4.252640118765734,0.0,-0.3861469030380249,0.9985998272895813,0.29056206345558167,0.6069779992103577,0.26650404930114746,0.2590329647064209,0.7024636268615723
80.61405513491252,1.8590837779187792,-0.6159365521892552,1.0782707052685867,-0.3243567537185882,4.277767749239646,0.0,-0.3773038685321808,1.002685785293579,0.2883227467536926,0.611229419708252,0.2530260980129242,0.24589963257312775,0.7084559202194214
80.813928098043,1.8437471710992193,-0.6096142492585762,1.070322405708238,-0.32030007035235286,4.302966477750774,0.0,-0.36851373314857483,1.0068622827529907,0.2860504388809204,0.6152209639549255,0.2394009679555893,0.23263710737228394,0.7141920924186707
81.01378750111678,1.8283863370763163,-0.6032819590001591,1.0623615502369275,-0.3162369786525162,4.3282050126367295,0.0,-0.3597778081893921,1.0111324787139893,0.2837464213371277,0.618943989276886,0.2256505787372589,0.21926698088645935,0.7196610569953918
81.21365178432086,1.8130210360800834,-0.5969478272940928,1.0543983797266665,-0.3121727053942932,4.353450886958944,0.0,-0.35109713673591614,1.0154985189437866,0.2814123332500458,0.6223912239074707,0.2117980569601059,0.20581193268299103,0.7248530983924866
81.41350830029467,1.797674105974765,-0.5906212687323884,1.0464447300540916,-0.3081132914174271,4.3786665770886515,0.0,-0.3424733877182007,1.0199604034423828,0.2790503203868866,0.6255561709403992,0.1978697031736374,0.19229760766029358,0.7297592163085938
81.61337409224132,1.7823649525462235,-0.584310283080462,1.03851065839815,-0.30406386974316846,4.403820198454821,0.0,-0.33390629291534424,1.02451753616333,0.2766621708869934,0.6284348368644714,0.18388934433460236,0.178747296333313,0.7343729734420776
81.8132907902799,1.7671119270058966,-0.5780224353700845,1.0306056753975068,-0.3000292944474589,4.428881599199203,0.0,-0.32539424300193787,1.0291696786880493,0.2742498517036438,0.6310248970985413,0.16988015174865723,0.1651834100484848,0.7386898994445801
82.01310943867782,1.7519458871093452,-0.5717704462819588,1.022745773291374,-0.2960177277101846,4.4538000786541705,0.0,-0.3169426918029785,1.0339101552963257,0.2718171775341034,0.6333237290382385,0.15587733685970306,0.15164005756378174,0.7427035570144653
82.21293961684921,1.7368772953033318,-0.5655586288142995,1.0149363743131032,-0.2920319369514306,4.478558446553417,0.0,-0.3085455596446991,1.0387378931045532,0.2693653702735901,0.6353334784507751,0.14189745485782623,0.13813316822052002,0.7464151978492737
82.41283984910467,1.721919095492582,-0.5593923189118659,1.0071841867283136,-0.288075345961323,4.503135435484603,0.0,-0.30019837617874146,1.0436497926712036,0.26689594984054565,0.6370571851730347,0.12795943021774292,0.12468080967664719,0.7498261332511902
82.61281410287836,1.7070860392985006,-0.5532775977254843,0.9994968556639426,-0.2841518566888314,4.527506807876328,0.0,-0.29189860820770264,1.0486410856246948,0.26441097259521484,0.6384986042976379,0.11408349126577377,0.11130248010158539,0.752938449382782
82.81258039232114,1.6924130112731495,-0.5472288459267292,0.9918924602735527,-0.28027069644112707,4.551615246854855,0.0,-0.2836545407772064,1.0536985397338867,0.2619161903858185,0.6396613121032715,0.10030929744243622,0.09803611785173416,0.7557514905929565
83.01239052843073,1.677892635401429,-0.5412430228559274,0.984367177887745,-0.2764299141896601,4.575472871541716,0.0,-0.2754524350166321,1.0588226318359375,0.2594103217124939,0.6405534744262695,0.0866365060210228,0.08488116413354874,0.7582746744155884
83.21226961966374,1.6635333249793451,-0.5353235967773841,0.9769253687537193,-0.27263173533398355,4.59906585851662,0.0,-0.2672872841358185,1.0640075206756592,0.2568950951099396,0.6411826014518738,0.07307922840118408,0.07185089588165283,0.7605140209197998
83.41221787091115,1.6493430706704462,-0.5294738617310496,0.9695711740865643,-0.26887827348320814,4.622381078763238,0.0,-0.2591550648212433,1.069246768951416,0.25437209010124207,0.6415565013885498,0.0596509613096714,0.0589580200612545,0.7624768614768982
83.61222578268269,1.635328769683838,-0.5236966609954834,0.9623081684112549,-0.2651713530169886,4.645407199859619,0.0,-0.25105178356170654,1.0745333433151245,0.2518428862094879,0.6416836380958557,0.0463641956448555,0.04621419310569763,0.7641705870628357
