time,ur20-shoulder_pan_joint,ur20-shoulder_lift_joint,ur20-elbow_joint,ur20-wrist_1_joint,ur20-wrist_2_joint,ur20-wrist_3_joint,target-POS_X,target-POS_Y,target-POS_Z,target-ROT_X,target-ROT_Y,target-ROT_Z,target-ROT_W
0.0,0.3312770128250122,-1.8288780450820923,-2.7316906452178955,-1.7228144407272339,0.6947510878192347,0.0,-0.2726171612739563,0.35868698358535767,0.19017106294631958,0.1277403086423874,0.6954272985458374,0.6954959034919739,0.12786218523979187
0.1980295404791832,0.29706199791622095,-1.8405598861167307,-2.6968206441407396,-1.7459840015877792,0.7054645885090629,0.0,-0.28251680731773376,0.3588356375694275,0.19029006361961365,0.14333513379096985,0.6923848986625671,0.6924458146095276,0.14344631135463715
0.39609119296073914,0.26378345590483787,-1.851921992451562,-2.6629050430844043,-1.768519406191237,0.7158848581990177,0.0,-0.29233938455581665,0.3600381016731262,0.1906670182943344,0.15843389928340912,0.6890906095504761,0.6891441941261292,0.1585344523191452
0.5943063832819462,0.23148988434905296,-1.8629478058367395,-2.629993268007372,-1.7903878131921027,0.7259967111987082,0.0,-0.3019890785217285,0.36221370100975037,0.19127802550792694,0.17301355302333832,0.6855790615081787,0.6856257915496826,0.17310366034507751
0.7926199585199356,0.2002171524504538,-1.87362507965153,-2.598121874763888,-1.8115649328552577,0.7357889160439082,0.0,-0.31138479709625244,0.3652743697166443,0.1920986771583557,0.18705834448337555,0.6818846464157104,0.6819249987602234,0.1871381551027298
0.9905865043401718,0.17002835667605534,-1.8839322712223592,-2.567355167691642,-1.832008037815641,0.7452417157932661,0.0,-0.32044893503189087,0.36912259459495544,0.1931033879518509,0.20054160058498383,0.6780455708503723,0.6780799031257629,0.2006113976240158
1.1890756711363792,0.14076319922022792,-1.8939241101317965,-2.537529780365984,-1.851825677777914,0.7544053033417952,0.0,-0.3291809558868408,0.37369129061698914,0.19427543878555298,0.21353726089000702,0.6740694642066956,0.6740982532501221,0.21359728276729584
1.3869758509099483,0.11254411918547164,-1.9035587926823825,-2.5087704957702766,-1.8709349400137136,0.7632413402169684,0.0,-0.33750566840171814,0.37887632846832275,0.1955891102552414,0.22599372267723083,0.6699996590614319,0.6700233221054077,0.22604425251483917
1.5855336748063564,0.08514455782517372,-1.9129136715588952,-2.480846418089933,-1.889489244496175,0.7718207671240459,0.0,-0.34545913338661194,0.3846393823623657,0.19703570008277893,0.238014355301857,0.6658279299736023,0.6658467650413513,0.23805555701255798
1.7834153957664967,0.05869679810170285,-1.9219435821298976,-2.4538923626115348,-1.9073990124787863,0.7801021632537027,0.0,-0.3529794216156006,0.3908778727054596,0.19859115779399872,0.2495444118976593,0.6615965962409973,0.6616109013557434,0.24957646429538727
1.9816902466118336,0.03300365718206519,-1.9307158474264021,-2.4277073717842153,-1.9247977712933895,0.7881472710433728,0.0,-0.36010509729385376,0.3975676894187927,0.20025049149990082,0.26067355275154114,0.6572949290275574,0.6573050022125244,0.2606966197490692
2.1801822260022163,0.008040147263355632,-1.9392389988940948,-2.4022659794576158,-1.9417024420613613,0.7959639147434434,0.0,-0.3668287694454193,0.4046545624732971,0.20200152695178986,0.2714155912399292,0.6529361605644226,0.6529422998428345,0.27143001556396484
2.378109637647867,-0.01614537958801566,-1.9474965279575733,-2.3776174633132547,-1.958080281960628,0.803536954220315,0.0,-0.3731289207935333,0.41206473112106323,0.203827902674675,0.2817534804344177,0.6485459208488464,0.6485483050346375,0.28175920248031616
2.5762769393622875,-0.03970006934558959,-1.95553867384299,-2.3536118605272205,-1.9740309346008271,0.8109124642307349,0.0,-0.3790375292301178,0.41978827118873596,0.20572815835475922,0.291753351688385,0.6441128253936768,0.6441118717193604,0.2917509078979492
2.774627897888422,-0.06265628195547865,-1.9633764850256232,-2.3302161916792556,-1.9895763133361666,0.8181005774110889,0.0,-0.38455909490585327,0.4277884066104889,0.2076948583126068,0.30143213272094727,0.6396440863609314,0.6396398544311523,0.3014214336872101
2.9730902053415775,-0.08504519311751044,-1.971020605650171,-2.3073986842656957,-2.004737529578593,0.8251110555832699,0.0,-0.3896982669830322,0.4360317289829254,0.20972087979316711,0.3108057379722595,0.6351457834243774,0.6351385712623596,0.31078705191612244
3.1712572276592255,-0.10685740503727847,-1.9784678270802896,-2.285168915985161,-2.0195082193744445,0.8319409560837391,0.0,-0.39445391297340393,0.4444727897644043,0.21179638803005219,0.31987351179122925,0.6306313276290894,0.6306211948394775,0.3198467195034027
3.369336612522602,-0.12815172426170557,-1.9857382273061475,-2.2634669545430137,-2.0339282050611223,0.8386086925821296,0.0,-0.39883995056152344,0.4530952274799347,0.21391884982585907,0.32866257429122925,0.626099169254303,0.6260864734649658,0.3286282420158386
3.567491378635168,-0.14897579677010375,-1.9928480738277805,-2.242244241861628,-2.048029751316003,0.8451291841200839,0.0,-0.4028695821762085,0.4618833661079407,0.21608540415763855,0.33719557523727417,0.6215487122535706,0.6215333938598633,0.3371534049510956
3.760040421038866,-0.17018192028438198,-2.0030545095577357,-2.2198128468475917,-2.060251009842857,0.8550776630814981,0.0,-0.40711402893066406,0.4705105125904083,0.21658022701740265,0.34683743119239807,0.61622154712677,0.6162056922912598,0.34679293632507324
3.958366084843874,-0.19228466658496024,-2.018538319323024,-2.1950944935022583,-2.0694944829818684,0.8708516835131789,0.0,-0.4119860827922821,0.4787801504135132,0.21408846974372864,0.35844171047210693,0.609542191028595,0.6095286011695862,0.3584030270576477
4.1568780317902565,-0.21386668591976443,-2.033657340153577,-2.170958489199048,-2.0785201856386317,0.8862540778271933,0.0,-0.41652581095695496,0.48722735047340393,0.21152855455875397,0.3696484863758087,0.6028092503547668,0.6027977466583252,0.3696156442165375
4.3548813462257385,-0.2348882445939516,-2.0483837370933298,-2.147449269660812,-2.0873115009938608,0.9012564893611721,0.0,-0.42072659730911255,0.49580273032188416,0.20891521871089935,0.38044288754463196,0.5960530638694763,0.596043586730957,0.3804156482219696
4.552995469421148,-0.2554485467014225,-2.062787006362208,-2.12445589112459,-2.0959099166692647,0.9159297168920101,0.0,-0.42461085319519043,0.5045154094696045,0.20624598860740662,0.3908809721469879,0.5892578363418579,0.5892505049705505,0.3908592164516449
4.751212559640408,-0.2755746111123328,-2.0768860757006786,-2.101948137346191,-2.1043267320842527,0.9302930429199036,0.0,-0.42818599939346313,0.5133495926856995,0.2035255879163742,0.4009810984134674,0.5824292302131653,0.582423746585846,0.40096479654312134
4.949493892490864,-0.2952886079257781,-2.0906964761016864,-2.079901214649043,-2.1125712188792205,0.9443622895328115,0.0,-0.43145880103111267,0.522289514541626,0.20075877010822296,0.410758912563324,0.5755724906921387,0.5755688548088074,0.4107480049133301
5.147813782095909,-0.3146112704568844,-2.104232732036664,-2.05829193616748,-2.120652047824707,0.9581522534321016,0.0,-0.43443620204925537,0.531321108341217,0.19794943928718567,0.42022889852523804,0.5686925053596497,0.5686905384063721,0.4202231466770172
5.401740058220023,-0.3335625391879855,-2.117508812567686,-2.037098001691316,-2.128577558124825,0.9716771654998314,0.0,-0.43712523579597473,0.5404314398765564,0.19510133564472198,0.4294050335884094,0.5617932677268982,0.5617930889129639,0.4294043481349945
5.640506089327239,-0.34150697825377774,-2.115095492607355,-2.0264916582074166,-2.141617549536318,0.9674760011823059,0.0,-0.43901148438453674,0.5471741557121277,0.2012597918510437,0.4304489493370056,0.5609863996505737,0.560990571975708,0.4304618835449219
5.83872893512001,-0.34800564669111855,-2.110689642983646,-2.01729075775495,-2.155246145470384,0.9610309844472711,0.0,-0.4406798779964447,0.5535776615142822,0.2086382955312729,0.4304564893245697,0.5609725117683411,0.5609813928604126,0.430484414100647
6.034718916413688,-0.3560993631633929,-2.110087475080123,-2.0063299584451997,-2.166796095335275,0.9529289355526108,0.0,-0.4429406523704529,0.5617256760597229,0.21359096467494965,0.43045860528945923,0.5609758496284485,0.5609816908836365,0.43047770857810974
6.257997112588174,-0.3645213640630609,-2.110336215737048,-1.9950138891553653,-2.177842670874043,0.9444847980191918,0.0,-0.4452168345451355,0.5702847838401794,0.2180393934249878,0.4304593801498413,0.5609828233718872,0.5609843134880066,0.43046438694000244
6.4133914250543445,-0.368768025631674,-2.1141885794485327,-1.990131824342908,-2.178860081179526,0.9402250256196575,0.0,-0.4463447332382202,0.5746345520019531,0.21675331890583038,0.43045976758003235,0.5609867572784424,0.5609858632087708,0.4304566979408264
6.742762712399555,-0.366931720005955,-2.1233190721660318,-1.994629538403276,-2.1652318983951573,0.9420613552388748,0.0,-0.4458853006362915,0.5727625489234924,0.207035630941391,0.4304598271846771,0.5609868168830872,0.5609859228134155,0.4304566979408264
7.123255904333088,-0.36508704206059206,-2.132491193794572,-1.999147759017266,-2.1515415802555196,0.9439060572871303,0.0,-0.44531238079071045,0.5708445906639099,0.19732502102851868,0.4304599165916443,0.5609867572784424,0.560985803604126,0.43045657873153687
7.3633222525802795,-0.3707288982546566,-2.134431173039508,-1.9915915086597558,-2.157157817460433,0.9382641671854047,0.0,-0.44701313972473145,0.576708197593689,0.19868801534175873,0.4304598569869995,0.5609867572784424,0.5609858632087708,0.43045657873153687
7.561547333547229,-0.37868406273398253,-2.134111239899383,-1.9802990324525918,-2.1687701749415758,0.9303089508399328,0.0,-0.4493172764778137,0.5850270390510559,0.20355841517448425,0.4304599463939667,0.5609868764877319,0.5609858632087708,0.4304565191268921
7.759801602163667,-0.386601573456436,-2.133792821081772,-1.9690600063223807,-2.1803275682687473,0.9223913884968288,0.0,-0.4514737129211426,0.5933533310890198,0.20848634839057922,0.43045979738235474,0.5609868168830872,0.5609859228134155,0.43045663833618164
7.957882849672193,-0.39450060948584786,-2.1338176563265847,-1.9576718091110923,-2.1916913925409025,0.9144905334222561,0.0,-0.45362722873687744,0.6017630100250244,0.2132539600133896,0.43045926094055176,0.5609871745109558,0.560986340045929,0.4304561913013458
8.15619629452502,-0.40242601823314533,-2.1349920683108867,-1.945656946558345,-2.202534031331101,0.9065573675378922,0.0,-0.4561169743537903,0.6104459762573242,0.21734392642974854,0.4304563105106354,0.5609886646270752,0.5609882473945618,0.43045470118522644
8.354377081790322,-0.41031427879676263,-2.136160975560544,-1.9336984003843785,-2.213325848220474,0.8986613861966647,0.0,-0.45845741033554077,0.6191399097442627,0.22148239612579346,0.43045341968536377,0.5609900951385498,0.5609900951385498,0.430453360080719
8.645143632017216,-0.4181715475650487,-2.137325290348536,-1.921786837548816,-2.224075265676209,0.8907964269845482,0.0,-0.4606512188911438,0.6278483271598816,0.22567133605480194,0.4304504692554474,0.5609915852546692,0.5609919428825378,0.430451899766922
8.813240128387674,-0.42123610639462916,-2.1438550549016817,-1.9185783649213985,-2.2207896633514412,0.8876997907633559,0.0,-0.4615241289138794,0.6312894821166992,0.2211751788854599,0.4304291903972626,0.5609955787658691,0.5610016584396362,0.4304552674293518
9.07711438327815,-0.4213293251625413,-2.1537249433040504,-1.9207687953942558,-2.208785894196041,0.887559309832441,0.0,-0.46155667304992676,0.63140869140625,0.2112639993429184,0.43039649724960327,0.561001181602478,0.5610164999961853,0.43046140670776367
9.257114720937473,-0.42707103317516143,-2.162892047214169,-1.9136676015946867,-2.2067503113494817,0.8924322017294409,0.0,-0.4624427855014801,0.6348763704299927,0.20599579811096191,0.4333573579788208,0.5587063431739807,0.5587267279624939,0.43344324827194214
9.537266484075655,-0.442320612175465,-2.170812009404362,-1.890910975416739,-2.221572793352322,0.9057453487640281,0.0,-0.4647400975227356,0.6441481113433838,0.20864494144916534,0.44129708409309387,0.5524612665176392,0.5524791479110718,0.44137313961982727
9.73557227345692,-0.45740729256296947,-2.178647369202963,-1.8683974394143499,-2.2362369390655865,0.9189162824834882,0.0,-0.46677541732788086,0.6534683704376221,0.21134738624095917,0.4490633010864258,0.5461719036102295,0.5461875200271606,0.44912973046302795
9.933910789513458,-0.47233468011778607,-2.1863999992939416,-1.846121612757657,-2.2507462532818203,0.9319481507964157,0.0,-0.4685521125793457,0.6628285050392151,0.2140999585390091,0.45665931701660156,0.5398417115211487,0.5398550033569336,0.4567162096500397
10.132046258622278,-0.48709019699669975,-2.1940633672974403,-1.8241022650976886,-2.2650885104271454,0.9448299730274687,0.0,-0.47007226943969727,0.6722099781036377,0.21689660847187042,0.46408015489578247,0.5334806442260742,0.5334916710853577,0.46412765979766846
10.330227120393385,-0.5016975043555304,-2.2016497617795547,-1.8023040873890006,-2.279286708976228,0.9575824057761793,0.0,-0.47134196758270264,0.6816174387931824,0.21973855793476105,0.4713393449783325,0.5270832180976868,0.5270919799804688,0.4713771939277649
10.528441677415241,-0.5161604269871105,-2.2091611691698523,-1.7807213719736508,-2.2933445666004153,0.970208788153047,0.0,-0.47236472368240356,0.6910439133644104,0.22262266278266907,0.4784396290779114,0.5206516981124878,0.5206583738327026,0.4784684181213379
10.72668285163628,-0.5304828565215971,-2.216599610610274,-1.7593483114537625,-2.307265865936459,0.9827125176187154,0.0,-0.47314438223838806,0.7004826068878174,0.22554706037044525,0.4853845536708832,0.5141885876655579,0.5141931176185608,0.4854041635990143
10.9249487617849,-0.5446689123654704,-2.223967225539788,-1.7381787585256399,-2.321054611018072,0.9950971904865099,0.0,-0.4736846685409546,0.709927499294281,0.22850941121578217,0.49217724800109863,0.5076958537101746,0.5076982378959656,0.49218785762786865
11.233556855056893,-0.5587221552993366,-2.2312658632715974,-1.7172073995112362,-2.3347142628986006,1.0073659153796763,0.0,-0.4739890992641449,0.7193723320960999,0.23150745034217834,0.49882084131240845,0.5011754631996155,0.5011758208274841,0.49882224202156067
11.484756448960464,-0.5622543640488659,-2.2401842326942027,-1.7137407078383151,-2.3292602583843274,1.0085419256177217,0.0,-0.4741302728652954,0.7223868370056152,0.22402328252792358,0.4999999403953552,0.5000000596046448,0.5,0.5
11.682996729111832,-0.5634953202090373,-2.249459697715645,-1.7140872610992108,-2.319638253439185,1.0073010113717444,0.0,-0.4741920530796051,0.7239469289779663,0.21423500776290894,0.5,0.5,0.4999999403953552,0.4999999403953552
11.881233470237415,-0.5647361945328817,-2.258734551055536,-1.7144337915062402,-2.310016883028581,1.0060601789593304,0.0,-0.47417309880256653,0.7254587411880493,0.2044391632080078,0.5,0.4999999701976776,0.4999999701976776,0.49999991059303284
12.226307883249572,-0.5659770121760552,-2.2680089807385753,-1.7147803060844502,-2.3003959521030386,1.0048194032256725,0.0,-0.4740734398365021,0.7269218564033508,0.19463619589805603,0.5,0.4999999403953552,0.4999999403953552,0.5
12.388584356837281,-0.5694782548374223,-2.268910947851857,-1.70934217558581,-2.3049321201689006,1.0013181484914147,0.0,-0.4740963280200958,0.7312583327293396,0.19634561240673065,0.5000000596046448,0.4999999403953552,0.4999999403953552,0.5
12.591152544473724,-0.5741961199410319,-2.2652897277615858,-1.7007863002246804,-2.3171092156203015,0.9966002421729444,0.0,-0.47412770986557007,0.7371377944946289,0.20433230698108673,0.49999991059303284,0.4999999701976776,0.4999999701976776,0.5
12.789377122526483,-0.5788916105015426,-2.2616856813596673,-1.692271001225488,-2.329228561021412,0.9919047105930351,0.0,-0.47405388951301575,0.7429618835449219,0.2123514711856842,0.5,0.5,0.4999999701976776,0.5
12.985390871172266,-0.5848656391544819,-2.2608100538678655,-1.6817550723814305,-2.340620086964832,0.9859306728310623,0.0,-0.4741135239601135,0.7505322694778442,0.21857555210590363,0.4999999403953552,0.4999999403953552,0.5,0.5
13.183663971131162,-0.5912513468347275,-2.2608365468155043,-1.670596979035284,-2.3517516469915045,0.9795449665906198,0.0,-0.474129319190979,0.7586688995361328,0.22423908114433289,0.5000000596046448,0.5,0.5,0.49999988079071045
13.55394006769387,-0.5976186565671325,-2.2608629634339574,-1.659471033421176,-2.36285113573164,0.9731776582938696,0.0,-0.47402024269104004,0.7667770385742188,0.22995001077651978,0.5,0.5000000596046448,0.5,0.4999999403953552
13.920609703867244,-0.5986894887816436,-2.2697653720766335,-1.6598694755773158,-2.3535502846800767,0.9721068414086722,0.0,-0.47411859035491943,0.7682279348373413,0.22023677825927734,0.5000000596046448,0.5,0.5,0.4999999403953552
14.11884722730379,-0.5997268768625379,-2.278724036658926,-1.6603407408299797,-2.34412035484512,0.971069468745177,0.0,-0.4741423428058624,0.7695870399475098,0.21041855216026306,0.5000000596046448,0.5,0.4999999403953552,0.49999985098838806
14.359333086075063,-0.6007643518327316,-2.2876834515988755,-1.6608120455547648,-2.3346896351803856,0.9700320091936736,0.0,-0.47408953309059143,0.7708962559700012,0.20059329271316528,0.5000000596046448,0.4999999403953552,0.4999999403953552,0.4999999403953552
14.521730257886412,-0.6037133002268461,-2.2930421530963616,-1.6568461264876797,-2.3332968527499847,0.9670830343724034,0.0,-0.47406893968582153,0.7747176289558411,0.1968473643064499,0.5000000596046448,0.5,0.5,0.49999985098838806
14.822639554233035,-0.609710201717873,-2.292653391780582,-1.6458032395585547,-2.3447285009948895,0.9610860397079541,0.0,-0.4741143584251404,0.7826039791107178,0.2028571516275406,0.5,0.5000000596046448,0.5,0.49999988079071045
15.020875289530238,-0.6156848718813892,-2.292266071655748,-1.634801290109619,-2.356117770568659,0.9551112767164222,0.0,-0.4740387201309204,0.7904508709907532,0.20891223847866058,0.5000000596046448,0.5,0.4999999701976776,0.49999991059303284
15.217947206885299,-0.6200794250093039,-2.2893955950126452,-1.6255810122967433,-2.368208613312448,0.9507167331187304,0.0,-0.47408348321914673,0.7963417768478394,0.21681088209152222,0.5,0.5000000596046448,0.4999999403953552,0.4999999403953552
15.472296918597758,-0.6242145293337104,-2.286147127845923,-1.6166662495501722,-2.380371944994763,0.9465816542365794,0.0,-0.47406381368637085,0.8018788695335388,0.22503066062927246,0.4999999701976776,0.4999999701976776,0.5,0.4999999701976776
15.61927099540958,-0.6284447008762553,-2.289874892362911,-1.6093738279923282,-2.38393667214378,0.942351528955201,0.0,-0.4740706980228424,0.8076012134552002,0.2248024046421051,0.5,0.5,0.5,0.49999991059303284
15.859643563661699,-0.6327628904478303,-2.2999243216836436,-1.6035478740411035,-2.3797132382312074,0.938033404526032,0.0,-0.47409939765930176,0.8134999871253967,0.21683235466480255,0.49999991059303284,0.4999999701976776,0.5,0.5000000596046448
16.0578874014653,-0.6370665298020284,-2.309939889271651,-1.5977415507464334,-2.3755040352551156,0.9337298300947413,0.0,-0.4740378260612488,0.8193540573120117,0.2088337540626526,0.4999999403953552,0.5,0.5,0.5000000596046448
16.2545535043217,-0.6426751175042628,-2.3196328729330857,-1.5887100764393574,-2.374842421149853,0.9281213223113667,0.0,-0.47408393025398254,0.8271401524543762,0.202828049659729,0.5,0.4999999701976776,0.4999999701976776,0.4999999701976776
16.484767660158443,-0.6485243820719934,-2.329239472160112,-1.5790720524471515,-2.37487371295481,0.9222721403907219,0.0,-0.4740579128265381,0.8352831602096558,0.1971779614686966,0.5000000596046448,0.5,0.4999999701976776,0.5
16.704153086887178,-0.6591827093552775,-2.3400894838774673,-1.5596284818828596,-2.3834623245351425,0.9309054419991023,0.0,-0.4739251434803009,0.8445253968238831,0.1952357292175293,0.5048012137413025,0.4951540529727936,0.4951535761356354,0.5047978758811951
16.90239904810625,-0.6726637712569444,-2.3516466152438285,-1.5344230107583092,-2.3971028751541903,0.9481052535529054,0.0,-0.4735848605632782,0.8544274568557739,0.19553081691265106,0.5123403072357178,0.4873526692390442,0.4873514175415039,0.5123312473297119
17.100603863493976,-0.6860799447111114,-2.3631481186249914,-1.5093388612256113,-2.4106777696580766,0.9652222771870952,0.0,-0.47301197052001953,0.864316463470459,0.19583448767662048,0.519723117351532,0.47947490215301514,0.4794728755950928,0.5197088122367859
17.298851128564653,-0.6994376859011944,-2.3745995288193584,-1.4843639621923073,-2.4241935406105815,0.9822647500226729,0.0,-0.4722086191177368,0.8741912841796875,0.19614672660827637,0.5269536375999451,0.47152048349380493,0.4715176820755005,0.5269338488578796
17.497142128543434,-0.7127372914434253,-2.3860011001119985,-1.4594977590765745,-2.4376504881370766,0.9992330504974303,0.0,-0.47117653489112854,0.8840467929840088,0.19646617770195007,0.5340316295623779,0.4634925127029419,0.4634888768196106,0.5340065956115723
17.695323903010664,-0.7259687619156373,-2.397344260134027,-1.434758947745885,-2.45103849451648,1.01611442084954,0.0,-0.4699186682701111,0.8938702940940857,0.19679273664951324,0.5409520268440247,0.4554002583026886,0.45539578795433044,0.5409215688705444
17.893549859420833,-0.7391427374770592,-2.408638130549514,-1.4101276343500244,-2.4643683257872233,1.0329224363251492,0.0,-0.46843647956848145,0.9036644697189331,0.19712598621845245,0.5477204322814941,0.4472406208515167,0.4472353160381317,0.5476847290992737
18.09181735281783,-0.7522593486142294,-2.4198828232227974,-1.3856035749189923,-2.477640113979578,1.0496572634054957,0.0,-0.4667320251464844,0.9134243130683899,0.19746552407741547,0.5543373227119446,0.4390166997909546,0.4390105605125427,0.5542961955070496
18.290070801870403,-0.7653154720243188,-2.4310756605887587,-1.3611926090757984,-2.4908506988402435,1.06631491722496,0.0,-0.4648081064224243,0.9231423735618591,0.1978103667497635,0.5608008503913879,0.43073350191116333,0.4307264983654022,0.5607544183731079
18.488270327345905,-0.7783089064405116,-2.4422147555312406,-1.3368988525175263,-2.5039978530601528,1.082892589297483,0.0,-0.4626675844192505,0.9328120946884155,0.1981600821018219,0.5671104788780212,0.4223957657814026,0.42238786816596985,0.5670588612556458
18.68650185306507,-0.7912455791294771,-2.4533051894154956,-1.3127112230646,-2.5170875740289484,1.0993978419256845,0.0,-0.4603120684623718,0.9424331784248352,0.19851453602313995,0.5732694864273071,0.4140027165412903,0.4139938950538635,0.5732126832008362
18.88477549319106,-0.8041261853746651,-2.464347558298588,-1.2886284207491796,-2.5301205652556846,1.1158315621868886,0.0,-0.4577440023422241,0.9520017504692078,0.19887308776378632,0.5792783498764038,0.40555694699287415,0.40554720163345337,0.5792163610458374
19.083025682614622,-0.8169474947696542,-2.4753390927969443,-1.2646564854453017,-2.5430935581163725,1.1321896285673683,0.0,-0.4549667537212372,0.9615103602409363,0.19923511147499084,0.585135817527771,0.39706358313560486,0.3970528841018677,0.5850687623023987
19.281222637639818,-0.8297078598657963,-2.486278380575202,-1.2407984973791122,-2.5560048856721,1.1484699391699205,0.0,-0.45198339223861694,0.9709534049034119,0.19960053265094757,0.590842068195343,0.38852658867836,0.3885149657726288,0.5907697081565857
19.479452449725446,-0.8424131902012194,-2.497170487800178,-1.217043407517995,-2.5688605273742295,1.164680033678208,0.0,-0.4487954378128052,0.9803310036659241,0.19996827840805054,0.5963996648788452,0.3799450695514679,0.3799324929714203,0.5963223576545715
19.67770953093606,-0.8550637403729027,-2.508015632734407,-1.193390739843306,-2.58166074083177,1.1808202369197627,0.0,-0.4454055428504944,0.9896388649940491,0.2003384232521057,0.6018097400665283,0.3713216483592987,0.3713080883026123,0.6017271876335144
19.902959473280685,-0.8676601052284241,-2.5188143253326416,-1.1698393821716309,-2.5944061279296875,1.1968913078308105,0.0,-0.44181641936302185,0.9988735318183899,0.20071032643318176,0.6070725321769714,0.36265870928764343,0.36264416575431824,0.6069849729537964
20.05791883403915,-0.8982370733221148,-2.529058970876523,-1.1487997162366241,-2.605475159329481,1.2433791160583496,0.0,-0.4239039421081543,1.0073330402374268,0.20032736659049988,0.620496928691864,0.3389887511730194,0.3390067517757416,0.6206002235412598
20.212879784254806,-0.9286935898868626,-2.539108588317857,-1.1279343851462902,-2.616328690194654,1.2898674011230469,0.0,-0.4064057171344757,1.0157896280288696,0.20002271234989166,0.6330634355545044,0.31486690044403076,0.314890593290329,0.6331928968429565
20.367840734470462,-0.9591284022429356,-2.5491153454307462,-1.1071085865517785,-2.627131576793433,1.3363556861877441,0.0,-0.38920271396636963,1.0243821144104004,0.19972869753837585,0.6447086334228516,0.2902895212173462,0.29031211137771606,0.6448267698287964
20.52280168468612,-0.989547568221505,-2.5591014597695807,-1.0863047395291845,-2.6379089554185495,1.3828439712524414,0.0,-0.37223750352859497,1.0331758260726929,0.19943562150001526,0.6554065346717834,0.26528969407081604,0.26530757546424866,0.6554964184761047
20.677762634901775,-1.0199556262695209,-2.5690759147125273,-1.0655137237390202,-2.648671392280653,1.4293322563171387,0.0,-0.35544681549072266,1.042227864265442,0.19913960993289948,0.6651386022567749,0.23990240693092346,0.23991326987743378,0.6651909351348877
20.83272358511743,-1.050357749282476,-2.579043731918399,-1.0447296685804148,-2.6594252766618003,1.475820541381836,0.0,-0.3387604355812073,1.0515875816345215,0.19883942604064941,0.673889696598053,0.21416345238685608,0.21416544914245605,0.6738988757133484
20.987684535333088,-1.080757355684026,-2.5890087306610403,-1.0239483603416522,-2.670175243541114,1.5223088264465332,0.0,-0.3221047520637512,1.0612971782684326,0.19853375852108002,0.6816458702087402,0.18810951709747314,0.1881013661623001,0.6816094517707825
21.142645485548744,-1.1111575870354458,-2.598974251632431,-1.0031657607751807,-2.6809251885511083,1.5687971115112305,0.0,-0.30540162324905396,1.0713908672332764,0.19822180271148682,0.6883952617645264,0.16177791357040405,0.1617586314678192,0.6883124709129333
21.2976064357644,-1.1415611628995361,-2.6089428369477647,-0.9823784595110038,-2.6916793074951917,1.6152853965759277,0.0,-0.28856930136680603,1.0818952322006226,0.19790330529212952,0.6941264867782593,0.13520614802837372,0.13517548143863678,0.6939994692802429
21.452567385980057,-1.1719709107391747,-2.618919277962705,-0.961582075692036,-2.7024420710769634,1.661773681640625,0.0,-0.2715231776237488,1.0928285121917725,0.19757534563541412,0.6988295912742615,0.10843214392662048,0.1083907037973404,0.6986637711524963
21.607528336195713,-1.202391865776978,-2.628909677528933,-0.94076971309067,-2.7132195129731214,1.7082619667053223,0.0,-0.2541736364364624,1.1042022705078125,0.19723603129386902,0.7024960517883301,0.08149324357509613,0.08144254237413406,0.7022998929023743
21.76248928641137,-1.2328289844289002,-2.6389238874005114,-0.9199311163239883,-2.7240236487271217,1.7547502517700195,0.0,-0.2364293932914734,1.1160205602645874,0.19688080251216888,0.7051160335540771,0.054426152259111404,0.05437018349766731,0.7049064636230469
21.917450236627026,-1.2632874522436068,-2.648984972003474,-0.8990482619004062,-2.734878886128469,1.8012385368347168,0.0,-0.21819747984409332,1.1282774209976196,0.19649691879749298,0.7066749930381775,0.0272661242634058,0.0272147785872221,0.7064887285232544
22.07240959738549,-1.2938659191131592,-2.6592462062835693,-0.8779882788658142,-2.745950937271118,1.8477263450622559,0.0,-0.1992834210395813,1.1410002708435059,0.19600526988506317,0.7071067690849304,1.4897979383476923e-07,1.6182809758902295e-07,0.7071067094802856
22.12240959738549,-1.3002145025032688,-2.656036139031862,-0.8809314472394644,-2.7462176799739226,1.8413775232535672,0.0,-0.1898367553949356,1.1410679817199707,0.1986340582370758,0.7071067094802856,2.2352790551849466e-07,2.2492204720947484e-07,0.7071067094802856
22.31840209325012,-1.3065632051026677,-2.6528260717801544,-0.8838746156131144,-2.7464846610953066,1.8350288206541683,0.0,-0.18039515614509583,1.141066312789917,0.20125871896743774,0.7071066498756409,2.06630573984512e-07,2.270347607691292e-07,0.7071068286895752
22.513880238283242,-1.3129271101134716,-2.6497122318171207,-0.8868315194288771,-2.746641672920278,1.8286649146060527,0.0,-0.1709395796060562,1.1410053968429565,0.20373210310935974,0.7071066498756409,2.1031655705883168e-07,2.4702757173145073e-07,0.7071068286895752
22.709979091185893,-1.3195636988407813,-2.648324408471193,-0.8900347941198491,-2.7448261794861395,1.8220283062353055,0.0,-0.16113623976707458,1.141066074371338,0.20356550812721252,0.7071067094802856,2.3353581468654738e-07,2.391648195043672e-07,0.7071067094802856
22.90595530753192,-1.326200287568091,-2.6469365851252653,-0.893238068810821,-2.743010686052001,1.8153916978645583,0.0,-0.1513388454914093,1.1410565376281738,0.203399196267128,0.7071066498756409,2.5469856268500735e-07,2.8256752671040886e-07,0.7071068286895752
23.10083660517987,-1.3327956917356822,-2.6459281682453155,-0.8964191786529012,-2.7408379559128324,1.808796278384883,0.0,-0.14161954820156097,1.1410233974456787,0.20270568132400513,0.7071067094802856,2.2413016154132492e-07,2.298057779626106e-07,0.7071067094802856
23.296836477119292,-1.339245501363648,-2.646261018823923,-0.8995219319217331,-2.737402332253321,1.8023464687569173,0.0,-0.13215892016887665,1.141085147857666,0.2001497894525528,0.7071067690849304,2.221244415068213e-07,2.2059160187382076e-07,0.7071067094802856
23.492836032409038,-1.3456980885703564,-2.646594012742992,-0.9026260213759751,-2.7339652290594065,1.7958938815502088,0.0,-0.12269754707813263,1.1410770416259766,0.1975959837436676,0.7071067094802856,2.206346323418984e-07,2.1944514116967184e-07,0.7071067094802856
23.79720995127773,-1.3522299786191598,-2.6468382935586368,-0.9058609037546363,-2.7304857677863166,1.7897808405858864,0.0,-0.11323939263820648,1.1409605741500854,0.19508494436740875,0.70710688829422,-0.00014780244964640588,-0.0001478701742598787,0.7071065306663513
24.102039583466883,-1.3647416654109277,-2.640240280980802,-0.9191108230492394,-2.7238121229552874,1.8099612943408243,0.0,-0.10395858436822891,1.137858510017395,0.19563844799995422,0.7070175409317017,-0.011704010888934135,-0.011707478202879429,0.7070022225379944
24.298057057402964,-1.3773501117052396,-2.6335912424761334,-0.9324632109894402,-2.7170868672931405,1.8302978142360784,0.0,-0.09468405693769455,1.1347384452819824,0.19619113206863403,0.7067363858222961,-0.023346323519945145,-0.02335331402719021,0.7067059278488159
24.494072165779706,-1.3900522126372663,-2.6268928153887816,-0.9459147795127179,-2.7103116569127144,1.8507853923472863,0.0,-0.08541486412286758,1.1316027641296387,0.19674283266067505,0.7062590718269348,-0.03506864607334137,-0.03507930040359497,0.7062137126922607
24.690081406824227,-1.402843937906972,-2.620147125089273,-0.9594612605174891,-2.703488641547409,1.8714175280894474,0.0,-0.07615051418542862,1.1284534931182861,0.1972932517528534,0.7055819630622864,-0.04686388000845909,-0.04687834158539772,0.705521285533905
24.886084855042334,-1.4157212760401543,-2.613356287020367,-0.9730984058387934,-2.6966199608890613,1.8921877512422811,0.0,-0.06689033657312393,1.1252926588058472,0.19784244894981384,0.7047012448310852,-0.058724742382764816,-0.058743178844451904,0.7046253085136414
25.08207956745469,-1.428679527223521,-2.6065227796190427,-0.986821238358208,-2.6897081217846845,1.9130884813439053,0.0,-0.05763372778892517,1.1221224069595337,0.19838972389698029,0.7036135792732239,-0.07064329087734222,-0.07066585123538971,0.7035223245620728
25.27806481762969,-1.4417137313953714,-2.5996492185637488,-1.0006245053533525,-2.6827557698959468,1.9341117181704142,0.0,-0.04838027060031891,1.1189440488815308,0.19893480837345123,0.7023163437843323,-0.08261116594076157,-0.08263801038265228,0.7022094130516052
25.474043604426022,-1.4548183485858024,-2.592738525346343,-1.0145023399770678,-2.6757658602034278,1.9552485261475492,0.0,-0.03912912681698799,1.1157594919204712,0.1994771659374237,0.7008066177368164,-0.0946195051074028,-0.09465078264474869,0.7006842494010925
25.670015015147563,-1.4679878462061025,-2.585793617566229,-1.0284488831989018,-2.668741343750635,1.976489981606384,0.0,-0.029879942536354065,1.1125699281692505,0.20001685619354248,0.6990824341773987,-0.10665935277938843,-0.10669513046741486,0.6989446878433228
25.865981582991715,-1.4812161615743777,-2.5788176923663695,-1.042457714617902,-2.6616854543290107,1.9978263058756944,0.0,-0.020632170140743256,1.1093765497207642,0.2005537748336792,0.6971423625946045,-0.11872100830078125,-0.1187615618109703,0.6969889402389526
26.06194543137395,-1.49449688750324,-2.571814128564,-1.0565220490006122,-2.65460160948678,2.019247164621594,0.0,-0.011385343968868256,1.106180191040039,0.20108675956726074,0.6949850916862488,-0.1307946890592575,-0.13084009289741516,0.694815993309021
26.25791807144129,-1.5078241281441054,-2.564786035322878,-1.0706356426231285,-2.647492954027685,2.040743048263028,0.0,-0.002138745039701462,1.1029812097549438,0.20161601901054382,0.692609965801239,-0.14287112653255463,-0.14292152225971222,0.6924252510070801
26.453926995836134,-1.5211926133257703,-2.5577361918570674,-1.0847929143560417,-2.640362299023596,2.062305456391696,0.0,0.0071091428399086,1.099779725074768,0.2021411955356598,0.6900165677070618,-0.15494121611118317,-0.15499679744243622,0.6898161768913269
26.649919212303992,-1.5345919133292678,-2.5506700982576476,-1.0989828190911353,-2.6332152076125017,2.0839175666186738,0.0,0.016355998814105988,1.0965770483016968,0.2026616632938385,0.6872059106826782,-0.16699174046516418,-0.16705255210399628,0.6869900226593018
26.845910981737013,-1.548014834692605,-2.543591547982168,-1.113197738927447,-2.626055516735914,2.1055677764055125,0.0,0.025602221488952637,1.093371868133545,0.2031775265932083,0.6841792464256287,-0.1790119707584381,-0.17907828092575073,0.6839476227760315
27.041892134092684,-1.5614542005654581,-2.5365043257280466,-1.127430073555829,-2.6188870544747993,2.1272445100071917,0.0,0.034847527742385864,1.0901647806167603,0.203687846660614,0.6809380650520325,-0.19099178910255432,-0.19106362760066986,0.6806908845901489
27.23787598728382,-1.5749027662114155,-2.529412251992294,-1.1416721507755325,-2.611713685120081,2.148936082183299,0.0,0.044092193245887756,1.0869545936584473,0.2041928619146347,0.6774845123291016,-0.2029208391904831,-0.20299836993217468,0.6772218942642212
27.433856320075627,-1.5883530817942648,-2.5223192554308813,-1.1559160811844165,-2.6045393823614593,2.1706304768821494,0.0,0.05333567410707474,1.0837405920028687,0.2046918272972107,0.6738213896751404,-0.21478869020938873,-0.21487198770046234,0.6735432744026184
27.629850455067988,-1.601798376746957,-2.5152289064885687,-1.1701546947287165,-2.5973677575712886,2.192316773664517,0.0,0.06257817149162292,1.080520749092102,0.20518487691879272,0.6699516773223877,-0.2265857756137848,-0.22667504847049713,0.6696581840515137
28.02707817370602,-1.6152311563491821,-2.5081451574908655,-1.184380054473877,-2.590202808380127,2.213982884083883,0.0,0.07181884348392487,1.0772942304611206,0.20567166805267334,0.6658792495727539,-0.23830188810825348,-0.2383972406387329,0.6655701994895935
28.19335014591912,-1.6096540561805857,-2.5020957559167383,-1.1864469808424998,-2.636410886100467,2.2638644757478135,0.0,0.05429602414369583,1.079139232635498,0.2220737189054489,0.6461546421051025,-0.2577264904975891,-0.24823760986328125,0.6741211414337158
28.359624714228072,-1.6040782142864987,-2.496048038198269,-1.1885133507505894,-2.6826152332964512,2.3137468462404995,0.0,0.03725583106279373,1.0817196369171143,0.23791004717350006,0.6261003017425537,-0.27767953276634216,-0.25705116987228394,0.6817749738693237
28.525899282537026,-1.5985034207389874,-2.4900014429634245,-1.190579339702269,-2.7288170201492647,2.363629216733186,0.0,0.020710349082946777,1.084972858428955,0.2530990242958069,0.6057659387588501,-0.29811960458755493,-0.2648264169692993,0.6885051131248474
28.692173850845982,-1.5929290111375753,-2.483955220887753,-1.1926452403423842,-2.775017066826906,2.4135115872258726,0.0,0.004670456051826477,1.0888304710388184,0.26756608486175537,0.5852012634277344,-0.3190039396286011,-0.2715541422367096,0.6942869424819946
28.85844841915494,-1.5873547392925478,-2.477909140286332,-1.1947111900087655,-2.8212163086143733,2.463393957718559,0.0,-0.010851643979549408,1.0932176113128662,0.2812439799308777,0.5644561648368835,-0.34028878808021545,-0.27722758054733276,0.699097752571106
29.024722987463893,-1.581780558227464,-2.4718632680542103,-1.1967770472204067,-2.8674153317131337,2.513276328211245,0.0,-0.025843635201454163,1.0980547666549683,0.29407382011413574,0.5435810089111328,-0.3619290590286255,-0.2818424701690674,0.70291668176651
29.190997555772846,-1.5762064811898717,-2.465817529873737,-1.1988430424699448,-2.91361370581833,2.5631586987039316,0.0,-0.0402924120426178,1.103257179260254,0.3060057461261749,0.5226262211799622,-0.38387879729270935,-0.28539708256721497,0.7057247161865234
29.357272124081803,-1.5706323884141493,-2.4597718561257653,-1.2009090357543388,-2.9598119342299234,2.613041069196618,0.0,-0.05418472737073898,1.1087373495101929,0.31699904799461365,0.5016418099403381,-0.40609100461006165,-0.2878919243812561,0.7075053453445435
29.52354669239076,-1.565058293488258,-2.453726129653912,-1.202975016214779,-3.0060101545103635,2.6629234396893047,0.0,-0.0675063282251358,1.114404320716858,0.32702305912971497,0.48067790269851685,-0.42851778864860535,-0.2893298864364624,0.7082439661026001
29.689821260699713,-1.5594841717021266,-2.447680394298316,-1.20504105433954,-3.052208096535174,2.7128058101819907,0.0,-0.08024312555789948,1.1201653480529785,0.33605653047561646,0.4597841203212738,-0.4511106312274933,-0.28971609473228455,0.7079282402992249
29.856095829008666,-1.5539100205876175,-2.4416346310109485,-1.2071071476215245,-3.098405861801023,2.7626881806746773,0.0,-0.09237952530384064,1.1259273290634155,0.3440887928009033,0.4390098750591278,-0.47382012009620667,-0.2890583276748657,0.7065480351448059
30.022370397317623,-1.5483358153820521,-2.4355887482039735,-1.2091733460776102,-3.1446038569502432,2.8125705511673638,0.0,-0.10390008985996246,1.1315972805023193,0.3511190712451935,0.4184035658836365,-0.4965965747833252,-0.28736624121665955,0.7040958404541016
30.188644965626576,-1.542761502011577,-2.4295430116002175,-1.2112396341454357,-3.190801818299334,2.86245292166005,0.0,-0.11478868126869202,1.1370820999145508,0.35715657472610474,0.3980135917663574,-0.5193897485733032,-0.2846519947052002,0.7005660533905029
30.35491953393553,-1.5371872694405675,-2.423496893179643,-1.213306065632391,-3.2369995924604207,2.9123352921527363,0.0,-0.12502841651439667,1.1422920227050781,0.3622206747531891,0.37788715958595276,-0.542148768901825,-0.2809299826622009,0.6959556937217712
30.521194102244486,-1.5316128001152574,-2.4174507314629867,-1.2153724575375116,-3.2831976301631847,2.962217662645423,0.0,-0.1346028447151184,1.147139072418213,0.3663410246372223,0.3580707907676697,-0.5648230314254761,-0.2762164771556854,0.6902642250061035
30.687468670553443,-1.5260383770692307,-2.4114045738744427,-1.2174388669247538,-3.329395741035472,3.0121000331381094,0.0,-0.14349465072155,1.15153968334198,0.3695555031299591,0.3386097848415375,-0.587361752986908,-0.2705303132534027,0.6834931373596191
30.8537432388624,-1.5204639786189829,-2.405358364569813,-1.2195053693731543,-3.3755937802429803,3.061982403630796,0.0,-0.15168704092502594,1.1554142236709595,0.3719122111797333,0.31954893469810486,-0.6097137928009033,-0.26389217376708984,0.6756467223167419
31.020017807171353,-1.5148894960847916,-2.3993120844711298,-1.2215720134457093,-3.421791725745979,3.111864774123482,0.0,-0.15916311740875244,1.158689260482788,0.37346747517585754,0.30093124508857727,-0.6318284273147583,-0.25632449984550476,0.6667314767837524
31.186292375480306,-1.5093147999500331,-2.3932660041154863,-1.223638758014003,-3.4679900096753573,3.1617471446161685,0.0,-0.1659068465232849,1.1612966060638428,0.3742855489253998,0.28279903531074524,-0.6536552309989929,-0.2478518784046173,0.6567564010620117
31.352566943789263,-1.5037402881804123,-2.387219618666488,-1.225705400332934,-3.514188416432041,3.211629515108855,0.0,-0.1719018816947937,1.1631757020950317,0.37443938851356506,0.26519283652305603,-0.675143837928772,-0.23850113153457642,0.6457327008247375
31.518841512098216,-1.4981656945985615,-2.381173216054091,-1.2277721301826512,-3.560386922651427,3.261511885601541,0.0,-0.17713379859924316,1.1642729043960571,0.37400779128074646,0.24815243482589722,-0.6962444186210632,-0.2283005565404892,0.633674144744873
31.68511608040717,-1.4925910013537989,-2.3751268222644484,-1.2298389512390582,-3.6065856131115,3.3113942560942276,0.0,-0.18158875405788422,1.1645432710647583,0.37307512760162354,0.2317153513431549,-0.7169079184532166,-0.21727991104125977,0.6205968260765076
31.851390648716126,-1.487016270954142,-2.3690803846195108,-1.2319058042051414,-3.6527846151636907,3.361276626586914,0.0,-0.1852542757987976,1.1639492511749268,0.3717328608036041,0.21591801941394806,-0.7370858192443848,-0.2054711878299713,0.6065191626548767
32.01766521702508,-1.48144148942665,-2.3630338068836747,-1.2339727343074356,-3.6989834596045315,3.4111589970796006,0.0,-0.1881197690963745,1.1624637842178345,0.3700754940509796,0.2007952183485031,-0.756730318069458,-0.1929076611995697,0.5914617776870728
32.18393978533404,-1.4758667006717814,-2.3569872246623036,-1.2360395831902042,-3.7451826226161913,3.461041367572287,0.0,-0.19017615914344788,1.1600679159164429,0.36820167303085327,0.18637992441654205,-0.7757947444915771,-0.17962417006492615,0.5754477381706238
32.350214353643,-1.470291838703504,-2.3509404958967166,-1.2381064530769847,-3.7913821527074685,3.510923738064973,0.0,-0.19141682982444763,1.1567531824111938,0.3662133812904358,0.17270329594612122,-0.7942332625389099,-0.1656569093465805,0.5585023760795593
32.516488921951954,-1.4647168725860744,-2.344893606119438,-1.240173396704621,-3.837582017550337,3.5608061085576597,0.0,-0.19183757901191711,1.152519702911377,0.3642135262489319,0.15979468822479248,-0.8120013475418091,-0.1510433554649353,0.5406528115272522
32.68276349026091,-1.4591418526397284,-2.338846916583212,-1.242240344720181,-3.883781964636672,3.6106884790503457,0.0,-0.19143688678741455,1.1473782062530518,0.3623058497905731,0.14768175780773163,-0.8290553092956543,-0.13582250475883484,0.5219287872314453
32.84903805856987,-1.45356682058125,-2.332799961343851,-1.2443073815629606,-3.929982385186598,3.6605708495430322,0.0,-0.19021591544151306,1.141348958015442,0.36059510707855225,0.13638992607593536,-0.8453533053398132,-0.12003403156995773,0.5023618936538696
33.015312626878824,-1.4479917035498375,-2.326752807869394,-1.2463743714699074,-3.976182785239501,3.7104532200357188,0.0,-0.18817919492721558,1.1344622373580933,0.35918378829956055,0.12594296038150787,-0.8608545064926147,-0.10371934622526169,0.4819857180118561
33.18158719518778,-1.4424165274590957,-2.3207057093511803,-1.2484413441340867,-4.022383293832172,3.7603355905284053,0.0,-0.18533477187156677,1.1267567873001099,0.35817351937294006,0.11636248230934143,-0.8755198121070862,-0.08692023903131485,0.4608359634876251
33.34786176349674,-1.4368412986690016,-2.31465877943455,-1.250508379857459,-4.068584202649508,3.810217961021092,0.0,-0.18169409036636353,1.118281602859497,0.35766127705574036,0.10766775161027908,-0.889311671257019,-0.06967908143997192,0.43895015120506287
33.514136331805695,-1.4312658690040336,-2.3086114469495045,-1.2525755832986538,-4.114785830808272,3.860100331513778,0.0,-0.17727214097976685,1.1090935468673706,0.3577428162097931,0.09987634420394897,-0.9021944999694824,-0.05203970521688461,0.4163673520088196
33.68041090011465,-1.4256902554894368,-2.30256390142971,-1.2546425538497343,-4.160987351824948,3.9099827020064644,0.0,-0.17208808660507202,1.0992581844329834,0.35850685834884644,0.09300366044044495,-0.9141339063644409,-0.03404643386602402,0.39312872290611267
33.84668546842361,-1.4201147186534484,-2.2965161509222494,-1.2567096965987445,-4.207189473215896,3.9598650724991504,0.0,-0.16616468131542206,1.0888487100601196,0.3600376844406128,0.08706270158290863,-0.9250981211662292,-0.015743866562843323,0.3692770302295685
34.012960036732565,-1.4145390511643907,-2.290468385270333,-1.2587768514611946,-4.2533922567213605,4.009747442991837,0.0,-0.15952914953231812,1.0779451131820679,0.36241260170936584,0.08206450194120407,-0.9350569248199463,0.002823023358359933,0.3448564410209656
34.17923460504152,-1.4089632753594832,-2.284420403796044,-1.2608440654837312,-4.299595328375407,4.0596298134845235,0.0,-0.15221256017684937,1.0666347742080688,0.3657025694847107,0.0780179351568222,-0.9439820051193237,0.021608639508485794,0.3199126124382019
34.34550917335048,-1.403387424836324,-2.2783721531496943,-1.2629113084930652,-4.345799025659094,4.10951218397721,0.0,-0.14425015449523926,1.0550096035003662,0.3699708580970764,0.07492973655462265,-0.9518475532531738,0.04056698828935623,0.2944927215576172
34.511783741659436,-1.3978114622064686,-2.272323689260396,-1.2649785749876228,-4.392003643138148,4.1593945544698965,0.0,-0.1356811672449112,1.043166995048523,0.37527135014533997,0.07280423492193222,-0.9586296677589417,0.05965274199843407,0.2686450779438019
34.67805830996839,-1.3922352882311149,-2.2662749389697363,-1.2670459320348448,-4.438208822540697,4.209276924962583,0.0,-0.1265488862991333,1.0312081575393677,0.3816496431827545,0.07164371013641357,-0.9643067121505737,0.07882003486156464,0.24241918325424194
34.84433287827735,-1.3866589650541417,-2.2602262426952793,-1.2691133524476483,-4.484414831996911,4.2591592954552695,0.0,-0.11690074950456619,1.0192376375198364,0.3891419768333435,0.0714484453201294,-0.9688593745231628,0.09802278131246567,0.21586591005325317
35.0106074465863,-1.381082520950861,-2.2541771822048378,-1.2711809437032346,-4.530621875727032,4.309041665947955,0.0,-0.10678714513778687,1.0073617696762085,0.397774875164032,0.07221627235412598,-0.9722708463668823,0.11721555888652802,0.18903641402721405
35.176882014895256,-1.3755057266911048,-2.248127581184351,-1.2732485836592842,-4.576830094956442,4.3589240364406425,0.0,-0.09626322984695435,0.9956888556480408,0.40756478905677795,0.07394328713417053,-0.9745263457298279,0.13635297119617462,0.16198328137397766
35.343156583204205,-1.3699286280718665,-2.2420778732879763,-1.2753164598254914,-4.623039521434832,4.408806406933328,0.0,-0.0853864997625351,0.9843260049819946,0.4185180366039276,0.07662301510572433,-0.9756138324737549,0.15539054572582245,0.13475966453552246
35.50943115151316,-1.3643505515595278,-2.2360268725059402,-1.2773847002218002,-4.66925263546156,4.458688777426015,0.0,-0.07421846687793732,0.973380446434021,0.43063104152679443,0.08024737238883972,-0.9755236506462097,0.17428423464298248,0.1074192151427269
35.67570095145054,-1.3587712049484253,-2.2299745082855225,-1.2794536352157593,-4.715467929840088,4.508569717407227,0.0,-0.06282367557287216,0.9629576206207275,0.4438888728618622,0.08480612188577652,-0.974248468875885,0.19298958778381348,0.08001700043678284
35.725700951450534,-1.3478888346097637,-2.2371752980951265,-1.268904696728352,-4.723582669088777,4.517435326503238,0.0,-0.07180649787187576,0.9672406911849976,0.44307494163513184,0.09068699181079865,-0.9737010598182678,0.1953323483467102,0.07434630393981934
35.92561450161881,-1.337035253333468,-2.244356974974793,-1.2583837841108818,-4.731675940979984,4.526277537321809,0.0,-0.08085575699806213,0.9714070558547974,0.44225892424583435,0.09656674414873123,-0.9730926156044006,0.19761061668395996,0.06866969168186188
36.12565575473852,-1.3262147723784288,-2.2515167497922897,-1.247894957270326,-4.739744530704742,4.535092781924228,0.0,-0.08996576815843582,0.9754542112350464,0.4414407014846802,0.10244238376617432,-0.9724238514900208,0.1998237669467926,0.06298993527889252
36.32473457910962,-1.318465926718016,-2.2643421406965345,-1.232127717950946,-4.754520173955519,4.541495011306508,0.0,-0.09739305824041367,0.9816869497299194,0.43918919563293457,0.10621356219053268,-0.9711398482322693,0.2054496854543686,0.05827854201197624
36.524630452775426,-1.3109796705166354,-2.2776477309788383,-1.2159136811038413,-4.769864347729195,4.547690907526685,0.0,-0.10475093126296997,0.9879958629608154,0.4367488622665405,0.10982687026262283,-0.9697434306144714,0.21133217215538025,0.05361339822411537
36.79529183198317,-1.303494977456537,-2.2909505430343633,-1.1997030297714275,-4.7852053176168665,4.553885510034637,0.0,-0.1121879443526268,0.994184136390686,0.43423986434936523,0.11346222460269928,-0.9682814478874207,0.2171749323606491,0.0489109642803669
36.983266370720386,-1.294715367229853,-2.2903823796549516,-1.199686380756111,-4.78712437331906,4.560138336284911,0.0,-0.11899124830961227,0.993073582649231,0.43505603075027466,0.11832240223884583,-0.9677879810333252,0.21766112744808197,0.044831275939941406
37.24891323104444,-1.284857098271536,-2.278508296840108,-1.2128672902365225,-4.778110093042699,4.566455237160712,0.0,-0.12513799965381622,0.9860209226608276,0.4385705292224884,0.12416482716798782,-0.9680790305137634,0.21377694606781006,0.04129621386528015
37.448759874998956,-1.2749423917294211,-2.266566236112842,-1.2261236590786617,-4.76904420693162,4.572808301649418,0.0,-0.13117387890815735,0.9788498878479004,0.4420333504676819,0.13001959025859833,-0.9683170914649963,0.2098333090543747,0.03777508810162544
37.73269899236517,-1.2648032744090196,-2.2554056488365446,-1.2384768200661442,-4.7606861806117555,4.579431581654647,0.0,-0.13733285665512085,0.9720041751861572,0.4452243447303772,0.1359613686800003,-0.9684352874755859,0.20612026751041412,0.03408709913492203
38.02377796878377,-1.2519021624017275,-2.257945113551425,-1.2350437559757803,-4.7645838486001235,4.589871236295889,0.0,-0.1473156362771988,0.9721948504447937,0.44487264752388,0.1431441307067871,-0.9674147367477417,0.20703814923763275,0.02745453082025051
38.223646200795564,-1.239029974073753,-2.2604788849072364,-1.2316183886517702,-4.768472778202302,4.600287485728118,0.0,-0.15730327367782593,0.9722990989685059,0.4445493817329407,0.15031374990940094,-0.9663130640983582,0.20787256956100464,0.020829057320952415
38.42362045456925,-1.2261840142270974,-2.263007493428805,-1.228200000885593,-4.7723537836881755,4.610682510921182,0.0,-0.1672976315021515,0.9723163843154907,0.4442548155784607,0.15747100114822388,-0.9651305675506592,0.20862403512001038,0.014209970831871033
38.62348108698884,-1.213378996726086,-2.2655280428278695,-1.2247925081257165,-4.776222419723267,4.621044405330754,0.0,-0.17728687822818756,0.972247302532196,0.4439886212348938,0.1646064817905426,-0.9638689756393433,0.20929227769374847,0.007605907507240772
38.822954028447064,-1.2011503148306149,-2.2701156917908976,-1.2199240070328097,-4.782400978210052,4.630566489717317,0.0,-0.18719936907291412,0.9726932048797607,0.44297999143600464,0.17126384377479553,-0.9622880220413208,0.21135026216506958,0.0011876479256898165
39.0228695530192,-1.1891806470848718,-2.2755451755343152,-1.214463429289311,-4.789518369660607,4.6397260759091195,0.0,-0.19709104299545288,0.9732942581176758,0.441672682762146,-0.1777217835187912,0.9605311155319214,-0.2139350175857544,0.005162644665688276
39.22284766246835,-1.177247727619098,-2.2809579901276,-1.2090196161581621,-4.79661390988695,4.648857541099994,0.0,-0.20699359476566315,0.973800778388977,0.4403838813304901,-0.18416975438594818,0.958698570728302,-0.21643881499767303,0.011517295613884926
39.42270997126857,-1.165362773178335,-2.2863490476154174,-1.2035976847328052,-4.803680929199746,4.657952301865138,0.0,-0.21689718961715698,0.9742131233215332,0.4391145706176758,-0.19060073792934418,0.9567926526069641,-0.21886000037193298,0.017869191244244576
39.644616091480145,-1.1535206166283694,-2.291720691828174,-1.1981952777599996,-4.8107225000749985,4.667014312266788,0.0,-0.22680515050888062,0.9745315313339233,0.4378635883331299,-0.19701632857322693,0.9548133015632629,-0.2211998552083969,0.02421969547867775
39.85409398436019,-1.1414097029881953,-2.2909226843467705,-1.2000009272331422,-4.8104277331263345,4.675693031601028,0.0,-0.23586520552635193,0.9719122052192688,0.43772584199905396,-0.20372873544692993,0.9534071683883667,-0.22050634026527405,0.029772033914923668
40.07143439846597,-1.1289859311672694,-2.2832396739583327,-1.2098513198185523,-4.801946704561886,4.683953370856843,0.0,-0.24387012422084808,0.9660428762435913,0.4388102889060974,-0.21075047552585602,0.9526553153991699,-0.2164473831653595,0.03438904508948326
40.27158497022948,-1.1164620843279447,-2.275494775971099,-1.2197810585343833,-4.793397360263548,4.692280248166875,0.0,-0.251821368932724,0.9600629806518555,0.4398915767669678,-0.217796191573143,0.9518261551856995,-0.21229901909828186,0.03899792581796646
40.47135045873485,-1.1038897556176506,-2.267719896209918,-1.2297492369019727,-4.784814920047281,4.700639360188534,0.0,-0.2596842050552368,0.9539976119995117,0.4409652352333069,-0.2248355597257614,0.950922429561615,-0.20807762444019318,0.04357786104083061
40.69441336044791,-1.0912358024485058,-2.2598945388985747,-1.239782132569255,-4.7761767592835795,4.709052742823931,0.0,-0.26747673749923706,0.947831928730011,0.442033976316452,-0.23188573122024536,0.9499412775039673,-0.20377217233181,0.048139724880456924
40.89767065115917,-1.083729282590853,-2.2449414978881994,-1.2574126415497207,-4.761315389964282,4.715253998318464,0.0,-0.26913338899612427,0.9394182562828064,0.44509953260421753,-0.23637451231479645,0.9501304030418396,-0.19707362353801727,0.05041103810071945
41.09756965406883,-1.0781181609376091,-2.227384739002823,-1.277817140437022,-4.74418218992597,4.7206382522837265,0.0,-0.2684360444545746,0.9301453232765198,0.4487636089324951,-0.23988869786262512,0.9507147669792175,-0.18949851393699646,0.051818810403347015
41.29746379547465,-1.072513709309557,-2.209848850102324,-1.2981973841878263,-4.727069356381727,4.726016105904851,0.0,-0.2675914168357849,0.9208226799964905,0.4522663354873657,-0.24335330724716187,0.9512401223182678,-0.18191353976726532,0.05318706855177879
41.49993573528197,-1.0669158847988767,-2.1923336969315064,-1.3185535288337806,-4.709976758315277,4.7313876003548145,0.0,-0.26659971475601196,0.9114553928375244,0.4556063413619995,-0.24676787853240967,0.9517070651054382,-0.1743191033601761,0.05451568588614464
41.72047111225603,-1.0681193642268698,-2.1820116555446263,-1.3299420247407148,-4.699610814368894,4.7312122166056865,0.0,-0.2628987729549408,0.9069318771362305,0.4576662480831146,-0.24634642899036407,0.9526821374893188,-0.16994166374206543,0.05319744721055031
42.07623743605888,-1.0824242843606569,-2.185537724441522,-1.3240650580151512,-4.70219446411682,4.720352370265653,0.0,-0.25415587425231934,0.9117777347564697,0.4575338363647461,-0.23859328031539917,0.9546676278114319,-0.17172731459140778,0.04682505130767822
42.2762070332197,-1.0966692299381662,-2.1890490100040467,-1.318212730956802,-4.7047672817003034,4.70953805472617,0.0,-0.24536561965942383,0.9165410995483398,0.45742714405059814,-0.2308489978313446,0.9565553665161133,-0.17341792583465576,0.04045584052801132
42.476039819094304,-1.110842578326236,-2.192542647329431,-1.3123898185541127,-4.707327167924597,4.698778093525502,0.0,-0.23653604090213776,0.9212170839309692,0.4573461413383484,-0.2231212854385376,0.9583446383476257,-0.1750137209892273,0.034096501767635345
42.67587910560048,-1.1249544945102559,-2.196021142019838,-1.3065921446718558,-4.7098759587148,4.688064769725817,0.0,-0.22766196727752686,0.9258091449737549,0.45728999376296997,-0.21540601551532745,0.9600377082824707,-0.17651638388633728,0.027743568643927574
42.868435486826066,-1.1372082096049343,-2.205507904468681,-1.294712301535895,-4.718445448588455,4.679074276151395,0.0,-0.22118400037288666,0.9327612519264221,0.45574110746383667,-0.20855478942394257,0.9609182476997375,-0.18058744072914124,0.023002328351140022
43.06832569805062,-1.1484661651400483,-2.218005559600902,-1.2797942096368546,-4.730036043908688,4.670996922543407,0.0,-0.21583040058612823,0.9408621788024902,0.4533737897872925,-0.20214347541332245,0.9613544940948486,-0.1859356015920639,0.019061435014009476
43.343466124335166,-1.1596455420150624,-2.2304159831757038,-1.2649802435419193,-4.741545738798361,4.6629759475222485,0.0,-0.21033845841884613,0.9488544464111328,0.4509531259536743,-0.19573603570461273,0.9617184400558472,-0.19119875133037567,0.015094747766852379
43.557584908453556,-1.1698466793297035,-2.2292407106774594,-1.2660926212062074,-4.7402270780790365,4.655108593428274,0.0,-0.20261132717132568,0.9496374130249023,0.45137542486190796,-0.19011947512626648,0.962877094745636,-0.19135889410972595,0.010193617083132267
43.78793607619702,-1.1794571292968379,-2.219634541564083,-1.2770880122501544,-4.730947172013661,4.647324022015051,0.0,-0.19362276792526245,0.9458820223808289,0.4535658359527588,-0.1850116103887558,0.964509904384613,-0.18833152949810028,0.0047460212372243404
43.98805047539174,-1.1891220842877235,-2.209973891705531,-1.2881457629184745,-4.721614635582149,4.639495300926087,0.0,-0.18466296792030334,0.9419930577278137,0.4557366371154785,0.17988763749599457,-0.9660889506340027,0.1852351278066635,0.0007083973614498973
44.187873407873504,-1.1988076732003596,-2.200292617116348,-1.2992271210182047,-4.712262174916469,4.6316498661309025,0.0,-0.17576561868190765,0.9379844069480896,0.45787927508354187,0.17476630210876465,-0.9676082730293274,0.18207989633083344,0.006149572320282459
44.48228507759633,-1.2085313837916007,-2.1905732378293816,-1.3103520944288667,-4.702872903737471,4.62377355235185,0.0,-0.16691698133945465,0.933849036693573,0.45999714732170105,0.16963928937911987,-0.969070315361023,0.17886027693748474,0.01158641092479229
44.69156622732513,-1.202842779973956,-2.17886322738441,-1.3235283998721712,-4.691389809767406,4.62811550202509,0.0,-0.16872148215770721,0.9273437857627869,0.46221017837524414,0.17314426600933075,-0.9694114923477173,0.17367811501026154,0.009912165813148022
44.89145692283743,-1.1905922661675092,-2.166250210750624,-1.337640854205058,-4.678961114576953,4.637658622261256,0.0,-0.17487949132919312,0.9197915196418762,0.46443119645118713,0.18027515709400177,-0.9692181348800659,0.16759778559207916,0.0052785552106797695
45.09125519389742,-1.178238828944627,-2.153531225111454,-1.3518718751578578,-4.666427998968627,4.647281919586617,0.0,-0.1809123158454895,0.9121322631835938,0.4666081666946411,0.1874092072248459,-0.9689305424690247,0.16140323877334595,0.0006734435446560383
45.29098775083654,-1.1657791379399758,-2.1407028415533045,-1.3662252992740356,-4.653787084137565,4.656987988347609,0.0,-0.1868172585964203,0.9043657183647156,0.4687401056289673,-0.19454561173915863,0.9685468673706055,-0.155092254281044,0.003901232033967972
45.50094947852246,-1.1531883186738094,-2.1277394495400173,-1.3807297816749207,-4.641013133809464,4.666796205703,0.0,-0.19260044395923615,0.8964794874191284,0.4708283543586731,-0.201695516705513,0.968065083026886,-0.14865201711654663,0.008451592177152634
45.70569913343149,-1.1387059567076703,-2.1239430570817945,-1.3861133668152015,-4.638376907351998,4.677750455988508,0.0,-0.20137691497802734,0.8922373652458191,0.47109949588775635,-0.2095361053943634,0.9665859341621399,-0.1469351202249527,0.01470921654254198
45.90560074404436,-1.1238457676742841,-2.1217856766460623,-1.3898703526196137,-4.6375573087316395,4.688939279776921,0.0,-0.21067695319652557,0.8885753154754639,0.4710818827152252,-0.21751292049884796,0.9648439884185791,-0.14598332345485687,0.021284915506839752
46.10549864799338,-1.1089410188508229,-2.1196218270854006,-1.3936386041285456,-4.636735252461355,4.700161654392856,0.0,-0.2199433594942093,0.8848294615745544,0.47109702229499817,-0.22549636662006378,0.9629999995231628,-0.14493407309055328,0.027865417301654816
46.46040112509805,-1.0939926459675848,-2.1174516442477613,-1.3974178847685972,-4.635910790150398,4.711416875287979,0.0,-0.22917558252811432,0.8810000419616699,0.47114527225494385,-0.23348461091518402,0.9610533118247986,-0.14378704130649567,0.034448858350515366
46.699381312606754,-1.0963778351554747,-2.107467265396353,-1.4083938502329665,-4.627121670788384,4.709437605049767,0.0,-0.22494757175445557,0.8761248588562012,0.473056823015213,-0.23233504593372345,0.9619162678718567,-0.14030881226062775,0.03241868317127228
46.8992838545422,-1.1039016081977613,-2.0951530800702516,-1.4215181622358053,-4.6159599509389295,4.703534696748476,0.0,-0.21680189669132233,0.8708496689796448,0.4754490852355957,-0.22849074006080627,0.963580310344696,-0.13612046837806702,0.027860574424266815
47.099186321971835,-1.1114421795699636,-2.0828114008595544,-1.4346717768932695,-4.604773310314831,4.697618609022373,0.0,-0.20871342718601227,0.8654556274414062,0.47776931524276733,-0.22465009987354279,0.9651913642883301,-0.13188637793064117,0.0233191829174757
47.296283068386735,-1.121702041281088,-2.072683144432652,-1.4449984746358955,-4.593784721986285,4.690166446740008,0.0,-0.1996147632598877,0.8620511889457703,0.47942519187927246,-0.21941781044006348,0.9670848250389099,-0.1276097297668457,0.017843086272478104
47.49594724762243,-1.1334075180669438,-2.0637218461059974,-1.4538333949858389,-4.582895241748687,4.681896812185743,0.0,-0.19001628458499908,0.8596466183662415,0.48074871301651,-0.21345557272434235,0.9690723419189453,-0.12326349318027496,0.01189608033746481
47.75033393951672,-1.1452005905325187,-2.0546934876302823,-1.462734429759609,-4.571924272184283,4.673565293414964,0.0,-0.1804288625717163,0.8571154475212097,0.4820712208747864,-0.20746749639511108,0.9709813594818115,-0.11881482601165771,0.005951064173132181
47.9250168109375,-1.1438237176640789,-2.042332884996551,-1.4761963092792536,-4.559392682198224,4.674721408991782,0.0,-0.17844516038894653,0.8507359623908997,0.48366981744766235,-0.20844775438308716,0.9714518189430237,-0.11314528435468674,0.005379193928092718
48.13912021445878,-1.1326640465939841,-2.027446168867818,-1.493101042711293,-4.545649453919704,4.682925752233017,0.0,-0.18189102411270142,0.8415141701698303,0.48539531230926514,-0.21454960107803345,0.9708447456359863,-0.10654953867197037,0.008715183474123478
48.33902022319682,-1.1214211718562568,-2.012448461171937,-1.5101318135339565,-4.531803759628458,4.691191264969652,0.0,-0.18515479564666748,0.8322071433067322,0.48701614141464233,-0.2206382155418396,0.970155656337738,-0.099863201379776,0.01200595311820507
48.538912557836845,-1.1100939861652108,-1.99733828481809,-1.5272902990699215,-4.517854235692901,4.699518761253624,0.0,-0.18823225796222687,0.8228192329406738,0.4885289967060089,-0.22671176493167877,0.9693833589553833,-0.09308614581823349,0.015249635092914104
48.8386294422913,-1.0986809956136845,-1.9821136469722862,-1.5445787622982825,-4.503799042353865,4.707909339372421,0.0,-0.19111983478069305,0.8133540153503418,0.4899308681488037,-0.232768714427948,0.9685271978378296,-0.08621757477521896,0.018444115296006203
49.013965976728585,-1.089710258135719,-1.9842262361159135,-1.543137086969231,-4.50653230176648,4.714566094117361,0.0,-0.19693917036056519,0.8130403757095337,0.4894576668739319,-0.23736165463924408,0.9672577977180481,-0.08699081093072891,0.022454548627138138
49.25695372709505,-1.0824227699676634,-1.9980508999715128,-1.5290393334664558,-4.520604436769807,4.720026824935818,0.0,-0.20488819479942322,0.8188398480415344,0.48770368099212646,-0.2409907728433609,0.9656899571418762,-0.09291675686836243,0.027068324387073517
49.45685973355047,-1.0751550290407885,-2.0118381025009184,-1.514979781293426,-4.534638439863012,4.725472758561333,0.0,-0.21289804577827454,0.8245283365249634,0.4858626425266266,-0.24462458491325378,0.9640507698059082,-0.09878965467214584,0.03170774132013321
49.6567770648884,-1.0679068674655474,-2.025588162197484,-1.5009581056653338,-4.5486346352407026,4.7309040207985165,0.0,-0.22096674144268036,0.830105185508728,0.4839359223842621,-0.2482624053955078,0.9623406529426575,-0.1046096459031105,0.0363718643784523
49.88692401848716,-1.059809253266033,-2.038148463223778,-1.4884270845883234,-4.561524781093708,4.736922912831609,0.0,-0.22928354144096375,0.8347797393798828,0.48200249671936035,-0.25236067175865173,0.9604827761650085,-0.10991360247135162,0.041301000863313675
50.1232399422658,-1.045105669419028,-2.0418772498531435,-1.4870175683219011,-4.56622615249669,4.747518993775316,0.0,-0.23907886445522308,0.8333218097686768,0.4806486666202545,-0.2599431276321411,0.9579473733901978,-0.11159821599721909,0.0480845607817173
50.32309489361768,-1.0304410834063777,-2.0455961467437334,-1.4856117904693544,-4.570915054606123,4.7580869710802265,0.0,-0.24886225163936615,0.8317691087722778,0.4793335795402527,-0.2675066590309143,0.955311119556427,-0.11318115144968033,0.05487032234668732
50.626062206035684,-1.0158122186069865,-2.0493059848372455,-1.48420943692694,-4.57559253509942,4.768629206030686,0.0,-0.25863590836524963,0.8301220536231995,0.4780557155609131,-0.2750512659549713,0.9525741934776306,-0.11466265469789505,0.061657778918743134
50.779117938070804,-1.0103820615014898,-2.0415680837959704,-1.4932478446294546,-4.568182333293856,4.772406451152627,0.0,-0.25965702533721924,0.8252503275871277,0.4788995385169983,-0.2778710722923279,0.952099084854126,-0.11105608195066452,0.06293987482786179
51.01929797888699,-1.0124722351006668,-2.0244662681619685,-1.5108271590842568,-4.550885019478174,4.7706529591699285,0.0,-0.2535181939601898,0.8177496790885925,0.48133859038352966,-0.27682259678840637,0.9534805417060852,-0.10333400219678879,0.05971724912524223
51.21919301436248,-1.0145614540012544,-2.007372263878788,-1.528398444087956,-4.533595606308213,4.76890026810459,0.0,-0.24739013612270355,0.8101912140846252,0.4836214780807495,-0.27576640248298645,0.954788088798523,-0.09560132026672363,0.05650654435157776
51.41909585432115,-1.0166497309100795,-1.9902859669790811,-1.5459618065107663,-4.516313988628126,4.7671483672965795,0.0,-0.24127447605133057,0.8025767207145691,0.485747754573822,-0.27470266819000244,0.9560216069221497,-0.08785892277956009,0.053307730704545975
51.6173590263814,-1.0138602074760463,-1.973615599648384,-1.5643375301818772,-4.501437181468187,4.769650776921815,0.0,-0.2374778836965561,0.793605387210846,0.4875839948654175,-0.27613845467567444,0.9562282562255859,-0.08113375306129456,0.052842024713754654
51.81726091639104,-1.0099773015463327,-1.9570653364560961,-1.5828668831344153,-4.48712525291322,4.773106700397953,0.0,-0.23411522805690765,0.7843354940414429,0.48921602964401245,-0.27810755372047424,0.9561790227890015,-0.07464694231748581,0.05296783149242401
52.12509456595385,-1.0061020848632989,-1.9405478474434061,-1.601359542752567,-4.472841666005235,4.776555780172854,0.0,-0.23065876960754395,0.7750710844993591,0.49067121744155884,-0.28004181385040283,0.9560925960540771,-0.06816960126161575,0.05306850001215935
52.40074643750484,-0.9908168368780563,-1.9390190272370091,-1.6059484225571028,-4.471658410476776,4.786799301756954,0.0,-0.2385486513376236,0.7709630131721497,0.4896848797798157,-0.2876955568790436,0.9535550475120544,-0.0671859160065651,0.05873749405145645
52.60064154748614,-0.9741120552970952,-1.9393235029437104,-1.608841317821453,-4.472077706993415,4.797889788634724,0.0,-0.24780194461345673,0.7673928141593933,0.4884498119354248,-0.2960452437400818,0.9506109356880188,-0.06677557528018951,0.06509297341108322
52.800537346646145,-0.9573818724572202,-1.939628441635589,-1.6117386120168076,-4.472497641091534,4.808997139685625,0.0,-0.25702202320098877,0.7637244462966919,0.48725438117980957,-0.30438706278800964,0.9475509524345398,-0.06625998765230179,0.07145091891288757
53.10056941220744,-0.9420319664061996,-1.9384434688055876,-1.615941870657577,-4.471641969135024,4.819331202327001,0.0,-0.2648787498474121,0.7595765590667725,0.486359179019928,-0.3120120167732239,0.9446969628334045,-0.06512319296598434,0.07716815918684006
53.43637489160688,-0.9408936423586186,-1.92215573789431,-1.6333409157731034,-4.45785375895254,4.821680130751375,0.0,-0.2592259645462036,0.7515048384666443,0.48802506923675537,-0.3124600946903229,0.9450328350067139,-0.058706264942884445,0.0763879045844078
53.63626301666887,-0.9397575594038229,-1.9059000737010388,-1.6507057062538781,-4.444092694518604,4.824024434687181,0.0,-0.25353801250457764,0.7434236407279968,0.48951825499534607,-0.31288066506385803,0.9453331828117371,-0.05230085924267769,0.0756000503897667
53.84872930254337,-0.9386237186190948,-1.8896764916400883,-1.6680362256338654,-4.430358788882044,4.826364111911449,0.0,-0.24781669676303864,0.7353357672691345,0.4908391237258911,-0.3132740259170532,0.9455981850624084,-0.04590723291039467,0.07480483502149582
54.02042002732744,-0.9294111717081819,-1.8775784790223031,-1.6827399715425346,-4.419753777432823,4.833187609739289,0.0,-0.24789102375507355,0.7274076342582703,0.4909787178039551,-0.31763315200805664,0.9442060589790344,-0.04069238528609276,0.07699529826641083
54.236802670522884,-0.9114809857327023,-1.8698061930524743,-1.694742054490849,-4.412418730469834,4.8448623857836,0.0,-0.2540495991706848,0.7195989489555359,0.48999208211898804,-0.3262472450733185,0.9409772753715515,-0.03663143888115883,0.08235612511634827
54.436645011767105,-0.893332478252147,-1.8619392701852298,-1.7068902771845569,-4.404994370518405,4.856679316219442,0.0,-0.2600709795951843,0.7116879224777222,0.48899155855178833,-0.3349035382270813,0.9376004934310913,-0.03242608532309532,0.08771228790283203
54.65810312205179,-0.8749587402827931,-1.8539747155493875,-1.719189264349573,-4.397477871187323,4.868642899652564,0.0,-0.2659510672092438,0.7036757469177246,0.4879764914512634,-0.3436012864112854,0.9340715408325195,-0.02807263471186161,0.09306171536445618
54.87560448641794,-0.8640246335879632,-1.8384516930210133,-1.7374302099191898,-4.383648258966185,4.8753139937102885,0.0,-0.26523464918136597,0.6938904523849487,0.4880102276802063,-0.3484756648540497,0.9323076009750366,-0.021204298362135887,0.09443268179893494
55.07550730775016,-0.8536250920233508,-1.8222850090046587,-1.7561999565660842,-4.369277773668156,4.88160062162989,0.0,-0.2638166844844818,0.6839964985847473,0.48796653747558594,-0.3530195355415344,0.9306289553642273,-0.014110580086708069,0.09543444961309433
55.27542089517134,-0.8431836655168365,-1.806053212443048,-1.775045299790283,-4.3548494101513535,4.887912569419945,0.0,-0.26218992471694946,0.6741363406181335,0.4877554774284363,-0.35752296447753906,0.9288928508758545,-0.006980195175856352,0.09636674076318741
55.53241238536798,-0.8374216997428808,-1.7914165090531153,-1.7911289928046874,-4.341703641668823,4.891302819187155,0.0,-0.258993923664093,0.6662331223487854,0.4877117872238159,-0.35980042815208435,0.9280884265899658,-0.0006501315510831773,0.09589025378227234
55.83370737924217,-0.8543058032637592,-1.7846857614128284,-1.7936610667523967,-4.334935221791958,4.880556676580129,0.0,-0.2491917610168457,0.6674544215202332,0.4892353415489197,-0.35157081484794617,0.931921660900116,0.0017690857639536262,0.08897633105516434
56.03359876393317,-0.8712841049965223,-1.7779174622145582,-1.7962072674103537,-4.328129040179689,4.869750580098916,0.0,-0.2393815666437149,0.6685490608215332,0.4908016324043274,-0.34329113364219666,0.9356270432472229,0.004323399625718594,0.08206365257501602
56.23349663062929,-0.8883560901225286,-1.7711118166877,-1.7987675175722762,-4.321285303210087,4.858884857407615,0.0,-0.22956471145153046,0.6695160269737244,0.49241167306900024,-0.33496418595314026,0.9392024874687195,0.0070136417634785175,0.07515569776296616
56.475828931394155,-0.900431805670821,-1.7624484846432553,-1.8043198020092397,-4.31306080010148,4.851222932816255,0.0,-0.22126616537570953,0.6683859825134277,0.49369877576828003,-0.3289681375026703,0.9417024254798889,0.010639098472893238,0.06973665952682495
56.7616807324195,-0.8900908458995945,-1.7456955229656124,-1.8230580609619829,-4.2988567865228555,4.857933913998071,0.0,-0.21955588459968567,0.6585472226142883,0.49327778816223145,-0.333395391702652,0.9399548172950745,0.017864549532532692,0.0708046406507492
56.961583665510425,-0.8797089686204825,-1.7288762725239943,-1.841870464179419,-4.284596569956261,4.8646714494486885,0.0,-0.2176428735256195,0.6487554907798767,0.4926733672618866,-0.3377756178379059,0.9381476044654846,0.02512608841061592,0.07180121541023254
57.16148626332522,-0.869287619249201,-1.7119930749766834,-1.8607543925067913,-4.270282135778773,4.87143460113548,0.0,-0.2155284285545349,0.6390185952186584,0.4918830394744873,-0.34210678935050964,0.9362813234329224,0.032421618700027466,0.07272558659315109
57.39844220802661,-0.8588285898544631,-1.6950488335801615,-1.8797065986393662,-4.255915945519001,4.878222206058134,0.0,-0.21321462094783783,0.6293445825576782,0.49090468883514404,-0.34638702869415283,0.9343567490577698,0.03974894434213638,0.07357580214738846
57.561562476777446,-0.8442409622485557,-1.6903064188540642,-1.8879492791154917,-4.252576141277898,4.887032075827575,0.0,-0.21700817346572876,0.6239915490150452,0.48955366015434265,-0.35301873087882996,0.9314720034599304,0.041765280067920685,0.07741629332304001
57.804952405413054,-0.8257695440160848,-1.6972463209906425,-1.8859210129748611,-4.259789227557092,4.897737203099308,0.0,-0.226787269115448,0.622610867023468,0.4880170226097107,-0.36191514134407043,0.9275901913642883,0.0387931726872921,0.08419544994831085
58.01186575255164,-0.807393601702574,-1.7041503518408019,-1.8839032306298569,-4.266965030503064,4.908386997215191,0.0,-0.2365540713071823,0.621096134185791,0.48653072118759155,-0.37075963616371155,0.923560380935669,0.035967450588941574,0.0909929871559143
58.20917498804743,-0.7906000576458467,-1.7029984146339399,-1.8891813373717266,-4.267137068473379,4.9188308430516505,0.0,-0.24232149124145508,0.6166544556617737,0.48525792360305786,-0.37850791215896606,0.9198411703109741,0.03672892227768898,0.09630538523197174
58.476038772056015,-0.7766590607167025,-1.6865001769378472,-1.9083980978284725,-4.253978371403876,4.928981966919951,0.0,-0.24030737578868866,0.6069217920303345,0.4841998219490051,-0.3841955363750458,0.9168997406959534,0.04413820803165436,0.09869405627250671
58.67591696921936,-0.7626097741767937,-1.6698737857282366,-1.9277641284931235,-4.240717461401461,4.939211941766994,0.0,-0.238036647439003,0.597268283367157,0.48296216130256653,-0.3898344337940216,0.9138723015785217,0.051632434129714966,0.1009984016418457
58.875776223281534,-0.7484534899093802,-1.6531207698625638,-1.94727764858836,-4.227355557855292,4.949519826909194,0.0,-0.2355099469423294,0.587705135345459,0.4815404415130615,-0.3954213559627533,0.910759449005127,0.05920972302556038,0.1032150536775589
59.075612846205146,-0.7341926635165243,-1.6362440353816756,-1.9669352732259386,-4.213894978571175,4.959903834302207,0.0,-0.23272834718227386,0.5782443284988403,0.4799303114414215,-0.40095245838165283,0.9075621962547302,0.06686737388372421,0.10534103959798813
59.289939322167776,-0.7206156972179079,-1.6192627232245813,-1.9864888492958734,-4.200380223573836,4.969739060299248,0.0,-0.22947324812412262,0.5690402388572693,0.47820228338241577,-0.406080037355423,0.9044774174690247,0.0745178759098053,0.10708221793174744
59.50600137260793,-0.7228514656339473,-1.602598373411709,-2.001126724463486,-4.187706741607334,4.967037067672546,0.0,-0.2216917723417282,0.5627812147140503,0.47779154777526855,-0.40423569083213806,0.9052752256393433,0.08048257976770401,0.10292144864797592
59.70590959561108,-0.7250919305111191,-1.5858990184209165,-2.015795347990942,-4.1750066376906165,4.964329399232884,0.0,-0.2139432728290558,0.5564940571784973,0.47720789909362793,-0.40238165855407715,0.9060127139091492,0.08646741509437561,0.09875888377428055
59.91307548225424,-0.7273368486209345,-1.5691664711611761,-2.0304931274287608,-4.162281290567492,4.961616348929125,0.0,-0.20623072981834412,0.5501812696456909,0.47645050287246704,-0.4005182087421417,0.906689465045929,0.09247139096260071,0.09459604322910309
60.11687040631521,-0.7409447501470663,-1.5565145793495772,-2.0392107297508923,-4.150925472298455,4.953092601706156,0.0,-0.1966981440782547,0.5477726459503174,0.4763423800468445,-0.3937363028526306,0.9098146557807922,0.09706267714500427,0.08824875950813293
60.31682608951676,-0.7567327731358054,-1.5444956858866294,-2.046916702724251,-4.139721323557625,4.943440625859976,0.0,-0.1868751049041748,0.5459116101264954,0.4763539433479309,-0.3860071897506714,0.9132598042488098,0.10154158622026443,0.08151227235794067
60.51672999118316,-0.7726888980691891,-1.532348822039737,-2.054704724542049,-4.128397879374118,4.9336858812307405,0.0,-0.17708902060985565,0.5438777804374695,0.4763491153717041,-0.3782026767730713,0.9165676236152649,0.10618335753679276,0.07477599382400513
60.716595820382715,-0.7888174738737772,-1.520070677116672,-2.0625769178709774,-4.116952053483109,4.923825709111014,0.0,-0.16734279692173004,0.541669487953186,0.4763283133506775,-0.3703240156173706,0.9197342395782471,0.11099160462617874,0.06804312765598297
60.91643244330633,-0.8051231171167476,-1.5076577366793624,-2.070535536010385,-4.1053805696855825,4.913857287171812,0.0,-0.15763962268829346,0.53928542137146,0.4762920141220093,-0.3623727560043335,0.922755241394043,0.11596985906362534,0.06131705269217491
61.207622880922095,-0.8182960445302828,-1.5000723017247106,-2.0746145187687763,-4.0979001537283155,4.9059175299896065,0.0,-0.150882288813591,0.538335919380188,0.47655266523361206,-0.35607507824897766,0.9251087307929993,0.11919645965099335,0.056361857801675797
61.63386757561941,-0.8156768733789695,-1.516272637481724,-2.059665240828408,-4.1106224797175726,4.908178778776014,0.0,-0.1580917090177536,0.5450570583343506,0.4782162308692932,-0.35800671577453613,0.9248895049095154,0.11325719952583313,0.05985984578728676
61.83374100441117,-0.8130616294375641,-1.5324486823026278,-2.0447383779762687,-4.123325729731344,4.91043663702468,0.0,-0.16535116732120514,0.5517597794532776,0.4797153174877167,-0.3599321246147156,0.924615204334259,0.1073322668671608,0.06336599588394165
62.0336239699461,-0.8104496137877583,-1.5486047592005463,-2.0298299410404232,-4.136013298685824,4.912691708143358,0.0,-0.17266064882278442,0.5584434866905212,0.48105043172836304,-0.3618515133857727,0.9242857694625854,0.10142041742801666,0.06688076257705688
62.23352351302285,-0.8078408537389016,-1.5647406992592048,-2.0149400858927247,-4.148685053928952,4.914943968554652,0.0,-0.1800180822610855,0.5651065111160278,0.48222169280052185,-0.36376452445983887,0.9239015579223633,0.09552247077226639,0.07040384411811829
62.431847885986194,-0.8135306763320981,-1.580026373753639,-1.9992457461022983,-4.160094351150396,4.911532253313154,0.0,-0.18435655534267426,0.5726787447929382,0.4836289882659912,-0.36192530393600464,0.9251553416252136,0.08964142948389053,0.0711473673582077
62.656089278192916,-0.8361852697452473,-1.5934512065211361,-1.9820238362020681,-4.168827938252566,4.896538041588022,0.0,-0.18215195834636688,0.5821970701217651,0.4857361912727356,-0.35233986377716064,0.9297576546669006,0.08390690386295319,0.06608308851718903
62.85610581401149,-0.8583657864187744,-1.6065951072572207,-1.9651623170952928,-4.177378763721229,4.881857603183747,0.0,-0.17965523898601532,0.5916754007339478,0.4877221882343292,-0.3428448438644409,0.9341243505477905,0.07840655744075775,0.06100346893072128
63.056204548360505,-0.8800932058636319,-1.6194705081614442,-1.9486452402614767,-4.185754915381357,4.867477052561822,0.0,-0.17687618732452393,0.6011025905609131,0.4895940124988556,-0.33344030380249023,0.9382659196853638,0.07313061505556107,0.05591388791799545
63.254386937500634,-0.9019412316771528,-1.631668864594879,-1.9329112909090116,-4.193587104138275,4.852784670383408,0.0,-0.1734602302312851,0.6102486252784729,0.4912886917591095,-0.32387155294418335,0.9422933459281921,0.06811987608671188,0.05049853399395943
63.45417377191941,-0.9280815125613244,-1.6404155648583312,-1.92092115876882,-4.198344755156466,4.8333931596133715,0.0,-0.16684845089912415,0.617652416229248,0.4924090504646301,-0.3122224807739258,0.9469191431999207,0.06371496617794037,0.04244621470570564
63.654275300236144,-0.9536989141755163,-1.6489873064719989,-1.909170863054572,-4.203007239749237,4.8143895336958415,0.0,-0.16009928286075592,0.6249490976333618,0.4935530424118042,-0.3007014989852905,0.9512301683425903,0.05960739031434059,0.03444886580109596
63.853952126832404,-0.9787298472288692,-1.6573628120643962,-1.8976895711651753,-4.207562984373989,4.795820964748977,0.0,-0.1532401740550995,0.6321099996566772,0.49471545219421387,-0.2893487215042114,0.9552276134490967,0.055796343833208084,0.026537474244832993
64.15424428008164,-1.0032942004893493,-1.6655821971615576,-1.886422292024734,-4.212033809336382,4.777598516301683,0.0,-0.14624810218811035,0.6391597986221313,0.49589890241622925,-0.2781200110912323,0.9589419364929199,0.052253030240535736,0.018684424459934235
64.41505505914209,-1.00258840325868,-1.6803525753538473,-1.8714221653405991,-4.226102924807628,4.7773875013203115,0.0,-0.15131790935993195,0.6461753845214844,0.496608704328537,-0.27875998616218567,0.9590582251548767,0.04559984430670738,0.020510777831077576
64.61495022500274,-0.9977206640487382,-1.696194639524784,-1.8558146487603377,-4.2417460006796395,4.780143287362372,0.0,-0.15846951305866241,0.6531394720077515,0.49710994958877563,-0.28136447072029114,0.9585312604904175,0.03843308240175247,0.02397015690803528
64.81484721625564,-0.9928613940838458,-1.712009140525681,-1.8402342872672395,-4.257361859595859,4.782894278688387,0.0,-0.16568544507026672,0.6600455641746521,0.4974749684333801,-0.28396597504615784,0.9579300284385681,0.03129434958100319,0.02745729498565197
65.16979801260571,-0.9880105573909828,-1.7277961954307832,-1.8246809655203862,-4.272950617159989,4.785640495663857,0.0,-0.17296381294727325,0.6668914556503296,0.4977044463157654,-0.2865639925003052,0.9572548270225525,0.024184176698327065,0.03097178414463997
65.43301315233388,-1.0049281847990703,-1.7305570374563715,-1.8202909944487888,-4.273190842419141,4.773195195713435,0.0,-0.16649295389652252,0.6704960465431213,0.49796247482299805,-0.27857697010040283,0.9598161578178406,0.02285434864461422,0.025009049102663994
65.63290256262103,-1.026704473855532,-1.7303963906927278,-1.8184069245443732,-4.269992025419862,4.757359888752778,0.0,-0.15690270066261292,0.6732867956161499,0.4983205199241638,-0.268212229013443,0.9629368782043457,0.022981496527791023,0.01692747324705124
65.83278269693533,-1.048445069355277,-1.730236007245499,-1.8165259428225133,-4.266798451607596,4.741550537473811,0.0,-0.147286519408226,0.6759728789329529,0.4987611770629883,-0.25785163044929504,0.9658631682395935,0.023285845294594765,0.008865084499120712
66.03118889723905,-1.0653535569762669,-1.7360853336688717,-1.8089204209885097,-4.270211534477712,4.729557691873896,0.0,-0.14134705066680908,0.6810122132301331,0.4992852210998535,-0.24982257187366486,0.9680595993995667,0.020910585299134254,0.003464106237515807
66.28520049074774,-1.0727351966534022,-1.7538341994489557,-1.7899761545941228,-4.28670042151673,4.725091943711305,0.0,-0.1426440179347992,0.6909133791923523,0.4997102618217468,-0.24637039005756378,0.9690839052200317,0.012938299216330051,0.00326281669549644
66.48509060884004,-1.0801038082936942,-1.7715517398206715,-1.7710653233999563,-4.303160206914751,4.720634077257133,0.0,-0.143792986869812,0.7008388638496399,0.4999442994594574,-0.2428717315196991,0.9700409173965454,0.004980599507689476,0.0030026233289390802
66.69731746138277,-1.087458780011563,-1.7892364835289183,-1.7521894977513441,-4.319589523859976,4.716184462690234,0.0,-0.14479266107082367,0.7107834815979004,0.4999886751174927,-0.23932784795761108,0.9709306359291077,-0.002960546175017953,0.002684345468878746
66.89266697588086,-1.0836126676796107,-1.8003302224110374,-1.740797076095173,-4.330425758220948,4.719279443437465,0.0,-0.14967545866966248,0.7162319421768188,0.49978673458099365,-0.24120858311653137,0.9704273343086243,-0.007695280946791172,0.005462293978780508
67.15942921332646,-1.065552508817343,-1.8030524645451966,-1.7389089391816237,-4.334157188586015,4.731948142131875,0.0,-0.15965840220451355,0.7158486843109131,0.4994933605194092,-0.2500210106372833,0.9681276679039001,-0.008272109553217888,0.012234831228852272
67.35932674474645,-1.0475684866108108,-1.8057632304562627,-1.737028762133282,-4.337872888268351,4.744563433081732,0.0,-0.16963742673397064,0.7153422236442566,0.4992481768131256,-0.2587907314300537,0.9657073616981506,-0.008725370280444622,0.01898799277842045
67.55894856743146,-1.0289749034592772,-1.8087746364483939,-1.7359106516788845,-4.342554320110236,4.758080023361088,0.0,-0.17953257262706757,0.7141903042793274,0.4986306428909302,-0.26786816120147705,0.9630412459373474,-0.009905165061354637,0.026455985382199287
67.7588392443173,-1.0099822318452334,-1.8119846313613854,-1.735298421483109,-4.347875092723817,4.772190690917379,0.0,-0.1893617808818817,0.7125813364982605,0.4978008270263672,-0.27715590596199036,0.9601393938064575,-0.011501952074468136,0.03441737964749336
67.95873290143538,-0.9910388827180232,-1.815186290167954,-1.734687781201401,-4.353182047705919,4.786264714170597,0.0,-0.19917915761470795,0.7108672857284546,0.4970426559448242,-0.28642329573631287,0.95707768201828,-0.012942387722432613,0.0423862561583519
68.28933076660635,-0.9721495704385636,-1.8183788160831675,-1.734078882801538,-4.358473864334371,4.8002985905708675,0.0,-0.20898298919200897,0.7090492248535156,0.4963553845882416,-0.2956649363040924,0.953857421875,-0.014227154664695263,0.05035717412829399
68.4969289405287,-0.9774041386967556,-1.8293570905749788,-1.721933545936439,-4.369035507348325,4.797035814517383,0.0,-0.20986901223659515,0.7152624726295471,0.49634701013565063,-0.2932817041873932,0.954515278339386,-0.019325537607073784,0.050127703696489334
68.69680533092625,-0.9925214558975003,-1.84344929863294,-1.7051446367627228,-4.381682394138053,4.7867037798874446,0.0,-0.20686818659305573,0.7247937321662903,0.49651002883911133,-0.28607937693595886,0.9567277431488037,-0.025945406407117844,0.04644745588302612
68.89674341213114,-1.0074685734004634,-1.857382848278123,-1.688544747057838,-4.394186894796636,4.776488069413978,0.0,-0.2036466896533966,0.734257161617279,0.4965696334838867,-0.27887922525405884,0.9588272571563721,-0.032436829060316086,0.04271357133984566
69.09369891416438,-1.0231277466633737,-1.8700627475368363,-1.673269688202437,-4.405354729317844,4.765487792585949,0.0,-0.19947268068790436,0.7431765794754028,0.4965519905090332,-0.27123627066612244,0.9609832167625427,-0.03838447108864784,0.0383245125412941
69.2935611857117,-1.041885127068765,-1.8784058355555429,-1.662525595235872,-4.411833254383028,4.751247498326375,0.0,-0.19235049188137054,0.7501862645149231,0.49658453464508057,-0.2619416117668152,0.9636251330375671,-0.04257411137223244,0.03163217753171921
69.49343591835506,-1.0604051416494795,-1.8866433457203535,-1.6519174637112723,-4.418229796761315,4.737187408291352,0.0,-0.18512214720249176,0.7570872902870178,0.49662521481513977,-0.25269824266433716,0.9661006331443787,-0.04658805578947067,0.024951010942459106
69.6933197220803,-1.0786952115499735,-1.8947785788792575,-1.6414410428503192,-4.424546919607544,4.72330188847024,0.0,-0.17779015004634857,0.7638787031173706,0.4966738820075989,-0.24350708723068237,0.9684144258499146,-0.05043173208832741,0.018283233046531677
69.89946832547581,-1.096140119551963,-1.8982050618394697,-1.6362654611930707,-4.42562843299115,4.710416361878878,0.0,-0.16940823197364807,0.7682112455368042,0.4967622756958008,-0.23472462594509125,0.9706135392189026,-0.05177886039018631,0.011511268094182014
70.1177784876183,-1.1124019702905275,-1.8936820391474587,-1.6400198795073127,-4.4178314552126805,4.699042959458808,0.0,-0.15941886603832245,0.7683917284011841,0.49693626165390015,-0.2266036719083786,0.9727430939674377,-0.04899470880627632,0.004586214665323496
70.31761356454643,-1.12873256794284,-1.889139895393775,-1.643790169611068,-4.41000151573954,4.687621476022144,0.0,-0.14942970871925354,0.7684611082077026,0.49715322256088257,0.21846576035022736,-0.9747529029846191,0.04608739912509918,0.0023236176930367947
70.65547140186901,-1.1451391087594012,-1.8845766290347539,-1.6475779929225303,-4.402135164226122,4.6761468785714655,0.0,-0.13943713903427124,0.7684184312820435,0.4974139332771301,0.21030962467193604,-0.9766427278518677,0.043055564165115356,0.009218973107635975
70.95266406010356,-1.15060545651868,-1.8994821430870206,-1.6310999878224197,-4.415497866602099,4.671608865990785,0.0,-0.1402619481086731,0.7771382331848145,0.4966392517089844,0.20737095177173615,-0.9769667983055115,0.04925885424017906,0.010320848785340786
71.1525634914216,-1.1548152016100057,-1.916652506896976,-1.612263291523904,-4.431326834417466,4.6678663505556965,0.0,-0.1422407031059265,0.7868769764900208,0.4955711364746094,0.2049950659275055,-0.977069079875946,0.056538112461566925,0.010785792954266071
71.35246936749186,-1.1590299834744764,-1.933843414285093,-1.5934040579543667,-4.447174740890228,4.664119357367008,0.0,-0.1441226303577423,0.7966137528419495,0.49432235956192017,0.2025800496339798,-0.9771186709403992,0.06382007896900177,0.01128015574067831
71.54524650942054,-1.1654883255424733,-1.9505848683291218,-1.5751458224803692,-4.4626806600815785,4.6587059276299,0.0,-0.14440998435020447,0.8061464428901672,0.49292492866516113,0.19897717237472534,-0.9773346781730652,0.07115572690963745,0.012716543860733509
71.74512008722391,-1.178471214533807,-1.9659173379562032,-1.5587483187914917,-4.477098849617351,4.648449780367064,0.0,-0.14014919102191925,0.815071165561676,0.49148666858673096,0.19196131825447083,-0.9781054854393005,0.07858449220657349,0.01688401773571968
71.9450075603601,-1.1913170730319071,-1.9810879779722563,-1.5425238858282275,-4.49136485949381,4.638301883657632,0.0,-0.1357143670320511,0.823896050453186,0.4899565577507019,0.1849389225244522,-0.9787634611129761,0.08587568253278732,0.021097369492053986
72.14489326398339,-1.2040290991900933,-1.9961005653169648,-1.5264684842946319,-4.50548224143051,4.628259711043014,0.0,-0.13111042976379395,0.8326177597045898,0.48833751678466797,0.17791245877742767,-0.9793107509613037,0.09303133934736252,0.02535323053598404
72.33246017608664,-1.2101763255284148,-2.0110767706511288,-1.5100886998905234,-4.519780035653795,4.623546429821552,0.0,-0.13037706911563873,0.8411126732826233,0.48669302463531494,0.17429742217063904,-0.979269802570343,0.09967080503702164,0.02677229791879654
72.54835258377676,-1.2063602822176969,-2.0261539445718237,-1.4930422188223276,-4.534502853716078,4.626923595673728,0.0,-0.13584300875663757,0.8493134379386902,0.48502832651138306,0.17595559358596802,-0.9784232974052429,0.10565564781427383,0.023754149675369263
72.74824810353999,-1.2025367362617392,-2.0412607614179072,-1.4759622230139617,-4.549254618011895,4.630307401303088,0.0,-0.14136415719985962,0.8574485778808594,0.4832305610179901,0.177627831697464,-0.9775257706642151,0.1116374284029007,0.0207082349807024
72.94201938966282,-1.2046966454973993,-2.0552426900027796,-1.4602462600840294,-4.561898865720283,4.6290841446165345,0.0,-0.1428600549697876,0.8654800653457642,0.4812883734703064,0.17617380619049072,-0.9771623015403748,0.11704599857330322,0.02041616290807724
73.17290683216684,-1.21733696190434,-2.0672225171000678,-1.4469552975470843,-4.570822046803999,4.619790349886158,0.0,-0.13710567355155945,0.873403787612915,0.47923481464385986,0.1692013144493103,-0.9777538180351257,0.12141860276460648,0.025017185136675835
73.37246048203939,-1.2298262018659016,-2.079059161888002,-1.4338231879463395,-4.579638578462478,4.610607634137251,0.0,-0.13123057782649994,0.8811907768249512,0.47713714838027954,0.16227203607559204,-0.9782614707946777,0.12567929923534393,0.02961384877562523
73.57153893388146,-1.2429795272067041,-2.0908245076017415,-1.421324908708673,-4.589321290783703,4.600314325197215,0.0,-0.12471029162406921,0.8883953094482422,0.47497817873954773,0.15485318005084991,-0.9786441326141357,0.13065271079540253,0.03472593426704407
73.7717297387802,-1.2573930791053385,-2.102491796145861,-1.4099586312336023,-4.600626619736528,4.587946538206781,0.0,-0.1171603873372078,0.8945905566215515,0.4727852940559387,0.14651942253112793,-0.9788287281990051,0.13697856664657593,0.04078276455402374
73.97138235098951,-1.2716205355140349,-2.1140084466104057,-1.3987391054398917,-4.611785983923334,4.575738433534461,0.0,-0.10954988747835159,0.9006675481796265,0.4705936312675476,0.13821998238563538,-0.9788848161697388,0.1431281417608261,0.04684101790189743
74.17113314322465,-1.285711080000452,-2.1254142714496225,-1.3876275460176355,-4.6228379606785195,4.56364780840522,0.0,-0.10185717791318893,0.9066460132598877,0.4683956503868103,0.1299304962158203,-0.9788153767585754,0.14912447333335876,0.05291721969842911
74.36303432330001,-1.2943853020960356,-2.1385574797620426,-1.3737026944504684,-4.635345444914048,4.556614735890914,0.0,-0.09791125357151031,0.9138002395629883,0.4659618139266968,0.12459711730480194,-0.9784075021743774,0.15505504608154297,0.05614534765481949
74.5880215479428,-1.293942301091335,-2.154754659153926,-1.3548924487706568,-4.650423584898124,4.558103644164493,0.0,-0.10049202293157578,0.9230037927627563,0.463040828704834,0.12433073669672012,-0.9775676131248474,0.16105015575885773,0.05446385219693184
74.78791356593315,-1.2934973459111443,-2.171023287889346,-1.3359992269335117,-4.665568237895208,4.559599120342037,0.0,-0.10306660085916519,0.932155191898346,0.4599561095237732,0.124067023396492,-0.976684033870697,0.1670656055212021,0.052771348506212234
75.01174585016845,-1.2969375495140794,-2.1807505097512725,-1.3252057053706983,-4.673909062514493,4.557796613407509,0.0,-0.1018672063946724,0.9377076625823975,0.45776110887527466,0.12188223004341125,-0.9763092398643494,0.17062455415725708,0.05340578779578209
75.3790173505168,-1.3091623236232626,-2.1755793342092775,-1.3328509795098424,-4.666766162510453,4.548529403389654,0.0,-0.09220139682292938,0.9351771473884583,0.457894891500473,0.11535795032978058,-0.9771202206611633,0.1685575246810913,0.05930418521165848
75.57904180257727,-1.32144941365733,-2.170381798541217,-1.3405352255207543,-4.659586851492505,4.539214953663465,0.0,-0.08255787193775177,0.932530403137207,0.4580419659614563,0.10881328582763672,-0.9778621792793274,0.16641154885292053,0.06521078944206238
75.79770019109422,-1.3341334056135,-2.168893036488615,-1.3443082587113862,-4.656100281283508,4.529851932508826,0.0,-0.07307851314544678,0.9316609501838684,0.45738810300827026,0.10189615190029144,-0.9782987833023071,0.16588714718818665,0.07092355936765671
76.02677555174398,-1.3475883766281518,-2.175018890980439,-1.3400435074959969,-4.660202263106629,4.520421268822283,0.0,-0.06379766762256622,0.9345653057098389,0.45507434010505676,0.09419864416122437,-0.9781755208969116,0.16876070201396942,0.07628179341554642
76.22670513928699,-1.3609885017537076,-2.181119774928981,-1.3357961404928758,-4.664287524206985,4.511029046923099,0.0,-0.0544852688908577,0.9373797178268433,0.4527747929096222,0.08650883287191391,-0.9779669642448425,0.17155024409294128,0.08165319263935089
76.5270933084852,-1.3743339776992798,-2.1871957778930664,-1.3315660953521729,-4.668356124554769,4.501675128936768,0.0,-0.04514205455780029,0.9401044845581055,0.45048898458480835,0.07882791012525558,-0.9776736497879028,0.1742555946111679,0.08703640848398209
76.69274400071863,-1.3841250432451637,-2.1883005750018265,-1.3405127318162955,-4.61866091688474,4.465559460219199,0.0,-0.04756837338209152,0.9461284875869751,0.43592149019241333,0.07357563823461533,-0.9791324138641357,0.15582625567913055,0.10772445052862167
76.85839765995638,-1.393914116871487,-2.189404896756184,-1.34945756282228,-4.568964819113414,4.429450751573162,0.0,-0.04982448369264603,0.9525151252746582,0.42215675115585327,0.06896202266216278,-0.9797846078872681,0.13718166947364807,0.1282479614019394
77.02405131919414,-1.4037016460384855,-2.190508657781026,-1.3584010740405545,-4.519268721342087,4.39334646875966,0.0,-0.05187855660915375,0.9592028856277466,0.40920573472976685,0.06499820947647095,-0.9796395301818848,0.118348129093647,0.14857760071754456
77.1897049784319,-1.4134888501680958,-2.191612674605569,-1.3673443374601066,-4.46957262357076,4.357243389446227,0.0,-0.05369989201426506,0.9661281108856201,0.3970731794834137,0.06169377267360687,-0.9787075519561768,0.09935374557971954,0.1686837077140808
77.35535863766965,-1.4232761558081601,-2.192716713835773,-1.3762877026165903,-4.419876525799434,4.321140613070911,0.0,-0.05526113510131836,0.9732272624969482,0.38576096296310425,0.05905803665518761,-0.97700035572052,0.08022505044937134,0.1885373890399933
77.52101229690741,-1.4330633109750153,-2.1938207845676976,-1.3852310390868032,-4.370180428028107,4.285037839600457,0.0,-0.05653780326247215,0.9804362058639526,0.3752652406692505,0.05709956958889961,-0.974530816078186,0.060989659279584885,0.20810922980308533
77.68666595614518,-1.44285077428351,-2.1949249369603807,-1.3941747125635595,-4.32048433025678,4.248934696863419,0.0,-0.05750720947980881,0.9876904487609863,0.3655781149864197,0.055825456976890564,-0.9713130593299866,0.04167533665895462,0.22737090289592743
77.85231961538292,-1.4526384637947345,-2.196029194939876,-1.4031186900327928,-4.270788232485454,4.212831267433001,0.0,-0.058150067925453186,0.9949261546134949,0.35668665170669556,0.05524197220802307,-0.9673622250556946,0.022310849279165268,0.24629409611225128
78.01797327462069,-1.4624263732683334,-2.19713356465299,-1.4120627571355857,-4.221092134714127,4.17672742203795,0.0,-0.05844992399215698,1.0020804405212402,0.3485744297504425,0.05535426735877991,-0.9626944661140442,0.0029243514873087406,0.26485198736190796
78.18362693385845,-1.4722147194179558,-2.1982380369587875,-1.4210070615500285,-4.1713960369428,4.1406229820629665,0.0,-0.05839242786169052,1.0090911388397217,0.34121930599212646,0.056166164577007294,-0.9573271870613098,-0.016455072909593582,0.28301772475242615
78.3492805930962,-1.4820034669568691,-2.1993423257422444,-1.4299519247966581,-4.1216999391714735,4.1045175580851145,0.0,-0.05796658992767334,1.0158982276916504,0.33459681272506714,0.05768049880862236,-0.951278567314148,-0.035798657685518265,0.30076631903648376
78.51493425233396,-1.491792203370453,-2.200446849270153,-1.4388968343006625,-4.0720038414001465,4.068412054659322,0.0,-0.05716396123170853,1.0224429368972778,0.328676700592041,0.059898823499679565,-0.9445679783821106,-0.05507633835077286,0.3180723488330841
78.68058791157172,-1.5015813060490566,-2.201551475236236,-1.4478421735908542,-4.0223077436288195,4.032306077103729,0.0,-0.05597817152738571,1.0286697149276733,0.32342591881752014,0.0628213882446289,-0.9372156262397766,-0.07425893098115921,0.3349118232727051
78.84624157080947,-1.5113706910366287,-2.2026562788323556,-1.4567878026300638,-3.9726116458574934,3.99619950746609,0.0,-0.054406046867370605,1.0345243215560913,0.3188078701496124,0.06644738465547562,-0.9292424917221069,-0.09331676363945007,0.35126224160194397
79.01189523004723,-1.5211602393113461,-2.20376123002967,-1.4657336119793363,-3.9229155480861664,3.96009237216826,0.0,-0.052446410059928894,1.0399569272994995,0.31478264927864075,0.07077472656965256,-0.9206704497337341,-0.1122201681137085,0.3671014904975891
79.17754888928499,-1.5309499125057433,-2.2048661000527585,-1.474679685517428,-3.87321945031484,3.9239847699938704,0.0,-0.0501004159450531,1.0449203252792358,0.3113078474998474,0.07580015808343887,-0.9115222692489624,-0.13093960285186768,0.38240838050842285
79.34320254852275,-1.5407401336903148,-2.2059710241829196,-1.4836261438011842,-3.8235233525435133,3.8878766721684817,0.0,-0.04737096279859543,1.049370527267456,0.30833765864372253,0.08151894062757492,-0.9018216729164124,-0.14944544434547424,0.3971630036830902
79.50885620776052,-1.5505305786579193,-2.2070758994259463,-1.492572657970178,-3.7738272547721863,3.851768197083275,0.0,-0.044263385236263275,1.0532678365707397,0.3058243989944458,0.08792539685964584,-0.8915924429893494,-0.16770808398723602,0.4113464057445526
79.67450986699828,-1.5603211825764618,-2.208180788435161,-1.501519329927619,-3.7241311570008597,3.815659371286682,0.0,-0.040784694254398346,1.0565766096115112,0.3037177622318268,0.09501252323389053,-0.880859911441803,-0.1856982409954071,0.4249407649040222
79.84016352623604,-1.5701119001950916,-2.2092857577637544,-1.5104662786604823,-3.674435059229533,3.7795502232231875,0.0,-0.03694361448287964,1.0592647790908813,0.3019666075706482,0.10277204215526581,-0.8696491718292236,-0.20338664948940277,0.43792909383773804
80.0058171854738,-1.5799028737749043,-2.2103906756078304,-1.5194135032961047,-3.624738961458206,3.743440807338127,0.0,-0.03274965286254883,1.0613054037094116,0.3005174994468689,0.11119452118873596,-0.8579866290092468,-0.22074466943740845,0.4502960741519928
80.17147084471156,-1.5896941760371006,-2.2114955510351035,-1.528360927772514,-3.5750428636868796,3.707330724950115,0.0,-0.028214246034622192,1.0626752376556396,0.2993163764476776,0.12026907503604889,-0.8458985686302185,-0.23774322867393494,0.4620271623134613
80.33712450394933,-1.5994857766609973,-2.212600425235564,-1.5373085597596237,-3.525346765915553,3.671220150643174,0.0,-0.023349247872829437,1.0633562803268433,0.29830873012542725,0.129984050989151,-0.8334121108055115,-0.2543545961380005,0.4731089472770691
80.50277816318709,-1.6092776571848504,-2.2137053349061335,-1.546256412062903,-3.475650668144226,3.635109225964948,0.0,-0.018167644739151,1.0633350610733032,0.2974393665790558,0.140326127409935,-0.8205549120903015,-0.2705507278442383,0.4835292398929596
80.66843182242485,-1.6190699430528148,-2.2148104374812245,-1.5552046576755794,-3.4259545703728995,3.598997077793244,0.0,-0.012682721018791199,1.0626020431518555,0.29665297269821167,0.1512811779975891,-0.8073545098304749,-0.286304235458374,0.4932774007320404
80.83408548166261,-1.6288625320121979,-2.2159152854166093,-1.564152964674256,-3.376258472601573,3.562884618658189,0.0,-0.006908535957336426,1.0611534118652344,0.2958953082561493,0.16283383965492249,-0.7938390970230103,-0.3015884459018707,0.5023432970046997
80.99973914090037,-1.6386553211882768,-2.217020026903447,-1.5731014243289572,-3.326562374830246,3.526771564481357,0.0,-0.0008589178323745728,1.058989405632019,0.2951120138168335,0.1749674379825592,-0.7800376415252686,-0.31637683510780334,0.5107184052467346
81.16539280013814,-1.648448199081623,-2.2181248295720035,-1.58205014717361,-3.2768662770589194,3.490657567477605,0.0,0.005452021956443787,1.0561145544052124,0.2942502498626709,0.1876644790172577,-0.7659781575202942,-0.3306439220905304,0.5183956623077393
81.3310464593759,-1.6582416123283998,-2.2192293372731724,-1.5909991114464312,-3.227170179287593,3.4545430162376087,0.0,0.01201106607913971,1.052538275718689,0.2932589054107666,0.20090602338314056,-0.751689612865448,-0.34436479210853577,0.5253686308860779
81.49670011861366,-1.6680350999467164,-2.220333885298478,-1.5999482683871664,-3.177474081516266,3.4184276679207213,0.0,0.01880466938018799,1.0482741594314575,0.29208752512931824,0.21467238664627075,-0.7372012138366699,-0.3575149178504944,0.5316324830055237
81.66235377785142,-1.6778287880498994,-2.2214383630202685,-1.608897576219144,-3.1277779837449393,3.3823115731697007,0.0,0.02582038938999176,1.0433402061462402,0.290688693523407,0.22894254326820374,-0.7225418090820312,-0.3700706660747528,0.5371836423873901
81.82800743708918,-1.6876228047829689,-2.2225426815576026,-1.6178470106187481,-3.0780818859736128,3.34619480250933,0.0,0.033046603202819824,1.0377578735351562,0.289016991853714,0.24369463324546814,-0.7077403664588928,-0.3820096254348755,0.5420193672180176
81.99366109632695,-1.6974170705904015,-2.223647314209983,-1.626796915696052,-3.0283857882022858,3.31007726993498,0.0,0.04047255218029022,1.0315523147583008,0.28702932596206665,0.2589055299758911,-0.6928261518478394,-0.39330944418907166,0.5461386442184448
82.15931475556471,-1.7072115946633402,-2.224751734967382,-1.6357469957425528,-2.978689690430959,3.273958678230491,0.0,0.0480886846780777,1.0247527360916138,0.28468647599220276,0.27455171942710876,-0.677827775478363,-0.4039495587348938,0.5495412349700928
82.32496841480247,-1.7170061431235268,-2.22585603887072,-1.6446971312592609,-2.9289935926596327,3.237839208699413,0.0,0.055886074900627136,1.0173910856246948,0.2819513976573944,0.29060837626457214,-0.6627740859985352,-0.4139094054698944,0.5522285103797913
82.49062207404023,-1.7268006634920081,-2.226960259103105,-1.653647222296597,-2.8792974948883057,3.2017190940444498,0.0,0.06385791301727295,1.009502649307251,0.2787913382053375,0.307049959897995,-0.6476935744285583,-0.4231702387332916,0.5542023181915283
82.656275733278,-1.7365951784914773,-2.2280643706534873,-1.6625971858153763,-2.829601397116979,3.1655986523377853,0.0,0.07199843227863312,1.0011255741119385,0.2751760482788086,0.32384997606277466,-0.63261479139328,-0.4317138195037842,0.5554662942886353
82.82192939251576,-1.7463894645404952,-2.229168231892426,-1.6715470262914278,-2.7799052993456526,3.1294780204740453,0.0,0.08030346035957336,0.9922992587089539,0.27108046412467957,0.3409808874130249,-0.6175658702850342,-0.43952304124832153,0.5560251474380493
82.98758305175352,-1.7561833926916992,-2.2302720713091757,-1.6804967357508807,-2.7302092015743256,3.0933572380128562,0.0,0.08877021074295044,0.9830662608146667,0.2664822041988373,0.3584148585796356,-0.6025744080543518,-0.44658195972442627,0.5558843612670898
83.15323671099128,-1.7659769469028868,-2.2313757766886333,-1.689446373436715,-2.680513103802999,3.0572365878176764,0.0,0.09739767014980316,0.9734698534011841,0.2613639235496521,0.37612298130989075,-0.5876678228378296,-0.45287564396858215,0.5550510883331299
83.31889006208512,-1.7757700943925852,-2.232479696733637,-1.6983956662690702,-2.630817098474847,3.0211165018577226,0.0,0.10618671774864197,0.963555097579956,0.2557115852832794,0.39407554268836975,-0.5728732347488403,-0.4583902657032013,0.553533136844635
83.48454363210249,-1.7855625623553653,-2.233583391743423,-1.7073443675552031,-2.581121027469635,2.984997041682613,0.0,0.11513921618461609,0.9533677101135254,0.24951708316802979,0.4122430086135864,-0.5582169890403748,-0.4631136357784271,0.5513395071029663
83.65019729134025,-1.7953540515630266,-2.2346868996754683,-1.7162923436812596,-2.5314249296983085,2.948878261999229,0.0,0.12425895035266876,0.942954421043396,0.24277575314044952,0.4305945038795471,-0.5437248349189758,-0.46703410148620605,0.5484803318977356
83.81585095057801,-1.8051445493495404,-2.235790526354936,-1.7252393295489175,-2.481728831926982,2.912760933390123,0.0,0.1335512101650238,0.9323618412017822,0.2354869395494461,0.4490988254547119,-0.5294224619865417,-0.4701419174671173,0.5449666380882263
83.98150460981577,-1.8149336137082972,-2.2368936408783187,-1.734185479543231,-2.432032734155655,2.8766445170912918,0.0,0.14302249252796173,0.9216355681419373,0.22765573859214783,0.46772441267967224,-0.5153343677520752,-0.4724278450012207,0.5408107042312622
84.14715826905353,-1.8247217325360399,-2.23799684662489,-1.7431307249068808,-2.3823366363843284,2.8405293097823083,0.0,0.15268121659755707,0.9108213782310486,0.21929022669792175,0.48643916845321655,-0.501484751701355,-0.47388437390327454,0.5360257625579834
84.3128119282913,-1.8345087078159121,-2.2391003019513502,-1.752075275298007,-2.332640538613002,2.8044123630484528,0.0,0.16253693401813507,0.8999623656272888,0.21040348708629608,0.5052106976509094,-0.48789656162261963,-0.47450438141822815,0.530626654624939
84.47846320334327,-1.8442952632904053,-2.240203619003296,-1.761019229888916,-2.282945156097412,2.76829195022583,0.0,0.17260104417800903,0.8891014456748962,0.20101329684257507,0.5240066051483154,-0.47459232807159424,-0.47428256273269653,0.5246286392211914
84.53553587925323,-1.8434025090467407,-2.231422599383997,-1.7781410326619065,-2.280612037501865,2.775156553075262,0.0,0.16850553452968597,0.88016676902771,0.20237363874912262,0.520687460899353,-0.4771082401275635,-0.4748878479003906,0.5251036286354065
84.7340002169896,-1.8425148556588116,-2.2226905851627494,-1.7951672815246869,-2.27829193964997,2.7819828457272813,0.0,0.16444405913352966,0.8712098598480225,0.20369592308998108,0.517384946346283,-0.47961628437042236,-0.47546666860580444,0.5255591869354248
84.9324824733723,-1.841632063903067,-2.2140063957365776,-1.8121002784936728,-2.275984548855292,2.7887717511237438,0.0,0.16041605174541473,0.8622313737869263,0.20498043298721313,0.5140987038612366,-0.4821164309978485,-0.47601959109306335,0.5259958505630493
85.13098374736198,-1.8407540170416408,-2.2053688827330147,-1.828942262740139,-2.2736895599950455,2.7955241670101576,0.0,0.1564214676618576,0.85323166847229,0.2062276303768158,0.5108286738395691,-0.48460879921913147,-0.47654685378074646,0.5264136791229248
85.32951065134891,-1.839880591068564,-2.1967768262818996,-1.8456956128462096,-2.2714066489494953,2.802241047025683,0.0,0.1524595469236374,0.8442111611366272,0.2074383944272995,0.5075744390487671,-0.4870937764644623,-0.4770490825176239,0.5268130302429199
85.52806331571826,-1.839011677115851,-2.1882291554282656,-1.8623624170294848,-2.2691355311657015,2.8089232283943364,0.0,0.14853008091449738,0.8351702690124512,0.20861290395259857,0.5043358206748962,-0.4895711839199066,-0.47752660512924194,0.5271940231323242
85.7266416287113,-1.8381471836491594,-2.1797249697314864,-1.8789444310276224,-2.2668759673964174,2.815571415039758,0.0,0.1446327269077301,0.8261094689369202,0.20975127816200256,0.5011126399040222,-0.49204128980636597,-0.47797974944114685,0.5275573134422302
85.92521634679922,-1.837287152749439,-2.1712646831498206,-1.8954408476779052,-2.2646280676304302,2.8221852833481575,0.0,0.14076796174049377,0.8170305490493774,0.21085427701473236,0.49790510535240173,-0.49450379610061646,-0.47840893268585205,0.5279026031494141
86.12365058418997,-1.8364320445767723,-2.1628528223650045,-1.911842840562071,-2.2623930346079466,2.8287612945650737,0.0,0.13693781197071075,0.8079403638839722,0.21192145347595215,0.49471515417099,-0.49695712327957153,-0.4788143038749695,0.5282302498817444
86.32211667281278,-1.8355810523419647,-2.1544814508391816,-1.928165884857468,-2.260168759589336,2.8353056531158187,0.0,0.13313879072666168,0.7988314032554626,0.21295404434204102,0.49153992533683777,-0.4994034171104431,-0.4791964590549469,0.5285407304763794
86.52061450090893,-1.8347340648322268,-2.146149474551114,-1.9444121137578103,-2.2579549518929465,2.841819214256573,0.0,0.1293705701828003,0.7897041440010071,0.21395260095596313,0.48837924003601074,-0.5018429756164551,-0.4795559346675873,0.5288341045379639
86.71915319543966,-1.833890999369653,-2.1378560801826088,-1.9605831131237712,-2.255751395419978,2.84830261380261,0.0,0.12563282251358032,0.7805585265159607,0.21491746604442596,0.48523271083831787,-0.5042756199836731,-0.479892760515213,0.5291107296943665
86.91772472840437,-1.8330517762819916,-2.129600483982662,-1.976680411163998,-2.253557881927639,2.854756464454915,0.0,0.12192539870738983,0.7713953256607056,0.21584880352020264,0.48210036754608154,-0.5067015290260315,-0.4802074432373047,0.529370903968811
87.1163272371579,-1.8322162991371704,-2.1213817373307475,-1.992705857560448,-2.2513741593672734,2.8611815078019878,0.0,0.11824789643287659,0.7622151374816895,0.21674741804599762,0.4789819121360779,-0.5091210007667542,-0.4805004596710205,0.5296144485473633
87.31477486696728,-1.8313853269416696,-2.113207306717125,-2.00864489366513,-2.2492022115867747,2.8675719068804075,0.0,0.11460383236408234,0.7530267834663391,0.2176126390695572,0.4758801758289337,-0.511531412601471,-0.48077163100242615,0.5298416018486023
87.51323188450822,-1.8305580482773698,-2.105069210068328,-2.0245130834436833,-2.247039917747692,2.8739339017131607,0.0,0.11098958551883698,0.7438231706619263,0.2184455245733261,0.4727925658226013,-0.5139352083206177,-0.4810216724872589,0.5300528407096863
87.71173083019146,-1.8297342655047717,-2.0969655031672296,-2.040314217857024,-2.2448867612711636,2.880269012201011,0.0,0.10740441083908081,0.7346031069755554,0.21924647688865662,0.4697180390357971,-0.5163326859474182,-0.4812507927417755,0.5302482843399048
87.9047087837925,-1.8302338914705383,-2.0912098908648207,-2.0551951132576667,-2.239074432621623,2.8832293008910006,0.0,0.10510367155075073,0.7253735661506653,0.21835266053676605,0.46782296895980835,-0.5177802443504333,-0.4814482629299164,0.5303326845169067
88.12078604424244,-1.8329536945900096,-2.089373028749393,-2.068579107179148,-2.2271097539334694,2.88054096436023,0.0,0.1048879623413086,0.7161437273025513,0.2147073894739151,0.4678991436958313,-0.5176351070404053,-0.4816197156906128,0.5302515029907227
88.30741007370914,-1.834945955752926,-2.0828855095382712,-2.076982745240433,-2.224923140214985,2.878566884903966,0.0,0.104744091629982,0.7095486521720886,0.21676184237003326,0.4679451286792755,-0.5175336599349976,-0.4817371666431427,0.5302032828330994
88.57550964304558,-1.8359890929565947,-2.0703020447695377,-2.0788813357789357,-2.235529556663627,2.877524571115905,0.0,0.10473154485225677,0.7063618302345276,0.22616185247898102,0.46795132756233215,-0.5174885988235474,-0.4817846715450287,0.5301986932754517
88.88700440450963,-1.8374030375579398,-2.05972108469956,-2.0816575795007886,-2.2433324868323363,2.8760826733021414,0.0,0.10487844049930573,0.7026712894439697,0.23358483612537384,0.4679335057735443,-0.5174368023872375,-0.4818224310874939,0.5302305221557617
89.25986668178402,-1.8415971168974714,-2.0642939158517675,-2.091018425629379,-2.2299741302349885,2.8716442591230145,0.0,0.10643351078033447,0.6959186792373657,0.2264798879623413,0.46773383021354675,-0.517333984375,-0.4817887246608734,0.5305376648902893
89.56695719936472,-1.845805068462699,-2.068881871979131,-2.100410233444597,-2.216571589891306,2.8671911645627506,0.0,0.10792186856269836,0.6890624761581421,0.2194574922323227,0.4675331115722656,-0.517228901386261,-0.4817565977573395,0.5308459997177124
89.85695509093442,-1.8457107769726022,-2.071333302957346,-2.111698843373394,-2.2049067882608457,2.909865037777006,0.0,0.1061965674161911,0.694807767868042,0.21225416660308838,0.4565154016017914,-0.5287596583366394,-0.49119827151298523,0.5203180909156799
90.14268991785829,-1.8453393952843682,-2.073696809362267,-2.123333277742725,-2.193121183332386,2.956402244265996,0.0,0.10482214391231537,0.7013728022575378,0.20493637025356293,0.4443722665309906,-0.5410212278366089,-0.5011500716209412,0.5086036920547485
90.31727264961248,-1.8450008924245553,-2.0766202349838565,-2.1287369707613277,-2.1586860627789735,2.956473853743735,0.0,0.10483606159687042,0.702316164970398,0.1989450454711914,0.4525710642337799,-0.5364196300506592,-0.5062639117240906,0.5011290311813354
90.73073280310466,-1.8447575474614806,-2.0801090217621425,-2.123242146868456,-2.0912012381036806,2.880155496749145,0.0,0.10752469301223755,0.6940763592720032,0.19416171312332153,0.4933588206768036,-0.5051019787788391,-0.5011242032051086,0.5003434419631958
90.93384563848385,-1.8476350373418304,-2.077128313849111,-2.1329836082715463,-2.0730731466403496,2.864753998164574,0.0,0.10818836092948914,0.6846476793289185,0.19214685261249542,0.5,-0.5,-0.5000000596046448,0.4999999403953552
91.1430861109372,-1.8511760549492733,-2.0728176146588266,-2.145898824419396,-2.0644686296827843,2.8612129558244956,0.0,0.10818549990653992,0.6747948527336121,0.19094710052013397,0.5000000596046448,-0.4999999403953552,-0.5,0.4999999403953552
91.42806025437376,-1.8543004767181999,-2.0699134629743683,-2.157070561814029,-2.0654514652918556,2.8581934143491297,0.0,0.1077791303396225,0.6649371385574341,0.19008636474609375,0.49710148572921753,-0.5015943646430969,-0.498447448015213,0.5028353333473206
91.71361434909785,-1.856211457643485,-2.071161343644205,-2.1631502500651583,-2.094885289507411,2.8566993035685053,0.0,0.10635814070701599,0.6551182866096497,0.19031235575675964,0.48546427488327026,-0.5077998638153076,-0.4921961724758148,0.5140101909637451
92.051152241452,-1.8581420363622165,-2.0724220217770046,-2.169292287695597,-2.1246209681264743,2.855189870146991,0.0,0.10491582751274109,0.6453091502189636,0.19081935286521912,0.4735199213027954,-0.5138552784919739,-0.4857514202594757,0.5251446962356567
92.15137889158734,-1.8578365567885153,-2.069960981645457,-2.167579187669063,-2.131041637164352,2.8555208510180248,0.0,0.10486197471618652,0.6459236741065979,0.19343094527721405,0.4727974832057953,-0.514225959777832,-0.485346257686615,0.5258070826530457
92.52234946416175,-1.8557410115428117,-2.064535886554458,-2.1595827256642783,-2.118722079812767,2.8573245413361343,0.0,0.10589447617530823,0.6548218131065369,0.1977214366197586,0.4811098873615265,-0.5100713968276978,-0.48982176184654236,0.5181070566177368
92.72107919157898,-1.8536634951107087,-2.0591574657256175,-2.151655060419308,-2.1065085125387486,2.8591127137852763,0.0,0.10687956213951111,0.6636399626731873,0.2021939754486084,0.4892553687095642,-0.5058385133743286,-0.49420931935310364,0.5104053616523743
93.02196818188908,-1.8516092373047348,-2.0538392584658673,-2.143816148552727,-2.094431681027941,2.86088086692973,0.0,0.10781477391719818,0.6723510026931763,0.20683147013187408,0.49721476435661316,-0.5015419125556946,-0.4984985888004303,0.5027247071266174
93.20266624037532,-1.852783663481195,-2.0441937141463957,-2.146561215435665,-2.092430355797552,2.8596053889756723,0.0,0.10815930366516113,0.6703120470046997,0.21241387724876404,0.5,-0.5,-0.5,0.4999999403953552
93.43388001837909,-1.8557224067701013,-2.0321710139591125,-2.1550881984091075,-2.095926039277362,2.8566664559171153,0.0,0.10814696550369263,0.662361741065979,0.21835634112358093,0.5,-0.4999999403953552,-0.4999999403953552,0.4999999403953552
93.65039415159093,-1.8592948858082399,-2.0267007633487113,-2.1668235344522486,-2.0896607904445696,2.8530939523688583,0.0,0.10818177461624146,0.653069019317627,0.2181674987077713,0.5000000596046448,-0.49999988079071045,-0.4999999403953552,0.5000000596046448
93.88042939935542,-1.8630610564896426,-2.0232846853982003,-2.179547169393723,-2.0803530297336588,2.8493278088478644,0.0,0.10817468166351318,0.6433562636375427,0.21612368524074554,0.5000001192092896,-0.49999985098838806,-0.5,0.49999985098838806
94.02307466476071,-1.8636585744286458,-2.0132160068233507,-2.1883506936756105,-2.062481644099461,2.84894738301124,0.0,0.10741683840751648,0.6393911838531494,0.21872812509536743,0.5058841705322266,-0.49683135747909546,-0.5032312273979187,0.4939615726470947
94.31771589491545,-1.8599755726949578,-1.9943419007230034,-2.1917292631797216,-2.0333541135617037,2.8531365720986215,0.0,0.10571426153182983,0.6432201266288757,0.22772303223609924,0.5193817019462585,-0.4891885817050934,-0.5106645226478577,0.47974875569343567
94.5899406582157,-1.8576324837681646,-1.978508527720555,-2.196633813943123,-2.0081809903762107,2.8558895945014884,0.0,0.10430659353733063,0.6446177363395691,0.23479720950126648,0.5300800800323486,-0.4827668368816376,-0.5165525078773499,0.4681076109409332
94.95775802163526,-1.861356391935562,-1.9753620585690925,-2.209226506077986,-1.9990357799067702,2.8521646339362285,0.0,0.1042773425579071,0.6350128650665283,0.23228919506072998,0.5300532579421997,-0.48293644189834595,-0.5163899660110474,0.46814242005348206
95.21325832049351,-1.8650746641941518,-1.972220351407563,-2.221800139938228,-1.9899044101578622,2.848445310872517,0.0,0.10417197644710541,0.6253974437713623,0.22983399033546448,0.5300257205963135,-0.48310527205467224,-0.5162281394004822,0.4681779444217682
95.46524924608082,-1.8680711042827287,-1.9631721040320647,-2.24503352734466,-1.9811331957010094,2.873675870392934,0.0,0.10114888846874237,0.616141140460968,0.2288389503955841,0.5211272239685059,-0.49074408411979675,-0.522709846496582,0.46300208568573
95.66375843631238,-1.8708783263410118,-1.9525646842015556,-2.2710830443945165,-1.9724540374266362,2.9065422598330657,0.0,0.09758025407791138,0.606903076171875,0.22817730903625488,0.5097660422325134,-0.5002662539482117,-0.5307371616363525,0.45627880096435547
95.86225296752662,-1.873682103278356,-1.941970282167079,-2.297100592567388,-1.9637855305183771,2.939368314492367,0.0,0.09425166249275208,0.5975801944732666,0.22746698558330536,0.4982863962650299,-0.5096753239631653,-0.5385217070579529,0.44937288761138916
96.06074612038344,-1.8764778278652705,-1.931406306888967,-2.323043419241406,-1.9551419192622645,2.9721000938575743,0.0,0.09116591513156891,0.5881780385971069,0.22670774161815643,0.4867125451564789,-0.5189531445503235,-0.5460497140884399,0.4422988295555115
96.25927097546071,-1.8792612101044288,-1.9208889686283848,-2.348871715539263,-1.9465364671497558,3.004687371505594,0.0,0.08832363784313202,0.5787017941474915,0.22589993476867676,0.4750680923461914,-0.528082549571991,-0.5533100962638855,0.4350711405277252
96.45777819128841,-1.8820270923337636,-1.9104377562201158,-2.374537621119603,-1.9379851202529763,3.037069762569606,0.0,0.08572450280189514,0.5691609978675842,0.22504524886608124,0.46338149905204773,-0.5370450615882874,-0.560291051864624,0.4277080297470093
96.65624733464927,-1.8847709205813918,-1.9000698773843399,-2.399998877562626,-1.929501958200088,3.069193950065668,0.0,0.0833655297756195,0.5595641136169434,0.22414521872997284,0.4516788721084595,-0.545824408531189,-0.5669838786125183,0.4202273190021515
96.85479415031284,-1.8874904605013436,-1.8897937748609797,-2.425234751334533,-1.92109388897411,3.101033774721998,0.0,0.08124059438705444,0.5499128699302673,0.2232016921043396,0.43997693061828613,-0.5544132590293884,-0.5733875632286072,0.41264140605926514
97.0532870982787,-1.8901804838662677,-1.879629204124073,-2.4501967272859293,-1.9127770768156112,3.1325280255076686,0.0,0.079344242811203,0.5402209162712097,0.22221755981445312,0.4283055365085602,-0.5627949833869934,-0.5794945955276489,0.4049716591835022
97.25175283299893,-1.8928383882992954,-1.8695859985617262,-2.4748606567534037,-1.9045595675578966,3.1636462343193905,0.0,0.07766817510128021,0.5304937362670898,0.22119560837745667,0.41668379306793213,-0.5709622502326965,-0.585305392742157,0.39723336696624756
97.45038801254839,-1.8954643629622154,-1.8596634434037966,-2.4992282950570366,-1.8964407763647566,3.1943906158252235,0.0,0.07620176672935486,0.5207279324531555,0.22013798356056213,0.4051178991794586,-0.5789167284965515,-0.5908270478248596,0.3894331753253937
97.64876027973503,-1.898050730449532,-1.849890548632971,-2.523228399986122,-1.8884444396617601,3.224671284510699,0.0,0.07493776082992554,0.5109505653381348,0.21904973685741425,0.3936491906642914,-0.5866372585296631,-0.5960509181022644,0.38160231709480286
97.84735157536477,-1.9006022613676072,-1.840249287950125,-2.5469052402123897,-1.8805558080465357,3.254544093672532,0.0,0.07386235892772675,0.5011429190635681,0.21793177723884583,0.38226377964019775,-0.5941399931907654,-0.6009947061538696,0.3737345039844513
98.04578286977619,-1.9031130470949118,-1.8307619877789891,-2.570203986892925,-1.8727931493512562,3.283939866362056,0.0,0.07296666502952576,0.4913281500339508,0.21678920090198517,0.37099459767341614,-0.6014103293418884,-0.6056551337242126,0.36585578322410583
98.24435883583635,-1.9055862687414147,-1.8214166279201394,-2.59315415902432,-1.865146628459093,3.3128958463729266,0.0,0.0722380205988884,0.4814949631690979,0.2156236320734024,0.35983413457870483,-0.6084601879119873,-0.6100467443466187,0.3579643666744232
98.37743788990524,-1.905426422246799,-1.8176262761048765,-2.601370930432651,-1.8615634632553482,3.3307352089853124,0.0,0.07265756279230118,0.48005932569503784,0.2154591977596283,0.354202002286911,-0.6117958426475525,-0.6130093932151794,0.3527976870536804
98.82169935267362,-1.9018200987107288,-1.821041072872496,-2.59044835249515,-1.8632377469816077,3.3343194665843208,0.0,0.07438240945339203,0.48975804448127747,0.21667468547821045,0.35575932264328003,-0.6104303598403931,-0.6143571138381958,0.351248174905777
99.02023186322245,-1.8982114501097769,-1.8244580712240728,-2.5795187325654023,-1.8649131101502008,3.3379060350218843,0.0,0.07603724300861359,0.49946388602256775,0.21793803572654724,0.3573048412799835,-0.6090477108955383,-0.6157117486000061,0.34970441460609436
99.2187183664361,-1.8946016278512319,-1.8278761809019393,-2.568585557944456,-1.866589018204961,3.341493769935807,0.0,0.07762116938829422,0.5091729164123535,0.21924881637096405,0.3588379919528961,-0.6076481938362122,-0.6170726418495178,0.3481670618057251
99.41727417867574,-1.8909885047452908,-1.8312974161238416,-2.5576423859501225,-1.8682664587220814,3.345084785500299,0.0,0.07913509756326675,0.5188900232315063,0.22060781717300415,0.36035966873168945,-0.6062310934066772,-0.6184406280517578,0.3466351330280304
99.6157645934442,-1.8873744886843797,-1.8347194968771317,-2.546696509436864,-1.869944313805438,3.3486766885560555,0.0,0.08057787269353867,0.5286079049110413,0.22201398015022278,0.3618685305118561,-0.6047974228858948,-0.6198147535324097,0.3451097905635834
99.81431230317745,-1.8837571797482757,-1.838144695625647,-2.5357406596958643,-1.8716236976499534,3.352271864338958,0.0,0.08194999396800995,0.5383318662643433,0.22346822917461395,0.36336570978164673,-0.6033463478088379,-0.6211957931518555,0.3435903787612915
100.0128219963232,-1.880138367924266,-1.841571317445806,-2.5247802581141556,-1.8733037792301925,3.355868533814078,0.0,0.08325084298849106,0.5480564832687378,0.22496984899044037,0.36485013365745544,-0.6018785238265991,-0.6225830912590027,0.342077374458313
100.21134495150241,-1.8765170814121297,-1.8450002825268876,-2.513812361371887,-1.8749850097173497,3.3594676628355007,0.0,0.08448050916194916,0.5577835440635681,0.22651924192905426,0.3663223683834076,-0.6003934741020203,-0.6239768862724304,0.3405706286430359
100.40987492885384,-1.8728933028330867,-1.848431607324709,-2.5028369168334375,-1.8766673971797543,3.3630692686756722,0.0,0.08563893288373947,0.567512035369873,0.22811608016490936,0.3677821457386017,-0.5988914370536804,-0.6253771185874939,0.33907029032707214
100.60835834007653,-1.8692679928068263,-1.8518643822367409,-2.4918568339558527,-1.8783504956369237,3.366672396592627,0.0,0.08672556281089783,0.5772385597229004,0.22976019978523254,0.36922910809516907,-0.597372829914093,-0.6267834901809692,0.337576687335968
100.8069167972723,-1.86563897822309,-1.8553006649624137,-2.4808655309763146,-1.8800353139842338,3.370279206400058,0.0,0.08774100989103317,0.5869683623313904,0.23145237565040588,0.3706637918949127,-0.5958367586135864,-0.628196656703949,0.33608898520469666
101.00539106290731,-1.8620088906901,-1.8587379636545154,-2.4698709783238812,-1.8817206304625234,3.373887082591711,0.0,0.08868430554866791,0.5966928601264954,0.23319146037101746,0.3720852732658386,-0.5942843556404114,-0.6296156048774719,0.3346085250377655
101.20395052593145,-1.858374821925749,-1.8621790321403826,-2.458864367599177,-1.8834077952804897,3.3774989156548467,0.0,0.08955612033605576,0.6064196228981018,0.2349788248538971,0.37349459528923035,-0.5927143096923828,-0.6310412883758545,0.33313414454460144
101.40245694082174,-1.8547391411107088,-1.8656216270631951,-2.4478528744092376,-1.8850957085144555,3.381112350905051,0.0,0.09035572409629822,0.616141140460968,0.23681314289569855,0.37489059567451477,-0.5911278128623962,-0.6324728727340698,0.3316667675971985
101.60097784709129,-1.8511005460016254,-1.869066981505995,-2.436832554611397,-1.88678497474824,3.3847286826176677,0.0,0.09108322113752365,0.6258599758148193,0.23869499564170837,0.3762738108634949,-0.5895243287086487,-0.6339108347892761,0.33020609617233276
101.79951048802528,-1.8474590946650833,-1.8725150404860325,-2.4258035840736234,-1.888475567023658,3.3883478530814033,0.0,0.09173855930566788,0.6355752348899841,0.2406243234872818,0.3776440918445587,-0.5879038572311401,-0.6353549361228943,0.32875221967697144
102.22993179172003,-1.8438157866899525,-1.8759648575011958,-2.414768990280064,-1.8901670212682653,3.3919688688235516,0.0,0.09232153743505478,0.6452834010124207,0.2426004707813263,0.37900087237358093,-0.5862669348716736,-0.6368048787117004,0.32730546593666077
102.54687161258484,-1.844642098851521,-1.8806021424572157,-2.42335989941167,-1.8762260017761103,3.3905375276592133,0.0,0.09131789952516556,0.6401220560073853,0.2375253140926361,0.37938815355300903,-0.5860022902488708,-0.6368333697319031,0.3272753655910492
102.89099647875105,-1.8462118466221493,-1.8854510647630685,-2.435231001775361,-1.8596494868107123,3.388264233797489,0.0,0.09001222252845764,0.6324079632759094,0.23141644895076752,0.379616916179657,-0.585965633392334,-0.6366258263587952,0.3274793028831482
103.13358695803625,-1.8463561137850903,-1.8962079009201653,-2.429187959728532,-1.8564238122317793,3.3885211258036194,0.0,0.09161021560430527,0.6376555562019348,0.22707201540470123,0.37912946939468384,-0.5864246487617493,-0.6363552808761597,0.3277483880519867
103.33210633693677,-1.8461101674867741,-1.9085729590971348,-2.4182473105212217,-1.8568543082781,3.389470227649485,0.0,0.09399499744176865,0.6464227437973022,0.2230752557516098,0.3784466087818146,-0.5870186686515808,-0.636066734790802,0.32803410291671753
103.61757379729346,-1.8455262967930297,-1.9198103532732265,-2.409728864072196,-1.8593015952227696,3.3906546274792615,0.0,0.09555558860301971,0.6530364751815796,0.21865104138851166,0.37697911262512207,-0.5884524583816528,-0.6349982619285583,0.3292229473590851
103.96701535021778,-1.842806158937272,-1.9239775191651152,-2.416466513479389,-1.8744938848608717,3.3933299724494645,0.0,0.09202230721712112,0.6462678909301758,0.21230874955654144,0.3705328404903412,-0.595157265663147,-0.6289268732070923,0.336071640253067
104.1655671763968,-1.8400807296147426,-1.9281527914181589,-2.423217269592877,-1.8897157279628312,3.396010521751126,0.0,0.08849742263555527,0.6393823623657227,0.20608606934547424,0.3640454113483429,-0.6018095016479492,-0.6227006912231445,0.3428412973880768
104.36666196348132,-1.8373507184023887,-1.932335082982726,-2.4299793748250114,-1.9049631614579958,3.3986955774919987,0.0,0.08498300611972809,0.6323832273483276,0.1999872475862503,0.3575199842453003,-0.6084052920341492,-0.6163215041160583,0.3495286703109741
104.48068236426033,-1.8373214248714114,-1.935421006379079,-2.428535277471975,-1.9193566934836,3.398691276511678,0.0,0.08465242385864258,0.6312440633773804,0.19740888476371765,0.3535137176513672,-0.612408459186554,-0.6123450994491577,0.35357779264450073
104.87944336320957,-1.841570727134055,-1.9367656200942913,-2.414092744779588,-1.9323768718412602,3.3944264261251313,0.0,0.08938858658075333,0.6394675374031067,0.20031796395778656,0.35353797674179077,-0.6123864650726318,-0.6123616695404053,0.353563129901886
105.07584340583286,-1.8457242875463653,-1.940132934418044,-2.399738924535137,-1.94331626387784,3.3902634448359694,0.0,0.09419308602809906,0.6478334665298462,0.2021511197090149,0.35355260968208313,-0.6123731732368469,-0.6123717427253723,0.35355404019355774
105.27431694503626,-1.8497324196943787,-1.946618106893786,-2.385514614870033,-1.9510554473190782,3.386255326766353,0.0,0.09907262772321701,0.6564745306968689,0.20218916237354279,0.35355275869369507,-0.6123730540275574,-0.6123718023300171,0.3535540699958801
105.47286430086693,-1.853749686951233,-1.9531180600090456,-2.371257885960208,-1.9588122694709342,3.382238073619982,0.0,0.10403018444776535,0.6650753021240234,0.20223386585712433,0.3535526990890503,-0.6123731136322021,-0.6123717427253723,0.35355404019355774
105.6714123086234,-1.857774790066283,-1.959630691571526,-2.3569733486674878,-1.966584221648886,3.3782129846429387,0.0,0.10906378924846649,0.6736317873001099,0.2022855132818222,0.3535526394844055,-0.6123731136322021,-0.6123716831207275,0.3535541594028473
105.86735337685546,-1.8615094423743743,-1.9680931324453756,-2.343384652330344,-1.9717104641459244,3.3744783484253205,0.0,0.11394395679235458,0.6820197105407715,0.20094053447246552,0.35355260968208313,-0.6123731136322021,-0.6123717427253723,0.3535541296005249
106.06587249498567,-1.864887526592725,-1.9789268009537668,-2.3306533005592516,-1.9736080620232683,3.3711002826668084,0.0,0.1186063140630722,0.6902086734771729,0.19782157242298126,0.3535527288913727,-0.6123730540275574,-0.6123718023300171,0.3535541296005249
106.26439073767266,-1.8682663009474503,-1.9897626827606505,-2.317919347796476,-1.975506047576358,3.3677215267756924,0.0,0.12331719696521759,0.6983343362808228,0.19461144506931305,0.3535526692867279,-0.6123730540275574,-0.6123718023300171,0.35355401039123535
106.63949866307426,-1.8716145400339677,-2.0004041455816117,-2.305283008001217,-1.977500136485917,3.364373483196784,0.0,0.12803159654140472,0.7063219547271729,0.1914088875055313,0.35355281829833984,-0.6123729348182678,-0.6123719811439514,0.35355380177497864
107.0189521467032,-1.8708500060448852,-1.98513905758666,-2.305844706442176,-1.9921101352829198,3.365161545118799,0.0,0.12696336209774017,0.7045383453369141,0.20111483335494995,0.35356977581977844,-0.6123546957969666,-0.6123985648155212,0.353522390127182
107.21746837773343,-1.8700848297145787,-1.9698611442687726,-2.3064068768072987,-2.0067324090142518,3.3659502691495846,0.0,0.12585437297821045,0.7026128172874451,0.21078872680664062,0.35358670353889465,-0.6123363971710205,-0.6124252676963806,0.3534909784793854
107.43204480507416,-1.8690392832541072,-1.954786286684592,-2.308163009278594,-2.01997074394646,3.3670124327396165,0.0,0.12432760745286942,0.699929416179657,0.2199111133813858,0.35360249876976013,-0.612319827079773,-0.6124476790428162,0.3534650206565857
107.65318775385751,-1.865975275337277,-1.9412590808822672,-2.3185294145493276,-2.0231460138697153,3.3700429325915415,0.0,0.1200774610042572,0.6926921606063843,0.22520937025547028,0.3536088168621063,-0.6123172044754028,-0.612438440322876,0.3534792363643646
107.85169623628391,-1.8629020943804784,-1.9276913772735236,-2.3289268548083686,-2.0263307899296072,3.373082505166847,0.0,0.11584524810314178,0.6853543519973755,0.2303822785615921,0.35361528396606445,-0.6123145818710327,-0.612429141998291,0.35349348187446594
108.05020341485871,-1.859819769859314,-1.9140833059894007,-2.339355230331421,-2.0295250415802,3.3761311213122767,0.0,0.11163253337144852,0.6779173612594604,0.23542776703834534,0.35362157225608826,-0.6123119592666626,-0.6124197840690613,0.35350775718688965
