time,ur20-shoulder_pan_joint,ur20-shoulder_lift_joint,ur20-elbow_joint,ur20-wrist_1_joint,ur20-wrist_2_joint,ur20-wrist_3_joint,target-POS_X,target-POS_Y,target-POS_Z,target-ROT_X,target-ROT_Y,target-ROT_Z,target-ROT_W
0.0,2.8770015239715576,-0.4748989939689636,0.533160924911499,-0.5082612633705139,4.4730932156192225,1.4567998091327112,-1.2938830852508545,0.21483737230300903,0.31979048252105713,0.5963578224182129,0.5963578224182129,0.3799438774585724,0.37994384765625
0.19969550892710686,2.878858752993652,-0.5081863512585603,0.582401652294496,-0.5587421260878714,4.479392949767554,1.4504194251721005,-1.289607286453247,0.20930424332618713,0.32691773772239685,0.6031337380409241,0.6023549437522888,0.36969929933547974,0.3697575330734253
0.39958640933036804,2.88065478355338,-0.5403768405484909,0.6300198243728828,-0.6075595691943392,4.485485098293104,1.4442492843657027,-1.2847403287887573,0.2037753313779831,0.3336730897426605,0.6094198226928711,0.608110249042511,0.3596801161766052,0.35977718234062195
0.5993329733610153,2.8823875992711327,-0.5714343220048245,0.6759619808585753,-0.65465878599621,4.491362821621798,1.438296313848488,-1.2793657779693604,0.19827960431575775,0.3400494456291199,0.615233838558197,0.6136185526847839,0.3499133884906769,0.3500288128852844
0.7992591150105,2.884062313663645,-0.6014504458529857,0.7203636964601772,-0.7001787656720909,4.497043464839032,1.4325429464815818,-1.2735419273376465,0.1928224116563797,0.346068412065506,0.6206168532371521,0.6188978552818298,0.34038472175598145,0.34049728512763977
0.9990810416638851,2.885679370710356,-0.6304331695942005,0.7632367424079819,-0.7441315759125308,4.502528533926245,1.426987657003824,-1.2673348188400269,0.1874207854270935,0.35173553228378296,0.6255925297737122,0.6239513754844666,0.33110424876213074,0.33119264245033264
1.19885528460145,2.8872425772882084,-0.6584507243789884,0.8046820504597297,-0.7866206904571975,4.507830941837301,1.421617367148454,-1.260792851448059,0.18207985162734985,0.3570695221424103,0.6301939487457275,0.6287930011749268,0.3220615088939667,0.32210448384284973
1.3986805640161037,2.888756049018971,-0.6855768750315191,0.8448087381270869,-0.8277579749591644,4.512964648790719,1.4164179379768687,-1.2539557218551636,0.1768002212047577,0.36208993196487427,0.6344521045684814,0.6334375739097595,0.31324276328086853,0.3132191300392151
1.5985235944390297,2.8902227630895223,-0.7118649820594083,0.8836957395887466,-0.8676243515666223,4.5179397534257255,1.411379141566077,-1.2468605041503906,0.1715850979089737,0.3668125867843628,0.6383929252624512,0.6378963589668274,0.30463942885398865,0.3045283555984497
1.7983740754425526,2.891645799946998,-0.7373702567172593,0.9214247267633523,-0.9063035491181164,4.52276670464107,1.4064903952495051,-1.2395387887954712,0.16643525660037994,0.3712535500526428,0.6420406699180603,0.6421806216239929,0.29624098539352417,0.29602208733558655
1.9942004321109825,2.8919286503525625,-0.7627789511999317,0.9575264302153297,-0.9453455722964901,4.5277714616063145,1.4008919361657435,-1.2324533462524414,0.16276748478412628,0.3763796091079712,0.6460139155387878,0.6464585065841675,0.28702089190483093,0.2870127558708191
2.2005605285885794,2.8886162450957165,-0.7896906423482588,0.9910388526482797,-0.9883180826742022,4.533696386193408,1.3926444204025188,-1.2266095876693726,0.16370196640491486,0.38443225622177124,0.6515965461730957,0.6510698795318604,0.27467358112335205,0.2758338451385498
2.4004619715633853,2.885352757943814,-0.8162048975460535,1.0240563585265299,-1.030655968478728,4.539533810592493,1.3845187052072636,-1.2205519676208496,0.16450420022010803,0.3923419415950775,0.6567990183830261,0.655500590801239,0.26251542568206787,0.26461219787597656
2.6002931369367106,2.882139087571599,-0.8423144154955358,1.0565698557356464,-1.0723475710189472,4.545282127337191,1.3765170281788046,-1.2142940759658813,0.16517558693885803,0.40010204911231995,0.6616314053535461,0.659751832485199,0.25055673718452454,0.2533629536628723
2.800119645697163,2.8789735251574853,-0.8680330795458636,1.0885966328458352,-1.1134150591865313,4.550944393009725,1.3686351345439876,-1.2078438997268677,0.16571900248527527,0.40771299600601196,0.6661075353622437,0.6638284921646118,0.2387976497411728,0.242091104388237
2.9999590625884993,2.8758549957329262,-0.8933696232967367,1.1201475655795055,-1.1538723787681522,4.556522530414546,1.3608703477522832,-1.2012100219726562,0.16613589227199554,0.41517338156700134,0.670240044593811,0.667734682559967,0.22723977267742157,0.23080432415008545
3.199807792705582,2.872782657276681,-0.9183308877636099,1.1512311728735958,-1.1937304534774484,4.562018045681484,1.3532205712657037,-1.1944020986557007,0.16642871499061584,0.4224819540977478,0.6740413308143616,0.6714739799499512,0.21588507294654846,0.2195100486278534
3.3996580315652354,2.8697556725797027,-0.9429236748651963,1.1818559249788978,-1.2330001445984942,4.567432436332752,1.3456837205280805,-1.1874290704727173,0.16659986972808838,0.42963722348213196,0.6775229573249817,0.6750500202178955,0.20473507046699524,0.208215594291687
3.5995142308893664,2.8667731295831755,-0.9671553946383863,1.2120310494198043,-1.2716932844567057,4.572767333774925,1.3382575246157564,-1.1802990436553955,0.16665183007717133,0.43663838505744934,0.6806966662406921,0.6784664988517761,0.1937905102968216,0.19692738354206085
3.7993613963845236,2.863834032256029,-0.991034139354049,1.2417666232887696,-1.3098227947667382,4.5780245196163865,1.330939503523623,-1.173020839691162,0.16658656299114227,0.4434846043586731,0.683573842048645,0.6817276477813721,0.1830514669418335,0.18565118312835693
3.999221358251856,2.8609373309138735,-1.0145684371903165,1.2710732665021185,-1.3474022932987004,4.583205871435622,1.323727043655856,-1.1656010150909424,0.1664070338010788,0.450175940990448,0.6861657500267029,0.6848370432853699,0.17251715064048767,0.17439225316047668
4.199088398170756,2.8580819799497377,-1.0377667831982762,1.299961557723936,-1.3844453449255307,4.588313259517808,1.3166175415689432,-1.1580471992492676,0.16611509025096893,0.45671212673187256,0.688482940196991,0.6877987384796143,0.16218671202659607,0.16315534710884094
4.47129451253673,2.8558894808981408,-1.0596800198882426,1.328401932103253,-1.4209028839556967,4.593530392259196,1.310399021989902,-1.1506900787353516,0.1650065779685974,0.4620131850242615,0.6905184388160706,0.6904980540275574,0.15231859683990479,0.15230171382427216
4.769048231907506,2.859404764174047,-1.0725649996095863,1.3560955970529638,-1.456301328097476,4.600336318653704,1.311475274298962,-1.1461421251296997,0.15739719569683075,0.4574010968208313,0.6921915411949158,0.692021906375885,0.14494241774082184,0.1448039710521698
4.968911341645141,2.862882878078245,-1.0853137380771996,1.3834964389082858,-1.4913254815135975,4.607070281570983,1.312540146693805,-1.1413938999176025,0.1498403549194336,0.4529053568840027,0.6937176585197449,0.6935033202171326,0.13758085668087006,0.13740624487400055
5.168783094056268,2.8663236737027966,-1.0979256894813716,1.4106032845613383,-1.5259738447205566,4.613731992710949,1.3135935935842185,-1.136452078819275,0.14233915507793427,0.448525607585907,0.6951003074645996,0.6949425339698792,0.13023784756660461,0.13010938465595245
5.495845515716881,2.8697266550646043,-1.1103990358371345,1.437412226620129,-1.5602414232332449,4.62032049180264,1.3146354631181578,-1.1313233375549316,0.13489767909049988,0.44426190853118896,0.6963434815406799,0.6963397264480591,0.12291759252548218,0.12291450053453445
5.82033635643478,2.877749376699533,-1.1081267312561305,1.4353280683676193,-1.5601388455537355,4.623083654787243,1.3221909461737373,-1.1341155767440796,0.12544696033000946,0.4431747794151306,0.6963655948638916,0.6963679790496826,0.12277340143918991,0.12277344614267349
6.0202728357648425,2.8858550788738446,-1.1055797505569656,1.4327047051007258,-1.5593938503011338,4.6257741511703045,1.329865007275208,-1.1369762420654297,0.11592379957437515,0.4421440064907074,0.6963653564453125,0.696368932723999,0.12277118116617203,0.12277143448591232
6.222427716706009,2.8939437918671755,-1.1030381082128402,1.43008684028324,-1.5586504165245032,4.6284590083960175,1.3375229838956426,-1.1397490501403809,0.10638227313756943,0.4411125183105469,0.6963644027709961,0.6963679790496826,0.12277688831090927,0.12277675420045853
6.409711145214009,2.899417449339439,-1.1043984825078963,1.4280681873682433,-1.554821650689983,4.630276464161592,1.3427052636667165,-1.1400315761566162,0.09952131658792496,0.4439082145690918,0.696363627910614,0.6963661313056946,0.12278413772583008,0.12278388440608978
6.662143092084165,2.900675547465584,-1.112049041687936,1.4270154846273417,-1.54601922357457,4.630695638971884,1.3438966350584456,-1.136352300643921,0.09702538698911667,0.4528578519821167,0.6963638663291931,0.6963655948638916,0.12278471142053604,0.1227845698595047
6.861996944475408,2.9019328591442592,-1.119694818440608,1.4259634399395678,-1.5372222989286302,4.631114551752559,1.3450872617141345,-1.1325981616973877,0.09452272206544876,0.46177396178245544,0.6963641047477722,0.696365237236023,0.1227855235338211,0.1227853074669838
7.13131814959623,2.9031896959849757,-1.1273377076793185,1.4249117925683548,-1.5284286965406575,4.63153330632609,1.3462774387162169,-1.128768801689148,0.0920131653547287,0.47065791487693787,0.6963644027709961,0.6963645815849304,0.12278645485639572,0.12278630584478378
7.391397430638524,2.904695443712107,-1.1379997376526874,1.4354367980400944,-1.5281770387698959,4.632035497848888,1.3477017539331533,-1.1208384037017822,0.08821333944797516,0.47463521361351013,0.6963644623756409,0.6963645219802856,0.12278629094362259,0.12278643250465393
7.675442576293837,2.906239658406791,-1.14913440810443,1.4477983023893553,-1.5292868498887133,4.632550585841782,1.349162246809758,-1.1122173070907593,0.08422686159610748,0.4777401089668274,0.6963644623756409,0.6963644623756409,0.12278638780117035,0.12278641760349274
7.884923842068862,2.900848814914563,-1.1544391467640114,1.4534818852591063,-1.5300917885868057,4.630756443442519,1.3440608929007958,-1.1076360940933228,0.08975602686405182,0.4793989956378937,0.6963648796081543,0.6963658928871155,0.12278110533952713,0.12278123944997787
8.084771212454985,2.892542087645343,-1.1573016773672675,1.4563676698551875,-1.5307694973292332,4.6279913731064894,1.336200573455635,-1.1046900749206543,0.09924335032701492,0.48047560453414917,0.6963649988174438,0.6963660717010498,0.12278014421463013,0.12278016656637192
8.423463009015414,2.884846668532842,-1.1604809075079745,1.4596090036758294,-1.5314374441689032,4.62542968558919,1.3289187847848303,-1.1014748811721802,0.10788555443286896,0.4816223382949829,0.6963644623756409,0.6963644623756409,0.12278643250465393,0.12278646230697632
8.78770650163511,2.8890514377726237,-1.1696378298654537,1.4695698919759743,-1.5319011027550542,4.626827239303731,1.3328990885496346,-1.094711422920227,0.10096868127584457,0.48412662744522095,0.6963645219802856,0.69636470079422,0.12278544157743454,0.12278551608324051
8.987563781293428,2.893260848690878,-1.1787994435814813,1.4795353900900872,-1.5323643412186996,4.6282263445786755,1.3368837799916606,-1.0878788232803345,0.0940970629453659,0.4865666627883911,0.6963644623756409,0.6963644623756409,0.1227865144610405,0.1227864921092987
9.187559958400524,2.8981204637774134,-1.1872813608818888,1.4885706195827582,-1.5325387330203935,4.6298449608951575,1.341481562175566,-1.0816184282302856,0.0866531953215599,0.48888882994651794,0.6963646411895752,0.6963647603988647,0.12278497964143753,0.12278517335653305
9.599305716572625,2.9029800788639486,-1.1957632781822967,1.4976058490754292,-1.532713124822087,4.63146357721164,1.3460793443594716,-1.075289249420166,0.07926683127880096,0.4911542236804962,0.6963644027709961,0.6963645219802856,0.12278634309768677,0.12278638780117035
9.959838812429995,2.8956304382621756,-1.1953570095807833,1.4969773127482289,-1.533089448495587,4.629021689034498,1.339121378506453,-1.0750765800476074,0.08800871670246124,0.49126747250556946,0.6963653564453125,0.696367084980011,0.12277622520923615,0.12277664989233017
10.159756087888569,2.8873378731042045,-1.1942638873341378,1.4956020039038207,-1.5334813459767478,4.626266206647455,1.331270958838065,-1.0752508640289307,0.09800294041633606,0.4912182688713074,0.6963657140731812,0.6963680386543274,0.12277284264564514,0.12277305126190186
10.359559145946593,2.879056345809091,-1.1931722200936594,1.494228525671548,-1.5338727218206865,4.623514391959866,1.3234309885124345,-1.0753337144851685,0.10799263417720795,0.4911702573299408,0.696365237236023,0.6963668465614319,0.12277732789516449,0.12277724593877792
10.559016199041695,2.8708694640115264,-1.1917137387462329,1.492445995391318,-1.5342276475888417,4.620797475312493,1.3156781909352357,-1.0756323337554932,0.11796010285615921,0.4910354018211365,0.69636470079422,0.6963649988174438,0.12278435379266739,0.12278450280427933
10.758818009127468,2.8630911028507664,-1.1886719688490035,1.4888978639209052,-1.534425243018457,4.618231189915222,1.3083016591881476,-1.0771660804748535,0.12781816720962524,0.49051761627197266,0.6963652968406677,0.6963669657707214,0.12277700752019882,0.12277737259864807
10.958690897752136,2.8553226552785618,-1.1856340757138089,1.4853542545747302,-1.5346225866109888,4.615668175270879,1.3009345288945524,-1.078607201576233,0.13769353926181793,0.48999500274658203,0.696365237236023,0.6963670253753662,0.12277667969465256,0.12277700006961823
11.277753834397622,2.8475663315479687,-1.1826009236719743,1.4818161755688257,-1.53481962221889,4.6131091605999295,1.2935788961260395,-1.0799552202224731,0.1475825011730194,0.4894682765007019,0.6963646411895752,0.6963654160499573,0.12278329581022263,0.12278331816196442
11.482710489454227,2.849758330968258,-1.1752771585800859,1.4740698422104042,-1.5341900264710726,4.613830036734412,1.2956593231478917,-1.085939884185791,0.1466950625181198,0.4873204231262207,0.6963645815849304,0.696365237236023,0.1227838397026062,0.12278390675783157
11.682565478059011,2.856066732596206,-1.1661912526593041,1.4645963598985132,-1.5332193160362417,4.615908064911801,1.3016441861208408,-1.093813419342041,0.14125116169452667,0.4844522476196289,0.69636470079422,0.6963651180267334,0.12278398871421814,0.12278413027524948
11.882405192973572,2.862259266004883,-1.1570019356581904,1.454919150115534,-1.5321683654859009,4.617950447137746,1.3075173071177653,-1.1017216444015503,0.13587409257888794,0.481556236743927,0.6963645815849304,0.6963648200035095,0.12278521060943604,0.12278521060943604
12.08228033539887,2.868254050462042,-1.147598787864233,1.4448420599290477,-1.5309669228258322,4.619932341838608,1.3131994703780139,-1.1097583770751953,0.13069221377372742,0.47865206003189087,0.6963646411895752,0.6963650584220886,0.122784323990345,0.12278427928686142
12.378903358379628,2.871894360471875,-1.1404144417165127,1.4370945328488147,-1.5300892196391997,4.6211374241446705,1.3166488228611397,-1.1157599687576294,0.12781326472759247,0.4764336347579956,0.69636470079422,0.6963652968406677,0.12278338521718979,0.12278366088867188
12.801511352761912,2.8637680435142676,-1.144273301523486,1.4409390098365564,-1.530824863500562,4.618460388788954,1.308939535385771,-1.111823320388794,0.13687849044799805,0.477934330701828,0.6963657736778259,0.696368932723999,0.12276970595121384,0.12277024984359741
13.001375784977602,2.855626309140152,-1.1481394824390498,1.444790780645507,-1.5315619030406638,4.615778274506424,1.301215621690849,-1.1078009605407715,0.1459036022424698,0.4794284701347351,0.6963663697242737,0.6963706016540527,0.12276347726583481,0.12276428937911987
13.20115442375772,2.8474701429100584,-1.152012516460303,1.4486493790171142,-1.5323002490405448,4.613091405968197,1.2934780167595255,-1.1036937236785889,0.15488678216934204,0.48091569542884827,0.6963661909103394,0.6963701248168945,0.12276510149240494,0.12276558578014374
13.40111908490889,2.839287929293159,-1.155897919333835,1.452520300139568,-1.5330409530090245,4.610395956694592,1.2857157011512843,-1.0994960069656372,0.1638392060995102,0.48239824175834656,0.696365475654602,0.6963677406311035,0.1227743923664093,0.12277441471815109
13.600349230571913,2.8311866900939817,-1.1602373939509596,1.4568439125356691,-1.533791845379451,4.607732700195949,1.2780263425519887,-1.094900131225586,0.17252561450004578,0.4840279221534729,0.6963646411895752,0.6963651180267334,0.12278398871421814,0.1227840855717659
13.800244415059018,2.8233601076290467,-1.1660424609381155,1.4626286656042442,-1.5345746432902752,4.605177802820566,1.2705850311998934,-1.0891987085342407,0.18045704066753387,0.48614487051963806,0.6963650584220886,0.6963667273521423,0.12277791649103165,0.1227782592177391
14.000163571789193,2.8155078650687066,-1.1718665603156395,1.4684323844623317,-1.5353600076685407,4.6026145290036515,1.2631193228954773,-1.0834109783172607,0.1883319467306137,0.4882442057132721,0.6963650584220886,0.696366548538208,0.12277904897928238,0.12277919054031372
14.226482908516607,2.8073709784475467,-1.1782565950402433,1.4750207372935937,-1.537495554345828,4.601209680877897,1.2552836434163366,-1.0774829387664795,0.19606386125087738,0.49037986993789673,0.6965122818946838,0.6963912844657898,0.12199532240629196,0.12258414924144745
14.453294580767142,2.7947757142442047,-1.1937895742152485,1.4943498770152182,-1.5618171980582156,4.618932173409744,1.2415750778892196,-1.0704522132873535,0.20246568322181702,0.4934627413749695,0.6989583373069763,0.6968614459037781,0.10822504758834839,0.1188637837767601
14.653158398309934,2.7820971172936146,-1.20942532263802,1.5138069021300298,-1.5862997585529284,4.636771921440715,1.2277758137941521,-1.0633264780044556,0.20873217284679413,0.49659624695777893,0.7011643052101135,0.6973384618759155,0.0944368988275528,0.1147572472691536
14.852971198002088,2.7693381316456778,-1.2251602095894982,1.5333872945945024,-1.610937550825538,4.654724782469187,1.21388905540699,-1.0561046600341797,0.21485711634159088,0.4997811019420624,0.7031237483024597,0.6978219151496887,0.08064793050289154,0.1102607473731041
15.052809981594073,2.756496256471427,-1.2409973191911152,1.5530948922695782,-1.6357354040142154,4.672794275351296,1.199912080849318,-1.048783302307129,0.22083666920661926,0.5030186176300049,0.7048313021659851,0.6983112692832947,0.06686890870332718,0.1053696870803833
15.252711219677913,2.7435734006079344,-1.2569342973893143,1.5729267657861001,-1.660689632126001,4.690977714208428,1.185846967681214,-1.041359782218933,0.2266644835472107,0.5063093900680542,0.706280529499054,0.6988062858581543,0.053116727620363235,0.10008081048727036
15.452560489962089,2.730579881486061,-1.2729584203193067,1.5928670816482828,-1.685780312047462,4.709260581632416,1.1717049452961037,-1.0338380336761475,0.23233075439929962,0.5096509456634521,0.7074651122093201,0.6993058919906616,0.0394165925681591,0.09439586102962494
15.65235054675697,2.7175197368669766,-1.2890647084539353,1.6129096433644496,-1.7109996468013413,4.7276371961868895,1.1574904083547632,-1.0262179374694824,0.2378280609846115,0.513042688369751,0.7083795070648193,0.6998098492622375,0.02578750252723694,0.08831505477428436
15.85225377787112,2.704385946557109,-1.3052618193742385,1.633065224372951,-1.736361192486508,4.746117435816933,1.1431957161454123,-1.018492341041565,0.24315370619297028,0.5164859294891357,0.7090194225311279,0.7003177404403687,0.012237259186804295,0.08183404058218002
16.052121153066146,2.691192390576894,-1.3215326356887198,1.6533125239015294,-1.761838146575735,4.764681770280502,1.128835975550017,-1.0106667280197144,0.24829615652561188,0.5199762582778931,0.7093791961669922,0.7008286118507385,-0.0012046918272972107,0.07495933771133423
16.25194157097696,2.677944044105765,-1.3378710218088532,1.6736439068631497,-1.787420901923063,4.78332319912259,1.1144166015064596,-1.0027416944503784,0.2532474994659424,0.5235115885734558,0.7094550132751465,0.7013417482376099,-0.014518479816615582,0.06769473105669022
16.506065823769706,2.6684120683032497,-1.3531415416422459,1.693616821175949,-1.8123441577977182,4.7968879622380145,1.0920371518049607,-0.9952792525291443,0.25574615597724915,0.5260827541351318,0.705121636390686,0.7061045169830322,-0.02513892762362957,0.05989934876561165
16.82388799806287,2.6770650088604944,-1.3629550378846875,1.7114833205146132,-1.8336107282143217,4.7856015667606675,1.0314989525726028,-0.9904170036315918,0.24731409549713135,0.5238215327262878,0.6802533864974976,0.7308112978935242,-0.023129569366574287,0.05133343115448952
17.030565499716595,2.6857163390631302,-1.3727667077874248,1.7293464948102635,-1.8548733408180347,4.774317271736784,0.9709720197955591,-0.9854158163070679,0.23895609378814697,0.5215858221054077,0.6545316576957703,0.7545321583747864,-0.020691266283392906,0.04291170835494995
17.236797455547006,2.694364448393633,-1.3825747248259863,1.7472030186834988,-1.8761280373955633,4.763037177832329,0.9104676210689474,-0.9802770614624023,0.23067539930343628,0.5193765163421631,0.628003716468811,0.7772337794303894,-0.017831671983003616,0.034653160721063614
17.44252583031562,2.7030078523380068,-1.3923774053793625,1.7650498269256607,-1.897371169415959,4.751763221361543,0.8499961424347638,-0.9750008583068848,0.2224746197462082,0.5171939730644226,0.600718080997467,0.7988863587379456,-0.014559182338416576,0.02657642401754856
17.647730314888538,2.711645596203061,-1.4021736667083409,1.7828849482964342,-1.9186003905034619,4.74049664757104,0.7895642631722928,-0.9695879817008972,0.2143561840057373,0.5150383710861206,0.5727226734161377,0.8194636106491089,-0.010882759466767311,0.018699007108807564
17.8523617538612,2.7202762915695216,-1.4119619341751164,1.8007055160025163,-1.9398122883017677,4.729239267434662,0.7291816970201265,-0.9640395641326904,0.20632243156433105,0.512910008430481,0.5440676808357239,0.8389409780502319,-0.0068128095008432865,0.011038431897759438
18.131900742837292,2.7288986211844612,-1.4217407138532525,1.8185088101941176,-1.9610036253620642,4.717992799100983,0.6688576598187783,-0.9583561420440674,0.19837641716003418,0.5108093619346619,0.5148043632507324,0.8572968244552612,-0.002359917154535651,0.0036113911774009466
18.28979324735384,2.7290694612671436,-1.427847396006266,1.824450433190256,-1.9673992587068136,4.71238898408019,0.634674443456041,-0.9547761678695679,0.19843736290931702,0.5127202868461609,0.5,0.8660253882408142,8.178785981804992e-10,4.445783119422231e-08
18.566748062583244,2.72084073091977,-1.4303091441346556,1.8186076062147298,-1.9590947351883585,4.712388967665574,0.6264457682065488,-0.9533059597015381,0.20637446641921997,0.5186115503311157,-0.5000000596046448,-0.8660253286361694,1.564335327941535e-08,2.5831475625182065e-08
18.76660806170348,2.712612701333753,-1.4327706826197728,1.812765276816252,-1.9507909188858312,4.712388951252357,0.6182177937137213,-0.951727032661438,0.21428045630455017,0.5245159864425659,-0.5000000596046448,-0.8660253286361694,2.093543782777374e-09,1.2712551011873074e-08
19.065457369722008,2.7052736490947,-1.4359646474905916,1.8093104337609336,-1.9441421544267503,4.7123889366733,0.6108787857114926,-0.9492719173431396,0.22085979580879211,0.5293958187103271,-0.5000000596046448,-0.8660252690315247,1.3534195986153463e-08,2.1015541307178864e-08
19.414771346078815,2.7050007010692054,-1.4449818592442096,1.8248353464537166,-1.9506498343343215,4.7123889366733,0.6106057956228107,-0.9406472444534302,0.21712259948253632,0.5259959697723389,-0.5000000596046448,-0.8660252690315247,8.74779981785423e-09,2.418728861641739e-08
19.61455892555565,2.7047294114700526,-1.4539442826128728,1.8402659301104025,-1.9571179737185378,4.7123889366733,0.6103344642160449,-0.9320433139801025,0.21338772773742676,0.5225592851638794,0.5000000596046448,0.8660252690315247,-2.0687489499238154e-09,3.812039039985393e-08
19.814363492356243,2.7044595448821527,-1.4628596948563406,1.8556155748211935,-1.9635521853917028,4.7123889366733,0.6100645560398281,-0.9234540462493896,0.20965257287025452,0.5190839767456055,-0.5000000596046448,-0.8660253286361694,9.353367858011552e-09,5.692908366938809e-09
20.014195402787628,2.7041910558898143,-1.4717295963441783,1.8708868637689122,-1.9699535521635738,4.7123889366733,0.6097960256714698,-0.9148790836334229,0.20591703057289124,0.5155700445175171,0.5000000596046448,0.8660253286361694,4.0547026847193024e-10,3.4962681638717186e-08
20.27657210325546,2.7039239110785394,-1.4805550909700715,1.8860816975247727,-1.9763228707091052,4.7123889366733,0.6095288396913229,-0.9063182473182678,0.20218122005462646,0.5120184421539307,0.4999999701976776,0.8660253882408142,-3.840775697483423e-09,3.833032380384793e-08
20.464865801224782,2.705764793357034,-1.4879021976140976,1.9021907568507956,-1.9987807277832026,4.718377550631321,0.5670371793205662,-0.9030617475509644,0.1968725472688675,0.5089247226715088,-0.4806508421897888,-0.8768802285194397,0.003436711383983493,0.006636771839112043
20.97195104334258,2.7111930825158495,-1.4928622083549354,1.9200839245676824,-2.0487431753628784,4.734568808399944,0.45260481052932144,-0.9084965586662292,0.18871772289276123,0.5069806575775146,-0.4268800914287567,-0.9038845896720886,0.011366869322955608,0.02523372508585453
21.358285254509052,2.716691003687035,-1.4978858442121146,1.9382066189806162,-2.0993465220667793,4.7509677614162324,0.33670454717938036,-0.9135994911193848,0.1802528351545334,0.5055204629898071,-0.3704458177089691,-0.9276068806648254,0.017307033762335777,0.04489884153008461
21.748206413048482,2.7222399706971125,-1.5029561223725634,1.9564975748346456,-2.150419699130707,4.767518971674414,0.2197281996175513,-0.9183160066604614,0.17149826884269714,0.5045568943023682,-0.3117387592792511,-0.9476794004440308,0.021094588562846184,0.06540283560752869
22.380177878632107,2.7256955220859673,-1.508395565571344,1.9738020808612626,-2.1940398350006665,4.7867633008867925,0.13167042616236904,-0.9211774468421936,0.16312909126281738,0.5038079619407654,-0.26652640104293823,-0.9598871469497681,0.025530856102705002,0.08323729783296585
23.512357783567765,2.7114503458404418,-1.5167622329519723,1.982262374711372,-2.17363571547281,4.828018438344199,0.28942634871381445,-0.9121114015579224,0.15984173119068146,0.5011940002441406,-0.34694480895996094,-0.9336025714874268,0.05268821865320206,0.07238412648439407
24.049712987488903,2.696893580942166,-1.5253119067462957,1.9909077228926595,-2.152785291034107,4.870175960754788,0.4506329098901552,-0.9030216336250305,0.15626421570777893,0.4990960955619812,-0.4266534149646759,-0.8991187810897827,0.07884986698627472,0.05774917080998421
24.46420870908489,2.6865712598323768,-1.534446787731319,2.000084829390056,-2.144982367748467,4.885984841620254,0.5029096255155638,-0.8943133354187012,0.15700308978557587,0.49865734577178955,-0.45427680015563965,-0.8849965929985046,0.08783044666051865,0.051955219358205795
24.942607705671787,2.680955159766953,-1.5440493588944493,2.00967174582299,-2.1512653603552763,4.873347176670753,0.43780968453900393,-0.885969877243042,0.1624353975057602,0.49951279163360596,-0.4279911518096924,-0.8983926773071289,0.07960163801908493,0.05811841040849686
25.159879958275514,2.67533200853014,-1.5536639863554118,2.019270698898803,-2.157556241435793,4.860693644777912,0.3726280087578857,-0.8775731325149536,0.16778883337974548,0.5003475546836853,-0.401292622089386,-0.9109614491462708,0.07104196399450302,0.06376784294843674
25.37741612641892,2.6697020269826197,-1.5632902924801924,2.0288813115991235,-2.163854763902891,4.848024742934892,0.3073671583148635,-0.8691239953041077,0.17306190729141235,0.5011616349220276,-0.3742099404335022,-0.9226891994476318,0.062178321182727814,0.06888625770807266
25.595228417421502,2.6640648991907985,-1.5729288174612355,2.03850412323574,-2.1701612812061897,4.835339760210106,0.24202347101408883,-0.8606226444244385,0.17825385928153992,0.5019551515579224,-0.34676942229270935,-0.9335640668869019,0.05303655564785004,0.07345807552337646
25.813322664273503,2.6584204741929853,-1.5825798194172267,2.048139391506536,-2.1764759622335603,4.822638356901052,0.1765951969584883,-0.8520696759223938,0.18336302042007446,0.502727746963501,-0.31899842619895935,-0.9435749053955078,0.04364481195807457,0.07746892422437668
26.03169688537766,2.6527688032742445,-1.5922432106594744,2.057787028865776,-2.182798749610015,4.80992064841227,0.11108293062724184,-0.8434656262397766,0.1883886307477951,0.5034793019294739,-0.2909261882305145,-0.9527109861373901,0.0340312197804451,0.08090507984161377
26.32955886209816,2.6471092006428654,-1.6019201637745808,2.0674482059884354,-2.1891304105626674,4.797185091536595,0.045478722553764374,-0.8348100781440735,0.19332954287528992,0.5042098760604858,-0.2625780403614044,-0.9609635472297668,0.024223964661359787,0.08375468105077744
26.570887101412183,2.6494812283259592,-1.6114480062908778,2.0781004391021085,-2.191599234239833,4.794530881803302,0.03776604895071529,-0.8276634812355042,0.18815913796424866,0.5033907890319824,-0.257801353931427,-0.9622597098350525,0.02255832962691784,0.08417744189500809
26.79742313095062,2.6534775575796257,-1.6209462388717548,2.088953692315283,-2.1932870509536637,4.793915183272765,0.04175983369852962,-0.8207874298095703,0.18100832402706146,0.502190351486206,-0.2578163146972656,-0.9622552990913391,0.022558007389307022,0.0841812789440155
27.10261565386071,2.657475484114062,-1.630448267772525,2.099811283432454,-2.1949755422658597,4.793299238655543,0.045755214710107545,-0.8138670921325684,0.17391428351402283,0.5009126663208008,-0.25783154368400574,-0.962250828742981,0.022557973861694336,0.08418641984462738
27.364361964837325,2.6687607460859537,-1.6279268622489922,2.096621002147642,-2.195182374413196,4.791543872327389,0.05694290918052929,-0.8178837895393372,0.16637620329856873,0.5016109347343445,-0.2578336298465729,-0.9622512459754944,0.022555112838745117,0.08417627215385437
27.564256329760564,2.681528887426864,-1.6229002525942802,2.0905045938663283,-2.1950786042864414,4.789556614957245,0.06959396680206206,-0.8241207003593445,0.15864413976669312,0.5027111768722534,-0.25783365964889526,-0.9622513055801392,0.02255462482571602,0.08417528867721558
27.783554979552104,2.694215590626568,-1.6180270970677004,2.0845683569753763,-2.1949938731350804,4.787581392699839,0.08216413605586344,-0.8301533460617065,0.15078198909759521,0.5037667751312256,-0.25783416628837585,-0.9622500538825989,0.022557903081178665,0.08418707549571991
28.003518111275437,2.70580773268559,-1.6205555699571557,2.08726220367275,-2.195973299132836,4.7857397753964435,0.09363846825904436,-0.8297956585884094,0.1407926082611084,0.5036793351173401,-0.2578335702419281,-0.9622520208358765,0.022552793845534325,0.08416713029146194
28.203410948829653,2.7174255759241346,-1.6230896487764999,2.089962022953727,-2.196954896636364,4.78389407500498,0.10513824044306348,-0.8293169736862183,0.13080985844135284,0.5035874843597412,-0.25783342123031616,-0.9622529745101929,0.02255028299987316,0.08415842801332474
28.403259772078993,2.729068479913198,-1.6256291938356429,2.0926676659918377,-2.1979386115354913,4.78204439326895,0.11666281868753672,-0.8287172913551331,0.12083589285612106,0.503491222858429,-0.25783371925354004,-0.9622525572776794,0.02255082316696644,0.08416099101305008
28.602153114246132,2.7404876331480468,-1.628509802818303,2.09576976513709,-2.1989565435988423,4.780227817320998,0.12796602471896487,-0.8276847004890442,0.11094623804092407,0.5033334493637085,-0.25783488154411316,-0.9622513651847839,0.022553609684109688,0.0841713547706604
28.802268239872458,2.7498012899845836,-1.6342803147171412,2.1022349961851083,-2.2002529240495847,4.778724767582985,0.1371860307338941,-0.8238652944564819,0.10172166675329208,0.5026742219924927,-0.257838636636734,-0.9622510671615601,0.02255093865096569,0.08416296541690826
29.001916363106968,2.7591260542000335,-1.640057708473805,2.108707937606428,-2.201550850551372,4.777219925322092,0.14641703244065365,-0.8199427127838135,0.09256806969642639,0.5019861459732056,-0.25784286856651306,-0.9622500538825989,0.022550063207745552,0.08416175097227097
29.201978813128473,2.76850282536968,-1.6458673244556679,2.1152169805269643,-2.202856015971224,4.775706690113053,0.1556995181605059,-0.8159001469612122,0.08344655483961105,0.501266360282898,-0.25784724950790405,-0.9622483253479004,0.022551367059350014,0.08416776359081268
29.41935782339788,2.7746172906818236,-1.6475787060489637,2.1170914262299267,-2.2034161565259236,4.774720602491556,0.16175350738960864,-0.814968466758728,0.0782192274928093,0.5011117458343506,-0.25785067677497864,-0.9622466564178467,0.022553566843271255,0.08417655527591705
29.828296479101525,2.771479707976641,-1.6376672835334953,2.1058219149239834,-2.2018633691657072,4.77522952944909,0.15865133351755628,-0.8230852484703064,0.08386103808879852,0.5025771856307983,-0.25785067677497864,-0.9622466564178467,0.022553399205207825,0.084176205098629
30.028152566666947,2.768341949807936,-1.6277553067400146,2.0945517733914185,-2.2003104949687238,4.775738484867427,0.1555489861621552,-0.8311792016029358,0.0895562395453453,0.5039587616920471,-0.2578505873680115,-0.9622466564178467,0.02255368046462536,0.08417666703462601
30.226221464838133,2.762221877120652,-1.618364100791107,2.087085095026687,-2.2018346191704974,4.776723933441385,0.14949069382129046,-0.8375437259674072,0.09709111601114273,0.5030661821365356,-0.2578480839729309,-0.9622479677200317,0.022551674395799637,0.08416946232318878
30.426180277283535,2.7556933992876753,-1.609059028816299,2.0801609072603426,-2.2037869010379927,4.777774623301299,0.14302759657892047,-0.8435966968536377,0.10494641959667206,0.5017955303192139,-0.2578452229499817,-0.962249219417572,0.022550679743289948,0.08416428416967392
30.62600918885623,2.749191294981668,-1.5997915471608524,2.0732646915967567,-2.2057312961423245,4.778821068619367,0.13659060874119155,-0.8495576977729797,0.112852543592453,0.5004581212997437,-0.25784263014793396,-0.9622500538825989,0.022550398483872414,0.08416283130645752
30.82581584181939,2.7427116211163307,-1.5905560357242217,2.066392265947758,-2.207668983627558,4.779863903993866,0.13017582671053504,-0.8554295897483826,0.12081217765808105,0.4990538954734802,-0.2578401267528534,-0.9622505903244019,0.02255121059715748,0.08416473120450974
31.025885500277624,2.736244907446494,-1.581338996518796,2.0595335860492137,-2.2096027954843023,4.780904653561177,0.12377387508322028,-0.861220121383667,0.12883533537387848,0.4975813627243042,-0.2578376829624176,-0.9622506499290466,0.022553008049726486,0.08417008817195892
31.225534778352127,2.729813158698382,-1.5721717929904702,2.0527119903974795,-2.2115261513994895,4.781939775891994,0.11740653821526556,-0.8669089078903198,0.13689331710338593,0.49604636430740356,-0.2578354775905609,-0.9622504115104675,0.02255558967590332,0.08417895436286926
31.42343413856183,2.7238501598190767,-1.5632593597714115,2.044584117741801,-2.21191009120177,4.782895438346505,0.11150349339554672,-0.8728713393211365,0.1447678655385971,0.4954536557197571,-0.2578340470790863,-0.962250292301178,0.022557366639375687,0.08418542891740799
31.623309504504547,2.718739223234119,-1.5548099628598457,2.0340814842070842,-2.209495552064473,4.78370666326648,0.10644440777984655,-0.8794000148773193,0.15224114060401917,0.4966377019882202,-0.25783395767211914,-0.9622503519058228,0.022556990385055542,0.08418389409780502
31.823140912021742,2.7136332367401734,-1.5463687494353986,2.0235890227789852,-2.207083351478688,4.784517102491482,0.10139022203598339,-0.8858651518821716,0.15977583825588226,0.4977610111236572,-0.25783398747444153,-0.9622503519058228,0.02255736105144024,0.08418458700180054
32.02839206956825,2.713523664226279,-1.5385834094952033,2.013714383669592,-2.2049774962953284,4.7845308397475375,0.10128055180559559,-0.8925832509994507,0.16294202208518982,0.49892115592956543,-0.257833868265152,-0.9622507691383362,0.022556046023964882,0.08418004959821701
32.30137874455321,2.7243778656992093,-1.532234000041039,2.0051912983744664,-2.2035429798814206,4.782796349532317,0.1120207727533611,-0.8999384045600891,0.15630249679088593,0.5002513527870178,-0.2578333020210266,-0.9622522592544556,0.022552482783794403,0.08416633307933807
32.50104685397017,2.735153289242414,-1.5259306735099731,1.9967300721682928,-2.2021188749412195,4.781074447949123,0.12268304302247342,-0.9071969389915466,0.14957047998905182,0.5015405416488647,-0.25783321261405945,-0.962252676486969,0.02255125343799591,0.08416261523962021
32.70099059761632,2.745880914279456,-1.5196553077909194,1.9883063789622226,-2.2007010871623334,4.779360184517982,0.13329801671998237,-0.9143778681755066,0.14272862672805786,0.5027923583984375,-0.25783342123031616,-0.9622519612312317,0.022552672773599625,0.08416838198900223
33.06448387002608,2.7565492463634436,-1.5134146268193,1.97992924458386,-2.1992911356774942,4.7776553960396635,0.1438543201027714,-0.9214721918106079,0.13578668236732483,0.5040062665939331,-0.25783392786979675,-0.9622504115104675,0.02255690097808838,0.08418361842632294
33.840667036629924,2.7674067543355205,-1.5114028959525323,1.963270947153181,-2.142160766463625,4.760331689221075,0.015737789558407177,-0.9164189100265503,0.12871941924095154,0.5047287344932556,-0.19192370772361755,-0.979300320148468,0.012901336885988712,0.0630044937133789
34.31556727299292,2.777704406955813,-1.510149925011955,1.9462440678913233,-2.0795695169956296,4.741548281608642,-0.12673228135049272,-0.9091833233833313,0.12196462601423264,0.506083071231842,-0.11768362671136856,-0.9922794103622437,0.005310774780809879,0.038778409361839294
34.764645142230336,2.7874421319405043,-1.5089650834870902,1.9301430132419568,-2.020381622798606,4.7237862086052465,-0.26145564212171685,-0.9017995595932007,0.11554322391748428,0.5080971717834473,-0.04624452069401741,-0.9988128542900085,0.0011272445553913713,0.015261843800544739
35.30747584869345,2.7971157159760405,-1.5089488281485255,1.920611773427065,-1.9824592601485553,4.71238899230957,-0.3444769843763908,-0.8965575695037842,0.10812337696552277,0.5097743272781372,6.53069562872588e-08,-1.0,-2.3040276353469835e-09,2.6606379321947315e-08
35.696099260252005,2.807493219282326,-1.5112029463706371,1.9230360286753538,-1.9826293971747329,4.71238899230957,-0.33409944817431486,-0.8957523107528687,0.098161481320858,0.509778618812561,4.8889186032852194e-09,-1.0,2.0256147870156838e-09,8.85780160331251e-09
35.89596447477866,2.817889087599295,-1.513461053693403,1.9254645741148593,-1.9827998352914724,4.71238899230957,-0.32370354690334063,-0.8948347568511963,0.08821043372154236,0.5097784996032715,-6.985766276557115e-08,-1.0,-3.785564306468814e-09,1.4722650654164227e-08
36.276946525898495,2.82830203474363,-1.5157228707423758,1.9278971092844237,-1.9829705534120639,4.71238899230957,-0.31329056675086153,-0.8938056230545044,0.07827245444059372,0.5097741484642029,3.616747434875833e-08,-1.0,7.803262480621243e-10,1.1682019795955512e-08
36.475030974476944,2.8276028219765155,-1.5100656147447087,1.9217288381377848,-1.9824595382630923,4.71238899230957,-0.3139897895415785,-0.8985228538513184,0.08044711500406265,0.5098329782485962,4.599758351986338e-09,1.0,-1.523761739008478e-08,2.9706921367278483e-08
36.674969428210865,2.8224182759159033,-1.501212851509509,1.9120899709731378,-1.9816734343336448,4.71238899230957,-0.31917436299384405,-0.9055414795875549,0.08756586164236069,0.5098613500595093,-4.357205440896905e-08,-1.0,-2.16370654726461e-09,2.605851889825317e-08
36.87475887033285,2.817244752501827,-1.492378909763957,1.9024715966008243,-1.9808890017068832,4.71238899230957,-0.32434791374133726,-0.9124904274940491,0.09474222362041473,0.5098224878311157,1.6828465732032782e-08,-1.0,2.8599518309135874e-09,1.8389133771279376e-08
37.05483053108899,2.8167663823833777,-1.4826106455034438,1.8916194321792965,-1.9798050872860886,4.71238899230957,-0.32482628832971566,-0.9206953048706055,0.09795694053173065,0.5098464488983154,7.02549129982799e-08,-1.0,-1.954171491291845e-09,3.0814419460512e-08
37.259053457524686,2.8221371274018527,-1.4716822007737378,1.8792344442181883,-1.9783485120364137,4.71238899230957,-0.31945551929753635,-0.9305127859115601,0.09608866274356842,0.5099396705627441,1.4521659430499767e-08,1.0,-1.672392002660672e-08,3.238863044430218e-08
37.45894035324088,2.827499874230696,-1.4607700308388751,1.8668679001567554,-1.976894105939253,4.71238899230957,-0.31409274849075064,-0.9403107166290283,0.09411700814962387,0.5099310874938965,1.7016411391068686e-08,1.0,-1.2803607951639151e-08,2.0022946856101953e-08
37.73911631028909,2.83285259201966,-1.4498782680928903,1.854524483154554,-1.9754424197722353,4.71238899230957,-0.30874000676868546,-0.9500836133956909,0.09204299747943878,0.5098214149475098,1.454632503339326e-08,1.0,-2.9386333366687722e-08,7.504088728182978e-08
37.993029611310675,2.853905071326347,-1.443106370662587,1.8517016055270077,-1.98816014475299,4.673767856132374,-0.28843581953474473,-0.9555136561393738,0.0850088819861412,0.5080830454826355,-0.0002893383789341897,0.999803900718689,0.0197587963193655,0.0012827489990741014
38.19280847360821,2.881018162550733,-1.4379944872204498,1.8526422179848407,-2.0063832852647896,4.620163175821865,-0.2623613389040503,-0.959335446357727,0.07591760158538818,0.5064951181411743,-0.0004098206991329789,0.9988821744918823,0.047230906784534454,0.001812501111999154
38.41619336833233,2.907643693166357,-1.4329745281178254,1.8535659158983768,-2.0242787285248096,4.567522440579382,-0.2367557420883449,-0.963209331035614,0.06673945486545563,0.5057874917984009,-0.0002094705996569246,0.9972437024116516,0.0741899386048317,0.0009238821221515536
38.618670140841914,2.9293384405803353,-1.4286861341227193,1.8644892452783082,-2.055694965699957,4.513608530881181,-0.22263937926204785,-0.9645962119102478,0.06190914660692215,0.5006797909736633,0.00272985827177763,-0.9947642683982849,-0.10213008522987366,0.002448650309816003
38.84915850446447,2.948392047313303,-1.4246678070719263,1.8870222922146596,-2.1047044882240713,4.452235916784202,-0.21882576622911531,-0.9632012844085693,0.06103057414293289,0.4908272624015808,0.00805667880922556,-0.9908955097198486,-0.13414114713668823,0.008200624026358128
39.085428511011216,2.970397607221948,-1.4200269252752136,1.9130463579588228,-2.1613069991876483,4.381354914820179,-0.21442131455543917,-0.9610157012939453,0.0595681294798851,0.481201171875,0.0132644297555089,-0.9851050972938538,-0.17072640359401703,0.015636321157217026
39.364635998590025,2.9964022498960583,-1.4145426534222223,1.9437997917916363,-2.2281959162693252,4.297592668546536,-0.20921643940457613,-0.9574826955795288,0.05713750422000885,0.47219860553741455,0.01807994581758976,-0.9764836430549622,-0.2133188247680664,0.02545059099793434
39.68517553273555,3.0262564494401425,-1.4082465259074148,1.9791057624145143,-2.3049866302533375,4.201430808302879,-0.20324106864854538,-0.9519111514091492,0.053306229412555695,0.46492815017700195,0.021775729954242706,-0.9642921686172485,-0.2611972987651825,0.037977878004312515
40.005967662028574,3.056134175024337,-1.4019454368478088,2.014439555243103,-2.3818378577143458,4.105193169514971,-0.19726098911404352,-0.9444247484207153,0.0482754111289978,0.460774302482605,0.023471055552363396,-0.9497408270835876,-0.30784133076667786,0.05172240734100342
40.20343304454496,3.0703429012082424,-1.4030509729034095,2.035975680859813,-2.4139435455387606,4.061347957902195,-0.20036096846685908,-0.9354752898216248,0.044665396213531494,0.45868709683418274,0.027302628383040428,-0.9424569010734558,-0.32856741547584534,0.05543423071503639
40.40331641986182,3.0760203393893653,-1.4086027019541885,2.0504764827398403,-2.4212388990588525,4.046222538587095,-0.20900393566949024,-0.9260100722312927,0.04225650429725647,0.45656806230545044,0.03340084105730057,-0.9399273991584778,-0.3355855345726013,0.052945058792829514
40.60321935295274,3.081688674048273,-1.4141455290518092,2.064954033222346,-2.4285225548007006,4.03112137221608,-0.21763304425465624,-0.9165123105049133,0.0399150475859642,0.4545154869556427,0.03946397826075554,-0.9373074173927307,-0.3425683379173279,0.05044013634324074
40.80302608042171,3.0873445802844195,-1.4196762029152599,2.0793998401454505,-2.435790240357608,4.016053316748204,-0.22624323260733673,-0.9069887399673462,0.037642210721969604,0.4525298774242401,0.0454871840775013,-0.9345995783805847,-0.34951117634773254,0.047921307384967804
41.002869595132374,3.0929919230780825,-1.4251985029469059,2.0938237750941004,-2.4430469221240245,4.001008075383134,-0.23484038452524392,-0.8974341750144958,0.03543630242347717,0.4506095051765442,0.051473136991262436,-0.9318027496337891,-0.3564184606075287,0.04538711905479431
41.20274985983183,3.098630713229774,-1.430712439708116,2.1082258656539934,-2.4502926139783154,3.98598561934693,-0.2434245164503843,-0.8878499269485474,0.03329668194055557,0.44875356554985046,0.05742081627249718,-0.9289177060127258,-0.36329007148742676,0.042838118970394135
41.4026670607846,3.1042609131134666,-1.4362179764059726,2.1226060157241124,-2.457527267572059,3.9709860488801274,-0.25199557110330956,-0.8782370686531067,0.031223207712173462,0.4469616711139679,0.0633288323879242,-0.9259452223777771,-0.3701253831386566,0.040274590253829956
41.602469001255535,3.109878439979783,-1.4417111206908286,2.1369537975132693,-2.46474563668344,3.956020240947708,-0.2605473331686196,-0.8686041235923767,0.029216967523097992,0.44523441791534424,0.06919171661138535,-0.9228883385658264,-0.3769194185733795,0.03769882023334503
41.82973093872348,3.115487633298477,-1.4471961159484379,2.1512802945047467,-2.47195329741297,3.9410766346488675,-0.2690864087763267,-0.8589445948600769,0.027276352047920227,0.4435703456401825,0.07501255720853806,-0.9197457432746887,-0.38367727398872375,0.03510935604572296
42.02701664858023,3.123545012264535,-1.4451308638116847,2.1594449848382395,-2.4735146891616657,3.9217603206515954,-0.2646634345732873,-0.8536873459815979,0.024308189749717712,0.43992921710014343,0.07705796509981155,-0.9162629246711731,-0.39179691672325134,0.031928323209285736
42.30664951883999,3.136517084069402,-1.427888648397323,2.155215024140197,-2.463723636330748,3.8936701827094784,-0.23418585065955094,-0.8573638796806335,0.019000977277755737,0.43230175971984863,0.071798175573349,-0.9120036363601685,-0.4028782248497009,0.027990708127617836
42.50647487276045,3.1494098839839926,-1.4107517995758239,2.1510109125883337,-2.453992416291182,3.8657517026464028,-0.20389451422611152,-0.8610405325889587,0.013466112315654755,0.4248403310775757,0.06691672652959824,-0.9074121713638306,-0.41414472460746765,0.02468583919107914
42.7063088321015,3.162204343600485,-1.3937456626891056,2.1468388680495307,-2.4443354214847615,3.8380461718007233,-0.1738342260579373,-0.8647142648696899,0.0077109187841415405,0.4175454378128052,0.06241990625858307,-0.9025133848190308,-0.42554473876953125,0.022021086886525154
42.90619559743253,3.1748829287598572,-1.3768935437866177,2.1427046080995664,-2.434765886333859,3.810591559199518,-0.14404618225777488,-0.8683812618255615,0.0017436966300010681,0.41041576862335205,0.058310963213443756,-0.897333562374115,-0.43702664971351624,0.019997574388980865
43.10597201966492,3.1874166583374866,-1.3602339639929137,2.1386175829650482,-2.4253056851949037,3.7834506214942003,-0.11459847331039161,-0.8720338940620422,-0.004419825971126556,0.4034554660320282,0.054593537002801895,-0.8919051885604858,-0.4485289454460144,0.018612608313560486
43.30593321629611,3.199807374646259,-1.3437644745429749,2.1345771919006817,-2.415953427528045,3.7566193692816987,-0.08548677074409514,-0.8756715655326843,-0.010777823626995087,0.3966507315635681,0.051260173320770264,-0.8862486481666565,-0.4600183963775635,0.017854029312729836
43.5056485065147,3.2120156826886577,-1.3275374384705303,2.1305962809108454,-2.4067388478666527,3.730183109745873,-0.056803632198150066,-0.8792818188667297,-0.017305240035057068,0.39001187682151794,0.04831179976463318,-0.8804035782814026,-0.4714253842830658,0.01770848035812378
43.705630546145116,3.224061131018049,-1.3115268722339168,2.1266684755617793,-2.3976471913649586,3.7040995118258944,-0.0285031287966915,-0.8828679919242859,-0.024007342755794525,0.38351547718048096,0.04573313891887665,-0.8743821978569031,-0.48273637890815735,0.018156718462705612
43.90533764072505,3.2359025104458383,-1.2957875502529421,2.1228072134331373,-2.3887095618704226,3.6784578112128328,-0.0006820805791335136,-0.8864147067070007,-0.03085482120513916,0.37717196345329285,0.04352125898003578,-0.8682266473770142,-0.4938831329345703,0.019174935296177864
44.10527305834738,3.2475637344159747,-1.2802876872616826,2.1190046967783776,-2.3799079100076925,3.653206224972602,0.02671569654027614,-0.8899257183074951,-0.037853874266147614,0.3709573447704315,0.04165850952267647,-0.8619452118873596,-0.504861056804657,0.02074076607823372
44.3648189348148,3.259018976062792,-1.2650616118074993,2.115269347276655,-2.3712617293634533,3.6284006794236903,0.053629522935533386,-0.8933894038200378,-0.044980987906455994,0.3648744821548462,0.04013550281524658,-0.8555719256401062,-0.5156208276748657,0.022825151681900024
44.47003271423022,3.2590183036998077,-1.2618582645560061,2.108552725076739,-2.3604626525869494,3.6288586032475054,0.06387047156688419,-0.896837055683136,-0.045451030135154724,0.3645072281360626,0.03762701153755188,-0.8557507395744324,-0.5155346393585205,0.022332418709993362
44.77050321664262,3.246205778331298,-1.2720613842054609,2.0984196027845665,-2.3471234390188656,3.6575758152458024,0.05559070611413224,-0.900164008140564,-0.038352690637111664,0.37070298194885254,0.03375689312815666,-0.8632767200469971,-0.5032527446746826,0.018714284524321556
44.97033976506042,3.2334183652911013,-1.2822445059167193,2.08830634123698,-2.3338103700788646,3.6862367420048354,0.0473271688585878,-0.9033019542694092,-0.03138863295316696,0.37714439630508423,0.029940186068415642,-0.8705862164497375,-0.49086207151412964,0.015411138534545898
45.17021617408442,3.2206688104087813,-1.2923974796826343,2.078223020808141,-2.3205367155430254,3.714812815800512,0.039088096465252346,-0.9062500596046448,-0.024565890431404114,0.3838253617286682,0.026182670146226883,-0.8776719570159912,-0.4783848226070404,0.012425754219293594
45.37001953016567,3.2079786145902776,-1.302503183483185,2.0681866460543734,-2.30732486016127,3.7432558458151526,0.030887383342377603,-0.909005343914032,-0.017896443605422974,0.39073407649993896,0.022492732852697372,-0.8845229744911194,-0.46585169434547424,0.009761299937963486
45.56993203725266,3.1953514445700337,-1.312558697353012,2.0582001169089432,-2.2941786213975583,3.771557613654077,0.022727399022923978,-0.9115704894065857,-0.011381059885025024,0.39786726236343384,0.01887275092303753,-0.8911392092704773,-0.45327672362327576,0.007415443658828735
45.76969871785092,3.1828159324495253,-1.3225412204196265,2.0482860778215115,-2.281127808341474,3.7996539450733784,0.01462664626710642,-0.9139425158500671,-0.005034111440181732,0.40520596504211426,0.01533261314034462,-0.8975079655647278,-0.440698504447937,0.0053891087882220745
45.96960183720636,3.17036652387092,-1.332455175837397,2.0384401359822637,-2.2681666383105834,3.827557289271542,0.006581535713829074,-0.9161264300346375,0.0011492297053337097,0.41274917125701904,0.011871508322656155,-0.9036355018615723,-0.428121954202652,0.0036757225170731544
46.1694007415657,3.1580293576288687,-1.3422797482524682,2.0286829639436568,-2.255322324594558,3.8552090603503317,-0.0013910411121923374,-0.9181215763092041,0.007157474756240845,0.4204770028591156,0.008497562259435654,-0.9095126390457153,-0.41558316349983215,0.002272665034979582
46.36925410966921,3.1458037854377388,-1.352015453920277,2.019014048991966,-2.2425941922584984,3.88261071133758,-0.009291503148898383,-0.9199322462081909,0.012993194162845612,0.4283839166164398,0.005211183801293373,-0.9151439666748047,-0.40309152007102966,0.0011721322080120444
46.578360927243104,3.1336984267877748,-1.3616554288005382,2.0094402080774985,-2.2299912151165375,3.9097429230341776,-0.017114280272094155,-0.9215620160102844,0.018654435873031616,0.43645837903022766,0.002015084261074662,-0.920530378818512,-0.3906653821468353,0.0003669469733722508
46.77297980622387,3.1259422137968387,-1.363233648811232,1.9957849728708827,-2.2112132869063634,3.926991747445394,-0.01153007995969437,-0.9260513186454773,0.02230367809534073,0.44143807888031006,0.003408378455787897,0.923867404460907,0.3826940655708313,0.0015674005262553692
47.027660576568856,3.125924538706118,-1.35017091976553,1.9743827001782845,-2.180758057455479,3.926646091842703,0.018592675743433037,-0.9359956979751587,0.022548049688339233,0.44052591919898987,0.013096745125949383,0.9237012267112732,0.38284215331077576,0.006022319663316011
47.22756501840235,3.12590659046565,-1.336906320121613,1.9526496781011962,-2.1498321747921976,3.926295094499932,0.04918094663044049,-0.9459438323974609,0.022794082760810852,0.43958860635757446,0.02292451076209545,0.9233328700065613,0.383170485496521,0.010537856258451939
47.42745001422049,3.1258883697165754,-1.3234403237129089,1.9305866829790959,-2.1184367436401743,3.925938767955287,0.08023364003772301,-0.9558886885643005,0.023041971027851105,0.4386276602745056,0.03288567438721657,0.9227538108825684,0.3836868107318878,0.015108568593859673
47.62718584941508,3.1258698755060523,-1.3097722263441136,1.908192561042364,-2.086570122196269,3.9255770935749084,0.11175237984517897,-0.9658238291740417,0.023291215300559998,0.437644362449646,0.04297441244125366,0.9219551682472229,0.38439908623695374,0.019728656858205795
47.827146859781756,3.1258510599296314,-1.295866624358287,1.8854093061333657,-2.0541497682526675,3.925209134535233,0.14381880716358109,-0.9757678508758545,0.023542672395706177,0.436637282371521,0.05321034789085388,0.9209253787994385,0.3853174149990082,0.024403540417551994
48.02703077526571,3.1258319361726548,-1.2817332623483217,1.8622528840149712,-2.0211984009373105,3.924835148689969,0.17641045088523705,-0.9857057929039001,0.02379610389471054,0.4356091618537903,0.06357897073030472,0.9196553230285645,0.3864500820636749,0.029122907668352127
48.22682748170377,3.12581248958283,-1.2673613115755602,1.838705552635205,-1.9876907734798395,3.9244548494976006,0.20955228216648178,-0.9956371784210205,0.024051092565059662,0.4345606565475464,0.0740799531340599,0.9181339740753174,0.38780686259269714,0.03388268128037453
48.426639778481736,3.1257926931625843,-1.2527308195554596,1.814734621389095,-1.9535803674618784,3.924067708991265,0.2432903115932703,-1.005567193031311,0.024308376014232635,0.4334924817085266,0.08471947908401489,0.9163485765457153,0.38939908146858215,0.03868094086647034
48.62657368736149,3.125772517988414,-1.2378204104490058,1.790305067615297,-1.9188173459711266,3.9236731615404197,0.2776738320181371,-1.0155011415481567,0.02456805855035782,0.4324047565460205,0.09550341218709946,0.9142851829528809,0.3912390172481537,0.043515488505363464
48.82646566809894,3.125751960193511,-1.2226272265026161,1.7654122091052729,-1.883395046269592,3.92327113152545,0.31270943344327434,-1.0254310369491577,0.024829834699630737,0.43129992485046387,0.10642316937446594,0.911931574344635,0.3933374881744385,0.04837695136666298
49.026326524035944,3.125730996875386,-1.2071343416915326,1.740028313874672,-1.847274006008643,3.922861171063278,0.34843614741461854,-1.0353574752807617,0.02509414404630661,0.43017882108688354,0.117479607462883,0.9092728495597839,0.39570775628089905,0.053259629756212234
49.22617517964722,3.125709601941509,-1.1913224724004199,1.7141217872090615,-1.8104092662116646,3.922442769886129,0.38489844210048213,-1.0452815294265747,0.025361008942127228,0.4290427565574646,0.12867377698421478,0.9062929749488831,0.39836394786834717,0.058157481253147125
49.42602713214041,3.125687748448717,-1.175171706355643,1.687660004385938,-1.7727544022104036,3.92201540109117,0.42214223536014966,-1.055204153060913,0.02563031017780304,0.42789340019226074,0.14000575244426727,0.9029744267463684,0.4013211131095886,0.0630628913640976
49.67939976845829,3.1242993968925514,-1.1599052923913975,1.66243392639693,-1.7400106666070658,3.9259356274654227,0.45530674427329276,-1.064903736114502,0.026447638869285583,0.4263509511947632,0.15144681930541992,0.9004477262496948,0.4021260440349579,0.06747158616781235
49.9363011299846,3.1156797106061274,-1.1510169414393239,1.646529026642156,-1.7372200350689218,3.952914977873929,0.46296474456874964,-1.0734931230545044,0.030150264501571655,0.4228343665599823,0.1628226786851883,0.9036757349967957,0.38995447754859924,0.06924191862344742
50.13616979040478,3.1070722088178466,-1.142141154760713,1.6306466095178491,-1.7344333482735053,3.9798561911816153,0.47061191977298206,-1.082123041152954,0.03385151922702789,0.4194147288799286,0.17416347563266754,0.9066221117973328,0.37771281599998474,0.07096686959266663
50.33600998960708,3.0984808616196666,-1.1332820261902437,1.6147940005707309,-1.73165189154182,4.0067468411239355,0.4782447427314765,-1.0907902717590332,0.037554964423179626,0.4160975217819214,0.18545781075954437,0.9092872738838196,0.36541005969047546,0.07264579087495804
50.53586559288476,3.089905516796773,-1.124439398768759,1.5989709189365928,-1.728875615594177,4.033587404128531,0.4858633486766597,-1.0994946956634521,0.04126683622598648,0.41288650035858154,0.1967002898454666,0.9116731882095337,0.353048712015152,0.07427956908941269
50.73574609972809,3.0813470191616483,-1.115614143640473,1.5831789234491789,-1.726104793939411,4.060375235958569,0.4934669870505619,-1.1082348823547363,0.044992201030254364,0.40978628396987915,0.20788396894931793,0.9137818813323975,0.3406331241130829,0.07586835324764252
50.93557910912011,3.072810126551001,-1.1068111669378158,1.567426793188536,-1.7233409669316293,4.087095444732897,0.501051430841468,-1.1170052289962769,0.04873461276292801,0.40680158138275146,0.21899689733982086,0.9156144857406616,0.3281732201576233,0.07741180807352066
51.31881978170015,3.064293509409854,-1.0980290976652733,1.5517120748822475,-1.7205837041261585,4.113752191917302,0.5086178612678184,-1.1258063316345215,0.05250035226345062,0.4039354622364044,0.23003554344177246,0.9171744585037231,0.31567010283470154,0.07891096919775009
51.534001980972526,3.072770190632577,-1.0932278242062086,1.5505924675267095,-1.7031651974763613,4.092301963193033,0.5176432653770556,-1.123582124710083,0.047980934381484985,0.4014640152454376,0.22438733279705048,0.9139273166656494,0.32781678438186646,0.0832066684961319
51.73381019855761,3.0877494779718724,-1.089758545943477,1.5548210370083195,-1.67985165954274,4.0525150360564455,0.527460816460746,-1.117604374885559,0.04022860527038574,0.3994699716567993,0.211875781416893,0.9085004329681396,0.3492644131183624,0.088033527135849
51.93359993870282,3.1031865463169774,-1.0861832432981051,1.5591788355210963,-1.6558256381242569,4.011512183281333,0.5375784010712582,-1.1119366884231567,0.032153740525245667,0.3979003429412842,0.19830788671970367,0.9024477601051331,0.3711530566215515,0.09223483502864838
52.13336889172816,3.119010752193787,-1.082518277653886,1.563645920805311,-1.631197081663453,3.9694810430839373,0.5479497188806757,-1.10666823387146,0.023745223879814148,0.3967560827732086,0.18370898067951202,0.8957616090774536,0.3933180570602417,0.09572374820709229
52.33313244308257,3.1351150990098824,-1.0787884299595967,1.568192088318178,-1.6061325180504484,3.926705812270822,0.5585046434211596,-1.1018879413604736,0.015005886554718018,0.39602363109588623,0.16815495491027832,0.8884600400924683,0.4155423641204834,0.09842309355735779
52.528041997057436,3.1478177447206352,-1.076623232228469,1.5748140619123827,-1.5893221699157505,3.897784806820219,0.5712422150389567,-1.0968565940856934,0.006989233195781708,0.39370131492614746,0.15826693177223206,0.8827871084213257,0.4309704303741455,0.09951287508010864
52.72774212534451,3.156810334712149,-1.0761414944252097,1.583610030340023,-1.5814265405019299,3.883831061693015,0.5862295264326528,-1.091107726097107,2.0109117031097412e-05,0.38944900035858154,0.15493899583816528,0.8792616128921509,0.43933242559432983,0.0993984267115593
52.92751901323819,3.165881719406821,-1.0756555355480164,1.5924830706370472,-1.5734617281523253,3.869755051322283,0.6013481593648079,-1.0853135585784912,-0.006949111819267273,0.38524964451789856,0.15144257247447968,0.8756664991378784,0.44773128628730774,0.0990450531244278
53.12755868310952,3.1750404978684332,-1.0751648949404937,1.6014415938500612,-1.5654201827594612,3.855543432595034,0.6166124452846152,-1.0794703960418701,-0.013924926519393921,0.3810981214046478,0.1477714329957962,0.8719996213912964,0.4561671018600464,0.0984472930431366
53.32746992359781,3.1842691333254414,-1.074670512056771,1.6104684466462689,-1.5573173018728041,3.8412234172089774,0.631993156899802,-1.0735915899276733,-0.020894162356853485,0.37700170278549194,0.14393030107021332,0.8682688474655151,0.46461495757102966,0.09760115295648575
53.52727029944682,3.1935683256306016,-1.0741723494053652,1.6195643135762563,-1.5491524710110962,3.826793919207009,0.6474914606052777,-1.067678689956665,-0.027857497334480286,0.3729581832885742,0.1399168223142624,0.8644754886627197,0.4730672836303711,0.09650282561779022
53.72698519850993,3.202938623123781,-1.07367037761142,1.6287297309905253,-1.5409252087236776,3.8122540877336184,0.6631082702801745,-1.0617331266403198,-0.03481646627187729,0.36896592378616333,0.135728657245636,0.860620379447937,0.4815153181552887,0.09514817595481873
53.92680919269943,3.2123888739363253,-1.0731641226758584,1.6379733535574241,-1.5326277462180011,3.797590193199247,0.6788583324769158,-1.055751085281372,-0.04177802801132202,0.365019291639328,0.13135957717895508,0.8567014336585999,0.4899580180644989,0.09353221952915192
54.12680259446525,3.2219214796397573,-1.072653455945223,1.6472975303384914,-1.524257974878109,3.7827985091005223,0.6947456497242809,-1.0497322082519531,-0.04874423146247864,0.36111563444137573,0.12680652737617493,0.8527191877365112,0.49838748574256897,0.09165042638778687
54.32671202818775,3.231523534489078,-1.072139068787101,1.6566896377708105,-1.5158272261424321,3.7678990612004957,0.7107487129332036,-1.0436865091323853,-0.055706799030303955,0.3572579622268677,0.12207341939210892,0.8486805558204651,0.5067826509475708,0.08950202167034149
54.526551817608116,3.2411947297904216,-1.0716209777383865,1.6661493739100581,-1.5073357710488324,3.75289232849749,0.7268670076255306,-1.037615418434143,-0.0626664087176323,0.35344409942626953,0.11715896427631378,0.8445874452590942,0.5151329040527344,0.08708447217941284
54.72633816773915,3.250934472241362,-1.0710992145826042,1.6756761584262732,-1.4987841305257734,3.7377792316151357,0.7430995449862248,-1.0315203666687012,-0.0696236714720726,0.3496713936328888,0.11206203699111938,0.8404420614242554,0.5234275460243225,0.08439593762159348
54.92609350482845,3.2607418449749184,-1.0705738284368032,1.6852690944996256,-1.49017310959627,3.7225611932501397,0.7594447969381722,-1.0254021883010864,-0.07657942175865173,0.3459376394748688,0.10678165405988693,0.8362467288970947,0.5316554307937622,0.08143489807844162
55.12593897531652,3.2706219953124864,-1.070044543556253,1.6949332169061404,-1.4814981888346326,3.7072302263363808,0.7759113421565587,-1.0192593336105347,-0.08353801816701889,0.34223780035972595,0.10131409019231796,0.8320010900497437,0.5398096442222595,0.07819829136133194
55.325889927399395,3.2805729733067466,-1.0695114644006634,1.7046666183337886,-1.4727610803239692,3.6917893565948092,0.7924959308026034,-1.0130923986434937,-0.09049952030181885,0.33856937289237976,0.09565892815589905,0.82770836353302,0.547877848148346,0.07468557357788086
55.525787663710354,3.290585223848944,-1.0689751028422654,1.7144599525947637,-1.4639701735936372,3.676253410627365,0.8091826380548215,-1.0069084167480469,-0.09745880961418152,0.3349328339099884,0.08982081711292267,0.8233748078346252,0.5558411478996277,0.07089941948652267
55.725651220482824,3.300656713766465,-1.0684355677991915,1.724311230971451,-1.4551272537998043,3.6606255432951587,0.8259680753687444,-1.000707745552063,-0.10441567003726959,0.33132487535476685,0.08380046486854553,0.8190036416053772,0.5636867880821228,0.0668414756655693
55.92548162217164,3.3107851643615773,-1.0678929813424847,1.7342182245894853,-1.4462343216733904,3.6449092904390783,0.8428484450006161,-0.9944917559623718,-0.11136990785598755,0.32774290442466736,0.07759919762611389,0.8145983219146729,0.5714017748832703,0.06251341849565506
56.12530073623085,3.320968110261746,-1.067347475543456,1.7441785219813133,-1.4372935418486026,3.629108477562126,0.8598196380890382,-0.9882610440254211,-0.11832185089588165,0.32418370246887207,0.07121813297271729,0.8101624250411987,0.5789735913276672,0.0579177625477314
56.325108190131424,3.3312027871966414,-1.0667991984855294,1.754189419316941,-1.4283073413964114,3.613227393965122,0.8768770476208763,-0.9820165038108826,-0.1252705603837967,0.3206441104412079,0.06465955078601837,0.8056997060775757,0.5863889455795288,0.05305828899145126
56.52490303392434,3.3414856151771333,-1.0662483419506164,1.7642474148831369,-1.4192788636011766,3.5972715946946026,0.8940147070823754,-0.9757590889930725,-0.13221529126167297,0.3171212673187256,0.05792611092329025,0.8012143969535828,0.5936343669891357,0.047939371317625046
56.72479667241597,3.351818247140103,-1.0656948173900138,1.7743541254755772,-1.4102066571594294,3.581238514898844,0.9112353713060993,-0.9694859981536865,-0.13915900886058807,0.313610315322876,0.05101733282208443,0.7967085838317871,0.6007004380226135,0.04256337136030197
56.92468677188182,3.3621921256479137,-1.0651390832301835,1.7845011807636524,-1.4010982356302626,3.5651414330998095,0.9285247782181968,-0.9632006287574768,-0.14609666168689728,0.31010985374450684,0.04394004866480827,0.7921886444091797,0.607570469379425,0.03693908825516701
57.124556046974895,3.3726020172041697,-1.0645814198322954,1.7946834616805403,-1.391958194102313,3.548988470080822,0.9458742055217271,-0.9569039344787598,-0.1530265063047409,0.30661725997924805,0.03669917210936546,0.7876597046852112,0.6142308712005615,0.031074032187461853
57.32441168750548,3.383043983051985,-1.06402203819764,1.804897115589654,-1.3827899908634325,3.5327857375860803,0.9632770887701831,-0.9505956768989563,-0.15994715690612793,0.30312925577163696,0.029298845678567886,0.7831264138221741,0.6206696629524231,0.024975942447781563
57.524256692332266,3.393513943737422,-1.063461156864723,1.8151381522336743,-1.3735972077356022,3.5165395656785083,0.9807266290272713,-0.9442757368087769,-0.16685709357261658,0.2996426820755005,0.02174418792128563,0.7785932421684265,0.6268746852874756,0.01865353062748909
57.72410182754421,3.4040078123799438,-1.0628989947698968,1.8254025740910627,-1.36438343306147,3.500256295944839,0.9982160149793093,-0.937943160533905,-0.17375461757183075,0.2961544394493103,0.014040098525583744,0.7740647792816162,0.6328346729278564,0.01211593672633171
57.92394226889038,3.4145212305327384,-1.0623357853974627,1.835686118011761,-1.355152493622961,3.4839426913594784,1.0157379827123842,-0.9315977692604065,-0.18063771724700928,0.2926616668701172,0.006192465778440237,0.7695457935333252,0.6385388970375061,0.005373355001211166
58.14167153862632,3.422995145582051,-1.0583853139779287,1.8418933541660683,-1.338115820497331,3.469988942693444,1.040420293876446,-0.9265480637550354,-0.18610608577728271,0.28771793842315674,0.00018933526007458568,0.7648022174835205,0.6442649364471436,0.0001895489258458838
58.385112772965996,3.4243322637645397,-1.0424642116950031,1.8337664077260891,-1.2934417970429033,3.464265916257006,1.0905139538653161,-0.9260172247886658,-0.1867004781961441,0.2777590751647949,0.0008289979305118322,0.7591511607170105,0.6509133577346802,0.000825268856715411
58.585000134343474,3.4256978379233085,-1.0262042833345901,1.8254665070939142,-1.247817040161627,3.458421094823943,1.1416736856637515,-0.9254303574562073,-0.1873028427362442,0.26780015230178833,0.0011161655420437455,0.7533615827560425,0.6576045751571655,0.0011045449646189809
58.784868068332045,3.427092191305335,-1.009601679986199,1.816991687588402,-1.2012307499531902,3.452453094858361,1.1939115993637541,-0.9247972369194031,-0.18791700899600983,0.25784575939178467,0.0010321114677935839,0.7474539875984192,0.6643120050430298,0.0010151518508791924
58.98468183659968,3.4285159498169278,-0.9926489489665221,1.808338144978099,-1.1536620144641996,3.4463592374060736,1.247251143855797,-0.9241285920143127,-0.1885470449924469,0.24789740145206451,0.0005591699155047536,0.7414496541023254,0.6710079908370972,0.000546554452739656
59.18948056013342,3.4304147591555845,-0.9786503636129738,1.8022213266161982,-1.104944042666278,3.442260239537002,1.3013402048168636,-0.9208585619926453,-0.189060240983963,0.23966249823570251,0.00021801597904413939,0.7356070280075073,0.6774083375930786,0.00026234399410896003
59.41651975582289,3.433362590555017,-0.9716772605591381,1.8020224351970782,-1.0545466977212248,3.4428012156847396,1.3560903925279526,-0.911785900592804,-0.18926699459552765,0.23547673225402832,0.0007474221638403833,0.7300540804862976,0.6833884119987488,0.0008942514541558921
59.616363270533554,3.436414198792992,-0.9644586731163738,1.8018165419111982,-1.0023751410182276,3.443361236610395,1.4127680315143525,-0.902515709400177,-0.1894616335630417,0.23175258934497833,0.0009940597228705883,0.724161684513092,0.6896284222602844,0.0011825268156826496
59.816185364825,3.4395823024780325,-0.9569645153822255,1.8016027886287147,-0.9482119299650418,3.4439426363904153,1.471609344988909,-0.8930604457855225,-0.18965508043766022,0.22853036224842072,0.0009174403385259211,0.7179079651832581,0.6961365938186646,0.0010847122175619006
60.02044085664258,3.442881528165424,-0.9491601882010747,1.8013801884898164,-0.8918070029223869,3.444548099241251,1.5328859925341827,-0.8834385275840759,-0.1898622363805771,0.22585657238960266,0.00046908968943171203,0.7112689018249512,0.7029195427894592,0.0005510095506906509
60.30652549302929,3.4437914937454517,-0.9417714917856868,1.7953216741798974,-0.853550014764763,3.4437914937454517,1.5707965383954714,-0.8816369771957397,-0.1900884509086609,0.22485265135765076,-8.346742852438638e-09,-0.7071067094802856,-0.7071067094802856,4.339604231518024e-09
60.75481761830455,3.440979034903805,-0.9354057891070494,1.7806009208164373,-0.8451948338274221,3.440979034903805,1.5707966594272822,-0.8915964961051941,-0.19026091694831848,0.2256312370300293,-2.3729882059342344e-08,-0.7071067094802856,-0.7071067094802856,2.5995039010240362e-08
60.95462728875285,3.4381543046310075,-0.9290123113438521,1.7658159372823112,-0.8368031972356523,3.4381543046310075,1.5707967809871841,-0.9015550017356873,-0.19036546349525452,0.22642306983470917,6.648890771288052e-09,-0.7071067094802856,-0.7071067690849304,3.0953188900895157e-09
61.154451655471384,3.435316574473625,-0.9225894097189069,1.7509629107631988,-0.8283729409185846,3.435316574473625,1.570796903106525,-0.91151362657547,-0.1904016137123108,0.22722862660884857,-4.3692143236739867e-08,-0.7071066498756409,-0.7071068286895752,5.1921361432505364e-08
61.354369750493824,3.432464384703435,-0.9161337802920051,1.7360342008631535,-0.8198997283528773,3.432464384703435,1.570797025848123,-0.9214758276939392,-0.19036851823329926,0.22804811596870422,-2.3538783366916505e-08,-0.7071066498756409,-0.7071068286895752,3.1091776264702276e-08
61.554266257458984,3.4295990925327735,-0.9096484949695082,1.7210369113974473,-0.8113875915102965,3.4295990925327735,1.5707971491535722,-0.9314353466033936,-0.19026556611061096,0.2288811355829239,-4.850542723033868e-08,-0.7071066498756409,-0.7071068286895752,3.01894118592827e-08
61.75414825441843,3.426720338092953,-0.9031327392267593,1.7059691587693766,-0.8028354613021293,3.426720338092953,1.5707972730383588,-0.9413920044898987,-0.19009214639663696,0.2297278493642807,-2.064061810358453e-08,-0.7071066498756409,-0.7071068286895752,2.4533248321745305e-08
61.943062568330824,3.4242506213510175,-0.8940914558500053,1.6930701466444056,-0.7989780650474727,3.4242506213510175,1.5707969366485695,-0.9503824710845947,-0.19002941250801086,0.22683145105838776,-2.5445956453040708e-08,-0.7071066498756409,-0.7071068286895752,2.0247298948561365e-08
62.142919754856884,3.4220705946822094,-0.8832850523266932,1.6817068979698842,-0.7984218792468885,3.4220705946822094,1.5707962772979442,-0.9586659669876099,-0.19003842771053314,0.22124210000038147,-2.5648459356375497e-08,0.7071067094802856,0.7071067094802856,1.3575076174277001e-08
62.34134253697997,3.4198717841010318,-0.8726309349180507,1.670114510820798,-0.7974842209725975,3.4198717841010318,1.5707956694640177,-0.9669960737228394,-0.19000501930713654,0.2158534824848175,2.458195247356798e-08,-0.7071068286895752,-0.7071066498756409,7.682214864246362e-09
62.54122419866329,3.4173699059678206,-0.8645490812113917,1.654763494694276,-0.7902148722813366,3.4173699059678206,1.5707959196768524,-0.9769590497016907,-0.1900608241558075,0.2150675505399704,-1.9149146268659933e-08,-0.7071068286895752,-0.7071066498756409,2.618053862590841e-08
62.74110127823955,3.4148544975838773,-0.8564235205369237,1.63932945969708,-0.782906210679848,3.4148544975838773,1.5707961712428473,-0.9869203567504883,-0.19005250930786133,0.21426169574260712,-2.6042144440907578e-08,-0.7071067094802856,-0.7071067094802856,2.456631698066758e-08
62.9406207858265,3.41237645902692,-0.848028891601542,1.6239150523587318,-0.7758862742915906,3.41237645902692,1.5707963642170208,-0.9968326687812805,-0.19002395868301392,0.21313682198524475,-5.373419043053218e-08,-0.7071067690849304,-0.7071068286895752,5.4088800993667974e-08
63.140482852482855,3.410076801653868,-0.8387543836987581,1.6088119128040184,-0.7700575969723554,3.410076801653868,1.5707963344331368,-1.0065629482269287,-0.19010114669799805,0.21086134016513824,-7.809877189401959e-08,-0.7071067094802856,-0.7071067094802856,5.219990129035068e-08
63.3403429633618,3.4077657269468844,-0.8294338297392799,1.5936337892148433,-0.7641999814486239,3.4077657269468844,1.5707963045013817,-1.0162817239761353,-0.19011804461479187,0.20853641629219055,-2.3542696681033703e-08,0.7071067094802856,0.7071067094802856,9.583826177106403e-09
63.540203856551706,3.40544292204831,-0.820065967969567,1.578378626879517,-0.7583126347560338,3.40544292204831,1.570796274417704,-1.0259883403778076,-0.19007465243339539,0.20616140961647034,-2.5620565224926395e-08,0.7071067094802856,0.7071067094802856,3.392265668367145e-08
63.73946745532161,3.402823192182288,-0.8085335211431592,1.5600352612581834,-0.7470602405935437,3.40726835383452,1.5749489043233897,-1.035530686378479,-0.18995101749897003,0.20329901576042175,0.0015227990224957466,0.7066926956176758,0.7075170874595642,0.0016186671564355493
63.939217372113525,3.399235185104622,-0.7899052537796564,1.531577583975616,-0.7181355208695867,3.4227916576090958,1.5928026178793504,-1.0445361137390137,-0.18970957398414612,0.1989869326353073,0.008061341941356659,0.7047477960586548,0.7093605995178223,0.00854428019374609
64.1391997283936,3.3955647455275733,-0.7708490121661843,1.502466107128483,-0.6885462715365218,3.438671600794107,1.6110665107353597,-1.0535351037979126,-0.18941277265548706,0.19463808834552765,0.014730079099535942,0.7024819850921631,0.7113787531852722,0.015568624250590801
64.33883479448562,3.3918176992206983,-0.7513950426179146,1.4727470368324331,-0.6583394570367173,3.4548829785366664,1.6297115942025253,-1.062501072883606,-0.1890605390071869,0.19026513397693634,0.021509023383259773,0.6998812556266785,0.7135751843452454,0.022671032696962357
64.53890044825678,3.3879746959284587,-0.7314428821965294,1.442266899776089,-0.6273590852815488,3.471509508591042,1.6488341540216906,-1.0714685916900635,-0.18865059316158295,0.18585138022899628,0.02842271514236927,0.6969132423400879,0.715968906879425,0.0298776812851429
64.73873505952363,3.3840425683793702,-0.7110280051613755,1.4110798886014513,-0.5956602383132158,3.488521629555023,1.6684001909350272,-1.0804076194763184,-0.18818332254886627,0.1814117729663849,0.035446807742118835,0.6935622692108154,0.7185637354850769,0.037163686007261276
65.11478744074321,3.380014181137085,-0.690113365650177,1.379129409790039,-0.5631853938102722,3.5059502124786377,1.6884452104568481,-1.0893207788467407,-0.18765799701213837,0.17694464325904846,0.04258057475090027,0.6898015737533569,0.721372127532959,0.044529370963573456
65.28097068283463,3.3665447376544,-0.7355159173896938,1.3917903007633865,-0.5491535558349102,3.45609523985121,1.6765555837226487,-1.0985019207000732,-0.16948598623275757,0.2214253544807434,0.031875599175691605,0.6945840716362,0.7180710434913635,0.030179575085639954
65.44715789856905,3.351334359669897,-0.7769023838999048,1.4069304954505293,-0.534425162875289,3.4062390751308866,1.6640479486337412,-1.1045223474502563,-0.14922061562538147,0.2601000964641571,0.019097309559583664,0.6979620456695557,0.7156306505203247,0.018894754350185394
65.61334511430346,3.334297880862327,-0.8141226358420921,1.4246454610022434,-0.518934466199425,3.356382910410563,1.6507995547557421,-1.107765555381775,-0.12698973715305328,0.292444109916687,0.004103071056306362,0.7001686096191406,0.7138815522193909,0.010960317216813564
65.77953233003787,3.316433112043118,-0.8495940539956549,1.4434542212682429,-0.5030003546331323,3.3065267456902396,1.6369334641669158,-1.1091448068618774,-0.10423354804515839,0.3216743767261505,-0.011955277994275093,0.7017180919647217,0.7123395204544067,0.004602373577654362
65.94571954577228,3.2982478694043524,-0.8845379130528973,1.4626005493409453,-0.48675462058431845,3.2566705809699164,1.6224320761063045,-1.1090521812438965,-0.08168238401412964,0.3494543433189392,0.02852335013449192,-0.7028168439865112,-0.710797905921936,0.0010594177292659879
66.11190676150669,3.2800534039865963,-0.9191685223738048,1.481833326102221,-0.4702841561717629,3.206814416249593,1.6073820934171814,-1.107639193534851,-0.059774890542030334,0.3761095404624939,0.04548027738928795,-0.7035092711448669,-0.7092007994651794,0.006353393197059631
66.2780939772411,3.2619460396463613,-0.9527771401988112,1.5013689047728467,-0.45354820532827145,3.15695825152927,1.5917479830760692,-1.1049466133117676,-0.03867781162261963,0.4006965756416321,0.06320396065711975,-0.7037586569786072,-0.7075372338294983,0.010959300212562084
66.44428119297551,3.2439893056668216,-0.9847243939690908,1.5214151639816713,-0.4365050617622762,3.1071020868089465,1.5754929139316516,-1.1010876893997192,-0.018523305654525757,0.4223489463329315,0.08203228563070297,-0.7035589814186096,-0.7057359218597412,0.014569978229701519
66.61046840870992,3.2262089633720272,-1.014594366995578,1.542070722979231,-0.41914376378217516,3.0572459220886232,1.5585997127201838,-1.0962421894073486,0.0006030797958374023,0.440517395734787,0.10215010493993759,-0.7029364705085754,-0.7036735415458679,0.017005372792482376
66.77665562444433,3.208520924291303,-1.0424383530150358,1.5631343288299304,-0.4015590359826199,3.0073897573682995,1.5411294605469856,-1.0906686782836914,0.018744677305221558,0.45537081360816956,0.12336290627717972,-0.701949417591095,-0.7012205123901367,0.018393224105238914
66.94284284017874,3.1907989550979714,-1.0685457387844486,1.5842833320329732,-0.3838873901888323,2.957533592647976,1.5231822323345996,-1.0846017599105835,0.036007896065711975,0.467443585395813,0.14530277252197266,-0.7006553411483765,-0.698289155960083,0.019012436270713806
67.10903005591315,3.172937983083598,-1.0932087733748677,1.605244580414914,-0.36624443136027757,2.907677427927653,1.504852232028145,-1.07820463180542,0.0524926632642746,0.47726523876190186,0.1676337867975235,-0.699096143245697,-0.6948363184928894,0.01912955939769745
67.27521727164756,3.1548829884674343,-1.1166681213987923,1.6258541309094032,-0.3487031460096152,2.8578212632073297,1.486212982510137,-1.0715612173080444,0.06825500726699829,0.4852495789527893,0.19011667370796204,-0.6972984671592712,-0.690848171710968,0.018952375277876854
67.44140448738197,3.1366532167076957,-1.1390893036458474,1.646097783173526,-0.3312796589115353,2.8079650984870064,1.4673081224995665,-1.064675211906433,0.08327725529670715,0.4916304647922516,0.2126476764678955,-0.695274293422699,-0.68631511926651,0.018605483695864677
67.60759170311638,3.118339431443071,-1.1605061872128808,1.6660948990404125,-0.313939871886248,2.758108933766683,1.4481367986949825,-1.0575038194656372,0.09746581315994263,0.49640366435050964,0.23527102172374725,-0.6930234432220459,-0.6812032461166382,0.01811409182846546
67.7737789188508,3.100096781657209,-1.1807061301533706,1.6860397347859097,-0.2966253884050505,2.70825276904636,1.4286217423537784,-1.05003023147583,0.11065968871116638,0.4992438852787018,0.25819286704063416,-0.6905344128608704,-0.6754232048988342,0.017385218292474747
67.9399661345852,3.0820175986190432,-1.1999806076133224,1.7061008636947599,-0.27928187560789297,2.658396604326036,1.4088324914100174,-1.0421109199523926,0.12275727093219757,0.5003719329833984,0.28136005997657776,-0.6878092885017395,-0.6689403653144836,0.0165428277105093
68.10615335031962,3.064137846352562,-1.2183674970550395,1.7263331135676172,-0.2618923145279266,2.608540439605713,1.3887752641651983,-1.0337231159210205,0.13371770083904266,0.4998228847980499,0.3047540783882141,-0.6848494410514832,-0.6617111563682556,0.015637539327144623
68.27234056605403,3.046480816711619,-1.2359004082922231,1.746772823703816,-0.24444540996493594,2.5586842748853895,1.368456589192168,-1.024848222732544,0.1435125470161438,0.4976452887058258,0.3283413052558899,-0.6816564202308655,-0.6536968350410461,0.014725699089467525
68.43852778178844,3.0290718062054536,-1.2521957615495356,1.7673958974010562,-0.22695309404769,2.5088281101650662,1.3477679807490626,-1.0156067609786987,0.15212664008140564,0.4935113191604614,0.35223209857940674,-0.678224503993988,-0.6447912454605103,0.013723677955567837
68.60471499752285,3.011736917058351,-1.2677486569005947,1.788013814237949,-0.20947024120906557,2.458971945444743,1.326866021887578,-1.0059583187103271,0.15973740816116333,0.4881391227245331,0.37602725625038147,-0.6745828986167908,-0.6351176500320435,0.0129200154915452
68.77090221325726,2.9944427883598292,-1.2826130985619,1.8085838645969192,-0.19200993438721364,2.4091157807244192,1.3057696236944738,-0.9959092736244202,0.16637936234474182,0.48167937994003296,0.3996313810348511,-0.6707403659820557,-0.6246986389160156,0.01239477563649416
68.93708942899167,2.977141535903663,-1.2966295174469544,1.8290066395171454,-0.17460562742471034,2.3592596160040964,1.2844406733347564,-0.9855532646179199,0.1721154898405075,0.47411876916885376,0.42300623655319214,-0.6667051315307617,-0.6135323643684387,0.012163852341473103
69.10327664472608,2.9597445737090973,-1.3097867136209176,1.849129273280307,-0.15731480088841615,2.3094034512837727,1.2629033297847738,-0.974977970123291,0.17705492675304413,0.46564754843711853,0.44601088762283325,-0.6624958515167236,-0.6016824841499329,0.012316781096160412
69.26946386046049,2.942259396039227,-1.3223557900437797,1.8689797933357497,-0.1401419392775995,2.2595472865634494,1.241263512984524,-0.9641128778457642,0.1811821162700653,0.45659127831459045,0.46850141882896423,-0.6581270694732666,-0.5892418026924133,0.013003596104681492
69.4356510761949,2.924661265241324,-1.3342596710756744,1.8884838433135192,-0.12312588515295693,2.209691121843126,1.2195311050223565,-0.9530346393585205,0.18454056978225708,0.44701239466667175,0.49042201042175293,-0.6536126136779785,-0.5762578845024109,0.01426758524030447
69.60183829192931,2.9068600694615943,-1.3452112852731586,1.9073390712384866,-0.10643658740239953,2.159834957122803,1.1977763992570873,-0.9420257806777954,0.1872926950454712,0.4369714856147766,0.5116372108459473,-0.6489888429641724,-0.5628311634063721,0.016185948625206947
69.76802550766372,2.8889268037439306,-1.3556284837052064,1.9257637232256561,-0.08997501870761845,2.1099787924024795,1.176056923677354,-0.9308780431747437,0.18933531641960144,0.4267701506614685,0.5320981740951538,-0.6442557573318481,-0.5490453839302063,0.01884625479578972
69.93421272339813,2.8708362835479737,-1.3654292876735994,1.9436736756561557,-0.07378817498527097,2.060122627682156,1.1543910675570141,-0.9196928143501282,0.19073016941547394,0.4164760112762451,0.5517556071281433,-0.6394309401512146,-0.5349743962287903,0.022276926785707474
70.10039993913254,2.852480612040957,-1.3743030256840914,1.9607072465667916,-0.058083385037734636,2.010266462961833,1.1328748480685435,-0.9088168740272522,0.19169911742210388,0.4061809480190277,0.5704610347747803,-0.6345599889755249,-0.5207716226577759,0.02654663845896721
70.26658715486695,2.8339944885897164,-1.3827097096850796,1.9773144090645571,-0.04261270607965312,1.9604102982415093,1.1114149603169272,-0.8978764414787292,0.19202777743339539,0.3960069417953491,0.58833247423172,-0.6296088099479675,-0.5064168572425842,0.031617239117622375
70.43277437060136,2.8153212933066243,-1.3904415855469494,1.993312282388895,-0.02747634262284974,1.910554133521186,1.0900278950819842,-0.8870723247528076,0.19185121357440948,0.38598325848579407,0.605313241481781,-0.6245999932289124,-0.49200040102005005,0.03749943897128105
70.59896158633578,2.796437375720666,-1.3973619796648855,2.0086399731448474,-0.012703699167218993,1.8606979688008627,1.0686617525213735,-0.8764997124671936,0.191250741481781,0.37610456347465515,0.62140953540802,-0.6195374727249146,-0.4775696396827698,0.04416651278734207
70.76514880207019,2.777440709468026,-1.403834675580405,2.0236135411315184,0.0018778401297484307,1.8108418040805392,1.0472904913464338,-0.8659038543701172,0.19006776809692383,0.3665003180503845,0.6366726160049438,-0.614402174949646,-0.4631349742412567,0.05161343142390251
70.9313360178046,2.75823435944128,-1.409445917933394,2.0379380641791394,0.01611146446282297,1.760985639360216,1.0258748710950443,-0.8555914759635925,0.18853282928466797,0.3571068346500397,0.6510612964630127,-0.609214723110199,-0.44877466559410095,0.05981511250138283
71.09752323353901,2.7388978483111144,-1.4143559405507513,2.0517734554027,0.03007965464166793,1.7111294746398926,1.004396605889654,-0.8454581499099731,0.18656213581562042,0.3479977250099182,0.6646071076393127,-0.6039584875106812,-0.4345136880874634,0.06877051293849945
71.26371044927342,2.7194852333892556,-1.4187786243651794,2.0652695633465643,0.04386097227761623,1.6612733099195691,0.9828809697621838,-0.8353999257087708,0.18408918380737305,0.3392939865589142,0.6773059368133545,-0.5986305475234985,-0.4204014837741852,0.07849039882421494
71.42989766500783,2.7001121660778375,-1.4221201760510982,2.078022529379105,0.057192901134681666,1.6114171451992458,0.9613719331877557,-0.8258742094039917,0.1812485158443451,0.33087050914764404,0.6891520619392395,-0.5932019352912903,-0.40651997923851013,0.0890074297785759
71.59608488074224,2.6809084886041785,-1.4248964868757363,2.0903866420030894,0.0702602154526209,1.5615609804789226,0.9399387760014603,-0.8165887594223022,0.1778361201286316,0.3229360580444336,0.7001550793647766,-0.5876566767692566,-0.39290496706962585,0.1003403440117836
71.76227209647665,2.661878678727974,-1.427092614899359,2.1023516220179257,0.08305592024085995,1.5117048157585993,0.9185835040477475,-0.8075821399688721,0.1739099770784378,0.31553059816360474,0.7103031277656555,-0.5819954872131348,-0.3796076774597168,0.11246626079082489
71.92845931221106,2.643441295619244,-1.4282405274752819,2.113594529799083,0.09530554162961524,1.461848651038276,0.8975042504221997,-0.7992795705795288,0.1693734973669052,0.3085680603981018,0.7196321487426758,-0.5761227011680603,-0.36669689416885376,0.1254812479019165
72.09464661610828,2.6253325351276025,-1.4289100503675713,2.1245177523978853,0.10729675891012523,1.4119924598691127,0.8765859112212105,-0.7912545800209045,0.16430339217185974,0.30223700404167175,0.7281070351600647,-0.5701074004173279,-0.35417985916137695,0.1392631232738495
72.26083408188438,2.607742701597774,-1.4288506404595336,2.1349569433852627,0.11889137227960747,1.3621362201362792,0.8559236777944499,-0.783720850944519,0.15870994329452515,0.2964937090873718,0.7357402443885803,-0.5639086365699768,-0.34209752082824707,0.15382657945156097
72.42702154703474,2.590525879294713,-1.4278500679178636,2.1448773219469137,0.13005842991895616,1.312279980591172,0.8355181165967315,-0.7767046689987183,0.15280811488628387,0.2912304103374481,0.7424983382225037,-0.5576044917106628,-0.33042433857917786,0.1690952330827713
72.59320892758969,2.5734366162952704,-1.4263226994720175,2.1545326543737064,0.141008469207653,1.2624237664246885,0.8152335188925356,-0.7699284553527832,0.14670416712760925,0.28661078214645386,0.748346209526062,-0.5512486100196838,-0.31920233368873596,0.18496689200401306
72.7593958930738,2.556406132889336,-1.4236391404524837,2.1636752985868495,0.15154292109230982,1.212567676779453,0.7951525845121521,-0.7636407613754272,0.14067015051841736,0.2823635935783386,0.7532472014427185,-0.5449357032775879,-0.30838122963905334,0.20140685141086578
72.92558300398183,2.53917111425752,-1.4200355751697862,2.1724889266126732,0.161815612691654,1.1627115435070463,0.7751634902806145,-0.7576377987861633,0.13485613465309143,0.2785700261592865,0.7571539282798767,-0.5387511253356934,-0.2979888319969177,0.2183292657136917
73.09177022270583,2.5217809586874123,-1.4157479635991956,2.1810596386312073,0.17189483477195566,1.1128553778898436,0.7552416856159645,-0.7518563270568848,0.12922430038452148,0.2753681540489197,0.7600682377815247,-0.5326643586158752,-0.2881030738353729,0.2357145994901657
73.25795769616037,2.5037346222431522,-1.4096816699367432,2.1891404016653886,0.18156643327630947,1.0629991358534823,0.7354125959660506,-0.7464950084686279,0.12438702583312988,0.2721748352050781,0.7618640661239624,-0.5270025730133057,-0.27853259444236755,0.253477543592453
73.42414511016786,2.485473088864208,-1.4026887149268736,2.197079993167633,0.19105542653417157,1.0131429116512387,0.7156384282816992,-0.7413057088851929,0.11984288692474365,0.2694070637226105,0.7626309394836426,-0.5215495824813843,-0.26940762996673584,0.2716604471206665
73.59033245707357,2.466968648687163,-1.3946497768914878,2.2048602351658717,0.20033830135541925,0.9632867075795254,0.6959262545974932,-0.7363175749778748,0.11568376421928406,0.26702067255973816,0.7623389959335327,-0.5163466930389404,-0.26074111461639404,0.29024001955986023
73.75651967870034,2.448367340983286,-1.3845793254240504,2.2125831301800316,0.20927248733195342,0.9134305410914951,0.6763701979189399,-0.7315436005592346,0.11184989660978317,0.2643616199493408,0.7609767913818359,-0.5115747451782227,-0.25211140513420105,0.30926570296287537
73.92270683160825,2.429888514862404,-1.3733557395177953,2.220392481106672,0.21803323645256056,0.8635743952191207,0.6569197056728038,-0.726862370967865,0.10811281949281693,0.2619720697402954,0.7585611939430237,-0.5070421099662781,-0.24379293620586395,0.3287217915058136
74.08889391211545,2.4115560858354668,-1.3609134023057632,2.2283045713804137,0.22661301786298926,0.813718271066962,0.6375824032092995,-0.7222781777381897,0.10450639575719833,0.25983771681785583,0.7550554871559143,-0.5027745366096497,-0.23578695952892303,0.34858787059783936
74.25508112722143,2.393733326681431,-1.3460892322680476,2.236609493258527,0.23488322701795825,0.7638621065351696,0.6184898942787783,-0.7177040576934814,0.10070689022541046,0.25717368721961975,0.7504211068153381,-0.4989834427833557,-0.22745300829410553,0.36898329854011536
74.42126849540291,2.375993641181631,-1.3299334721080593,2.245115761491172,0.24298979953947886,0.7140058960807254,0.5995212034672237,-0.7131728529930115,0.09714069962501526,0.2547614574432373,0.7445489764213562,-0.4955795109272003,-0.2194228321313858,0.38974520564079285
74.58745592100507,2.3582730138581773,-1.3123793439905789,2.253821885580755,0.25092600056889613,0.6641496684000789,0.5806778860643814,-0.7086930871009827,0.09391755610704422,0.25259464979171753,0.7373719811439514,-0.49261707067489624,-0.21172977983951569,0.4108300805091858
74.75364285091942,2.340208900240899,-1.2926723366679456,2.2627715404660727,0.2586076969309246,0.6142935894257737,0.5620021032275231,-0.7042365074157715,0.09134965389966965,0.25025904178619385,0.7286843061447144,-0.4904191195964813,-0.20418481528759003,0.4322231709957123
74.91982999015907,2.321428278062551,-1.271109907656583,2.271859034139961,0.2660788850607798,0.5644374476538765,0.5434418234641564,-0.6998254656791687,0.08980628848075867,0.2479991912841797,0.7183688282966614,-0.4890344440937042,-0.19710712134838104,0.45380648970603943
75.0860171183258,2.3018058803407193,-1.2478617898637063,2.281035195683184,0.2733610245262635,0.5145813092038595,0.5249767460908364,-0.6954733729362488,0.08945495635271072,0.2459392547607422,0.7063659429550171,-0.4884563386440277,-0.1906917244195938,0.4754936099052429
75.25220414256898,2.2811189324111267,-1.2227784661413474,2.2902755421223437,0.28043719166578984,0.46472520193090505,0.506611275976103,-0.6911698579788208,0.09052533656358719,0.2440027892589569,0.6925603747367859,-0.4887808859348297,-0.18502666056156158,0.4972107410430908
75.41839159551851,2.2589406476529286,-1.1952704322008756,2.299544011058155,0.2872232044331617,0.41486896604604756,0.488408906301324,-0.6868842244148254,0.09339824318885803,0.24187393486499786,0.6767158508300781,-0.49026501178741455,-0.18010134994983673,0.5189019441604614
75.58457912324008,2.2354421748980897,-1.1656234220451371,2.308779469367505,0.2937266424647621,0.36501270772957795,0.4704004990455413,-0.6826163530349731,0.09803479164838791,0.2396935373544693,0.658850908279419,-0.49274542927742004,-0.17609940469264984,0.5404685735702515
75.75076667440158,2.2106955814604645,-1.1339616595679616,2.317935324498386,0.2999414296943353,0.31515644238112844,0.4526168838909985,-0.6783328056335449,0.10445699095726013,0.23748594522476196,0.6389544606208801,-0.4961200952529907,-0.17314599454402924,0.5618028044700623
75.91695421643175,2.1846655544913576,-1.1002253209932564,2.32696538561068,0.30583484282131346,0.2653001797720777,0.43510404299976496,-0.6739691495895386,0.1127551943063736,0.23515692353248596,0.6169689297676086,-0.5003530383110046,-0.17131705582141876,0.5827921628952026
76.08314173082529,2.1573694611157146,-1.0644008133843774,2.3358504827368898,0.31137731372517713,0.21544392545401453,0.41788640670867777,-0.6694295406341553,0.12295375764369965,0.23261485993862152,0.5928632020950317,-0.5053672790527344,-0.1706763356924057,0.603313148021698
76.24932912135637,2.1288951936546625,-1.0265214331522388,2.344622313260951,0.31654251476135736,0.16558770829469055,0.40095013094025006,-0.6645849943161011,0.13498058915138245,0.22977375984191895,0.5666394233703613,-0.5110456943511963,-0.17126278579235077,0.623234212398529
76.41551618377937,2.099376241833088,-0.9866364456369714,2.3533423384737175,0.3212964909967878,0.1157315895677885,0.3842625628319132,-0.6592904925346375,0.14869609475135803,0.2265460044145584,0.5383237600326538,-0.5172504186630249,-0.17309029400348663,0.6424166560173035
76.58170334318692,2.068971364010726,-0.9447990279821182,2.3620875344841408,0.32559031914101877,0.06587544174552652,0.36778431845414555,-0.653396725654602,0.16391171514987946,0.2228415608406067,0.5079624056816101,-0.5238339304924011,-0.17615047097206116,0.6607141494750977
76.74789068383275,2.0376787422707343,-0.9010476192355079,2.370877626186318,0.32936693595557015,0.016019239551776258,0.3515087097004789,-0.6467483043670654,0.18055470287799835,0.21856114268302917,0.47557565569877625,-0.5306872129440308,-0.18047800660133362,0.6779574751853943
76.91407793833116,2.005067227777253,-0.8554027102838404,2.3795635772705763,0.33257903121752225,-0.03383693679774499,0.33551878902091736,-0.6391444802284241,0.19889837503433228,0.21357716619968414,0.4410974979400635,-0.537777304649353,-0.18625634908676147,0.6939286589622498
77.08026502870398,1.970244640142747,-0.8078444690738819,2.387837678223593,0.3351403584574307,-0.08369306390959136,0.3199898115711941,-0.630265474319458,0.2195412665605545,0.2076958268880844,0.40437051653862,-0.5451058149337769,-0.1938401460647583,0.7083573937416077
77.24615762016818,1.9320253387722262,-0.7584457268048899,2.395252277616719,0.33692932482991933,-0.13346084134885108,0.30519427541261474,-0.6196284890174866,0.24323631823062897,0.20067793130874634,0.36525076627731323,-0.5526190400123596,-0.20371349155902863,0.7209055423736572
77.41234517649765,1.8915621654466865,-0.7085894599060456,2.401720936196089,0.3380387509789679,-0.18214593766955792,0.2913456363609196,-0.607168436050415,0.26890629529953003,0.19270002841949463,0.32480737566947937,-0.5597852468490601,-0.2155357301235199,0.7312215566635132
77.54865421948146,1.881440103554747,-0.6962910890579224,2.403240919113159,0.33826039005220737,-0.1940405405744897,0.25045292346577636,-0.6038263440132141,0.27535155415534973,0.19063407182693481,0.32517290115356445,-0.5554257035255432,-0.23241132497787476,0.7292117476463318
77.71484132718393,1.8814397044437723,-0.6962909791597524,2.403240919113159,0.3382601281596419,-0.19404056435503567,0.20059679115503365,-0.6038261651992798,0.2753518223762512,0.19063393771648407,0.33891603350639343,-0.5471480488777161,-0.25051531195640564,0.7231921553611755
77.88102787055476,1.8814395666122437,-0.6962908583478379,2.403240919113159,0.3382599469417703,-0.1940405647556919,0.15074082814378487,-0.6038261651992798,0.2753518223762512,0.1906338781118393,0.35244861245155334,-0.5385304689407349,-0.2684634029865265,0.7167232036590576
78.04721514376602,1.881439447402954,-0.6962907526269666,2.403240919113159,0.33825988637284,-0.19404056668281555,0.10088464618040463,-0.6038260459899902,0.275351881980896,0.1906338781118393,0.36576220393180847,-0.5295782089233398,-0.2862446904182434,0.7098090052604675
78.21340200196596,1.8814392426489888,-0.6962905953884573,2.403240919113159,0.3382598375559077,-0.19404056668281555,0.05102858872042389,-0.6038259863853455,0.2753520607948303,0.19063375890254974,0.37884849309921265,-0.5202969908714294,-0.30384817719459534,0.7024536728858948
78.37958866669304,1.8814392285556114,-0.6962905027970928,2.403240919113159,0.33825984107925205,-0.19404056668281555,0.001172589302298386,-0.6038259863853455,0.2753520607948303,0.19063372910022736,0.39169934391975403,-0.5106924176216125,-0.3212626576423645,0.6946619153022766
78.54577535026152,1.8814390897750854,-0.6962904132200464,2.403240919113159,0.3382598560654529,-0.19404056668281555,-0.04868341576824572,-0.6038259267807007,0.2753521203994751,0.19063371419906616,0.4043068587779999,-0.5007705688476562,-0.33847761154174805,0.6864384412765503
78.7119615740017,1.88143899225628,-0.6962903738021851,2.403240919113159,0.3382599001540849,-0.19404056668281555,-0.09853928289030237,-0.6038259267807007,0.2753521502017975,0.19063368439674377,0.4166630804538727,-0.49053749442100525,-0.35548222064971924,0.677788496017456
78.87814784165737,1.8814390057408916,-0.6962903141975403,2.403240919113159,0.33825991437047986,-0.19404057107970252,-0.14839516318700155,-0.6038259267807007,0.2753521800041199,0.1906335949897766,0.4287604093551636,-0.4799996316432953,-0.37226584553718567,0.6687173843383789
79.04433441025164,1.8814390897750854,-0.696290361279745,2.403240919113159,0.3382599353790283,-0.19404058158397675,-0.19825113376528156,-0.6038259267807007,0.2753521203994751,0.19063368439674377,0.44059139490127563,-0.4691633880138397,-0.3888181746006012,0.6592307686805725
79.21052146581943,1.881439208984375,-0.696290452999347,2.403240919113159,0.3382599651813507,-0.19404060648816984,-0.2481072504356193,-0.6038259863853455,0.2753520905971527,0.19063374400138855,0.4521487057209015,-0.4580356776714325,-0.40512901544570923,0.6493345499038696
79.37670951400307,1.8814393207455093,-0.6962905488920418,2.403240919113159,0.3382599651813507,-0.1940406244254215,-0.29796366489071185,-0.6038260459899902,0.27535200119018555,0.19063374400138855,0.46342504024505615,-0.44662317633628845,-0.4211881756782532,0.6390346884727478
79.54289633128978,1.8814396087398146,-0.6962907524938392,2.403240919113159,0.3382600151507807,-0.19404061138629913,-0.34781971007672446,-0.603826105594635,0.275351881980896,0.1906338930130005,0.4744134545326233,-0.4349333345890045,-0.4369855523109436,0.6283378601074219
79.70908405055668,1.8814398798096288,-0.6962909254181493,2.403240919113159,0.3382600732830194,-0.19404059648513794,-0.3976760258567943,-0.6038262248039246,0.27535170316696167,0.19063395261764526,0.4851071834564209,-0.42297297716140747,-0.45251142978668213,0.6172506213188171
79.87527238251302,1.8814401637507916,-0.6962910893309474,2.403240919113159,0.3382602040094674,-0.19404058144746422,-0.44753252544369393,-0.6038263440132141,0.27535152435302734,0.19063405692577362,0.4954993426799774,-0.4107498526573181,-0.467756062746048,0.6057797074317932
80.04145761324611,1.8814406394958496,-0.6962913274765015,2.403240919113159,0.3382605016231537,-0.19404049217700958,-0.49738809466362,-0.6038264036178589,0.27535128593444824,0.19063422083854675,0.5055835843086243,-0.398271769285202,-0.4827097952365875,0.5939326882362366
80.20283152221505,1.8870119395633138,-0.7097574581289573,2.384193266272798,0.2898483289324719,-0.20915275848371734,-0.5060725836042703,-0.6070190668106079,0.2799542248249054,0.19093742966651917,0.5190305113792419,-0.36704984307289124,-0.5091479420661926,0.580215573310852
80.3642058285483,1.892499327238291,-0.7230204817249642,2.3653671292799654,0.24143603703250055,-0.22403687073756354,-0.5146259599374687,-0.6101927757263184,0.2845470905303955,0.19127635657787323,0.5311946272850037,-0.3348807692527771,-0.5342627763748169,0.5659066438674927
80.52558013488154,1.8979674274049982,-0.7362366769708717,2.3465920631729973,0.19302374513252923,-0.2388684205419687,-0.5231491501770628,-0.6134026646614075,0.28923293948173523,0.19171155989170074,0.5420958995819092,-0.3016881048679352,-0.5581505298614502,0.5509848594665527
80.68695444121478,1.9034252727222585,-0.749428394475559,2.3278439727084947,0.1446114532325579,-0.25367236628015716,-0.5316564533498518,-0.6166628003120422,0.29403871297836304,0.19224146008491516,0.551723301410675,-0.26753002405166626,-0.5807784199714661,0.5354676246643066
80.84832872562288,1.908876370698489,-0.7626038170585794,2.3091134870600185,0.09619916791012807,-0.26845806918936016,-0.5401532613672992,-0.6199846267700195,0.2989860475063324,0.19286029040813446,0.5600654482841492,-0.23247984051704407,-0.6021023392677307,0.5193769931793213
81.00970308075705,1.9143225573564755,-0.7757681022839391,2.2903953490870643,0.04778686136987801,-0.28323121511509547,-0.5486429155490863,-0.6233798265457153,0.3040976822376251,0.1935635358095169,0.5671130418777466,-0.196616068482399,-0.622078001499176,0.5027363300323486
81.17107738315394,1.9197660391737195,-0.788925845185192,2.2716842855076242,-0.0006254293491886088,-0.29799702988390636,-0.5571282717800796,-0.6268609762191772,0.3093973994255066,0.19435036182403564,0.5728592276573181,-0.16001839935779572,-0.6406623721122742,0.4855698347091675
81.33245167648597,1.9252079003694738,-0.8020798911028867,2.25297666372855,-0.04903771734879788,-0.31275867422429454,-0.5656112331842885,-0.6304419040679932,0.314910352230072,0.19522231817245483,0.577299952507019,-0.1227700486779213,-0.657814085483551,0.4679025113582611
81.49382599771624,1.9306490773520133,-0.8152326637035979,2.2342695048522385,-0.09745001371787937,-0.32751891398981214,-0.5740934567264382,-0.6341373920440674,0.32066309452056885,0.19618460536003113,0.5804343819618225,-0.08495568484067917,-0.6734941601753235,0.4497601091861725
81.65520029227771,1.9360903686809632,-0.828386207375896,2.215560397632539,-0.1458623020863213,-0.34227997281173334,-0.5825761489832789,-0.637962818145752,0.32668307423591614,0.19724704325199127,0.5822644233703613,-0.04666159301996231,-0.6876657605171204,0.43116873502731323
81.81657458554744,1.9415321173504403,-0.8415411020213451,2.196848969215987,-0.19427459006724146,-0.3570425560964066,-0.5910597099809637,-0.6419343948364258,0.3329969644546509,0.1984224170446396,0.5827956795692444,-0.007977253757417202,-0.7002948522567749,0.4121561348438263
81.97794884148834,1.9469741335848882,-0.8546966897251771,2.178136506419226,-0.2426868668495098,-0.3718058500140084,-0.5995437159625089,-0.6460686326026917,0.33963099122047424,0.19972743093967438,0.5820371508598328,0.03100520372390747,-0.711349606513977,0.3927505910396576
82.13932315107893,1.9524160385949259,-0.8678520076612676,2.159424464264068,-0.29109915972668404,-0.38656880720215964,-0.6080275155439319,-0.6503825783729553,0.3466116487979889,0.20118319988250732,0.5800018906593323,0.07019301503896713,-0.7208022475242615,0.37298110127449036
82.30069750454716,1.9578574603730696,-0.8810063523801083,2.140714235059815,-0.3395114657671555,-0.4013306582881415,-0.61651070023386,-0.6548941135406494,0.35396450757980347,0.2028159499168396,0.5767059326171875,0.10949289053678513,-0.7286285758018494,0.3528766930103302
82.4620718108804,1.9632986055004753,-0.8941602845020168,2.122005410544895,-0.38792375766712683,-0.41609209492958105,-0.6249936313754559,-0.6596208214759827,0.36171412467956543,0.20465800166130066,0.5721685290336609,0.148813396692276,-0.7348087430000305,0.3324662446975708
82.62344611721365,1.9687404447552095,-0.9073158441010066,2.1032954064497282,-0.43633604956709815,-0.4308553503385957,-0.6334776874665378,-0.6645818948745728,0.36988434195518494,0.2067483365535736,0.5664113163948059,0.1880658119916916,-0.7393265962600708,0.31177809834480286
82.78482042354689,1.9741840822819423,-0.9204755934204123,2.0845813704638325,-0.48474834146706947,-0.4456231788835685,-0.6419644052989969,-0.6697953939437866,0.3784962296485901,0.20913103222846985,0.5594586133956909,0.22716176509857178,-0.7421693801879883,0.29084059596061707
82.94619463639786,1.9796306130649144,-0.9336422807846093,2.0658597199779307,-0.5331606053223594,-0.4603987478100906,-0.650455527781623,-0.6752791404724121,0.38756847381591797,0.21185588836669922,0.5513371229171753,0.26601406931877136,-0.7433273196220398,0.2696821093559265
83.1075689368723,1.9850818941924346,-0.9468205165445821,2.047125524054356,-0.5815728954646898,-0.47518731039614687,-0.6589541699757946,-0.6810504198074341,0.39711591601371765,0.2149793803691864,0.5420751571655273,0.30453839898109436,-0.7427940368652344,0.24833007156848907
83.26894324320554,1.9905402759172919,-0.9600153476026635,2.028372805076204,-0.6299851873646611,-0.4899944975142804,-0.6674635756639867,-0.6871252059936523,0.4071500599384308,0.21856294572353363,0.5317032933235168,0.342651903629303,-0.7405657172203064,0.22681210935115814
83.43031754953878,1.9960088511241272,-0.9732351119036651,2.0095927868544328,-0.6783974792646323,-0.5048296658608218,-0.6759890118413538,-0.6935185194015503,0.41767776012420654,0.22267605364322662,0.5202518105506897,0.38027575612068176,-0.7366409301757812,0.20515474677085876
83.59169205189126,2.001496860957671,-0.9865020685560189,1.9907611762542938,-0.726809829970375,-0.5197178950359143,-0.684545002533785,-0.7002469301223755,0.4287048280239105,0.2274060696363449,0.5077434778213501,0.4173506498336792,-0.7310178279876709,0.18337911367416382
83.7530663608874,2.0070691108703613,-0.9999729990959167,1.9717068672180176,-0.77522212266922,-0.5348350405693054,-0.6932323575019836,-0.7073583602905273,0.4402645230293274,0.23298156261444092,0.49410179257392883,0.4539869427680969,-0.7236650586128235,0.16145597398281097
83.84247317747909,2.020175870443277,-0.9886887994855913,1.944884822240509,-0.7706462662042973,-0.5551802549754575,-0.683769816811575,-0.7162607908248901,0.44474560022354126,0.23313286900520325,0.4864184558391571,0.4634391963481903,-0.7202235460281372,0.1729138046503067
84.04182901443679,2.033279164668766,-0.977407583348936,1.9180699880261507,-0.7660716156006377,-0.5755200902307981,-0.6743097779593097,-0.7252627611160278,0.44902485609054565,0.2332296520471573,0.4787093997001648,0.47282761335372925,-0.7164468765258789,0.1843235194683075
84.24118108885128,2.046374792061653,-0.9661329679337617,1.8912708433660097,-0.7614996416582657,-0.595848024500831,-0.6648552742444718,-0.7343586683273315,0.45310109853744507,0.23327261209487915,0.47097864747047424,0.4821471571922302,-0.7123377323150635,0.1956733912229538
84.44053139375288,2.0594588710149972,-0.9548682950903005,1.8644953316554473,-0.7569316995322454,-0.6161580324880761,-0.6554091080274316,-0.7435431480407715,0.4569736421108246,0.23326298594474792,0.4632304310798645,0.491393119096756,-0.7078991532325745,0.20695199072360992
84.63990032510597,2.072529212706307,-0.9436154492744152,1.8377479321430614,-0.7523685533890504,-0.6364467165515932,-0.6459728595478962,-0.7528117299079895,0.46064236760139465,0.23320156335830688,0.45546770095825195,0.5005617141723633,-0.703134298324585,0.21814963221549988
84.83923951001603,2.0855791814454867,-0.9323801434505635,1.8110422242331412,-0.7478125198952519,-0.6567037763164514,-0.6365513195008644,-0.7621567845344543,0.46410614252090454,0.23308978974819183,0.44769638776779175,0.5096463561058044,-0.6980485320091248,0.22925272583961487
85.03859771253306,2.098608410314792,-0.9211626935147557,1.7843789587932384,-0.7432637271499709,-0.6769286422276729,-0.6271447527858377,-0.771575391292572,0.46736547350883484,0.2329290360212326,0.4399183690547943,0.5186448693275452,-0.6926451921463013,0.24025364220142365
85.23796254606683,2.111612885384238,-0.9099665552400925,1.7577663500071492,-0.7387235765051815,-0.697115083586838,-0.6177560572949764,-0.7810616493225098,0.4704205393791199,0.23272088170051575,0.4321381449699402,0.5275529623031616,-0.6869297623634338,0.2511414885520935
85.43729897426206,2.124587308800705,-0.8987962897869262,1.7312152395037534,-0.7341939175588974,-0.7172548767016593,-0.6083890578600732,-0.7906090021133423,0.4732702970504761,0.23246698081493378,0.42436033487319946,0.5363652110099792,-0.6809086799621582,0.2619047164916992
85.63667293475706,2.1375328310388384,-0.8876509066598208,1.7047232729295327,-0.7296743486549063,-0.7373498074180727,-0.5990429238858103,-0.8002153635025024,0.4759168028831482,0.2321690320968628,0.41658639907836914,0.5450807809829712,-0.6745858788490295,0.27253738045692444
85.83601375879485,2.1504421007681906,-0.8765367349502425,1.6783054941890032,-0.7251674363056965,-0.7573884644949337,-0.5897229627300504,-0.8098725080490112,0.47835931181907654,0.23182901740074158,0.40882250666618347,0.5536933541297913,-0.667969822883606,0.2830266058444977
86.0353635421558,2.1633151455660187,-0.8654537509156895,1.6519618468475359,-0.720673170883436,-0.7773708907395575,-0.5804291544831506,-0.8195776343345642,0.48059913516044617,0.23144881427288055,0.4010705053806305,0.5622015595436096,-0.6610659956932068,0.29336607456207275
86.23475737707454,2.176151871127961,-0.8544020357470338,1.625692523891396,-0.7161915853118689,-0.7972969397662232,-0.5711615672289763,-0.8293278217315674,0.4826371669769287,0.23103046417236328,0.3933320641517639,0.5706040859222412,-0.6538795828819275,0.3035494089126587
86.43407173292476,2.18894203898537,-0.8433904042030468,1.5995184775204387,-0.7117262540674565,-0.8171507187191374,-0.5619275927202819,-0.8391124606132507,0.48447293043136597,0.23057621717453003,0.38561537861824036,0.5788930654525757,-0.6464223861694336,0.3135627806186676
86.63343310193855,2.201691418071091,-0.8324138895496247,1.5734279020791415,-0.7072751630878059,-0.836941182532964,-0.5527230660251113,-0.848933219909668,0.48610901832580566,0.23008807003498077,0.377918541431427,0.5870712995529175,-0.6386971473693848,0.3234049081802368
86.83281911374766,2.2143967173189374,-0.8214753252138692,1.547427532468872,-0.7028394613571086,-0.8566632225882281,-0.5435503631577298,-0.8587847352027893,0.48754584789276123,0.22956834733486176,0.37024542689323425,0.5951356291770935,-0.6307120323181152,0.333067923784256
87.03213723214108,2.22705009185405,-0.8105814652018593,1.521533422592959,-0.6984218876951523,-0.876304661530175,-0.5344151477947425,-0.868658185005188,0.48878398537635803,0.22901944816112518,0.3626023232936859,0.6030802130699158,-0.6224786043167114,0.3425406813621521
87.26620369352364,2.23965772266979,-0.7997269880180341,1.495732923547286,-0.6940202841800799,-0.8958750939221665,-0.5253129575134686,-0.878555178642273,0.48982545733451843,0.2284434586763382,0.354987233877182,0.6109082698822021,-0.6139996647834778,0.35182321071624756
87.48301717664069,2.245155277409771,-0.7991736929008835,1.4823635826450463,-0.6831900015722336,-0.8964374409036165,-0.5235987788191695,-0.885189414024353,0.4901428818702698,0.23485784232616425,0.3535533547401428,0.6123724579811096,-0.6123724579811096,0.3535534739494324
87.6824057589001,2.2489980067872293,-0.8010080186185614,1.4718925416752657,-0.6708846209205572,-0.8925946835977225,-0.5235987648549514,-0.8910138607025146,0.49022674560546875,0.2429484724998474,0.3535534143447876,0.6123724579811096,-0.6123724579811096,0.3535533547401428
87.88186923812097,2.252830904449277,-0.8028376511698324,1.461448291115308,-0.6586107238808383,-0.888761758078694,-0.5235987509264612,-0.8967815637588501,0.4902086853981018,0.25108465552330017,0.3535534143447876,0.6123724579811096,-0.6123723983764648,0.35355344414711
88.18552440391123,2.256648569167273,-0.8046600122798214,1.451045548755797,-0.6463856065382034,-0.8849440656144286,-0.5235987370533264,-0.9024832248687744,0.4900900721549988,0.2592531442642212,0.3535534143447876,0.6123723387718201,-0.6123723983764648,0.3535533845424652
88.28283234038206,2.2585183222174354,-0.8016256269014934,1.447402925811562,-0.6457773467889216,-0.8830743074329312,-0.5235987541053659,-0.9053140878677368,0.49006175994873047,0.25779059529304504,0.3535533845424652,0.6123723983764648,-0.6123723983764648,0.3535533845424652
88.58722509396672,2.258676214138578,-0.7943220491468681,1.4497015891820109,-0.6553795584235361,-0.8829164302570185,-0.5235987983410555,-0.9056093692779541,0.4901270270347595,0.2478274405002594,0.3535533845424652,0.6123724579811096,-0.6123723983764648,0.3535533547401428
88.7865894618392,2.258834267514962,-0.7870110029866337,1.4520026030922892,-0.6649915889734332,-0.8827583916409423,-0.523598842621979,-0.9058505296707153,0.4901260733604431,0.23786213994026184,0.3535533547401428,0.6123723983764648,-0.6123724579811096,0.3535533845424652
89.0902062839421,2.258992475378386,-0.7796928107476059,1.4543058660961101,-0.6746130146668118,-0.8826001985522532,-0.5235988869461843,-0.906037449836731,0.49005913734436035,0.22789612412452698,0.35355329513549805,0.6123724579811096,-0.6123724579811096,0.3535533547401428
89.23715910418919,2.2617246143885428,-0.7750132384170733,1.4487325715675043,-0.6737192671399146,-0.8798680670193858,-0.5235989093780518,-0.9102417826652527,0.4900743365287781,0.22552970051765442,0.35355323553085327,0.6123724579811096,-0.6123723983764648,0.3535534739494324
89.50147496816237,2.2670934723435514,-0.77303755161375,1.4350902455393144,-0.6620526069134128,-0.874499209064377,-0.5235989093780518,-0.9185855984687805,0.49012914299964905,0.23098649084568024,0.3535534143447876,0.6123723983764648,-0.6123724579811096,0.3535533845424652
89.8213555795178,2.272454368401939,-0.7710647947098982,1.4214681507763993,-0.6504032480838599,-0.8691383130059894,-0.5235989093780518,-0.9268919229507446,0.4900554418563843,0.23649391531944275,0.3535533845424652,0.6123724579811096,-0.6123724579811096,0.35355332493782043
89.99753077141828,2.2743587886723944,-0.7656267297414806,1.418151435347065,-0.6525246017268839,-0.8672338828862722,-0.5235988980158369,-0.929887056350708,0.49005821347236633,0.23189397156238556,0.3535533547401428,0.6123723983764648,-0.6123724579811096,0.3535533845424652
90.24252014002641,2.2744335959421216,-0.7583543765918482,1.4202896564377514,-0.6619351933437677,-0.8671590605537832,-0.5235988806392717,-0.930035412311554,0.4900939464569092,0.22192980349063873,0.35355332493782043,0.6123724579811096,-0.6123724579811096,0.3535533845424652
90.44193561888179,2.2745085120944255,-0.751071438474311,1.4224309897262577,-0.671359482151668,-0.8670841293167937,-0.5235988632374149,-0.9301292300224304,0.4900657534599304,0.21195951104164124,0.3535533845424652,0.6123724579811096,-0.6123724579811096,0.3535533845424652
90.6841840802646,2.2754448369394527,-0.7456857838918187,1.421539149748483,-0.6758533202013596,-0.8661477956845578,-0.5235988464464183,-0.9315872192382812,0.49004489183425903,0.20599804818630219,0.3535533845424652,0.6123723983764648,-0.6123723983764648,0.3535534143447876
91.07769790268387,2.279325171012529,-0.7467868271806285,1.410280150602188,-0.6634933218591342,-0.8622674743520224,-0.5235988317487918,-0.9378464221954346,0.4901799261569977,0.2137564718723297,0.3535533547401428,0.6123724579811096,-0.6123723983764648,0.3535534143447876
91.27699199295486,2.283193903469636,-0.7478845785154048,1.3990548141719998,-0.651170278055218,-0.8583987545973648,-0.5235988170951091,-0.9440441131591797,0.4902114272117615,0.22155922651290894,0.35355344414711,0.6123723983764648,-0.6123725175857544,0.3535533547401428
91.4763477740332,2.2870541761949443,-0.7489799294045633,1.387854024111093,-0.6388741809700718,-0.854538494546729,-0.5235988024734695,-0.9501843452453613,0.49014002084732056,0.22941093146800995,0.3535534143447876,0.6123724579811096,-0.6123724579811096,0.3535533547401428
91.69903091222872,2.291250722034519,-0.7486273976576592,1.3760077915573987,-0.6273805210898666,-0.8503419593734095,-0.5235987821438352,-0.9568780064582825,0.49002495408058167,0.23594041168689728,0.3535533547401428,0.6123724579811096,-0.6123723983764648,0.3535533845424652
91.93636958693489,2.297285698959125,-0.7405148321079644,1.3605995648415967,-0.6200848854679867,-0.8443069824488034,-0.5235987310553809,-0.966810405254364,0.49009937047958374,0.2351132184267044,0.3535533547401428,0.6123725175857544,-0.6123723983764648,0.3535533547401428
92.13574732859954,2.3033293270298767,-0.7323906371865152,1.3451692504156303,-0.6127787915443141,-0.838263354378052,-0.5235986798936912,-0.976743221282959,0.49002769589424133,0.23426897823810577,0.35355344414711,0.6123723983764648,-0.6123723983764648,0.35355344414711
92.33239815776571,2.3088868507184777,-0.7267688574848765,1.32904798338013,-0.60227933175553,-0.8327058422284349,-0.5235986709594727,-0.9862047433853149,0.490207701921463,0.2369384467601776,0.3535534143447876,0.6123724579811096,-0.6123723983764648,0.3535534143447876
92.53177044188007,2.314349872144081,-0.7216687325277399,1.3127556429556293,-0.5910871442915974,-0.8272428348045471,-0.5235986709594727,-0.9955552816390991,0.4903255105018616,0.24039196968078613,0.3535533547401428,0.6123725175857544,-0.6123723387718201,0.3535533547401428
92.73113372941836,2.3198230701052793,-0.7165591070398312,1.2964329531018788,-0.5798741079813519,-0.8217696508711473,-0.5235986709594727,-1.0048902034759521,0.4902964234352112,0.24388806521892548,0.3535534143447876,0.6123724579811096,-0.6123723983764648,0.3535534143447876
93.01441961250077,2.3253063023498504,-0.71144011382387,1.2800803380569383,-0.5686405142594047,-0.8162864326800919,-0.5235986709594727,-1.0142076015472412,0.49011972546577454,0.2474261224269867,0.35355332493782043,0.6123725771903992,-0.6123723387718201,0.3535534143447876
93.17354114870736,2.327273719705301,-0.7060243642338351,1.2757036715601662,-0.5696795829464116,-0.814318996691525,-0.52359869733099,-1.0175561904907227,0.4900360405445099,0.2432442009449005,0.3535533845424652,0.6123725175857544,-0.6123723983764648,0.35355332493782043
93.46953420680175,2.3266349535547177,-0.7003882193484334,1.2802046427682088,-0.579816653116733,-0.8149577199764675,-0.5235987432541129,-1.0164549350738525,0.4900498390197754,0.2333383858203888,0.3535534143447876,0.6123724579811096,-0.6123724579811096,0.3535533547401428
93.73174168018983,2.3259951816949553,-0.6947432006010733,1.2847127005572379,-0.5899696836576951,-0.8155974489030986,-0.5235987892495398,-1.0152949094772339,0.4900015592575073,0.22344034910202026,0.3535534143447876,0.6123725175857544,-0.6123723983764648,0.3535533547401428
93.99307748925568,2.328387813896651,-0.6852297399506309,1.2795997207892493,-0.5943701012822885,-0.8132048546355405,-0.5235988538908667,-1.0195280313491821,0.4900621473789215,0.21445497870445251,0.3535533845424652,0.6123724579811096,-0.6123723983764648,0.35355329513549805
94.19242419925214,2.330838432262862,-0.6756524477078076,1.2742988760332472,-0.5986464852590645,-0.810754275790434,-0.5235989188103749,-1.0238218307495117,0.4900569021701813,0.20545992255210876,0.35355329513549805,0.6123724579811096,-0.6123724579811096,0.3535534143447876
94.47392079266905,2.33325205477337,-0.6681413246180901,1.2683966127610056,-0.6002552983402626,-0.8083406768957436,-0.5235989602857678,-1.0280412435531616,0.4900197386741638,0.1994246393442154,0.3535533547401428,0.6123723983764648,-0.6123724579811096,0.3535533547401428
94.85484090907836,2.3354929743864714,-0.6710252120290042,1.2594209338297195,-0.5883957697354173,-0.8060997006766102,-0.523598883554814,-1.0320806503295898,0.49009227752685547,0.20853395760059357,0.35355329513549805,0.6123724579811096,-0.6123723983764648,0.3535534143447876
95.0541773372736,2.3377288114788524,-0.6739025586352264,1.2504656121990152,-0.5765631391502554,-0.8038638071065819,-0.5235988069978899,-1.03605318069458,0.49008575081825256,0.2176748812198639,0.3535533845424652,0.6123723983764648,-0.6123723983764648,0.35355332493782043
95.25367903797293,2.339961051940918,-0.6767752766609192,1.2415246963500977,-0.5647495428668421,-0.801631510257721,-0.5235987305641174,-1.0399614572525024,0.4899998903274536,0.22685204446315765,0.35355344414711,0.6123723387718201,-0.6123723983764648,0.35355332493782043
