time,ur20-shoulder_pan_joint,ur20-shoulder_lift_joint,ur20-elbow_joint,ur20-wrist_1_joint,ur20-wrist_2_joint,ur20-wrist_3_joint,target-POS_X,target-POS_Y,target-POS_Z,target-ROT_X,target-ROT_Y,target-ROT_Z,target-ROT_W
0.0,1.5931907892227173,-1.8447278181659144,2.383659839630127,-2.3207807540893555,4.594041887913839,3.390016555786133,-0.17973844707012177,0.6055469512939453,0.43882083892822266,0.1181400939822197,0.985661506652832,0.11212277412414551,0.04407745972275734
0.19862432032823563,1.576848811950414,-1.860828686992308,2.395595678829745,-2.314389363316485,4.634453773035144,3.4323950479674883,-0.18162104487419128,0.5962310433387756,0.43594008684158325,0.14503370225429535,0.983167290687561,0.10872899740934372,0.022918393835425377
0.39962749503654127,1.5602476745431906,-1.8771848923222256,2.40772080318414,-2.3078966143256086,4.67550653223343,3.4754456017707898,-0.1839299499988556,0.5869466066360474,0.43328335881233215,0.1722819209098816,0.979467511177063,0.1046893447637558,0.0015119491145014763
0.6041728387607481,1.5433776752252197,-1.8938059927921393,2.420042298667935,-2.301298712726397,4.717224156917058,3.519193376124127,-0.1866597831249237,0.5777149796485901,0.4308643937110901,-0.1998382806777954,-0.9745069742202759,-0.0999775230884552,0.020128581672906876
1.0082392190515712,1.5297314147407721,-1.9065266341320184,2.4286665029016063,-2.2922662097334867,4.753066060864265,3.56402685928611,-0.18974964320659637,0.5704514384269714,0.42907536029815674,-0.22652412950992584,-0.968700647354126,-0.09384094923734665,0.03872388228774071
1.424954844513417,1.5465765407568832,-1.8829051857598997,2.403339882568073,-2.2630123964756863,4.731741328906838,3.6119569046014957,-0.19272984564304352,0.5797926187515259,0.4306349754333496,-0.24306067824363708,-0.9661625623703003,-0.08152300864458084,0.028378624469041824
1.6235535162179477,1.5632352535565124,-1.8595451394197278,2.378293534210807,-2.2340823146888487,4.710652582828709,3.6593565416608183,-0.19603902101516724,0.589046835899353,0.4320535659790039,-0.2590353190898895,-0.9631646871566772,-0.07008765637874603,0.017382660880684853
1.8220853748409755,1.5796872362820544,-1.8364749848718376,2.3535580041930957,-2.205511247312253,4.6898255423272115,3.7061679621755106,-0.1996639519929886,0.5981983542442322,0.43333685398101807,-0.274427205324173,-0.9597436189651489,-0.059563685208559036,0.005821508821099997
2.0206731873242862,1.5959328911524728,-1.813694158095842,2.329132687779364,-2.1772984958388975,4.6692596982217305,3.7523923105937143,-0.20359453558921814,0.6072432994842529,0.4344910979270935,0.2892378270626068,0.9559323191642761,0.04995879530906677,0.006234223023056984
2.219270797321082,1.611960429770829,-1.7912191896305696,2.3050353088057722,-2.149464532395992,4.648969973784711,3.7979960449639516,-0.20781797170639038,0.6161709427833557,0.43552178144454956,0.30345916748046875,0.9517658352851868,0.04128234460949898,0.018705250695347786
2.417803605893136,1.627758383919044,-1.7690661610370024,2.281283109720071,-2.1220292730773522,4.628970886964928,3.842946534351215,-0.2123199999332428,0.6249709129333496,0.4364330768585205,0.3170861601829529,0.9472795724868774,0.033536262810230255,0.03151409327983856
2.6163782867281444,1.6433306748759597,-1.7472295736156571,2.2578701948857205,-2.0949859080580553,4.609257473702144,3.887254936111788,-0.2170906364917755,0.6336418390274048,0.4372304677963257,0.33012887835502625,0.9425033926963806,0.026709526777267456,0.04459720849990845
2.8149749654023655,1.6586736967210078,-1.7257144838479426,2.234801985798595,-2.0683406995012237,4.589834298835439,3.9309109901896715,-0.22211745381355286,0.6421776413917542,0.4379180669784546,0.3425920605659485,0.9374685883522034,0.020790528506040573,0.05788811668753624
3.217464760548071,1.6737853288650513,-1.7045238653766077,2.2120816707611084,-2.042097330093384,4.570704046879904,3.9739086627960205,-0.22738872468471527,0.6505742073059082,0.4385000467300415,0.3544831871986389,0.9322049021720886,0.015762828290462494,0.07132399827241898
3.384064426521274,1.6730232096290956,-1.703400464532649,2.2114476630453965,-2.0445113050009507,4.569928789466857,3.9239287630040596,-0.22680625319480896,0.6521239280700684,0.438635915517807,0.33149203658103943,0.9406147599220276,0.01498215738683939,0.0716404840350151
3.550668860866059,1.6722611201020945,-1.7022774788771908,2.2108135750336326,-2.04692435785642,4.569153306291366,3.873947432700624,-0.22622142732143402,0.6536722779273987,0.4387722611427307,0.3083013594150543,0.9484567046165466,0.014194650575518608,0.0719633474946022
3.7172732952108456,1.6714989767853559,-1.7011546816994312,2.2101795030230518,-2.0493370591174402,4.568378389634843,3.823966102397188,-0.22563451528549194,0.6552190184593201,0.43890899419784546,0.2849258482456207,0.9557256102561951,0.013399500399827957,0.07229214906692505
3.8838777295556306,1.670737107546496,-1.7000320604627739,2.209545635524854,-2.0517493366349675,4.56760331147106,3.7739847720937525,-0.22504527866840363,0.6567643880844116,0.43904608488082886,0.26137956976890564,0.9624174237251282,0.012595933862030506,0.07262719422578812
4.050482163900416,1.6699750889577178,-1.698909496860938,2.208911641376822,-2.0541618939847486,4.566827956429289,3.724003441790317,-0.2244536578655243,0.658308744430542,0.4391833543777466,0.23767712712287903,0.9685278534889221,0.011783475056290627,0.07296787947416306
4.217086598245201,1.6692130629586022,-1.6977867999200384,2.208277400274951,-2.056574331886153,4.566053036811839,3.6740221114868814,-0.223859965801239,0.6598519682884216,0.43932104110717773,0.21383266150951385,0.9740536212921143,0.010961117222905159,0.07331375777721405
4.3836910325899865,1.6684511838978953,-1.6966641978810795,2.20764317416537,-2.0589868631654986,4.565277604686063,3.624040781183446,-0.22326399385929108,0.6613938212394714,0.4394592046737671,0.18986056745052338,0.9789912104606628,0.010128170251846313,0.07366500049829483
4.550295466934773,1.6676892420287686,-1.695541465366295,2.2070089396523387,-2.061399224578393,4.5645022873943715,3.57405945088001,-0.22266563773155212,0.6629347801208496,0.43959754705429077,0.16577555239200592,0.9833377003669739,0.009283660911023617,0.07402106374502182
4.716899901279558,1.6669272937692874,-1.6944188124718371,2.206374605715727,-2.0638117019492865,4.563727114120891,3.5240781205765743,-0.22206512093544006,0.664474368095398,0.43973618745803833,0.1415920853614807,0.9870906472206116,0.008426925167441368,0.07438154518604279
4.883504335624344,1.6661653431297039,-1.6932960858371122,2.2057400379371477,-2.0662243849541557,4.562952222199744,3.474096790273139,-0.2214624583721161,0.6660128831863403,0.43987518548965454,0.11732496321201324,0.9902477860450745,0.007557314820587635,0.074745774269104
5.050108769969129,1.6654034819475354,-1.6921732594107448,2.205105477272702,-2.0686369280685133,4.562176968357576,3.4241154599697032,-0.2208576202392578,0.6675501465797424,0.4400145411491394,0.09298877418041229,0.9928073883056641,0.006673754192888737,0.07511363178491592
5.216713204313915,1.6646413146608614,-1.691050448375033,2.204470867221128,-2.0710495527850874,4.561401584297145,3.3741341296662677,-0.2202499806880951,0.6690863370895386,0.44015413522720337,0.06859844923019409,0.9947677254676819,0.005775894038379192,0.07548500597476959
5.383317638658701,1.6638793607042575,-1.689927551259491,2.203836171164535,-2.0734624019974834,4.56062598447991,3.3241527993628317,-0.21964049339294434,0.670621395111084,0.4402943253517151,0.04416846111416817,0.9961279034614563,0.004863010719418526,0.07585868239402771
5.549922073003485,1.6631172787683808,-1.6888046492272997,2.2032013117042046,-2.075875236194102,4.559850824623597,3.2741714690593966,-0.21902857720851898,0.6721552610397339,0.44043469429016113,0.01971386931836605,0.99688720703125,0.003934063483029604,0.07623441517353058
5.716526507348271,1.662355059137548,-1.6876817100475645,2.202566439299625,-2.078288167635852,4.559075554650265,3.2241901387559606,-0.2184143364429474,0.673687756061554,0.44057533144950867,-0.004750453867018223,0.9970452189445496,0.002988494001328945,0.07661160081624985
5.883130941693056,1.6615928007272738,-1.6865587354998053,2.2019315487793847,-2.0807012410269308,4.558300149695855,3.174208808452525,-0.2177979201078415,0.6752194166183472,0.44071629643440247,-0.029209982603788376,0.9966017603874207,0.002025845693424344,0.07698958367109299
6.049735376037842,1.6608306506914863,-1.6854357541925813,2.201296517894122,-2.083114431040518,4.557525002378668,3.1242274781490895,-0.2171792834997177,0.6767495274543762,0.440857470035553,-0.053649816662073135,0.9955574870109558,0.0010451582493260503,0.07736753672361374
6.216339810382628,1.660068455151561,-1.6843126262609138,2.200661447872194,-2.08552758561023,4.55674961106129,3.0742461478456535,-0.21655844151973724,0.678278386592865,0.44099897146224976,-0.07805521786212921,0.9939129948616028,4.598175291903317e-05,0.07774519920349121
6.382944244727412,1.659306176443206,-1.6831895236667094,2.200026206925336,-2.0879409061495555,4.555974169192068,3.0242648175422184,-0.21593506634235382,0.6798062920570374,0.4411409795284271,-0.10241124778985977,0.9916692972183228,-0.0009722901741042733,0.07812187820672989
6.549548679072198,1.658543823726187,-1.6820663568909537,2.1993910326939727,-2.090354513371577,4.55519858990143,2.9742834872387824,-0.21530954539775848,0.6813330054283142,0.4412830173969269,-0.12670329213142395,0.9888278245925903,-0.002010224387049675,0.07849635928869247
6.716153113416984,1.6577814339343107,-1.6809431045952334,2.1987559973486976,-2.0927683778947404,4.554422896203108,2.924302156935347,-0.2146816998720169,0.6828583478927612,0.4414253830909729,-0.15091665089130402,0.9853904843330383,-0.003068229416385293,0.07886835932731628
6.882757547761769,1.6570191746095688,-1.6798199184312006,2.1981207661115456,-2.095182002358145,4.5536474709936625,2.8743208266319114,-0.214051753282547,0.6843823194503784,0.4415680170059204,-0.1750367134809494,0.9813594222068787,-0.004147253464907408,0.07923656702041626
7.049361982106555,1.6562567866393438,-1.678696534607435,2.197485513944104,-2.0975959730023224,4.552871870360634,2.8243394963284754,-0.21341940760612488,0.6859051585197449,0.4417109787464142,-0.19904887676239014,0.9767373204231262,-0.005247397348284721,0.07960066199302673
7.215966416451339,1.6554944149816537,-1.6775731062711652,2.196850257063211,-2.1000100216055904,4.552096411355403,2.7743581660250403,-0.21278497576713562,0.6874265670776367,0.4418541193008423,-0.22293855249881744,0.9715268015861511,-0.006369388196617365,0.07995927333831787
7.382570850796125,1.6547320503646878,-1.6764496883163065,2.1962150044706554,-2.102424093993242,4.5513209724131585,2.7243768357216043,-0.21214833855628967,0.6889468431472778,0.4419976472854614,-0.2466915100812912,0.9657312035560608,-0.007513344753533602,0.08031179755926132
7.549175285140911,1.653969515871796,-1.6753263164722891,2.195579770925493,-2.1048382720233696,4.550544817990053,2.6743955054181687,-0.21150898933410645,0.6904658675193787,0.44214126467704773,-0.2702931761741638,0.9593542218208313,-0.008680097758769989,0.08065775781869888
7.715779719485696,1.653207095405358,-1.6742028089135572,2.1949444213994647,-2.1072525105727107,4.549768717167749,2.624414175114733,-0.21086765825748444,0.6919834613800049,0.4422852396965027,-0.2937294840812683,0.952399730682373,-0.00986973661929369,0.08099550753831863
7.882384153830482,1.652444693179189,-1.6730793187937796,2.1943090902771027,-2.109666892213127,4.548992981409084,2.5744328448112976,-0.2102241814136505,0.6934996247291565,0.4424295425415039,-0.3169862627983093,0.9448720216751099,-0.011082678101956844,0.08132435381412506
8.048988588175266,1.651682272352936,-1.6719558473030702,2.193673799431694,-2.112081419233207,4.548217339982819,2.524451514507862,-0.20957843959331512,0.695014476776123,0.4425739645957947,-0.3400494158267975,0.9367758631706238,-0.012319168075919151,0.08164332062005997
8.215593022520054,1.65091979802898,-1.6708323476593618,2.193038543553746,-2.1144960606510828,4.547441205241359,2.474470184204426,-0.20893028378486633,0.6965280175209045,0.4427187442779541,-0.36290499567985535,0.9281160235404968,-0.013579564169049263,0.08195160329341888
8.382197456864839,1.6501573683891113,-1.6697088083252234,2.192403141122483,-2.1169105623935693,4.546664936410366,2.4244888539009906,-0.20827992260456085,0.698040246963501,0.4428637623786926,-0.38553929328918457,0.9188980460166931,-0.01486414484679699,0.08224795758724213
8.548801891209624,1.6493948938598284,-1.6685851945132353,2.191767732480338,-2.119325242397836,4.545888664566464,2.374507523597555,-0.20762750506401062,0.6995511651039124,0.4430088996887207,-0.407938688993454,0.9091275334358215,-0.016172917559742928,0.08253111690282822
8.71540632555441,1.648632434834043,-1.6674616255161683,2.1911322806122646,-2.1217399122507357,4.545112437022208,2.3245261932941195,-0.20697273313999176,0.7010607123374939,0.44315463304519653,-0.43008947372436523,0.8988105654716492,-0.017506159842014313,0.08280052244663239
8.882010759899195,1.647870008233461,-1.66633810960518,2.190496782118826,-2.124154512649369,4.544336200302374,2.274544862990684,-0.2063157707452774,0.7025688886642456,0.4433004856109619,-0.4519787132740021,0.8879534602165222,-0.018863892182707787,0.08305488526821136
9.048615194243983,1.6471075720158321,-1.6652145066975144,2.189861286319963,-2.126569161515278,4.543559777169249,2.224563532687248,-0.20565646886825562,0.7040755748748779,0.4434465765953064,-0.4735928475856781,0.8765626549720764,-0.020246513187885284,0.08329322189092636
9.215219628588768,1.646345196692385,-1.6640908714102889,2.189225854018388,-2.128983640331614,4.542783160457553,2.1745822023838124,-0.2049950659275055,0.7055807113647461,0.44359272718429565,-0.4949190318584442,0.8646453619003296,-0.021653933450579643,0.08351396769285202
9.381824062933553,1.6455827440657027,-1.6629673868154458,2.1885904484125027,-2.131398277538451,4.542007017598214,2.124600872080377,-0.20433145761489868,0.7070844173431396,0.4437391757965088,-0.5159444808959961,0.8522088527679443,-0.023085981607437134,0.08371633291244507
9.548428497278339,1.6448204765125751,-1.6618439244256455,2.187955012082919,-2.1338124631794906,4.541230252635745,2.0746195417769413,-0.2036655843257904,0.7085867524147034,0.4438861310482025,-0.5366563200950623,0.8392606377601624,-0.024542808532714844,0.0838993638753891
9.715032931623124,1.644058147427096,-1.6607205582960152,2.187319777162163,-2.1362267576899843,4.5404537518006975,2.0246382114735058,-0.2029976099729538,0.710087239742279,0.4440329670906067,-0.5570423603057861,0.8258087635040283,-0.02602427266538143,0.08406142890453339
9.88163736596791,1.6432958058917917,-1.6595971890365322,2.1866843012952843,-2.138641096819024,4.539677192068498,1.97465688117007,-0.20232734084129333,0.711586594581604,0.4441802203655243,-0.5770902037620544,0.8118614554405212,-0.02753010019659996,0.08420202136039734
10.048242062706736,1.6425333973293512,-1.6584738886905601,2.186048910383595,-2.141055134248861,4.538900594645394,1.924675472148422,-0.2016548216342926,0.7130844593048096,0.44432759284973145,-0.5967877507209778,0.7974271774291992,-0.029060356318950653,0.08431952446699142
10.21484693274001,1.6417711606278609,-1.6573506660043327,2.18541379719228,-2.143469085778919,4.538123899241614,1.8746940111384398,-0.20098033547401428,0.7145805954933167,0.4444752335548401,-0.616123378276825,0.7825146317481995,-0.03061465173959732,0.08441267907619476
10.381451091414831,1.6410089194013786,-1.656227569747976,2.1847785127558104,-2.145883105613278,4.537347187519162,1.8247127635359932,-0.20030353963375092,0.7160751819610596,0.4446232318878174,-0.6350852251052856,0.7671332359313965,-0.032192762941122055,0.08448081463575363
10.54805550071135,1.6402466731757526,-1.6551046433453818,2.184143370334156,-2.1482969065803506,4.5365698949748685,1.774731440747038,-0.19962428510189056,0.7175683379173279,0.44477152824401855,-0.6536619067192078,0.7512920498847961,-0.033794622868299484,0.08452267199754715
10.714660238734126,1.6394847093567406,-1.6539817532782146,2.1835084026917273,-2.1507106920074555,4.535793171152023,1.7247500193402052,-0.19894330203533173,0.7190595865249634,0.44491976499557495,-0.671842634677887,0.7350009083747864,-0.03541962429881096,0.08453662693500519
10.88126516412952,1.6387226297548787,-1.6528587961749968,2.1828732339505668,-2.153124413451084,4.535016393333436,1.6747685417215874,-0.19826002418994904,0.7205495834350586,0.4450683891773224,-0.6896162629127502,0.7182697653770447,-0.037067342549562454,0.08452188223600388
11.047866022195619,1.637960433959961,-1.651735782623291,2.1822378635406494,-2.155538558959961,4.534238815307617,1.6247882843017578,-0.1975741684436798,0.7220384478569031,0.445217490196228,-0.7069715261459351,0.7011091709136963,-0.0387374684214592,0.08447777479887009
11.820852434243958,1.6058638095855713,-1.6148788928985596,2.0999796390533447,-1.923642635345459,4.61940336227417,1.6229785124408167,-0.19892016053199768,0.7192456126213074,0.4452081322669983,0.700931966304779,-0.7086513042449951,0.0799960047006607,0.01040393766015768
11.985000950369107,1.6063116230431105,-1.6098119559538158,2.0944210516978745,-1.8743980805079141,4.570402589817629,1.6318242068847362,-0.18450859189033508,0.709140419960022,0.4419400691986084,0.6980122327804565,-0.706866979598999,0.11423302441835403,0.008292765356600285
12.14915344013724,1.6067587467206141,-1.6047471365511687,2.088865127703143,-1.825152333577474,4.521402119776473,1.6406664334886358,-0.17019033432006836,0.6991181373596191,0.44005459547042847,0.6951489448547363,-0.7034030556678772,0.1481807678937912,0.0058788419701159
12.313305929905376,1.6072053250750822,-1.5996840550684162,2.0833110162435133,-1.7759065866470336,4.472402849365496,1.6495057490460037,-0.15600533783435822,0.6893098950386047,0.43951964378356934,0.6923628449440002,-0.6982755064964294,0.1817552149295807,0.0031712492927908897
12.477458419673509,1.6076519007536711,-1.5946215073551124,2.077757212755528,-1.7266608397165935,4.4234034916479255,1.6583439613290178,-0.14199218153953552,0.6798430681228638,0.44029200077056885,0.6896737217903137,-0.6915047764778137,0.2148749679327011,0.00017851100710686296
12.641610909441644,1.6080985603842612,-1.5895592151000149,2.0722031275191846,-1.677415092786153,4.374402717194364,1.6671820638432198,-0.1281891167163849,0.6708378791809082,0.44231459498405457,-0.6871011257171631,0.6831151247024536,-0.2474592924118042,0.0030878488905727863
12.805763399209777,1.6085453648729695,-1.5844971045925251,2.0666488724242367,-1.628169345855713,4.325401884848867,1.6760197394645733,-0.11463475227355957,0.6624071598052979,0.4455198347568512,-0.6846647262573242,0.6731345653533936,-0.2794283330440521,0.006614587735384703
12.969915888977912,1.6089921244026777,-1.579435287632579,2.061095264729803,-1.5789235989252726,4.276401810133041,1.6848569405693394,-0.10136619955301285,0.6546558141708374,0.4498292803764343,-0.682383120059967,0.6615951657295227,-0.31070417165756226,0.01038694754242897
13.134068378746045,1.609439055253777,-1.5743737711866932,2.0555426982302873,-1.5296778519948324,4.227402286896153,1.6936935589666064,-0.08841995894908905,0.6476791501045227,0.45515456795692444,-0.6802745461463928,0.648532509803772,-0.341211199760437,0.014389567077159882
13.29822086851418,1.609885770924302,-1.5693126642953656,2.049990648829116,-1.480432105064392,4.178403314551747,1.7025297760093694,-0.07583165168762207,0.6415636539459229,0.4613996744155884,-0.6783560514450073,0.6339864730834961,-0.37087467312812805,0.018605558201670647
13.462373358282314,1.6103324851249612,-1.5642514507759897,2.0444384993548486,-1.431186358133952,4.129403961119887,1.7113663673983057,-0.06363536417484283,0.6363855004310608,0.4684606194496155,-0.676643967628479,0.6180002689361572,-0.39962324500083923,0.02301761507987976
13.626525848050449,1.6107788711906497,-1.5591899113376466,2.038885731971816,-1.3819406112035115,4.08040392010182,1.7202032881209508,-0.051864318549633026,0.6322097778320312,0.47622671723365784,-0.6751539707183838,0.6006208658218384,-0.42738693952560425,0.027607088908553123
13.790678337818582,1.6112252206033202,-1.5541279273640556,2.0333318074901374,-1.3326948642730714,4.031402672337343,1.7290410080996983,-0.040550582110881805,0.629088819026947,0.4845828115940094,-0.6739005446434021,0.5818983912467957,-0.45409858226776123,0.03235407918691635
13.954830827586717,1.6116715591092203,-1.5490655283483645,2.027777367692813,-1.283449117342631,3.982400940765566,1.7378794504684871,-0.029725052416324615,0.6270625591278076,0.49340754747390747,-0.6728973388671875,0.5618864297866821,-0.47969377040863037,0.03723711147904396
14.118983317354852,1.612117949915632,-1.5440026621365137,2.022222486602397,-1.2342033704121906,3.9333990447664284,1.7467185197211403,-0.019416838884353638,0.6261585354804993,0.5025784373283386,-0.6721571087837219,0.5406415462493896,-0.5041108131408691,0.04223417863249779
14.283135807122985,1.6125644595655846,-1.5389393213627915,2.016667266276727,-1.1849576234817505,3.8843971244304196,1.7555581069233257,-0.0096534863114357,0.6263911128044128,0.5119699239730835,-0.6716911792755127,0.5182233452796936,-0.5272911787033081,0.04732232168316841
14.447288296891118,1.6130113171666605,-1.5338755948234861,2.0111119129997914,-1.1357118765513103,3.835395638464743,1.7643981417841699,-0.00046106427907943726,0.6277626156806946,0.5214571952819824,-0.671509861946106,0.4946945011615753,-0.549179196357727,0.05247778818011284
14.611440786659253,1.6134584543114685,-1.5288115912573763,2.0055565298813196,-1.08646612962087,3.786394526735731,1.7732386725409044,0.008136600255966187,0.6302617788314819,0.5309162139892578,-0.671622097492218,0.470120370388031,-0.5697227120399475,0.05767640098929405
14.775593276427388,1.6139056414309172,-1.5237473160291328,2.0000010995821955,-1.0372203826904296,3.737393531610771,1.7820797190858855,0.016117528080940247,0.633865475654602,0.5402247309684753,-0.6720355749130249,0.4445686340332031,-0.5888729095458984,0.0628935769200325
14.939745766195522,1.6143527636277752,-1.5186826904808974,1.994445493733162,-0.9879746357599895,3.6883926227103827,1.7909212008235977,0.02346169203519821,0.6385381817817688,0.5492647290229797,-0.672756552696228,0.41810956597328186,-0.6065844893455505,0.06810401380062103
15.103898255963657,1.6147997471232225,-1.5136179436827515,1.9888890850803413,-0.9387288888295492,3.639391157457687,1.7997633179839856,0.030151084065437317,0.6442327499389648,0.5579226613044739,-0.6737900376319885,0.3908156752586365,-0.6228159070014954,0.07328230887651443
15.268050745731792,1.615246424367405,-1.5085530592400245,1.9833320727818304,-0.8894831418991089,3.5903891390584377,1.80860614719453,0.03616949915885925,0.650890588760376,0.5660902857780457,-0.6751397252082825,0.36276155710220337,-0.6375290751457214,0.07840269804000854
15.432203235499927,1.615693029707092,-1.503487828756661,1.9777744140001887,-0.8402373949686686,3.541386625154682,1.817449524095855,0.04150290787220001,0.6584426164627075,0.5736667513847351,-0.6768078207969666,0.3340230882167816,-0.6506901979446411,0.083438940346241
15.596355802266258,1.6161395347728196,-1.4984222895430497,1.9722162400007341,-0.7909916249387691,3.4923837978762777,1.8262935142679548,0.04613906145095825,0.6668094992637634,0.5805584192276001,-0.6787951588630676,0.3046782314777374,-0.6622688174247742,0.08836466073989868
15.760508374152893,1.6165859944934724,-1.4933563839192532,1.9666576758064522,-0.7417458533727783,3.4433808598425397,1.8351381181493303,0.050068289041519165,0.6759032011032104,0.5866809487342834,-0.6811009645462036,0.274806410074234,-0.6722389459609985,0.0931534618139267
15.924660704804328,1.6170325991259733,-1.4882899023233138,1.9610987924930054,-0.6925001541773479,3.3943779955165887,1.8439832372777476,0.05328255891799927,0.6856275796890259,0.5919596552848816,-0.6837234497070312,0.24448801577091217,-0.6805784702301025,0.09777925163507462
16.088813194572463,1.617479743189981,-1.4832225247624922,1.955539489481068,-0.6432544072469075,3.3453751014931568,1.852829283592617,0.05577613413333893,0.6958801746368408,0.5963299870491028,-0.6866587996482849,0.21380437910556793,-0.687269389629364,0.10221607238054276
16.252965684340598,1.6179268328908272,-1.4781548427430766,1.9499799347635904,-0.5940086603164674,3.296372372597242,1.8616757149925445,0.05754593014717102,0.7065516114234924,0.5997394323348999,-0.6899019479751587,0.1828383058309555,-0.6922978162765503,0.10643811523914337
16.417118093190624,1.6183740433234761,-1.4730868819692615,1.9444203353821716,-0.5447629376614596,3.2473697361882956,1.870522583210905,0.058590367436409,0.7175282835960388,0.6021460890769958,-0.693446695804596,0.15167252719402313,-0.695654034614563,0.11042001098394394
16.581270444923874,1.6188213469752433,-1.4680187359870183,1.938860667482789,-0.495517232141485,3.1983671735010892,1.8793697970200858,0.05891004204750061,0.7286933660507202,0.6035212874412537,-0.6972848176956177,0.12039060145616531,-0.6973325610160828,0.11413735151290894
16.74542285562216,1.6192685387327284,-1.462950562737817,1.933300706648213,-0.4462715089319988,3.1493647110305885,1.8882171343958225,0.05850791931152344,0.7399274110794067,0.6038476824760437,-0.7014070749282837,0.0890761986374855,-0.6973320245742798,0.11756550520658493
16.909575424461057,1.6197157313518422,-1.4578828541457844,1.9277407351009583,-0.3970257382803291,3.1003619643754616,1.89706486835604,0.0573885440826416,0.7511100769042969,0.6031216382980347,-0.7058026194572449,0.05781310796737671,-0.6956552267074585,0.12068156152963638
17.07372787561614,1.6201626819284387,-1.4528151099185247,1.9221806405026693,-0.3477800029338044,3.0513589048776053,1.9059126784458382,0.05555838346481323,0.7621217370033264,0.6013502478599548,-0.7104593515396118,0.0266842320561409,-0.6923093795776367,0.1234625056385994
17.237880286094413,1.6206096496092508,-1.4477472967498026,1.9166203770372103,-0.2985342797903223,3.0023558839731628,1.914760678672716,0.05302591621875763,0.7728437781333923,0.5985546708106995,-0.7153638601303101,-0.004226970486342907,-0.687305748462677,0.12588661909103394
17.402032715353236,1.6210567165422707,-1.4426793372058455,1.9110599226727067,-0.249288551012675,2.953353055389662,1.9236088909049878,0.04980109632015228,0.783160924911499,0.5947673320770264,-0.7205012440681458,-0.03483841195702553,-0.6806595921516418,0.12793269753456116
17.56618520512137,1.6215037649195538,-1.4376110984645025,1.905499280046625,-0.20004280408223463,2.9043503527396792,1.9324572337012471,0.04589579999446869,0.792961597442627,0.5900330543518066,-0.7258553504943848,-0.06506870687007904,-0.6723902821540833,0.1295812427997589
17.73033761533003,1.6219510379570061,-1.432542404430852,1.8999383705084085,-0.15079708101963718,2.855347585864082,1.9413058250284865,0.04132327437400818,0.8021394610404968,0.584408164024353,-0.731408953666687,-0.09483728557825089,-0.6625213623046875,0.13081355392932892
17.894489963630505,1.622398393510151,-1.427473329495267,1.894377269059559,-0.10155137652949398,2.8063448903588673,1.9501546331512152,0.03609856963157654,0.810594916343689,0.5779594779014587,-0.7371435761451721,-0.12406518310308456,-0.6510801911354065,0.13161210715770721
18.058642461676623,1.6228458215437274,-1.4224041259836544,1.8888161067712583,-0.052305627115659156,2.757342201953815,1.9590036236932211,0.030238091945648193,0.8182351589202881,0.5707647204399109,-0.7430396676063538,-0.1526745855808258,-0.6380978226661682,0.13196085393428802
18.222795080491487,1.6232932815488061,-1.4173349573958043,1.8832549759513315,-0.0030598414712001334,2.7083395990993893,1.9678526532814493,0.023759618401527405,0.8249760866165161,0.5629108548164368,-0.7490763664245605,-0.1805892139673233,-0.6236096024513245,0.13184484839439392
18.386947599525815,1.6237407041552732,-1.4122659173209318,1.87769395422726,0.046185914239098354,2.659337275868019,1.9767015289021699,0.01668217033147812,0.8307429552078247,0.5544933080673218,-0.7552322149276733,-0.20773497223854065,-0.6076542139053345,0.1312507688999176
18.551099912294912,1.6241879911368229,-1.4071972312602903,1.8721333024631126,0.09543160806982723,2.610335412788971,1.985550314706997,0.009025894105434418,0.8354712128639221,0.5456151366233826,-0.7614844441413879,-0.23403939604759216,-0.5902740359306335,0.13016684353351593
18.715252385145625,1.6246352381453741,-1.402128883069245,1.8665728407165294,0.1446773499250411,2.5613336434107743,1.9943988391762948,0.0008118748664855957,0.8391075134277344,0.5363861322402954,-0.7678097486495972,-0.2594325840473175,-0.5715149641036987,0.12858277559280396
18.879404656449285,1.6250824568104438,-1.3970607240742023,1.8610124424107022,0.1939230313161387,2.51233180310378,2.003247109714264,-0.007938012480735779,0.841610312461853,0.5269210934638977,-0.7741838097572327,-0.28384706377983093,-0.5514258742332458,0.12649014592170715
19.043556818252984,1.6255295955579607,-1.3919926338023545,1.855452110389981,0.24316867985724855,2.4633299800685617,2.012095126053888,-0.017200686037540436,0.8429497480392456,0.5173395276069641,-0.7805817127227783,-0.3072173595428467,-0.5300594568252563,0.12388193607330322
19.207708994395077,1.6259767282879436,-1.3869245552476148,1.8498918968786497,0.29241433269987677,2.4143283200676726,2.0209428062626023,-0.026952549815177917,0.8431082367897034,0.5077632069587708,-0.7869778871536255,-0.3294813930988312,-0.5074708461761475,0.12075263261795044
19.371861358268006,1.6264239840630526,-1.381856542486647,1.844331791382667,0.34166004186175525,2.3653267945147687,2.029790065945859,-0.03716951608657837,0.8420814871788025,0.4983169436454773,-0.793346107006073,-0.3505793511867523,-0.4837185740470886,0.11709921807050705
19.53601407208903,1.6268713610024368,-1.3767887024219048,1.8387717924227793,0.39090585600806277,2.316325177521331,2.0386369028433986,-0.047826796770095825,0.8398776650428772,0.48912516236305237,-0.7996600866317749,-0.37045496702194214,-0.4588637948036194,0.11291982233524323
19.700166906320028,1.6273187087847045,-1.3717210547784549,1.833212216983649,0.44015170627736183,2.2673235933274882,2.047483298960524,-0.05889890342950821,0.8365176916122437,0.48031166195869446,-0.8058925867080688,-0.389054536819458,-0.43297016620635986,0.10821457952260971
19.864319553734596,1.6277661098788152,-1.3666537843192332,1.8276530647742568,0.4893975005017324,2.2183225684152608,2.0563292241205193,-0.070359967648983,0.8320356011390686,0.47199878096580505,-0.8120167255401611,-0.40632757544517517,-0.406104177236557,0.10298554599285126
20.028471977499624,1.6282136474861537,-1.3615869987036242,1.8220946770795972,0.5386432276312413,2.169321805088989,2.065174580828097,-0.08218413591384888,0.8264777660369873,0.4643048048019409,-0.8180049657821655,-0.4222276508808136,-0.3783342242240906,0.0972365215420723
20.19262464404722,1.628661228316492,-1.3565206112467048,1.8165368710601522,0.5878890275955202,2.120321546981573,2.0740192331206053,-0.0943450778722763,0.8199030160903931,0.45734378695487976,-0.823829710483551,-0.4367111921310425,-0.3497309386730194,0.09097319096326828
20.35677709212261,1.629108718483368,-1.351454807922014,1.810979710348712,0.6371347620181365,2.0713214024471,2.0828630607046916,-0.10681616514921188,0.8123818635940552,0.45122450590133667,-0.8294637203216553,-0.4497385621070862,-0.3203667104244232,0.08420340716838837
20.52092929409988,1.6295559196005456,-1.3463896578239352,1.8054231296018715,0.6863804226113175,2.022321158926084,2.0917057356666073,-0.1195710077881813,0.8039957880973816,0.44604814052581787,-0.8348795771598816,-0.46127378940582275,-0.2903156578540802,0.07693682610988617
20.685081315169594,1.63000277622378,-1.341325136198465,1.7998670015236635,0.7356260289322315,1.9733207630730971,2.100547086933248,-0.13258281350135803,0.794837236404419,0.4419083297252655,-0.8400501608848572,-0.47128453850746155,-0.25965356826782227,0.06918489933013916
20.849233457969678,1.6304494248538952,-1.3362613400608558,1.794311516529296,0.7848716717722566,1.9243203824500794,2.1093872605369355,-0.1458250880241394,0.7850074768066406,0.43888968229293823,-0.8449485301971436,-0.47974246740341187,-0.22845755517482758,0.06096087023615837
21.01338585164377,1.630896110488178,-1.3311983717328821,1.7887568597939916,0.834117389874484,1.8753200744617937,2.118226049755149,-0.15927140414714813,0.7746164798736572,0.4370666742324829,-0.84954833984375,-0.486623078584671,-0.19680571556091309,0.05227977782487869
21.1775382476271,1.6313431791550137,-1.3261363719229646,1.7832035573517426,0.8833631086694838,1.826320354500042,2.1270640655612465,-0.17289532721042633,0.7637821435928345,0.4365030527114868,-0.8538234829902649,-0.49190574884414673,-0.1647772341966629,0.04315849393606186
21.341691352960197,1.6317902316740607,-1.3210751361663784,1.7776512352416711,0.9326090402694127,1.7773206404335973,2.1359008987152506,-0.18667051196098328,0.7526293396949768,0.43725115060806274,-0.857748806476593,-0.49557390809059143,-0.13245177268981934,0.033615872263908386
21.505843661658595,1.6322369586192755,-1.316014715314912,1.7720997029459606,0.9818547328789323,1.7283206477688011,2.1447365473215965,-0.2005702406167984,0.7412883639335632,0.43935149908065796,-0.8612995147705078,-0.4976149797439575,-0.09990967065095901,0.023672599345445633
21.66999665459613,1.6326830387115479,-1.3109545707702637,1.7665486335754395,1.0311006307601929,1.6793196201324463,2.153571367263794,-0.2145686149597168,0.7298938632011414,0.44283145666122437,-0.8644521236419678,-0.4980202317237854,-0.06723113358020782,0.0133507726714015
21.775806528208825,1.6260905035363262,-1.2904570715301067,1.7451965155348603,1.062843592844002,1.675078638854419,2.1549917074943057,-0.211433544754982,0.7391369938850403,0.44283050298690796,-0.8665526509284973,-0.4956473410129547,-0.058480940759181976,0.00034587527625262737
21.97104806142864,1.6195323066448624,-1.2700663368238536,1.7239556134481766,1.094421271931701,1.6708597474120417,2.156404586411539,-0.2082049399614334,0.7483495473861694,0.44277477264404297,0.8684598803520203,0.4931030571460724,0.04969286918640137,0.012548577040433884
22.166338135181043,1.6130093274082542,-1.249785100790639,1.7028287754511953,1.1258293782204039,1.6666635115051947,2.1578098781393535,-0.20488446950912476,0.757531464099884,0.44266337156295776,0.87017422914505,0.4903922379016876,0.04087267816066742,0.025328397750854492
22.361548171071384,1.6065266409484447,-1.229629142991042,1.6818324390144663,1.1570434750280927,1.6624931959624418,2.159206489308198,-0.20147615671157837,0.7666760087013245,0.44249576330184937,0.8716956973075867,0.4875223636627197,0.032031793147325516,0.037981338798999786
22.55679022583184,1.6000813033055166,-1.209589310069857,1.660957069144549,1.1880777375042866,1.6583469069328496,2.1605950541562584,-0.1979799121618271,0.7757877707481384,0.44227057695388794,0.8730260133743286,0.48449698090553284,0.02317061461508274,0.05051114782691002
22.752084658173892,1.5936738022247738,-1.1896671185239596,1.6402042455668484,1.2189298171582434,1.6542249581832236,2.1619754676051004,-0.1943971812725067,0.7848670482635498,0.4419867694377899,0.8741666078567505,0.4813212454319,0.014294298365712166,0.0629149004817009
22.947277986137244,1.5873093946287122,-1.169878913167901,1.6195909945734779,1.2495744019393638,1.6501307314945168,2.163346597118589,-0.19073233008384705,0.7939059734344482,0.4416435658931732,0.8751180171966553,0.4780029058456421,0.005414372310042381,0.07518067955970764
23.189748528767606,1.5837888621199794,-1.1504081480330925,1.5994307566450576,1.2787406963334678,1.6486033853798567,2.174848348706357,-0.18848906457424164,0.8025150299072266,0.4410433769226074,0.8775781989097595,0.4713972806930542,-0.0015120445750653744,0.08740057051181793
23.535651252786824,1.5982866539702825,-1.1324449322354577,1.581623262657784,1.2992625293728444,1.6633829434865908,2.25117084172963,-0.19599416851997375,0.8084551692008972,0.4391222596168518,0.890205979347229,0.4444734454154968,0.004812799859791994,0.09976643323898315
23.78615780026088,1.6125620987515852,-1.1147572113837891,1.564088875370841,1.319469626935678,1.6779358331833982,2.326322805971847,-0.2035977691411972,0.8142538666725159,0.437152624130249,0.9016311168670654,0.41770899295806885,0.01211896538734436,0.11150600016117096
24.032855764599994,1.6266205064183448,-1.0973384062790765,1.5468210726198157,1.3393695053389327,1.692267467624314,2.40033219527358,-0.2112939953804016,0.819911003112793,0.43513625860214233,0.911902904510498,0.39114677906036377,0.020330142229795456,0.12257153540849686
24.275858819305963,1.6404683548044323,-1.0801804906833288,1.5298118977455903,1.358971334049692,1.7063844505406567,2.473233111685371,-0.21907773613929749,0.8254292011260986,0.43307456374168396,0.9210715293884277,0.36482295393943787,0.029371805489063263,0.13292331993579865
24.515336942535992,1.6541153303384926,-1.0632714628096644,1.5130494530038996,1.378288824347125,1.720296656617929,2.54507654865438,-0.2269463688135147,0.8308109045028687,0.4309682846069336,0.9291876554489136,0.3387632668018341,0.03917288780212402,0.14253097772598267
24.96316074400667,1.6675642735189378,-1.0466078031920507,1.496530249438706,1.39732599699762,1.734006981559958,2.615877459762679,-0.2348937690258026,0.8360564708709717,0.42881903052330017,0.9362968802452087,0.31300246715545654,0.04965958744287491,0.15136495232582092
25.304911917224373,1.6533775367098162,-1.0465332653444734,1.4948342483150845,1.3969683692995065,1.7200940352333887,2.662387225849294,-0.22712548077106476,0.8398314118385315,0.4287756085395813,0.946295440196991,0.28364598751068115,0.04555259644985199,0.14830642938613892
25.500155052319016,1.6369946482337188,-1.0477940982355072,1.4943347042346053,1.3950504064203684,1.703985392054212,2.7068494495393165,-0.21805649995803833,0.8434387445449829,0.42897671461105347,0.9555749893188477,0.2537494897842407,0.04014144837856293,0.14448615908622742
25.695413367971625,1.6206578478698774,-1.049051384169122,1.4938365654645323,1.3931378391275218,1.6879220654842657,2.751186592724788,-0.20896612107753754,0.8469889163970947,0.4292520582675934,0.9638168215751648,0.22365042567253113,0.0346427857875824,0.14084529876708984
25.890651995465007,1.6043744355150107,-1.0503045613426853,1.4933400545919995,1.3912315220279514,1.6719112332218935,2.795378843902916,-0.19985640048980713,0.8504798412322998,0.42960095405578613,0.9710181951522827,0.19340087473392487,0.029063794761896133,0.13738663494586945
26.08589712358996,1.5881462891968632,-1.0515534852225177,1.4928452288814904,1.3893316749844438,1.6559547418571439,2.8394211062136554,-0.19072642922401428,0.8539101481437683,0.4300231635570526,0.9771811962127686,0.16304269433021545,0.023410219699144363,0.134111225605011
26.281155755892243,1.5719875377655264,-1.0527955972117082,1.4923503582296906,1.3874303687413814,1.6400846744254955,2.883360705094969,-0.18157684803009033,0.8572802543640137,0.43051549792289734,0.9823127388954163,0.13259899616241455,0.017707346007227898,0.13101771473884583
26.530559456293766,1.5618181327748968,-1.0527672855958596,1.490849165659379,1.3809574414031283,1.6401123091110075,2.958181815215425,-0.17281964421272278,0.8615103960037231,0.42966580390930176,0.9875677824020386,0.09065733850002289,0.02234182506799698,0.12645918130874634
26.779289555827532,1.551676193776212,-1.052739050445312,1.4893520275783005,1.3745019964416998,1.6401398691595026,3.0328008450755553,-0.16401885449886322,0.8656526207923889,0.4288344383239746,0.9910094738006592,0.04862193763256073,0.026687897741794586,0.12175288796424866
27.38187580735816,1.5415613651275635,-1.0527108907699585,1.4878588914871216,1.3680638074874878,1.6401673555374146,3.107220411300659,-0.15517525374889374,0.8697065711021423,0.42802155017852783,0.9926444292068481,0.006570619065314531,0.030742578208446503,0.11691330373287201
27.545387544545864,1.5441501128524036,-1.050671788662779,1.4857007899436194,1.370158300010131,1.6416386086750976,3.058166890144348,-0.1569642722606659,0.8703663349151611,0.42769855260849,0.9919999837875366,0.03231268748641014,0.02868964895606041,0.11861182749271393
27.708902063283656,1.546738227452609,-1.0486330620752617,1.4835431810653508,1.372252180379128,1.6431092930364577,3.0091125345230103,-0.15875746309757233,0.8710220456123352,0.4273739457130432,0.9906867146492004,0.058027271181344986,0.026573460549116135,0.12027696520090103
27.87241658202145,1.5493257205520614,-1.0465945945057336,1.4813857413573654,1.37434577373492,1.6445799196842246,2.960058178901672,-0.16055455803871155,0.8716736435890198,0.4270479083061218,0.9887054562568665,0.08369644731283188,0.024394763633608818,0.1219068318605423
28.035931100759242,1.5519130949811284,-1.044556137497067,1.479228400946242,1.3764391107422682,1.6460503730899445,2.9110038232803346,-0.1623561978340149,0.8723211288452148,0.42672020196914673,0.9860577583312988,0.10930321365594864,0.022154096513986588,0.12349950522184372
28.199445619497038,1.5545003846783678,-1.0425177169824145,1.4770711604406481,1.3785323908843794,1.6475206313179631,2.8619494676589965,-0.16416214406490326,0.8729643821716309,0.42639097571372986,0.9827452898025513,0.1348300576210022,0.01985199749469757,0.1250530630350113
28.36296013823483,1.5570874331127242,-1.040479217669824,1.474913776547716,1.3806255950241777,1.6489910779583101,2.812895112037659,-0.16597242653369904,0.8736035227775574,0.42606014013290405,0.9787706732749939,0.16025979816913605,0.017489248886704445,0.12656539678573608
28.526474656972624,1.559674608843317,-1.0384407198635262,1.4727566385739017,1.38271858175088,1.65046132534233,2.7638407564163208,-0.1677873581647873,0.8742385506629944,0.4257277250289917,0.9741365313529968,0.18557532131671906,0.015066375955939293,0.12803447246551514
28.689989175710416,1.5622616966538678,-1.036402245131178,1.4705993823803483,1.3848117902348347,1.6519317005185823,2.714786400794983,-0.16960662603378296,0.8748693466186523,0.4253937602043152,0.9688460230827332,0.21075935661792755,0.012584233656525612,0.12945857644081116
28.85350369444821,1.5648488053894762,-1.0343637544361544,1.4684421337837337,1.3869048658758136,1.6534019126140949,2.665732045173645,-0.1714302897453308,0.8754959106445312,0.4250583052635193,0.9629029035568237,0.235794797539711,0.010043663904070854,0.1308354288339615
29.017018213186006,1.5674360036510686,-1.0323252366644255,1.4662850254731294,1.388997890316873,1.6548723375706278,2.616677689552307,-0.17325851321220398,0.8761180639266968,0.42472130060195923,0.9563112258911133,0.26066502928733826,0.0074454545974731445,0.13216331601142883
29.180532731923797,1.570023255327985,-1.0302867395643618,1.464127798562119,1.3910909504482922,1.6563427313293964,2.5676233339309693,-0.17509125173091888,0.8767361640930176,0.4243828058242798,0.9490755200386047,0.2853529453277588,0.004790647886693478,0.13344013690948486
29.344047250661593,1.5726105160559616,-1.028248224235248,1.4619705410706565,1.3931840014086156,1.6578130223889704,2.5185689783096312,-0.1769283264875412,0.8773499131202698,0.4240424633026123,0.9412009119987488,0.3098418414592743,0.0020800787024199963,0.13466401398181915
29.507561769399384,1.5751977357059401,-1.0262096618122554,1.4598133642361795,1.39527700404593,1.6592832677985982,2.4695146226882936,-0.17876984179019928,0.8779594302177429,0.4237007796764374,0.93269282579422,0.3341151773929596,-0.0006851778598502278,0.1358330249786377
29.67107628813718,1.577784813376625,-1.0241711335617159,1.4576560430390262,1.3973700494386359,1.6607535416378483,2.4204602670669555,-0.1806156188249588,0.8785646557807922,0.42335766553878784,0.9235569834709167,0.3581564724445343,-0.003503980580717325,0.13694524765014648
29.83459080687497,1.58037204523114,-1.0221325656048073,1.4554988412187095,1.3994631938815458,1.6622239709813589,2.371405911445618,-0.18246595561504364,0.8791652321815491,0.4230128526687622,0.9137998223304749,0.3819495737552643,-0.006375053431838751,0.13799896836280823
29.998105325612766,1.5829593008126102,-1.020094030608803,1.4533415895888284,1.4015562821707581,1.6636943435806717,2.3223515558242798,-0.18432053923606873,0.8797616958618164,0.4226665496826172,0.9034280180931091,0.40547820925712585,-0.0092972656711936,0.13899222016334534
30.16161984435056,1.5855465303598535,-1.018055481272625,1.4511842893458449,1.4036493445818021,1.6651646666799507,2.2732972002029417,-0.186179518699646,0.8803538680076599,0.42231887578964233,0.8924486637115479,0.4287264347076416,-0.012269384227693081,0.13992314040660858
30.325134363088353,1.5881336796632899,-1.0160168260404332,1.4490269737882628,1.405742459590199,1.6666349920850116,2.224242844581604,-0.18804283440113068,0.88094162940979,0.4219694137573242,0.8808692097663879,0.45167869329452515,-0.01529003493487835,0.1407899707555771
30.488648881826148,1.5907210881310787,-1.0139781541721054,1.4468697015493428,1.4078356606791511,1.6681054126203863,2.175188488960266,-0.18991070985794067,0.8815246820449829,0.42161840200424194,0.8686978220939636,0.47431957721710205,-0.0183578971773386,0.1415911614894867
30.65216340056394,1.5933084462470244,-1.0119394829151565,1.4447123441589977,1.4099287936720428,1.669575826302063,2.1261341333389283,-0.19178277254104614,0.8821033835411072,0.4212660789489746,0.8559426665306091,0.49663349986076355,-0.02147134579718113,0.14232473075389862
30.815677919301734,1.5958957812884558,-1.0099008163083445,1.4425549297001856,1.4120218835616591,1.6710462494302651,2.0770797777175902,-0.19365914165973663,0.8826779127120972,0.42091208696365356,0.8426125645637512,0.5186054110527039,-0.02462894842028618,0.14298897981643677
30.979192438039526,1.5984832590665925,-1.007862163639294,1.4403975680655632,1.414115041070289,1.6725167642517957,2.0280254220962526,-0.19553989171981812,0.8832476735115051,0.4205566644668579,0.8287166953086853,0.5402204990386963,-0.027829142287373543,0.14358240365982056
31.14270695677732,1.6010707891015143,-1.005823424661439,1.4382401900650106,1.4162082694195246,1.6739872054652587,1.9789710664749145,-0.19742511212825775,0.8838130235671997,0.42019957304000854,0.8142645955085754,0.5614641904830933,-0.031070461496710777,0.1441032439470291
31.306221475515112,1.603658344719859,-1.0037846086403068,1.4360827705050465,1.4183014819195008,1.6754576428830206,1.9299167108535766,-0.19931459426879883,0.8843738436698914,0.4198410212993622,0.7992660403251648,0.5823220610618591,-0.03435106948018074,0.14454996585845947
31.469735994252904,1.6062459185772227,-1.0017457101587424,1.4339252947648091,1.420394643126478,1.6769281031123402,1.8808623552322388,-0.20120830833911896,0.8849301338195801,0.41948071122169495,0.7837315797805786,0.6027799844741821,-0.03766929358243942,0.14492113888263702
31.633250512990696,1.6088334969274716,-0.9997068933115844,1.431767900453089,1.422487893142486,1.678398565894866,1.831807999610901,-0.20310640335083008,0.8854818344116211,0.4191189408302307,0.7676714658737183,0.6228242516517639,-0.04102340713143349,0.1452150046825409
31.796765031728487,1.6114211569075796,-0.9976680329581171,1.4296105134084138,1.4245811411088671,1.679869055621572,1.782753643989563,-0.2050086259841919,0.886029064655304,0.41875576972961426,0.7510971426963806,0.6424411535263062,-0.04441157355904579,0.14543022215366364
31.960279550466282,1.6140088930552858,-0.9956291218220301,1.427453117843521,1.4266744045983129,1.6813395823018633,1.733699288368225,-0.20691528916358948,0.8865712881088257,0.41839098930358887,0.7340197563171387,0.6616175770759583,-0.04783184826374054,0.1455654352903366
32.123794069204074,1.616596714170995,-0.9935901258154074,1.4252956703745057,1.4287677337757287,1.6828101829577868,1.684644932746887,-0.20882615447044373,0.8871092796325684,0.418024480342865,0.7164508700370789,0.680340588092804,-0.05128246173262596,0.14561916887760162
32.287308587941865,1.6191845321373783,-0.991551187211848,1.423138243218882,1.43086106397687,1.6842807609276762,1.6355905771255492,-0.21074125170707703,0.8876426219940186,0.4176566004753113,0.6984026432037354,0.6985973715782166,-0.05476135015487671,0.14559012651443481
32.45082310667966,1.6217724874769759,-0.9895121983686764,1.4209808097759284,1.4329543806860399,1.6857513098316765,1.5865362215042114,-0.21266072988510132,0.8881710767745972,0.4172872304916382,0.6798874735832214,0.7163758873939514,-0.05826648697257042,0.14547695219516754
32.61433762541745,1.6243606138297544,-0.987473128927107,1.418823351946056,1.435047686303754,1.6872218206897032,1.5374818658828735,-0.21458448469638824,0.8886950016021729,0.4169161915779114,0.6609179973602295,0.7336639761924744,-0.061795905232429504,0.1452784240245819
32.77785214415524,1.6269486580018353,-0.9854340678469585,1.4166657629413086,1.437141074527527,1.688692239956021,1.4884275102615356,-0.21651244163513184,0.8892142176628113,0.4165436029434204,0.6415072083473206,0.7504500150680542,-0.06534741818904877,0.14499333500862122
32.94136666289303,1.6295367894932653,-0.983395012390192,1.4145082543479754,1.4392344760485045,1.690162786958937,1.4393731546401978,-0.21844448149204254,0.8897286653518677,0.41616958379745483,0.6216683983802795,0.766722559928894,-0.06891890615224838,0.1446206271648407
33.10488118163082,1.6321250345451246,-0.981355944880617,1.4123507402085025,1.441327934103179,1.6916333996078994,1.39031879901886,-0.22038084268569946,0.8902382850646973,0.4157940745353699,0.6014149785041809,0.7824708223342896,-0.07250822335481644,0.1441592127084732
33.268395700368615,1.6347133859601592,-0.9793168439859566,1.4101931765481308,1.4434214593942873,1.6931040220365552,1.341264443397522,-0.22232145071029663,0.8907433748245239,0.41541704535484314,0.5807610750198364,0.7976841926574707,-0.07611312717199326,0.14360807836055756
33.431910219106406,1.6373016193356458,-0.9772776354982623,1.4080356429222538,1.4455149041467474,1.6945745004191548,1.292210087776184,-0.22426600754261017,0.8912434577941895,0.4150382876396179,0.5597206950187683,0.8123523592948914,-0.07973142713308334,0.1429661065340042
33.5954247378442,1.6398900877458897,-0.9752384680073235,1.405878018872168,1.447608384934238,1.6960449476923924,1.243155732154846,-0.22621504962444305,0.8917388319969177,0.4146580398082733,0.5383080840110779,0.8264654874801636,-0.0833607017993927,0.14223241806030273
33.75893925658199,1.6424786454316427,-0.9731992878671046,1.4037203119094792,1.4497018848438998,1.6975154472829794,1.1941013765335082,-0.22816823422908783,0.892229437828064,0.41427648067474365,0.516538143157959,0.8400141000747681,-0.08699861168861389,0.14140626788139343
33.92245377531978,1.64506723895309,-0.9711600803085871,1.401562533027094,1.45179545552502,1.6989859394080873,1.1450470209121704,-0.23012539744377136,0.8927151560783386,0.4138932526111603,0.4944256842136383,0.8529890775680542,-0.09064295887947083,0.14048679172992706
34.085968210218795,1.6476559004908593,-0.969120844973021,1.399404741559553,1.4538891338555784,1.7004563831058355,1.095992690442466,-0.23208682239055634,0.8931960463523865,0.4135085940361023,0.4719858169555664,0.8653818964958191,-0.09429120272397995,0.13947324454784393
34.24948241543107,1.6502447276931542,-0.967081582155389,1.3972470154416654,1.455982847451134,1.7019268910517193,1.046938428878784,-0.23405243456363678,0.8936721086502075,0.41312238574028015,0.4492337703704834,0.8771839737892151,-0.09794094413518906,0.13836504518985748
34.41299692313987,1.6528334371141475,-0.9650422927983816,1.3950890419980935,1.4580765410926024,1.7033972934599688,0.9978840765661428,-0.23602208495140076,0.894143283367157,0.4127346873283386,0.4261853098869324,0.8883875608444214,-0.10158980637788773,0.13716138899326324
34.57651126365423,1.655422548499123,-0.9630029284038218,1.3929309282750046,1.4601701645771454,1.704867675762175,0.9488297744118339,-0.23799601197242737,0.8946095108985901,0.41234543919563293,0.4028557240962982,0.8989850878715515,-0.10523506253957748,0.1358618140220642
34.74002597164444,1.6580115140534344,-0.9609635095869995,1.390772755236189,1.4622641195603807,1.7063380439667863,0.8997753620147706,-0.23997396230697632,0.8950710296630859,0.41195476055145264,0.3792616128921509,0.9089696407318115,-0.10887449234724045,0.13446587324142456
34.90354053984146,1.6606007307576878,-0.9589240291745027,1.3886145980274882,1.4643578762091674,1.7078083759253941,0.850720991555665,-0.24195609986782074,0.8955272436141968,0.41156232357025146,0.3554186522960663,0.9183344841003418,-0.1125054880976677,0.13297319412231445
35.067055105144334,1.663190065525214,-0.9568844243764716,1.3864561856488993,1.4664518640636992,1.7092786212041924,0.8016666219648019,-0.2439422905445099,0.8959786891937256,0.41116863489151,0.33134326338768005,0.9270732998847961,-0.11612540483474731,0.1313832551240921
35.23056971860821,1.6657796778535656,-0.9548445950037617,1.3842977257487168,1.4685460752665644,1.7107489922804615,0.7526122379256402,-0.24593284726142883,0.8964251279830933,0.41077321767807007,0.3070516884326935,0.9351804256439209,-0.11973188072443008,0.12969614565372467
35.394084200178284,1.6683698075875446,-0.9528043394111798,1.3821386273612488,1.4706404377877702,1.7122196717886142,0.703557893454618,-0.24792760610580444,0.8968669772148132,0.41037601232528687,0.2825606167316437,0.9426503777503967,-0.12332199513912201,0.12791146337985992
35.557598366651256,1.6709606647491455,-0.950763463973999,1.379978895187378,1.4727352857589722,1.7136906385421753,0.6545036435127258,-0.2499271035194397,0.8973038196563721,0.4099772870540619,0.25788649916648865,0.9494783878326416,-0.12689346075057983,0.12602923810482025
35.771753481703826,1.660537686247189,-0.941335444451865,1.3695547460271422,1.4863553095088997,1.7086724662453145,0.5902571089969538,-0.24238169193267822,0.9037200808525085,0.4088080823421478,0.23200954496860504,0.9552215337753296,-0.13823632895946503,0.1208886057138443
35.98508486228534,1.650154789457896,-0.9319436805134301,1.359170683081353,1.4999229572630104,1.7036735914016783,0.5262576948224998,-0.23475947976112366,0.9100433588027954,0.4076259136199951,0.20613132417201996,0.9601908922195435,-0.1493145078420639,0.11510134488344193
36.19758764402083,1.6398122208016443,-0.9225883950562215,1.3488269527980652,1.5134379070162851,1.6986941326510496,0.462506860301853,-0.22706247866153717,0.9162730574607849,0.40643078088760376,0.18027645349502563,0.9643946886062622,-0.16009621322155,0.10868537425994873
36.40926438224727,1.6295098559094825,-0.9132694755833264,1.3385234307943585,1.5269003212854235,1.6937340301156476,0.3990038388339199,-0.21929243206977844,0.9224085211753845,0.40522295236587524,0.15446807444095612,0.9678414463996887,-0.17055143415927887,0.10165981203317642
36.69331330370311,1.6192464958365091,-0.9039858375989901,1.3282589179906719,1.5403117667682782,1.6887927065600792,0.3357412402102747,-0.21145054697990417,0.9284498691558838,0.4040023684501648,0.12872593104839325,0.9705410003662109,-0.18065248429775238,0.09404405206441879
36.95293077000609,1.606220927853318,-0.9047948946953298,1.329808689371452,1.5413826410083877,1.6787326612001336,0.3306294434355175,-0.20224404335021973,0.9297423958778381,0.40410318970680237,0.13350442051887512,0.9699867367744446,-0.18332281708717346,0.08772135525941849
37.2314217808795,1.5916856757616868,-0.910815491256002,1.3374628971545743,1.5360946594603337,1.6659666435762248,0.3554811937025626,-0.19237588346004486,0.9285455942153931,0.4049109220504761,0.15401142835617065,0.967612087726593,-0.18233823776245117,0.0822194516658783
37.43095680430055,1.5770453633840322,-0.9168796044748448,1.3451724292797793,1.5307684565694077,1.6531083536302056,0.3805125715381415,-0.1825186014175415,0.927253007888794,0.40574684739112854,0.17459340393543243,0.9647455811500549,-0.18140065670013428,0.07666165381669998
37.63042371078849,1.56230952783831,-0.9229832840151734,1.3529322635374743,1.5254075019764148,1.640166167619684,0.4057072707872442,-0.17268016934394836,0.9258652329444885,0.4066111147403717,0.1952238380908966,0.9613816738128662,-0.18051202595233917,0.0710519477725029
37.82981830939174,1.5474782122549315,-0.9291265120120888,1.3607423772153513,1.5200118113723675,1.6271401234252267,0.4310652177073444,-0.16286183893680573,0.924382746219635,0.40750449895858765,0.2158890664577484,0.9575141072273254,-0.17967376112937927,0.06539083272218704
38.029378385390046,1.5325331917194793,-0.935316837344439,1.3686123674831665,1.5145747544621362,1.6140142144734915,0.45661757247501783,-0.15305298566818237,0.9228037595748901,0.40842849016189575,0.23660041391849518,0.9531312584877014,-0.17888644337654114,0.059671800583601
38.22886145963788,1.517492000135196,-0.9415469973547279,1.3765330010549874,1.5091027101482826,1.6008038404366964,0.48233435637494176,-0.1432666927576065,0.9211300015449524,0.40938282012939453,0.25731897354125977,0.9482315182685852,-0.17815250158309937,0.0539020299911499
38.428266284163,1.5023547338275367,-0.9478169521443215,1.3845042272062,1.5035957134743845,1.5875090859155385,0.5082154047139864,-0.13350407779216766,0.9193618297576904,0.41036802530288696,0.27803003787994385,0.9428098797798157,-0.1774733066558838,0.0480821318924427
38.627806970025304,1.4871046786640862,-0.9541336248162728,1.392534847534576,1.498047683773712,1.5741152712259203,0.5342892945984932,-0.1237558051943779,0.9174973368644714,0.4113858938217163,0.2987411320209503,0.9368546009063721,-0.17684990167617798,0.042206332087516785
38.827291571642164,1.471756006356119,-0.9604911453550077,1.4006173992715272,1.492463776770242,1.5606348430949262,0.5605317958446834,-0.11403238773345947,0.9155383706092834,0.4124360680580139,0.31941714882850647,0.9303656220436096,-0.17628426849842072,0.03628060221672058
39.098439626283934,1.456311051045553,-0.9668885469436646,1.4087506532669067,1.486844841633932,1.5470698515521448,0.5869389176368713,-0.10433650761842728,0.913485586643219,0.4135190546512604,0.3400391936302185,0.9233401417732239,-0.17577806115150452,0.030306575819849968
39.2630762130237,1.4411513305937402,-0.9595429863769259,1.4238896396152105,1.4940884272018526,1.5220232650509598,0.6363298936588008,-0.09888176620006561,0.9076666235923767,0.40302813053131104,0.37094324827194214,0.9081588983535767,-0.19240185618400574,0.025097418576478958
39.427713991856365,1.4259961568278658,-0.9521994435770456,1.4390244878877612,1.5013299218948934,1.4969836495113726,0.685721227308599,-0.09362368285655975,0.901857316493988,0.3930179476737976,0.40140190720558167,0.8914669156074524,-0.2091454118490219,0.020527223125100136
39.59235177068903,1.410843257990671,-0.9448569097365779,1.454157236029228,1.508570388757888,1.4719475148143106,0.735112560958397,-0.08855201303958893,0.896083652973175,0.38347965478897095,0.4313338100910187,0.8732743263244629,-0.22598092257976532,0.016602205112576485
39.75698954952169,1.395691320613953,-0.9375149046630912,1.469289200204837,1.5158105427509465,1.446912762327561,0.7845038946081953,-0.08365563303232193,0.8903710842132568,0.3744041919708252,0.4606577754020691,0.8535962700843811,-0.2428789883852005,0.013327699154615402
39.921627328354354,1.3805399561122704,-0.9301731542542601,1.4844205586917618,1.5230503547603116,1.4218787580274301,0.8338952282579933,-0.07892263680696487,0.8847440481185913,0.3657817840576172,0.4892921447753906,0.8324527740478516,-0.2598092555999756,0.010708468966186047
40.08626510718702,1.3653891354058936,-0.9228316555027417,1.4995516649240919,1.5302901103616637,1.39684555235871,0.8832865619077914,-0.07433971762657166,0.8792259693145752,0.35760146379470825,0.5171562433242798,0.8098686933517456,-0.2767408788204193,0.008748122490942478
40.25090288601968,1.3502385705498896,-0.9154903265838262,1.5146825898529959,1.5375296665836395,1.371812625303045,0.9326778955575896,-0.06989286839962006,0.8738390207290649,0.34985166788101196,0.5441704392433167,0.7858734130859375,-0.29364264011383057,0.007448585703969002
40.415540664852344,1.3350882231243326,-0.9081491742938775,1.5298133700812226,1.5447692010157925,1.3467799191265317,0.9820692292073878,-0.06556685268878937,0.8686032295227051,0.34251949191093445,0.5702558159828186,0.7605011463165283,-0.3104834258556366,0.00681079039350152
40.58017844368501,1.3199379640396258,-0.9008081285795811,1.5449440482643855,1.5520086776384856,1.3217474261897302,1.0314605628571858,-0.061345476657152176,0.8635380864143372,0.33559101819992065,0.5953356027603149,0.7337902188301086,-0.32723185420036316,0.006834013387560844
40.74481622251767,1.3047876882834297,-0.8934670947279985,1.560074781182485,1.5592481521081722,1.2967149027139768,1.080851896506984,-0.05721205472946167,0.8586606383323669,0.32905158400535583,0.6193345785140991,0.7057836651802063,-0.34385693073272705,0.007516381796449423
40.90945400135033,1.2896373571433384,-0.8861260929892766,1.5752054287809518,1.5664875915034568,1.271682489896024,1.1302432301567822,-0.05314895510673523,0.8539864420890808,0.32288575172424316,0.6421793699264526,0.676529049873352,-0.3603270351886749,0.008854519575834274
41.074091780183,1.274486883005933,-0.8787851233601044,1.5903360684085093,1.5737269800142109,1.2466501690712488,1.1796345638065802,-0.04913809895515442,0.8495293855667114,0.3170768916606903,0.6637993454933167,0.6460778117179871,-0.37661153078079224,0.010843781754374504
41.23872955901566,1.2593363154278416,-0.8714441287593132,1.6054667999814498,1.5809664432560921,1.2216178240072675,1.2290258974563786,-0.045161016285419464,0.8453018665313721,0.31160768866539,0.6841260194778442,0.6144857406616211,-0.39267945289611816,0.013478077948093414
41.40336733784832,1.2441856456385996,-0.8641031076004261,1.6205974994303536,1.5882059300360294,1.1965855039328788,1.2784172311061766,-0.04119879752397537,0.8413135409355164,0.30646055936813354,0.703093945980072,0.5818126201629639,-0.4085002541542053,0.016749951988458633
41.568005116680986,1.2290348104484368,-0.8567621019443294,1.6357282777182078,1.5954455633241862,1.1715529803710374,1.3278085647559748,-0.03723229467868805,0.837573230266571,0.3016168773174286,0.7206406593322754,0.5481216907501221,-0.42404377460479736,0.020650558173656464
41.73264289551365,1.213883816122367,-0.849420998889112,1.6508591793199119,1.6026852505551077,1.146520224601627,1.377199898405773,-0.0332426056265831,0.8340871334075928,0.2970573306083679,0.7367069721221924,0.5134803056716919,-0.4392804205417633,0.02516986057162285
41.89728067434631,1.19873275550788,-0.8420798360245535,1.6659902445082158,1.6099248577024723,1.1214873191282844,1.426591232055571,-0.02921053022146225,0.830859899520874,0.2927623987197876,0.7512370347976685,0.47795918583869934,-0.45418062806129456,0.03029642254114151
42.061918453178976,1.1835815320161274,-0.8347386038176479,1.6811214218459767,1.6171646841344538,1.0964542179672045,1.4759825657053691,-0.025116994976997375,0.8278942108154297,0.2887120544910431,0.7641788721084595,0.4416322410106659,-0.4687155783176422,0.036017660051584244
42.22655623201164,1.1684301287908379,-0.8273972779797896,1.6962527746495544,1.6244045310706208,1.0714209496829563,1.5253738993551673,-0.02094309777021408,0.8251907229423523,0.28488561511039734,0.7754843235015869,0.4045763313770294,-0.4828571081161499,0.04231944680213928
42.391194123050546,1.153278673831802,-0.8200558397591745,1.7113842121634246,1.6316445028099233,1.046387376811643,1.574765266666839,-0.01667078584432602,0.8227484226226807,0.28126248717308044,0.785109281539917,0.3668716549873352,-0.49657756090164185,0.049186646938323975
42.55583198835911,1.138127082771298,-0.8127143388342418,1.7265157002447509,1.6388844778778768,1.0213535450049525,1.6241566262594083,-0.012282021343708038,0.820564329624176,0.27782168984413147,0.7930138111114502,0.32860052585601807,-0.5098499059677124,0.05660264939069748
42.72046976719177,1.1229753645857115,-0.8053727822945671,1.741647338577449,1.6461245028857778,0.9963194929799086,1.6735479599092065,-0.0077596306800842285,0.8186336755752563,0.2745419144630432,0.7991623878479004,0.28984782099723816,-0.5226479768753052,0.06455002725124359
42.885107546024436,1.1078236021771528,-0.798031113307961,1.7567792372699695,1.6533647324310485,0.9712851579486774,1.7229392935590047,-0.003087073564529419,0.8169494271278381,0.271401971578598,0.8035239577293396,0.2507007122039795,-0.5349465012550354,0.07301008701324463
43.0497453248571,1.0926716211517276,-0.7906892983591626,1.7719112761180003,1.6606049464847588,0.9462504507231316,1.7723306272088026,0.0017513856291770935,0.8155035972595215,0.2683804929256439,0.8060722947120667,0.21124815940856934,-0.5467207431793213,0.08196272701025009
43.21438310368976,1.077519501014443,-0.7833474002443696,1.7870435056443736,1.667845339339108,0.9212154332374742,1.8217219608586008,0.006770431995391846,0.8142859935760498,0.2654562294483185,0.8067857623100281,0.1715807467699051,-0.5579471588134766,0.0913870632648468
43.379020882522425,1.0623670882329364,-0.7760053827600735,1.802175832876892,1.6750856949165798,0.8961799002331857,1.871113294508399,0.011983990669250488,0.8132851123809814,0.2626080811023712,0.8056476712226868,0.13179032504558563,-0.568602979183197,0.10126107931137085
43.54365866135509,1.0472143965867449,-0.768663200103633,1.8173082060105068,1.6823262321867518,0.8711440354922059,1.920504628158197,0.017404675483703613,0.8124876022338867,0.2598150074481964,0.8026459813117981,0.09197010844945908,-0.5786663293838501,0.11156158149242401
43.70829644018775,1.0320615960100676,-0.76132100495572,1.8324409383072018,1.6895669230893093,0.8461078279742222,1.9698959618079952,0.023043617606163025,0.8118789196014404,0.2570565938949585,0.7977741360664368,0.052213892340660095,-0.5881166458129883,0.12226498872041702
43.872934219020415,1.0169085068485602,-0.7539787059047298,1.8475738483544117,1.6968077492504208,0.8210711928077331,2.0192872954577936,0.028911009430885315,0.8114426136016846,0.25431227684020996,0.7910303473472595,0.012616210617125034,-0.5969342589378357,0.133346289396286
44.03757199785308,1.0017550134245692,-0.746636246495249,1.8627069406062018,1.7040486527991148,0.7960340407107663,2.0686786291075916,0.035015836358070374,0.8111617565155029,0.25156211853027344,0.7824178338050842,-0.026728345081210136,-0.6051005125045776,0.1447795331478119
44.20220977668574,0.9866012477384744,-0.7392937179628294,1.877840265091905,1.7112896998485734,0.7709964533387378,2.1180699627573896,0.0413651168346405,0.8110176920890808,0.24878676235675812,0.7719451785087585,-0.06572514772415161,-0.6125981211662292,0.15653842687606812
44.366847555518405,0.9714472997548177,-0.7319511308111454,1.8929738925493367,1.71853092903323,0.7459585191413809,2.167461296407188,0.047964513301849365,0.810990571975708,0.2459671050310135,0.7596259117126465,-0.10427974164485931,-0.6194108128547668,0.1685957908630371
44.53148533435107,0.9562928884546752,-0.7246083510278699,1.9081078225379617,1.7257722830347182,0.7209199897776094,2.216852630056986,0.05481836199760437,0.8110598921775818,0.24308490753173828,0.7454783916473389,-0.14229846000671387,-0.6255236864089966,0.18092331290245056
44.69612311318373,0.9411380262704812,-0.7172654308930715,1.9232420776735113,1.7330138288407748,0.6958807361829897,2.266243963706784,0.061929404735565186,0.8112044334411621,0.2401222288608551,0.7295265197753906,-0.17968855798244476,-0.6309229731559753,0.19349248707294464
44.860760892016394,0.9259827863306644,-0.7099223871352015,1.938376778675835,1.7402556054514926,0.6708408934580505,2.3156352973565824,0.06929835677146912,0.8114014267921448,0.23706242442131042,0.7117988467216492,-0.21635831892490387,-0.6355961561203003,0.20627406239509583
45.02539867084906,0.9108270318932484,-0.7025790925090661,1.953511836913113,1.7474975508720494,0.645800190492445,2.3650266310063803,0.07692466676235199,0.8116284012794495,0.23388895392417908,0.6923289895057678,-0.25221768021583557,-0.6395321488380432,0.21923817694187164
45.19003644968172,0.8956706571565368,-0.6952355002983934,1.9686476665948773,1.7547398828733451,0.620758428070503,2.4144179646561783,0.08480584621429443,0.8118618726730347,0.23058660328388214,0.6711552143096924,-0.2871782183647156,-0.6427211761474609,0.23235473036766052
45.354674228514384,0.8805132518933159,-0.6878915214216091,1.9837842544363606,1.7619827331510485,0.5957150203486485,2.4638092983059767,0.09293819963932037,0.8120783567428589,0.22714070975780487,0.648320734500885,-0.321153849363327,-0.6451548337936401,0.24559257924556732
45.51931200734705,0.865354834869639,-0.680547092586363,1.9989220552553857,1.7692261897275037,0.5706697162239021,2.5132006319557747,0.10131572186946869,0.8122535943984985,0.22353768348693848,0.623872697353363,-0.3540603816509247,-0.6468260288238525,0.2589210569858551
45.68394978617971,0.8501938610773415,-0.6732013682067116,2.0140623929440604,1.7764707908689434,0.545620021651198,2.5625919656055727,0.10993185639381409,0.8123634457588196,0.21976438164710999,0.5978620648384094,-0.3858177959918976,-0.6477296352386475,0.272308349609375
45.848585975555174,0.8350285291671753,-0.6658534407615662,2.0292069911956787,1.7837178707122803,0.5205627083778381,2.611982822418213,0.11877848207950592,0.8123839497566223,0.2158087193965912,0.5703431367874146,-0.41634851694107056,-0.6478620171546936,0.28572237491607666
46.01399966215403,0.8330483963392251,-0.6741806119410851,2.0348310942804075,1.734093764732624,0.5074492235334491,2.565006143722188,0.1140434592962265,0.8079990744590759,0.21414577960968018,0.5934104919433594,-0.39905229210853577,-0.6538978815078735,0.24706010520458221
46.17941573293867,0.8310688246405152,-0.6825053828380729,2.0404536676228693,1.6844689434972302,0.49433951147343347,2.5180321455233736,0.10957546532154083,0.8038811683654785,0.21238647401332855,0.6154360771179199,-0.3804296851158142,-0.6581868529319763,0.20809055864810944
46.34483180372332,0.8290895724049596,-0.6908280599756024,2.046074796368284,1.6348441222618366,0.4812331922713488,2.471060745259493,0.10537192225456238,0.8000234961509705,0.2105543464422226,0.636353611946106,-0.36053165793418884,-0.6607128977775574,0.16890650987625122
46.51024787450796,0.8271105182969302,-0.6991495389663654,2.0516953291172104,1.585219301026443,0.4681287613400077,2.4240912151251512,0.1014285683631897,0.7964181303977966,0.20867225527763367,0.6560995578765869,-0.33941254019737244,-0.6614651679992676,0.12960051000118256
46.675663945292605,0.8251316059278113,-0.7074701969584758,2.057315662249275,1.5355944797910492,0.4550258054518426,2.3771230636248797,0.09774059057235718,0.7930560111999512,0.2067614048719406,0.6746131181716919,-0.31712985038757324,-0.6604375839233398,0.0902666300535202
46.84108001607725,0.823152698987459,-0.715790332632576,2.0629355315921125,1.4859696585556557,0.44192370846514223,2.3301560459673434,0.094302237033844,0.7899276614189148,0.20484204590320587,0.6918367147445679,-0.293743759393692,-0.6576287150382996,0.050998564809560776
47.006496086861894,0.8211739154745218,-0.7241099594613718,2.068555179855338,1.436344837320262,0.42882225752322956,2.2831897642059107,0.09110698103904724,0.7870228290557861,0.2029329538345337,0.7077159285545349,-0.26931774616241455,-0.6530426144599915,0.011890634894371033
47.17191215764654,0.8191951261713488,-0.7324293164773061,2.0741744413208623,1.3867200160848683,0.41572142731041534,2.236224084418244,0.08814758062362671,0.7843304872512817,0.20105165243148804,-0.7221994400024414,0.24391788244247437,0.6466876864433289,0.026962915435433388
47.33732822843118,0.8172164510242299,-0.7407483862090897,2.079793890601707,1.3370951948494747,0.40262095052546576,2.1892587741441383,0.0854158103466034,0.7818386554718018,0.1992143839597702,-0.7352391481399536,0.2176131010055542,0.6385778784751892,0.06546849757432938
47.50274429921583,0.8152376887236087,-0.7490673285525095,2.0854130816804886,1.287470373614081,0.3895207152402932,2.142293580702144,0.08290353417396545,0.779535710811615,0.19743601977825165,-0.7467909455299377,0.19047455489635468,0.6287316679954529,0.1035332977771759
47.66816037000047,0.8132589615781277,-0.7573861955597275,2.0910322216346753,1.2378455523786873,0.37642059854944604,2.095328767561994,0.08060134947299957,0.7774088382720947,0.19572992622852325,-0.7568140029907227,0.16257591545581818,0.6171727180480957,0.14106523990631104
47.833576440785116,0.8112802140258205,-0.7657050485201529,2.0966514531469107,1.1882207311432937,0.36332050199206284,2.0483640040460718,0.07849965244531631,0.7754454612731934,0.19410818815231323,-0.7652714848518372,0.13399270176887512,0.6039294004440308,0.1779737025499344
47.99899251156976,0.8093014849260636,-0.7740239768701712,2.1022708150134166,1.1385959099079002,0.3502203523908334,2.0013993672626254,0.0765886902809143,0.7736326456069946,0.1925811618566513,-0.77213054895401,0.10480255633592606,0.5890350341796875,0.21416962146759033
48.164408582354405,0.8073226735712538,-0.7823429232680394,2.1078901054309336,1.0889710886725064,0.3371201119106392,1.9544345346052605,0.07485827803611755,0.7719573974609375,0.1911582052707672,-0.7773619890213013,0.07508447766304016,0.5725273489952087,0.24956564605236053
48.32982465313905,0.8053438859976629,-0.790661970063298,2.1135095493374467,1.0393462674371128,0.32401967626642303,1.907469589425726,0.07329770922660828,0.7704062461853027,0.1898467093706131,-0.7809411287307739,0.044919393956661224,0.5544489622116089,0.28407636284828186
48.49524072392369,0.8033652129468051,-0.7989811250428328,2.1191289288227315,0.9897214462017191,0.31091898075708124,1.8605044764216219,0.07189648598432541,0.768966794013977,0.18865296244621277,-0.7828471064567566,0.014388801530003548,0.5348470211029053,0.31761905550956726
48.66065679470834,0.8013864029168529,-0.8073004022034377,2.124748227714526,0.9400966249663254,0.29781797651417735,1.8135393555123127,0.07064412534236908,0.7676253318786621,0.18758168816566467,-0.7830636501312256,-0.016423866152763367,0.5137727856636047,0.35011306405067444
48.82607286549298,0.7994076413733208,-0.8156199135935375,2.130367736596876,0.8904718037309318,0.2847166815466263,1.7665737932557741,0.06952951848506927,0.7663695812225342,0.18663644790649414,-0.7815781235694885,-0.04743514582514763,0.4912818670272827,0.3814806044101715
48.99148893627763,0.7974288560329764,-0.8239395817599149,2.135987338542586,0.8408469824955381,0.2716150554214062,1.7196079487844864,0.06854237616062164,0.7651867866516113,0.18581917881965637,-0.7783829569816589,-0.07856050878763199,0.4674341678619385,0.41164731979370117
49.15690510508487,0.7954500391218075,-0.8322594714804372,2.1416072686632925,0.7912221318533663,0.25851304608962106,1.6726418526757747,0.06767188012599945,0.7640647888183594,0.1851305365562439,-0.773474395275116,-0.10971502214670181,0.442293256521225,0.44054126739501953
49.32232127652907,0.7934711859887077,-0.8405796025767069,2.1472273428439435,0.7415972804201061,0.24541066102683798,1.6256754780704938,0.06690791249275208,0.7629918456077576,0.18456992506980896,-0.7668532729148865,-0.1408139020204544,0.4159264862537384,0.46809473633766174
49.487737308961265,0.791492299596902,-0.8488999497076262,2.1528473598382956,0.6919724706904469,0.2323079385141673,1.5787088243660634,0.06624066829681396,0.7619566917419434,0.18413561582565308,-0.7585247755050659,-0.17177224159240723,0.38840463757514954,0.49424290657043457
49.65315321275208,0.7895134059737983,-0.8572204913017593,2.1584675829248208,0.6423476995532031,0.21920490151428734,1.5317419607123068,0.0656602755188942,0.7609487771987915,0.18382461369037628,-0.7484984993934631,-0.20250536501407623,0.3598024547100067,0.5189254283905029
49.81856911768679,0.7875345011437676,-0.8655412654261697,2.1640879054954154,0.5927229280727898,0.2061014547895127,1.4847748515026826,0.06515752524137497,0.7599575519561768,0.18363288044929504,-0.7367883324623108,-0.2329293191432953,0.33019712567329407,0.5420855283737183
49.983985162303355,0.7855555490262704,-0.8738623435821153,2.1697083329208127,0.5430981146878209,0.19299765724773152,1.4378074363768691,0.06472387164831161,0.7589741945266724,0.18355534970760345,-0.723412275314331,-0.26296085119247437,0.29966890811920166,0.563670814037323
50.149401233088,0.783576561807904,-0.8821835634118338,2.1753290172891973,0.4934732934524273,0.17989354704353586,1.3908397392746903,0.06435085088014603,0.7579889893531799,0.18358583748340607,-0.7083927989006042,-0.2925175130367279,0.2683010995388031,0.5836331248283386
50.31481726886173,0.7815975340071882,-0.8905049530686929,2.1809498299602263,0.4438484827203082,0.1667891604794324,1.3438718846521005,0.06403078883886337,0.7569942474365234,0.18371760845184326,-0.6917568445205688,-0.321518212556839,0.2361794263124466,0.6019284129142761
50.48023331036613,0.7796184742934623,-0.8988265534981349,2.186570636816678,0.394223670268989,0.15368451933966687,1.2969039324673626,0.06375706940889359,0.7559829950332642,0.183942973613739,-0.6735349893569946,-0.34988319873809814,0.20339138805866241,0.6185177564620972
50.64564954468166,0.7776394235023466,-0.9071483296147586,2.1921914550427495,0.3445987999743294,0.1405796119642079,1.249935768605308,0.06352309882640839,0.7549481987953186,0.18425360321998596,-0.6537621021270752,-0.3775344789028168,0.17002685368061066,0.6333668828010559
50.81106553385273,0.7756602707427407,-0.9154702202330041,2.1978126766071346,0.2949740032230091,0.12747447032057593,1.2029675119348546,0.06332311779260635,0.7538838386535645,0.1846405267715454,-0.632477343082428,-0.4043954908847809,0.13617762923240662,0.6464458107948303
50.9764815227816,0.7736810935297519,-0.9237923085636571,2.203433777014053,0.24534920654434686,0.1143691502995916,1.1559991787798851,0.06315267086029053,0.7527856826782227,0.18509435653686523,-0.6097233295440674,-0.43039244413375854,0.10193636268377304,0.6577300429344177
51.14189753500445,0.771701852538028,-0.9321144868122785,2.2090548725015626,0.1957244028774911,0.10126369186277846,1.109030816374037,0.06300729513168335,0.7516493797302246,0.18560504913330078,-0.5855464339256287,-0.4554530382156372,0.06739751994609833,0.6671996712684631
51.30731358701797,0.769722577438039,-0.9404367228170243,2.214676086012281,0.14609958727343597,0.08815812352593794,1.0620624389369462,0.0628838762640953,0.7504714727401733,0.1861628293991089,-0.5599971413612366,-0.4795079231262207,0.03265600651502609,0.6748398542404175
51.472729693046595,0.7677433082436581,-0.9487590231518124,2.220297458774268,0.09647475546484874,0.07505247128804324,1.0150940663207522,0.06277977675199509,0.7492498159408569,0.1867571473121643,-0.5331291556358337,-0.5024899840354919,-0.0021921759471297264,0.6806410551071167
51.63814587785696,0.7657639876553551,-0.9570813746078239,2.2259187690503897,0.046849900021740117,0.06194677418280192,0.968125803796522,0.06269362568855286,0.7479830384254456,0.1873776912689209,-0.5049993395805359,-0.5243352055549622,-0.03705094754695892,0.6845986843109131
51.80356202091421,0.7637846196876487,-0.9654037290707213,2.2315402007060348,-0.0027749428954356864,0.048841059748226445,0.9211576447583893,0.06262432783842087,0.7466700077056885,0.18801403045654297,-0.4756682813167572,-0.5449824929237366,-0.07182387262582779,0.6867132186889648
51.96897812618582,0.7618052081321084,-0.9737261708648298,2.23716177287037,-0.05239977447691976,0.035735365975587026,0.874189572491135,0.06257186084985733,0.7453110218048096,0.18865589797496796,-0.4451993405818939,-0.564373791217804,-0.10641492158174515,0.6869903206825256
52.13439424436318,0.7598257794696381,-0.9820485617616048,2.2427832785117983,-0.10202460993012841,0.02262970786079678,0.8272216179107496,0.06253752112388611,0.74390709400177,0.18929332494735718,-0.41365885734558105,-0.5824543833732605,-0.1407284289598465,0.6854405403137207
52.29981037019966,0.757846353894754,-0.9903709124970408,2.2484047689666116,-0.15164944768107153,0.009524111396550012,0.7802538310187118,0.0625225305557251,0.7424599528312683,0.18991652131080627,-0.38111570477485657,-0.5991731286048889,-0.17466938495635986,0.6820798516273499
52.465226566746686,0.7558669168803841,-0.9986932653248493,2.254026271428375,-0.2012743066451793,-0.0035814129493750976,0.7332861742868848,0.06252961605787277,0.740972101688385,0.19051598012447357,-0.34764164686203003,-0.6144822239875793,-0.20814377069473267,0.6769291162490845
52.63064289945918,0.7538874164609188,-1.0070155660264068,2.2596476162163692,-0.2508992064589284,-0.016686875906097638,0.6863185245026442,0.0625620037317276,0.7394464015960693,0.191083163022995,-0.31331056356430054,-0.6283376812934875,-0.24105891585350037,0.6700140237808228
52.796058665896446,0.7519078565271157,-1.0153378097713164,2.2652691420428597,-0.3005239363901068,-0.029792215555036472,0.6393511036232736,0.06262356042861938,0.7378868460655212,0.1916097104549408,-0.2781986892223358,-0.6406993865966797,-0.27332332730293274,0.6613653898239136
52.96147491717489,0.7499283629628269,-1.0236600540438165,2.2708905853743744,-0.3501488117736407,-0.04289752919519502,0.592383656520359,0.06271917372941971,0.7362977862358093,0.19208797812461853,-0.2423839122056961,-0.6515310406684875,-0.3048478066921234,0.6510184407234192
53.126891171682466,0.7479488369266523,-1.0319823126852945,2.2765121414012723,-0.3997736881259145,-0.05600278200612999,0.5454162400955141,0.06285396963357925,0.73468416929245,0.1925111562013626,-0.20594613254070282,-0.660800576210022,-0.3355448544025421,0.6390135884284973
53.292307273383784,0.7459692346990557,-1.040304447729284,2.2821337751999753,-0.449398518636309,-0.06910799405570803,0.4984487837424649,0.0630342960357666,0.7330517172813416,0.19287340342998505,-0.16896682977676392,-0.6684797406196594,-0.36532923579216003,0.6253955364227295
53.457723418883994,0.7439896424454234,-1.0486267523253265,2.2877552125762604,-0.4990233622863721,-0.08221320068844626,0.45148126556015145,0.06326685100793839,0.7314064502716064,0.19316959381103516,-0.1315283179283142,-0.6745447516441345,-0.3941184878349304,0.6102133393287659
53.62313980889392,0.742010044422445,-1.0569490039470675,2.2933768126477387,-0.5486482792893488,-0.09531845009146048,0.40451355659443516,0.06355855613946915,0.7297545075416565,0.19339555501937866,-0.09371468424797058,-0.6789757609367371,-0.4218325614929199,0.5935205221176147
53.78855613333814,0.740030413126231,-1.0652713330451453,2.298998508270369,-0.598273176622615,-0.10842376548374338,0.35754568796033476,0.06391722708940506,0.7281027436256409,0.1935482770204544,-0.05561056360602379,-0.6817575693130493,-0.4483947455883026,0.5753747820854187
53.95397225190989,0.7380508090521288,-1.0735936587627668,2.304620113558669,-0.64789801219414,-0.12152918916403235,0.310577668940301,0.06435101479291916,0.7264583110809326,0.1936257779598236,-0.01730114035308361,-0.6828789710998535,-0.47373121976852417,0.5558377504348755
54.1193879637509,0.736071248132561,-1.081916090946708,2.310241974768103,-0.6975227257464438,-0.13463482097697743,0.26360938611950846,0.06486804783344269,0.7248282432556152,0.19362697005271912,0.021127542480826378,-0.68233323097229,-0.497771680355072,0.534974992275238
54.28480401392755,0.734091595219733,-1.0902387744837065,2.315863724270969,-0.7471475407994367,-0.14774078406539004,0.21664062753978608,0.06547745317220688,0.7232201099395752,0.19355249404907227,0.05958983302116394,-0.6801180839538574,-0.5204496383666992,0.5128554105758667
54.45022051436532,0.7321119390143284,-1.098561804166614,2.3214858708652466,-0.7967724909307685,-0.1608473345215942,0.16967104719540566,0.066187784075737,0.7216411828994751,0.1934036910533905,0.09799987822771072,-0.6762354969978333,-0.5417019724845886,0.4895514249801636
54.61563662698462,0.7301322465051953,-1.1068851839466947,2.327107979756592,-0.8463973247165568,-0.17395446260007272,0.12270081111691332,0.06700845062732697,0.7200990915298462,0.19318319857120514,0.13627184927463531,-0.6706918478012085,-0.5614698529243469,0.4651385545730591
54.781052605833125,0.7281524487041249,-1.1152090441157607,2.332730433253354,-0.8960221183711083,-0.18706231170073956,0.0757296411759096,0.06794833391904831,0.7186009287834167,0.19289511442184448,0.1743205040693283,-0.6634979248046875,-0.5796985030174255,0.43969568610191345
54.946468489341285,0.7261726638295621,-1.1235335249243872,2.338353138789044,-0.9456468834235567,-0.2001713673189643,0.028757047181673448,0.06901679188013077,0.7171545028686523,0.19254446029663086,0.21206162869930267,-0.6546685695648193,-0.5963374972343445,0.41330423951148987
55.111884253695166,0.7241927674904909,-1.1318590448652937,2.343976526889604,-0.9952716127297212,-0.2132821374093781,-0.01821731893658992,0.07022259384393692,0.7157662510871887,0.1921379268169403,0.2494119107723236,-0.6442230939865112,-0.6113405823707581,0.38604792952537537
55.27730059685633,0.7222125381849203,-1.1401865809943639,2.3496008791823213,-1.0448965156780694,-0.22639617683913033,-0.06519476951877547,0.07157430052757263,0.7144426703453064,0.1916835457086563,0.28628963232040405,-0.6321843266487122,-0.6246662735939026,0.3580129146575928
55.442716491607406,0.7202318906784058,-1.1485164165496826,2.355226516723633,-1.0945212841033936,-0.23951391875743866,-0.11217517405748367,0.07308054715394974,0.7131898403167725,0.19119015336036682,0.3226134777069092,-0.6185798645019531,-0.6362775564193726,0.32928749918937683
55.599294492052316,0.7208412340410288,-1.1591194344648628,2.3610545683292377,-1.1414946842368665,-0.27818914256566335,-0.06537179086436232,0.06839384138584137,0.7056073546409607,0.19248351454734802,0.33796411752700806,-0.6143991947174072,-0.6271513104438782,0.3390798270702362
55.77931154613328,0.721462814783473,-1.1699353916937973,2.3669996640933406,-1.1894114463140013,-0.317641092099831,-0.01762846016023346,0.06410547345876694,0.6977091431617737,0.1929769665002823,0.3538203537464142,-0.6112414598464966,-0.6163449287414551,0.348301500082016
55.959391557620286,0.722096644183215,-1.1809644844727882,2.373061911879128,-1.2382724396991975,-0.3578704682442159,0.031055684272698506,0.06030997633934021,0.6895506381988525,0.1926528960466385,0.37008151412010193,-0.6091993451118469,-0.6038249135017395,0.35680699348449707
56.33352801463916,0.7219314949898252,-1.190230031174029,2.3782767431005274,-1.271004309435677,-0.3917707681295069,0.06438162633817897,0.056952327489852905,0.6816011071205139,0.1925603449344635,0.3829615116119385,-0.6075853109359741,-0.5931815505027771,0.3637528717517853
56.80410003203749,0.71707753425749,-1.1882904747341665,2.378039553804962,-1.2058775277403104,-0.3854002381478554,0.0043344448774478486,0.053111687302589417,0.6760295033454895,0.19850096106529236,0.37464988231658936,-0.6022199988365173,-0.602497398853302,0.3660128712654114
57.02164303599109,0.7122134284105701,-1.1863468644868236,2.377801868767318,-1.1406146265542303,-0.3790163933167041,-0.05583823935720283,0.0495898574590683,0.6708127856254578,0.20494087040424347,0.3659210801124573,-0.5972437858581543,-0.6117658019065857,0.36761969327926636
57.23931782735915,0.7073463758913988,-1.18440207680162,2.3775640397402285,-1.0753121891438113,-0.3726286811563842,-0.11604737616597627,0.046416401863098145,0.6659705638885498,0.21183830499649048,0.35682129859924316,-0.5926852226257324,-0.6209263205528259,0.3685828447341919
57.45681748786749,0.702483239172889,-1.1824588538007654,2.3773264020591447,-1.0100622909913097,-0.3662461082476757,-0.176208071546019,0.04361698031425476,0.6615175604820251,0.21914733946323395,0.3473990261554718,-0.5885672569274902,-0.6299217343330383,0.36891892552375793
57.835904381870826,0.6976302862167358,-1.180519700050354,2.377089262008667,-0.9449490308761597,-0.3598769009113312,-0.23624278604984283,0.04121345281600952,0.6574643850326538,0.22682146728038788,0.33770421147346497,-0.5849074125289917,-0.6386985182762146,0.3686508238315582
58.00171637494455,0.6826826572449965,-1.1935724491731035,2.327345664086549,-0.9504448007998532,-0.34921900106008885,-0.23320185641030264,0.08417314291000366,0.6851272583007812,0.23926948010921478,0.3541448712348938,-0.5859971046447754,-0.6454889178276062,0.33842697739601135
58.16753214297911,0.6675927219028812,-1.207283581520366,2.2776009336761804,-0.956282143555627,-0.3375646060105765,-0.22998881579036043,0.12780804932117462,0.7115114331245422,0.25550758838653564,0.37006428837776184,-0.5866937637329102,-0.6515783667564392,0.30706411600112915
58.333347911013675,0.6522861244351749,-1.222001416306331,2.2278562032658122,-0.9626416455697445,-0.32438640414413356,-0.2265126589243249,0.17204424738883972,0.7365447878837585,0.27583515644073486,0.3854042589664459,-0.587008535861969,-0.6570197939872742,0.27424320578575134
58.49916367904824,0.6366865321628241,-1.2380358978311632,2.1781114728554436,-0.9696810469351177,-0.3092236981459657,-0.22269159959700724,0.21676717698574066,0.7600948214530945,0.30062395334243774,0.40008220076560974,-0.5868886709213257,-0.6618528366088867,0.2396804392337799
58.6649794470828,0.6207268133212548,-1.2552193268714213,2.128366742445075,-0.9772802023925775,-0.29242390207428454,-0.218560915492944,0.2616579234600067,0.7817893028259277,0.3300039768218994,0.4140261709690094,-0.5861438512802124,-0.6660075187683105,0.20359700918197632
58.83079521511736,0.6040858224097033,-1.2737148759487198,2.0786220120347063,-0.9854314054343664,-0.2739994296478363,-0.21405432924835074,0.3065999448299408,0.8012377619743347,0.3642600476741791,0.4271225333213806,-0.584685742855072,-0.6694642305374146,0.16591142117977142
58.996610983151925,0.586709594632104,-1.2932352193193477,2.0288772816243377,-0.9939485313759651,-0.2544896545081868,-0.2092372984522635,0.35113975405693054,0.8179820775985718,0.4032992422580719,0.4393461346626282,-0.5823479890823364,-0.6720982193946838,0.12700334191322327
59.16242675118649,0.5684823344388196,-1.3137364417258446,1.9791325512139695,-1.002768353617772,-0.23407458530929362,-0.2041109509674868,0.3948920965194702,0.83163982629776,0.44710642099380493,0.4506676495075226,-0.5790389776229858,-0.6738250851631165,0.08701842278242111
59.32824251922105,0.5493323733997708,-1.3352086250718707,1.9293878208036008,-1.0118496376306823,-0.21283171978050172,-0.19866495049077174,0.4374081790447235,0.8418786525726318,0.49563443660736084,0.46106788516044617,-0.5746799111366272,-0.6745635867118835,0.04608024284243584
59.49405828725561,0.529505833372185,-1.357590512666982,1.8796430903932322,-1.0211651227401644,-0.19061473402504686,-0.19289506961841277,0.47798144817352295,0.848592221736908,0.5487625002861023,0.470548152923584,-0.5691459774971008,-0.6742685437202454,0.004371281713247299
59.659874055290175,0.5094037287690072,-1.3806976901847383,1.8298983599828638,-1.0306674217477687,-0.16734919111971497,-0.18684141384819195,0.5157572627067566,0.851840615272522,0.6062001585960388,-0.4791572093963623,0.5622743964195251,0.672924280166626,0.037799153476953506
59.82568982332474,0.4892973052725739,-1.4044518487956963,1.7801536295724951,-1.0403370260987095,-0.14289914276219232,-0.1805114799015304,0.5499705672264099,0.8517169952392578,0.667693018913269,-0.4869249165058136,0.5539154410362244,0.6705577373504639,0.0802120566368103
59.9915055913593,0.46942586770617556,-1.4287862948607561,1.7304088991621267,-1.0501572607950762,-0.11714076529977216,-0.17391092330065552,0.5798788070678711,0.8483681082725525,0.7329427003860474,-0.49388614296913147,0.5439175367355347,0.6672235131263733,0.1226494088768959
60.15732135939386,0.4499657611470041,-1.4536335872388182,1.680664168751758,-1.0601195554842526,-0.08998410196120751,-0.16704500768917552,0.6048022508621216,0.8419620394706726,0.8015893697738647,-0.5000774264335632,0.5321393609046936,0.6629927754402161,0.16489621996879578
60.323137127428424,0.43087602292670263,-1.4788819884966278,1.6309194383413894,-1.0702476528410467,-0.06147524298202459,-0.15992351879234226,0.6242799758911133,0.8325809836387634,0.8731498718261719,-0.5055292844772339,0.5185039043426514,0.6579094529151917,0.2067582905292511
60.48895289546299,0.4119290487099566,-1.5043817143021543,1.581174707931021,-1.0805940396087854,-0.03177449757821464,-0.15255958923899157,0.6380655765533447,0.8202303051948547,0.9470219612121582,-0.5102734565734863,0.5030108094215393,0.6519711017608643,0.248061865568161
60.65476866349755,0.3928828380217089,-1.5299878204611241,1.5314299775206526,-1.0912135582322249,-0.0010429840186950527,-0.14496458355976635,0.6459881067276001,0.804948091506958,1.0225521326065063,-0.5143566727638245,0.48569488525390625,0.6451551914215088,0.2886389493942261
60.82058443153211,0.3735115885897233,-1.5555664018953206,1.481685247110284,-1.1021591982065804,0.030577193667120438,-0.1371473389553964,0.6479282379150391,0.7868334650993347,1.099057912826538,-0.5178409218788147,0.4666156470775604,0.6374273896217346,0.32832419872283936
60.986400199566674,0.35360014581454086,-1.5809912585483803,1.4319405166999153,-1.1134834304797387,0.06295903417214944,-0.12911446476305943,0.6438264846801758,0.7660515308380127,1.1758382320404053,-0.5208033323287964,0.44585657119750977,0.6287435293197632,0.3669569492340088
61.152215864349195,0.33296742301521653,-1.606148804636972,1.3821958172651594,-1.1252306526044331,0.09600192400897975,-0.12087153089686875,0.6336631178855896,0.7428523302078247,1.2521940469741821,-0.523335337638855,0.4235149621963501,0.6190593838691711,0.4043768346309662
61.31803153695365,0.3115650304215101,-1.630965463579585,1.332451115483823,-1.1374064506433221,0.12968023745312082,-0.11242686776103619,0.6173633337020874,0.7176223993301392,1.327471137046814,-0.525545060634613,0.39966368675231934,0.6083698868751526,0.4404059946537018
61.48384730498821,0.28946357304190434,-1.6554036200113413,1.2827063850734546,-1.149980581778334,0.16403138924720276,-0.10379209797094283,0.5948123335838318,0.6908600330352783,1.4010608196258545,-0.5275507569313049,0.3743478059768677,0.5967170596122742,0.4748501777648926
61.64966307302277,0.2667561238004828,-1.6794341038966245,1.232961654663086,-1.16291633155845,0.19910401276138015,-0.094979361987978,0.5659557580947876,0.6631075143814087,1.4723715782165527,-0.5294727683067322,0.34761565923690796,0.5841649770736694,0.5075166821479797
61.815478841057335,0.2435334210944163,-1.7030287095809395,1.1832169242527173,-1.1761777142570844,0.2349448101741547,-0.08600055275784052,0.5308277010917664,0.6349228620529175,1.5408282279968262,-0.5314303040504456,0.31952792406082153,0.5707910656929016,0.5382203459739685
61.9812946090919,0.21988384031690103,-1.7261601603253152,1.1334721938423489,-1.189729432339295,0.27159834827933366,-0.07686735026753169,0.4895550310611725,0.6068668365478516,1.6058772802352905,-0.5335399508476257,0.2901580333709717,0.556685209274292,0.5667847990989685
62.14711037712646,0.19588311645119583,-1.7487971814720795,1.0837274634319802,-1.203538851519004,0.3090994863078896,-0.06758963746975674,0.4423685669898987,0.5794865489006042,1.6669905185699463,-0.5359135866165161,0.25959885120391846,0.541944146156311,0.5930443406105042
62.31292609768604,0.1715529506403297,-1.7708804926489556,1.0339827472641065,-1.2175804801091221,0.3474408716560766,-0.05816933174353332,0.38966378569602966,0.5532975196838379,1.7236536741256714,-0.5386569499969482,0.22799234092235565,0.5266557931900024,0.616848349571228
62.47874171451343,0.14682590472421722,-1.7923021444327178,0.9842380622158879,-1.2318413123433003,0.386547367438783,-0.04859494037995732,0.33205217123031616,0.5287799835205078,1.7753715515136719,-0.5418707728385925,0.19555717706680298,0.5108820199966431,0.6380696296691895
62.64455745822764,0.12161237844222791,-1.8129414999194875,0.9344933391016269,-1.2463120524452485,0.426331378775959,-0.03885130898427892,0.2702668309211731,0.5063943266868591,1.8217231035232544,-0.5456512570381165,0.1625448614358902,0.494682252407074,0.656607449054718
62.810373051900406,0.09582226353795646,-1.832677027634615,0.8847486609997957,-1.2609850696824862,0.4667093231161068,-0.02892284606847308,0.20512138307094574,0.4865760803222656,1.8623826503753662,-0.5500887036323547,0.12922197580337524,0.478119820356369,0.672387957572937
62.97618881993497,0.06936369607430481,-1.8513839828869862,0.8350039305894272,-1.2758528734122738,0.5076009578086316,-0.018793292255079117,0.13750018179416656,0.46972599625587463,1.8971261978149414,-0.5552656650543213,0.09586859494447708,0.461262971162796,0.6853653788566589
63.14200458796953,0.04208144467833064,-1.8688429174562835,0.7852592001790586,-1.2909220542056852,0.5489526074854463,-0.008429001533011498,0.0685199424624443,0.45619845390319824,1.9258332252502441,-0.5612314939498901,0.0628167912364006,0.44419747591018677,0.6955298185348511
63.30782053063031,0.013974571782075063,-1.8850338222980798,0.7355144173808257,-1.3061739756580646,0.5906580544597808,0.002160320056797496,-0.0010566748678684235,0.44629746675491333,1.9485127925872803,-0.5680822730064392,0.030304977670311928,0.4269883334636688,0.7028833031654358
63.47363632272081,-0.014822700512999703,-1.9000177408824288,0.6857696797536768,-1.3216058749551194,0.6326694199566211,0.012929514109993162,-0.07066962122917175,0.44024109840393066,1.9652514457702637,-0.5759024620056152,-0.0015302931424230337,0.40972620248794556,0.7074307799339294
63.63945209075537,-0.04412779288491954,-1.9139011428350992,0.6360249493433081,-1.3372142790348394,0.6749420531880204,0.02382037294921032,-0.1398630142211914,0.4381498694419861,1.9761676788330078,-0.5847563147544861,-0.03258929029107094,0.3925033509731293,0.7091819047927856
63.80526785878993,-0.073752890043736,-1.9268033904776765,0.5862802189329397,-1.3529937678223352,0.7174295717718463,0.03477358622555571,-0.20822186768054962,0.44004732370376587,1.9813984632492065,-0.5946798324584961,-0.06278228759765625,0.3754085302352905,0.7081543803215027
63.97108374773685,-0.10351341546248612,-1.9388493153628907,0.5365354522488647,-1.3689374492224498,0.7600850412010136,0.04573125892508825,-0.27536433935165405,0.4458664655685425,1.9810913801193237,-0.605679988861084,-0.0920255184173584,0.35852575302124023,0.7043737173080444
64.13689964550052,-0.1332330285385924,-1.9501660566529966,0.486790682919763,-1.3850371238162584,0.8028623977888908,0.05663847141542115,-0.34094247221946716,0.45545727014541626,1.975402593612671,-0.6177355647087097,-0.12024004757404327,0.3419327139854431,0.6978731751441956
64.30271554580679,-0.16278138559560948,-1.9608680332563138,0.43704591282788186,-1.4012825545001513,0.8457310400096514,0.06745622656031239,-0.40460914373397827,0.46860548853874207,1.9645010232925415,-0.6307987570762634,-0.14733751118183136,0.32569992542266846,0.688697338104248
64.46853149166313,-0.19216330027583203,-1.9710213537223904,0.3873011290709804,-1.417659655261178,0.8887128433313367,0.07819215460406083,-0.46592751145362854,0.4850732982158661,1.948590636253357,-0.6447983384132385,-0.17318294942378998,0.3098938465118408,0.6769110560417175
64.6343473104853,-0.22151316431278756,-1.9806381305032905,0.33755638342433003,-1.434152205930974,0.9318824154620386,0.08889830622812153,-0.5243608951568604,0.5046297907829285,1.92792546749115,-0.6596542000770569,-0.19759154319763184,0.2945826053619385,0.6625971794128418
64.80016275057623,-0.2509939685760325,-1.9897091132326918,0.2878117513970489,-1.450745518357044,0.9753279338063325,0.09963612818944666,-0.5793673992156982,0.5270428657531738,1.9027999639511108,-0.6752871870994568,-0.22036606073379517,0.2798386812210083,0.645845353603363
64.96597838654533,-0.280778535312329,-1.998203881153413,0.23806706060632093,-1.467428662310496,1.0191514296765365,0.11047005950623216,-0.6304113268852234,0.5520719289779663,1.8735510110855103,-0.691618800163269,-0.2413053661584854,0.2657438814640045,0.6267497539520264
65.1317944126052,-0.3111169653873847,-2.0060310785382036,0.1883222527883583,-1.4841951227475718,1.0635179004278739,0.12149183846928663,-0.6768758893013,0.579483151435852,1.8405925035476685,-0.7085692286491394,-0.2601759135723114,0.2524060904979706,0.6054166555404663
65.29760994929666,-0.34215300545759064,-2.0132232298109716,0.1385775917809208,-1.5010235413453648,1.1084898253655406,0.1327569869702433,-0.7184140682220459,0.6090512871742249,1.8042747974395752,-0.7260770201683044,-0.2767859399318695,0.23989352583885193,0.5819388628005981
65.46342579115804,-0.37404304685504713,-2.0197475818804267,0.08883283922250484,-1.517898262639261,1.1541585049760659,0.1443194978456489,-0.7546209096908569,0.6405159831047058,1.7650146484375,-0.7440618872642517,-0.2909332811832428,0.22830112278461456,0.556424617767334
65.62924168249545,-0.40679174888829206,-2.025628730032721,0.0390880718212847,-1.5347817914423683,1.2005043647673175,0.15616262972244616,-0.7852966785430908,0.6735444068908691,1.723203182220459,-0.762417733669281,-0.3024769425392151,0.21770046651363373,0.528992772102356
65.7950575577819,-0.440321022198074,-2.0309276663836924,-0.010656690764652251,-1.551624074969942,1.2474454097322962,0.16823144437239565,-0.8103949427604675,0.7077540159225464,1.6792056560516357,-0.7810112833976746,-0.31132417917251587,0.20814262330532074,0.49977514147758484
65.96087347109477,-0.4745200933770727,-2.035724114510489,-0.06040146475851432,-1.5683701284558589,1.29487381217168,0.18045644126871999,-0.8299788236618042,0.74274080991745,1.633362889289856,-0.7996869087219238,-0.31741851568222046,0.19966313242912292,0.4689146876335144
66.12668948358515,-0.5092639547955418,-2.04010792524672,-0.1101462685056289,-1.5849634894341866,1.342670041695248,0.19276261289842841,-0.8441957831382751,0.7780951261520386,1.585991621017456,-0.8182708621025085,-0.32073575258255005,0.1922837346792221,0.43656423687934875
66.2925055067238,-0.5444171375956683,-2.04417671441461,-0.15989107544722087,-1.6013479514805435,1.390706616563355,0.205071812688654,-0.8532710075378418,0.8134152889251709,1.5373797416687012,-0.8365765810012817,-0.321284681558609,0.18601194024085999,0.4028838872909546
66.45832135374523,-0.5798421972824186,-2.048021910542258,-0.2096358295536525,-1.6174705702030274,1.438853607957665,0.21730984060479497,-0.8574782609939575,0.8483126163482666,1.4877963066101074,-0.8544085025787354,-0.31910237669944763,0.18084488809108734,0.3680416941642761
66.62413723494129,-0.6154202189498013,-2.051680173848653,-0.25938059391246754,-1.6332870759817686,1.4869881586790457,0.2294263098980635,-0.857072114944458,0.8824023604393005,1.4375438690185547,-0.8715677261352539,-0.3142353892326355,0.17678235471248627,0.3322255611419678
66.7899532420386,-0.6510684866947583,-2.055092283951396,-0.3091253960416635,-1.6487652610815695,1.5350027658295466,0.2414112072143912,-0.8522398471832275,0.9152911305427551,1.38701593875885,-0.8878553509712219,-0.30672478675842285,0.17383846640586853,0.2956567704677582
66.95576881782598,-0.686715299734082,-2.058176775036001,-0.3588700687778761,-1.6638770797007705,1.5827965227654677,0.25326503453415,-0.8432022333145142,0.9466132521629333,1.336611032485962,-0.9030832052230835,-0.2966366410255432,0.17201848328113556,0.25856709480285645
67.12158431089729,-0.7222919621619004,-2.060856354829921,-0.40861471669926946,-1.6785966486622168,1.6302731502174452,0.26498875607768735,-0.8302395343780518,0.9760503768920898,1.2866971492767334,-0.9170788526535034,-0.2840688228607178,0.17131096124649048,0.22118698060512543
67.28739971521624,-0.7577114619777544,-2.063002204234059,-0.45835933799495265,-1.6928560831014028,1.6772896861474074,0.27657089803723095,-0.8136526346206665,1.0032941102981567,1.2376893758773804,-0.9296743869781494,-0.26915794610977173,0.17169328033924103,0.18379557132720947
67.45321553317982,-0.792915138437805,-2.0645774706663573,-0.5081040833840242,-1.7066664600088048,1.7237837593850631,0.28802411840151704,-0.7938282489776611,1.0281462669372559,1.1898292303085327,-0.9407507181167603,-0.2520599067211151,0.17311644554138184,0.1465761661529541
67.61903146356809,-0.8278516910255447,-2.065566581999625,-0.5578488625005065,-1.7200164272302558,1.7697076633602635,0.29935289854234703,-0.7711738348007202,1.050472378730774,1.1433041095733643,-0.9502062201499939,-0.23294790089130402,0.17552568018436432,0.10970029979944229
67.78484753542067,-0.8625004374818217,-2.066117465556057,-0.6075936840562804,-1.732917986083196,1.8151283883228586,0.3105688181272546,-0.7461743950843811,1.07028329372406,1.098055124282837,-0.9579710364341736,-0.21198810636997223,0.17886079847812653,0.07322034984827042
67.95066355518321,-0.8968485816053503,-2.0664234264559656,-0.6573384899850445,-1.7453865367383585,1.860144252144354,0.3216844788909149,-0.7192935347557068,1.0876456499099731,1.0539414882659912,-0.9639822244644165,-0.18933118879795074,0.18306224048137665,0.0371483750641346
68.11647933275762,-0.9308821827711133,-2.0666824144170977,-0.7070832232573682,-1.7574339031027675,1.9048550537241957,0.3327117329374248,-0.6909501552581787,1.1026482582092285,1.0107991695404053,-0.9681757688522339,-0.16511401534080505,0.18807075917720795,0.001485486631281674
68.28229498649814,-0.9645836150925158,-2.067092550458567,-0.7568279193795244,-1.769067140019598,1.9493573054537432,0.34366142871208644,-0.661518931388855,1.1153942346572876,0.9684525728225708,0.9704850316047668,0.13946151733398438,-0.19382628798484802,0.03377159684896469
68.44811070879558,-0.997930906536724,-2.067858770985887,-0.8065726360687537,-1.7802886703199,1.993747446546648,0.35454372278979585,-0.6313375234603882,1.1259976625442505,0.9267103672027588,0.9708393812179565,0.11248848587274551,-0.2002669721841812,0.06863146275281906
68.6139263806924,-1.0308976700530534,-2.0691859558301045,-0.8563173376378003,-1.7910963374069213,2.038112700070342,0.3653660622754741,-0.6007028222084045,1.1345783472061157,0.8853758573532104,0.9691643118858337,0.0843014195561409,-0.2073255181312561,0.10310108214616776
68.77974247644956,-1.0634568152124215,-2.071213597496782,-0.9060621663649436,-1.8014850893080765,2.082468701539763,0.3761204608237482,-0.569836437702179,1.1412293910980225,0.844325065612793,0.9653894305229187,0.05501541867852211,-0.21491588652133942,0.13714097440242767
68.94555806009113,-1.0955925310605201,-2.0738150876038253,-0.9558068414574139,-1.811451604354554,2.1265765381441497,0.3867470013701874,-0.5387894511222839,1.1459379196166992,0.8037248253822327,0.9594879150390625,0.02480839192867279,-0.22289623320102692,0.17054232954978943
69.11137382667097,-1.1272779185741697,-2.0767677417849018,-1.0055515714313672,-1.8209792599494723,2.170059915303041,0.39715365917647216,-0.5075792670249939,1.148653507232666,0.7638204097747803,0.951492190361023,-0.0060782539658248425,-0.2310878336429596,0.20303671061992645
69.2771899332224,-1.1585501008522074,-2.0798004902781893,-1.0552964033967953,-1.8301143128507311,2.2126347619513584,0.40728035084307085,-0.4761723279953003,1.1493124961853027,0.7248958945274353,0.9414697289466858,-0.03743143752217293,-0.23935391008853912,0.23439963161945343
69.44300606804184,-1.1894217664904392,-2.082684266572457,-1.1050412438426258,-1.8388784512706264,2.2540146409933755,0.4170626026063663,-0.4445941746234894,1.1478639841079712,0.6871644854545593,0.9295290112495422,-0.06901198625564575,-0.2475569099187851,0.2644403278827667
69.60882165179677,-1.2199124337821943,-2.0852008667671442,-1.154785918969105,-1.8472991076495968,2.293944881123194,0.42644425771163524,-0.4128861129283905,1.1442604064941406,0.6508118510246277,0.9158108830451965,-0.1005847156047821,-0.2555762529373169,0.29300814867019653
69.7746375312764,-1.2500522047237004,-2.0871872746734144,-1.2045306828129927,-1.8554083816514038,2.3322901095729414,0.4353988267517,-0.3811253309249878,1.1384750604629517,0.6159645318984985,0.9004596471786499,-0.13195209205150604,-0.2633369565010071,0.3200227618217468
69.94045346157239,-1.279888695787909,-2.088618463663606,-1.254275461901789,-1.8632389460896999,2.3692066345143394,0.44397106905701317,-0.349455863237381,1.130545735359192,0.5826337337493896,0.8835582733154297,-0.1630154252052307,-0.2708612382411957,0.34552112221717834
70.10626922960695,-1.3094714434504064,-2.08953234180473,-1.3040201923121577,-1.8708170786009664,2.404974025264491,0.4522348823284046,-0.31804531812667847,1.1205476522445679,0.5507842302322388,0.8651463389396667,-0.1937289834022522,-0.2782106399536133,0.36958038806915283
70.27208510732687,-1.338844235852952,-2.0899683427488385,-1.3537649556281337,-1.8781611488117382,2.4398723520187353,0.46026336665637907,-0.2870538830757141,1.108572006225586,0.5203858613967896,0.8452473878860474,-0.22406022250652313,-0.28544706106185913,0.392267644405365
70.43790123578479,-1.3680458526859802,-2.089951901599091,-1.4035097941655084,-1.8852825667254414,2.4741651265414206,0.4681250625145361,-0.25662779808044434,1.094720721244812,0.4914250373840332,0.8238767981529236,-0.25398021936416626,-0.2926279902458191,0.4136301577091217
70.60371728550986,-1.3971133162660951,-2.0894968140739434,-1.4532546090830287,-1.8921870238875083,2.5081235314539776,0.4758901083560657,-0.22690129280090332,1.0791088342666626,0.46390217542648315,0.8010373115539551,-0.2834685146808624,-0.2998141348361969,0.4337005615234375
70.7695326991095,-1.426083360067506,-2.0886065537973457,-1.5029992331629214,-1.898874588077148,2.542046304974687,0.48363560467771943,-0.19799770414829254,1.0618717670440674,0.4378302991390228,0.7767142653465271,-0.31251561641693115,-0.30707597732543945,0.4524965286254883
70.93534844782423,-1.4549573915417693,-2.0872971326504457,-1.552743957777338,-1.9053481709873157,2.5761582160691714,0.4914204977603779,-0.1700447052717209,1.0431450605392456,0.413189172744751,0.7509037852287292,-0.3410907983779907,-0.31444093585014343,0.47002923488616943
71.10116380875468,-1.4835803618654084,-2.0856868364574694,-1.6024885660564732,-1.9116498684011716,2.6101966598659176,0.4991826013091771,-0.14322903752326965,1.0229711532592773,0.3897688686847687,0.7237383127212524,-0.3690262734889984,-0.32169365882873535,0.48634928464889526
71.2669792084846,-1.5117323278481192,-2.0839544327300086,-1.6522331859754482,-1.9178463715557446,2.643703819107442,0.5068119409438953,-0.11776206642389297,1.0013315677642822,0.3672879636287689,0.6954195499420166,-0.39611515402793884,-0.3285209834575653,0.5015559196472168
71.43279489303949,-1.5391733237153324,-2.0823135804180106,-1.7019778913419157,-1.9240191231140096,2.6761642501807787,0.5141850417622065,-0.0938630998134613,0.9781686663627625,0.34545832872390747,0.6661820411682129,-0.422156423330307,-0.33458101749420166,0.5157915949821472
71.59861034718942,-1.5656599135937856,-2.0809994983805087,-1.751722527586895,-1.9302601044508316,2.7070381601576368,0.5211725589038225,-0.07175210118293762,0.9533920288085938,0.3240179121494293,0.6362800002098083,-0.44696715474128723,-0.3395264744758606,0.5292351245880127
71.76442611522398,-1.5909933126649514,-2.080221574470486,-1.8014672579972641,-1.9366585730043777,2.7358516564406568,0.5276613848002537,-0.05161578953266144,0.9269054532051086,0.30279576778411865,0.6059585809707642,-0.47040581703186035,-0.3430599868297577,0.5420722365379333
71.9302423056554,-1.6152134987114755,-2.079943728980829,-1.8512121151266865,-1.943248985073246,2.7625339659850576,0.5336363745768408,-0.033465757966041565,0.89870685338974,0.2819436192512512,0.575356125831604,-0.49245327711105347,-0.34515541791915894,0.5543670654296875
72.09605871394032,-1.6386336258876415,-2.079814943783969,-1.9009570376121647,-1.9499991774806131,2.7874679243462404,0.5391924842881167,-0.017115339636802673,0.8689314126968384,0.2619413137435913,0.5444851517677307,-0.5132076740264893,-0.3460981249809265,0.5660121440887451
72.26187495469867,-1.661617684735755,-2.0793879097423873,-1.9507019098396678,-1.9568678071318437,2.8110826716803174,0.5444367771454534,-0.002345144748687744,0.837760865688324,0.24329893290996552,0.51334547996521,-0.5327693223953247,-0.34623199701309204,0.5768505930900574
72.42769026920489,-1.684623865801994,-2.0779658315658143,-2.0004465041915322,-1.9638134059354604,2.8337898493125167,0.5494744247701245,0.011130288243293762,0.805406928062439,0.22664877772331238,0.4819822907447815,-0.5512187480926514,-0.3459894061088562,0.5866363644599915
72.59350579863937,-1.7083677797141832,-2.0744616439503343,-2.0501911630218754,-1.970771936090522,2.856233395713818,0.5544700206811534,0.023762598633766174,0.7721882462501526,0.21281678974628448,0.4504052400588989,-0.5686894059181213,-0.34605374932289124,0.5949573516845703
72.75932094358211,-1.7333939264963842,-2.0680728925231615,-2.0999357065046964,-1.9776922827949208,2.878926914146094,0.5595542050017913,0.03583575785160065,0.7384060025215149,0.20222824811935425,0.418617844581604,-0.5852795839309692,-0.3469557464122772,0.6015218496322632
72.92513609410163,-1.7599676618660447,-2.0582546534668076,-2.1496802516605547,-1.9845622906337275,2.901972784745456,0.5647568496383982,0.047409191727638245,0.7042257785797119,0.1949750930070877,0.38675418496131897,-0.6009726524353027,-0.3489610254764557,0.6062006950378418
73.09095345159339,-1.7877428531646729,-2.0457746982574463,-2.199425458908081,-1.9913933277130127,2.925292491912842,0.5700514316558838,0.058095917105674744,0.6697046756744385,0.19018903374671936,0.3547561764717102,-0.6157482266426086,-0.35176023840904236,0.6093166470527649
73.24931306545395,-1.78536722981319,-2.0300302080331853,-2.199749368714161,-1.9616175554800255,2.919893200499017,0.5225435474977155,0.05763228237628937,0.6733878254890442,0.19893606007099152,0.38661491870880127,-0.600504994392395,-0.37522876262664795,0.5908688902854919
73.51094182751027,-1.7830213522487661,-2.0144820156057865,-2.2000692388139362,-1.9322132555027294,2.9145614200991283,0.4756281674735853,0.057153716683387756,0.6769692301750183,0.20772962272167206,0.41735705733299255,-0.5840536952018738,-0.3975059986114502,0.5715621709823608
73.76906066557542,-1.7807065625329532,-1.9991398696744562,-2.2003848699570896,-1.9031986248074377,2.909300297087507,0.4293345156478169,0.05666057765483856,0.6804437637329102,0.2165607213973999,0.4469279944896698,-0.5664933919906616,-0.4185662865638733,0.5514914989471436
74.02392092173302,-1.778420566972481,-1.9839885679179523,-2.2006965748981755,-1.8745449131959386,2.904104618289773,0.3836167202779803,0.05615262687206268,0.6838123798370361,0.2254348248243332,0.4753277003765106,-0.5478940606117249,-0.43842315673828125,0.530717134475708
74.27551153887237,-1.7761634197158305,-1.9690284692258455,-2.201004346253826,-1.8462527993899949,2.8989745067762045,0.3384758642835621,0.05562995374202728,0.6870722770690918,0.23434817790985107,0.502530574798584,-0.5283411145210266,-0.45707187056541443,0.5093171000480652
74.59065567114325,-1.7744741444316428,-1.9563714921565327,-2.1994369306960517,-1.8274890978941183,2.8965331730818225,0.3017113598683848,0.05540578067302704,0.6908393502235413,0.2429441660642624,0.5229045152664185,-0.5122563242912292,-0.47174137830734253,0.49155309796333313
74.89195034248772,-1.7748188963221725,-1.9517254880159112,-2.1908594233117977,-1.8432481427718403,2.903950844045412,0.29446306110435905,0.05635249614715576,0.6968288421630859,0.25026434659957886,0.5217287540435791,-0.5121383666992188,-0.4755111038684845,0.4892878532409668
75.08206149904075,-1.7751629522977648,-1.947088862282688,-2.182299230453377,-1.8589753764977424,2.911353541724833,0.28722939373038303,0.05730292201042175,0.7027353644371033,0.2576511800289154,0.5205546021461487,-0.5120334625244141,-0.47925126552581787,0.4869934618473053
75.34329283263925,-1.775506321583883,-1.9424614906311035,-2.1737561225891113,-1.874671220779419,2.918741464614868,0.2800101637840271,0.05825677514076233,0.7085579633712769,0.26510366797447205,0.5193822979927063,-0.5119417905807495,-0.4829619526863098,0.4846702814102173
75.50445171223723,-1.7638669704634677,-1.9704289300453683,-2.1254084587097166,-1.9096780353794511,2.8795402342966683,0.26601389800168834,0.056806594133377075,0.7294893860816956,0.2616795599460602,0.5332401990890503,-0.5011601448059082,-0.4680556654930115,0.4953959882259369
75.6656121812924,-1.752230729615199,-1.998389648099678,-2.077060317993164,-1.944675897402585,2.84034723367887,0.2520212859074815,0.05523596704006195,0.7500045299530029,0.2582707405090332,0.546606719493866,-0.48969244956970215,-0.45310795307159424,0.5060786604881287
75.82677265034758,-1.74059521958891,-2.0263489992217623,-2.0287121772766112,-1.979671681057254,2.801155457430759,0.23802948267833718,0.05355377495288849,0.7701077461242676,0.2548774182796478,0.5594601035118103,-0.47755420207977295,-0.4381241202354431,0.5167142748832703
75.98793311940275,-1.728959981195717,-2.0543082924099654,-1.9803640365600585,-2.014666438813008,2.7619639557930067,0.22403799092376833,0.051769599318504333,0.7898077368736267,0.2515033483505249,0.5717794299125671,-0.46476152539253235,-0.4231135845184326,0.5272947549819946
76.14909358845793,-1.7173246396221196,-2.082267825964023,-1.9320158958435059,-2.049661233323985,2.7227717104219673,0.2100464208001945,0.0498918741941452,0.8091129660606384,0.24815095961093903,0.5835444331169128,-0.45133182406425476,-0.4080858528614044,0.5378117561340332
76.3102540575131,-1.7056889779500277,-2.110227882358504,-1.8836677551269532,-2.0846557819011826,2.683578337646551,0.19605456396958168,0.047928303480148315,0.8280321955680847,0.24482284486293793,0.594735324382782,-0.43728259205818176,-0.39305058121681213,0.5482562780380249
76.47141452656828,-1.6940531887820633,-2.138188942003368,-1.8353196144104005,-2.119650569428811,2.644384178750998,0.18206246974643736,0.04588596522808075,0.8465752005577087,0.24152034521102905,0.6053327918052673,-0.42263299226760864,-0.3780178129673004,0.5586197376251221
76.63257499562346,-1.6824169672259603,-2.1661504535004976,-1.7869714736938476,-2.154645619197769,2.6051889900515475,0.16807002721415998,0.04377037286758423,0.864751398563385,0.23824447393417358,0.6153188943862915,-0.4074020981788635,-0.3629973530769348,0.568892776966095
76.79373546467863,-1.6707803905216476,-2.1941125239299377,-1.7386233329772949,-2.189641109510209,2.565993041520058,0.15407723501230725,0.04158657789230347,0.8825700283050537,0.23499563336372375,0.6246759295463562,-0.39161020517349243,-0.34799903631210327,0.5790665149688721
76.95489593373381,-1.6591433886518976,-2.2220754343749216,-1.6902751922607422,-2.2246371418180497,2.526796228020401,0.14008406641948165,0.039338164031505585,0.9000408053398132,0.23177288472652435,0.6333869099617004,-0.3752782642841339,-0.3330324590206146,0.5891320705413818
77.11605640278898,-1.647505954786084,-2.2500392914416736,-1.6419270515441895,-2.2596341587201145,2.4875986364533635,0.12609045515614767,0.0370279997587204,0.9171726107597351,0.22857461869716644,0.6414355635643005,-0.35842767357826233,-0.31810709834098816,0.5990807414054871
77.27721687184416,-1.6358681394338035,-2.278004034448638,-1.5935789108276368,-2.2946321347361596,2.448400399494265,0.11209646948110344,0.03465817868709564,0.9339743256568909,0.22539886832237244,0.6488069891929626,-0.3410807251930237,-0.3032328188419342,0.6089033484458923
77.43837734089934,-1.6242299456244633,-2.3059694070643038,-1.545230770111084,-2.32963139535369,2.409201416883662,0.09810203077564254,0.03222955763339996,0.9504541754722595,0.2222425788640976,0.6554864645004272,-0.32326003909111023,-0.2884186804294586,0.6185910701751709
77.59953780995451,-1.6125911520455771,-2.333935881740834,-1.4968826293945314,-2.3646321412144604,2.3700015496354645,0.08410708544785933,0.029742300510406494,0.9666206240653992,0.21910236775875092,0.6614605784416199,-0.30498895049095154,-0.27367421984672546,0.6281353235244751
77.76069827900969,-1.600951903214105,-2.3619030007942485,-1.4485344886779785,-2.3996341007108977,2.330800590246999,0.07011162910772406,0.02719573676586151,0.9824807643890381,0.2159743458032608,0.6667168736457825,-0.28629112243652344,-0.25900858640670776,0.6375269293785095
77.92185874806486,-1.5893120007196027,-2.3898715941667086,-1.4001863479614258,-2.43463850373944,2.291598554911801,0.056115537416172596,0.024588175117969513,0.9980413317680359,0.21285267174243927,0.6712430119514465,-0.26719093322753906,-0.24443058669567108,0.6467576622962952
78.08301921712004,-1.5776715080590025,-2.417841408096122,-1.3518382072448731,-2.469644506424966,2.2523953066233484,0.04211880451245739,0.02191764861345291,1.0133082866668701,0.20973218977451324,0.6750283241271973,-0.24771317839622498,-0.22994938492774963,0.65581876039505
78.24417968617522,-1.5660300585680542,-2.4458133464659007,-1.3034900665283202,-2.5046535627859807,2.213189697802895,0.028120955866064848,0.01918092370033264,1.0282868146896362,0.20660622417926788,0.6780626773834229,-0.22788238525390625,-0.21557314693927765,0.6647020578384399
78.40534015523039,-1.5543874608103412,-2.473788338365097,-1.2551419258117678,-2.539666260950923,2.1739804605099162,0.01412158088031399,0.01637469232082367,1.0429810285568237,0.20346762239933014,0.6803364753723145,-0.207723930478096,-0.20131030678749084,0.6733996868133545
78.56649903482837,-1.542741298675537,-2.501772403717041,-1.206794261932373,-2.574690103530884,2.1347599029541016,0.0001176748046418652,0.013494312763214111,1.057391881942749,0.2003042995929718,0.6818381547927856,-0.18726055324077606,-0.18716560304164886,0.6819085478782654
78.62692033277442,-1.529279903785785,-2.506193502529306,-1.1970196874909766,-2.5801895439392126,2.116633513570288,0.00013557559097278506,0.0037424787878990173,1.0591769218444824,0.200575590133667,0.6846595406532288,-0.17648933827877045,-0.17635208368301392,0.6848304271697998
78.82526169867803,-1.515813795916596,-2.5106164451660913,-1.187241683113513,-2.585691219722381,2.0985005424190826,0.00015348288443228897,-0.006011798977851868,1.0609455108642578,0.20084834098815918,0.6873107552528381,-0.1656702309846878,-0.1654907763004303,0.6875827312469482
79.02360023336102,-1.5023478847882685,-2.515039323183348,-1.177463821593438,-2.5911928151256474,2.0803678361919666,0.0001713899162648718,-0.015768583863973618,1.0626990795135498,0.20112325251102448,0.6897907257080078,-0.1548096090555191,-0.1545885056257248,0.6901630759239197
79.22193064691116,-1.4888874802523016,-2.519460392560545,-1.167689958517808,-2.596692160770771,2.062242544941872,0.0001892896254050835,-0.02552754431962967,1.064437985420227,0.20139944553375244,0.6920974254608154,-0.14391472935676575,-0.1436522752046585,0.6925703883171082
79.42025873215486,-1.4754377358268598,-2.52387796062483,-1.157923835956987,-2.602187151150624,2.0441316082089473,0.0002071751586802762,-0.03528876602649689,1.066163182258606,0.20167750120162964,0.6942300796508789,-0.13299240171909332,-0.13268914818763733,0.6948028802871704
79.61859326215078,-1.4620037531720027,-2.528290351736144,-1.1481691583261542,-2.607675701945085,2.026041895703103,0.00022503973187895356,-0.04505261033773422,1.0678751468658447,0.20195674896240234,0.6961877346038818,-0.1220497339963913,-0.12170608341693878,0.696860134601593
79.8169259853809,-1.4485908320684393,-2.532695825181706,-1.1384297738997677,-2.613155647890407,2.0079805439163114,0.0002428762973278497,-0.05481862649321556,1.069573998451233,0.20223692059516907,0.6979697346687317,-0.11109372228384018,-0.11071021109819412,0.6987414360046387
80.01526597292711,-1.4352042012339097,-2.537092663589366,-1.128709479352075,-2.618624852756132,1.9899545936497343,0.00026067790185356797,-0.06458723545074463,1.07125985622406,0.20251807570457458,0.6995759606361389,-0.100131556391716,-0.09970864653587341,0.7004464268684387
80.21361173467328,-1.421848761036528,-2.5414792574333966,-1.1190118329362353,-2.624081314461419,1.971970643560869,0.00027843802892358634,-0.07435832917690277,1.0729328393936157,0.2027999460697174,0.7010065317153931,-0.08917021751403809,-0.08870848268270493,0.7019752860069275
80.41196954773356,-1.4085293489735975,-2.5458540178379856,-1.1093403472536822,-2.62952305661175,1.9540352076476648,0.00029615024561128155,-0.08413225412368774,1.0745927095413208,0.2030823975801468,0.7022618651390076,-0.07821640372276306,-0.07771643251180649,0.7033282518386841
80.61034257860472,-1.395250815768082,-2.5502153515833523,-1.0996985445092604,-2.6349480974091684,1.9361548177172645,0.0003138081014024853,-0.09390929341316223,1.0762386322021484,0.20336540043354034,0.7033427357673645,-0.06727700680494308,-0.06673941016197205,0.7045059204101562
80.80868061037351,-1.3820210724287898,-2.554560660298944,-1.0900921690412382,-2.640353204753797,1.918340126446439,0.000331401076200547,-0.10368695855140686,1.07787024974823,0.20364828407764435,0.7042495608329773,-0.05636141449213028,-0.05578671768307686,0.7055095434188843
81.00698222742965,-1.3688450099590672,-2.55888833753489,-1.0805247723028335,-2.6457363803908387,1.9005977198824293,0.0003489226659262568,-0.113465316593647,1.079486608505249,0.20393098890781403,0.7049841284751892,-0.04547647759318352,-0.04486529901623726,0.7063400745391846
81.20528375135352,-1.3557242752926641,-2.5631978423558603,-1.0709975501648636,-2.6510969514535954,1.8829298157263317,0.0003663706804793821,-0.12324627488851547,1.0810871124267578,0.20421381294727325,0.7055482268333435,-0.03462628275156021,-0.03397929668426514,0.7069993615150452
81.40359438361217,-1.3426627735691272,-2.5674878921189146,-1.0615133382255542,-2.6564333224690553,1.8653416724970453,0.00038373992678702215,-0.13303042948246002,1.0826709270477295,0.20449596643447876,0.7059436440467834,-0.023816710337996483,-0.02313457429409027,0.7074891924858093
81.60191796125461,-1.329664125634183,-2.5717572975574057,-1.052074765651826,-2.6617440141145043,1.8478381658937513,0.000401025589831532,-0.14281810820102692,1.084236979484558,0.2047778069972992,0.7061725854873657,-0.01305342372506857,-0.012336773797869682,0.7078118324279785
81.80025861935307,-1.3167315580998773,-2.576004998890726,-1.0426841753498117,-2.66702770813425,1.8304236407548922,0.00041822337884906595,-0.1526097059249878,1.0857839584350586,0.20505890250205994,0.7062373161315918,-0.0023416844196617603,-0.0015912114176899195,0.7079694867134094
81.99862583877136,-1.3038680900114274,-2.5802300045135835,-1.0333437595073087,-2.672283171075529,1.8131021624169676,0.0004353292790991216,-0.16240589320659637,1.0873104333877563,0.20533902943134308,0.7061402797698975,0.008313517086207867,0.009097151458263397,0.7079647183418274
82.19702440650751,-1.2910765873420353,-2.5844313730971855,-1.0240555991635296,-2.677509232024257,1.7958775900952682,0.000452339479397081,-0.17220701277256012,1.088815450668335,0.2056182473897934,0.7058841586112976,0.01890738122165203,0.019723493605852127,0.7078000903129578
82.52809460226695,-1.2783594131469727,-2.5886083284961146,-1.0148214101791382,-2.6827049255371094,1.7787531057940882,0.00046925083734095097,-0.182013601064682,1.0902974605560303,0.20589648187160492,0.7054719924926758,0.029435617849230766,0.03028346598148346,0.707478404045105
82.68671109836176,-1.2794424623416618,-2.5891060863197586,-1.0153459761770267,-2.6813646070870316,1.785515421614411,0.048054199665784836,-0.18280689418315887,1.0902799367904663,0.20477135479450226,0.7061280012130737,0.009893232025206089,0.04431008920073509,0.7066271901130676
82.84532917848105,-1.2805035208082975,-2.589592837439854,-1.0158593999093641,-2.680051875890493,1.7921372522647045,0.09563962370157242,-0.18358422815799713,1.0902786254882812,0.20367075502872467,0.7062411904335022,-0.009604535065591335,0.05837131291627884,0.7054955363273621
83.00394729585325,-1.2815603809038294,-2.590077237982899,-1.0163707015747923,-2.6787452699352774,1.7987294732442474,0.1432250589132309,-0.18435823917388916,1.0902918577194214,0.2025761604309082,0.7058157920837402,-0.029087703675031662,0.07241565734148026,0.7040837407112122
83.16256538839018,-1.2826156614760629,-2.5905604193632343,-1.0168806842537559,-2.6774416221862176,1.8053087190635628,0.19081048667430878,-0.1851309835910797,1.0903202295303345,0.20148427784442902,0.7048529386520386,-0.048548221588134766,0.08643075078725815,0.7023923993110657
83.3211834809271,-1.2836701622474,-2.591043135759285,-1.0173903211849258,-2.6761391151126435,1.81188231696122,0.23839591443538666,-0.18590345978736877,1.0903633832931519,0.2003939002752304,0.7033533453941345,-0.06797400861978531,0.10040811449289322,0.7004226446151733
83.4798015237935,-1.2847249884507266,-2.591526072344063,-1.0178997404104062,-2.6748372680776527,1.8184548883777212,0.28598132729530334,-0.18667589128017426,1.090421438217163,0.19930435717105865,0.701318085193634,-0.08735238760709763,0.11434026062488556,0.6981752514839172
83.63841961633042,-1.2857806108115195,-2.592009074942345,-1.0184095671490945,-2.6735350381447214,1.8250302873109452,0.3335667550563812,-0.18744836747646332,1.0904943943023682,0.19821478426456451,0.6987485885620117,-0.10667010396718979,0.1282200962305069,0.6956517696380615
83.79703770886735,-1.2868381486684863,-2.592492797657981,-1.018920120602176,-2.6722311208337435,1.8316136399587024,0.3811521828174591,-0.18822145462036133,1.0905823707580566,0.197124183177948,0.695646345615387,-0.12591445446014404,0.14204008877277374,0.6928536891937256
83.95565580140428,-1.2878985376492378,-2.592977582382454,-1.0194321004382707,-2.670924429323391,1.8382119550318392,0.428737610578537,-0.18899580836296082,1.0906853675842285,0.19603174924850464,0.6920129656791687,-0.14507360756397247,0.15579195320606232,0.689782977104187
84.1142738939412,-1.2889643073548487,-2.593464794322357,-1.0199466974492035,-2.669611440715874,1.8448423577861144,0.47632303833961487,-0.18977363407611847,1.0908039808273315,0.19493423402309418,0.6878489851951599,-0.16413944959640503,0.1694636195898056,0.6864429712295532
84.27289049636201,-1.2900543212890625,-2.5939619541168213,-1.0204726457595825,-2.668269634246826,1.8516162633895874,0.5239080190658569,-0.190566748380661,1.0909409523010254,0.193814218044281,0.6831472516059875,-0.18314169347286224,0.18300387263298035,0.6828458905220032
84.43823962849831,-1.26178969916783,-2.5663623624968457,-0.9880897716645425,-2.6484913073828986,1.8703007249876542,0.4743032794249685,-0.2328173667192459,1.103745937347412,0.23147204518318176,0.7158417105674744,-0.16082385182380676,0.15463517606258392,0.6616601943969727
84.60359273427758,-1.2334082254297751,-2.5388929977720456,-0.9557679538856465,-2.6287220778408398,1.8890076833120664,0.4246973476911846,-0.27564823627471924,1.1138718128204346,0.2710717022418976,0.7464744448661804,-0.13543708622455597,0.1261272132396698,0.6391593217849731
84.76894584005686,-1.2048528552117608,-2.5116183315403116,-0.9235385469299802,-2.6089667230748037,1.9077479903912218,0.3750914159574007,-0.31891903281211853,1.1211247444152832,0.31250208616256714,0.7747653722763062,-0.10712771862745285,0.09760348498821259,0.6154152154922485
84.93429894583613,-1.1761185567804255,-2.4845461421884374,-0.8914053799181737,-2.5892256517515957,1.926521246243913,0.3254854842236168,-0.3624158501625061,1.125350832939148,0.3557097315788269,0.8004762530326843,-0.07607664912939072,0.06915520876646042,0.5904809236526489
85.09965205161541,-1.1471916016686792,-2.457697945968361,-0.8593805820677277,-2.569498288351127,1.9453248489155557,0.27587955248983287,-0.40591734647750854,1.1264073848724365,0.40060555934906006,0.8233787417411804,-0.04248291626572609,0.040878914296627045,0.5644214749336243
85.2650051086847,-1.118094212816385,-2.43105441710117,-0.8274568563572773,-2.549781712632915,1.9641495012338925,0.2262736353690451,-0.44914519786834717,1.1241897344589233,0.4471439719200134,0.8432781100273132,-0.006572255399078131,0.01284953486174345,0.5372834205627441
85.43035826317397,-1.088795685318839,-2.4046576733951346,-0.7956566981295221,-2.530076468210427,1.9829946999701749,0.17666768902226498,-0.4918697476387024,1.118591547012329,0.4951770603656769,0.8599750399589539,0.03142178803682327,-0.014831732027232647,0.5091516375541687
85.59571134307751,-1.0593255034336828,-2.3784752248188923,-0.7639641357154574,-2.5103802920702094,2.0018544188451344,0.1270617650512016,-0.5337803363800049,1.1095569133758545,0.5446544885635376,0.873318612575531,0.07123880833387375,-0.04210176318883896,0.4800698459148407
85.76106444224888,-1.0296762132764863,-2.352518145426186,-0.7323828115379604,-2.490694594168497,2.0207284491732467,0.07745583529979173,-0.5746001601219177,1.0970395803451538,0.595451831817627,0.8831621408462524,0.11261127144098282,-0.06888029724359512,0.45010969042778015
85.92641756586977,-0.9998358600222377,-2.32680225572112,-0.7009165605334635,-2.4710216058048085,2.0396173020813664,0.027849898213525293,-0.6140528321266174,1.0810190439224243,0.6474257707595825,0.8893811106681824,0.15526027977466583,-0.0950893983244896,0.4193486273288727
86.09177067387346,-0.9697926596610885,-2.3013441130112278,-0.6695693682897649,-2.4513640256425595,2.0585220591347824,-0.02175603418758043,-0.6518589854240417,1.0615053176879883,0.7004209756851196,0.8918750286102295,0.1988963782787323,-0.12065551429986954,0.3878677189350128
86.25712379177925,-0.9395356869667563,-2.27615728095732,-0.638344988390278,-2.431723836564376,2.077443224170819,-0.07136196955931998,-0.6877380609512329,1.0385375022888184,0.7542751431465149,0.8905684947967529,0.24322211742401123,-0.14551053941249847,0.3557491600513458
86.42247694752018,-0.9090518145611898,-2.2512597901035347,-0.6072489110358986,-2.4121033553072952,2.096382320542976,-0.12096791628159975,-0.7214159965515137,1.0121865272521973,0.8088110685348511,0.8854107856750488,0.28793367743492126,-0.16959059238433838,0.3230801820755005
86.58783005329946,-0.8783316608090185,-2.2266642898973066,-0.5762846586774569,-2.39250269646169,2.1153395193158837,-0.17057384801538367,-0.75262051820755,0.9825564622879028,0.8638505935668945,0.8763787150382996,0.3327239751815796,-0.19283808767795563,0.2899453938007355
86.75318315799976,-0.8473645563036488,-2.202385440953945,-0.5454567459845284,-2.3729199623489357,2.134313957320153,-0.22017977942547512,-0.7810906767845154,0.9497830271720886,0.9192075729370117,0.8634744882583618,0.3772844970226288,-0.2152005434036255,0.2564307451248169
86.91853621523578,-0.8161348897964601,-2.1784446034110783,-0.5147726669018544,-2.3533515134548066,2.1533059452754606,-0.2697856965962806,-0.8065875172615051,0.9140329957008362,0.9746809005737305,0.846724808216095,0.4213082492351532,-0.23662914335727692,0.22262726724147797
87.08388932096675,-0.7846165263405883,-2.154876878663291,-0.48424555200090663,-2.333795943384603,2.1723156716342418,-0.3193916283155742,-0.8289061784744263,0.8755030035972595,1.0300467014312744,0.8261803388595581,0.4644920229911804,-0.25707778334617615,0.18863753974437714
87.24924233663762,-0.7528015393993279,-2.131693598755941,-0.45387891008995607,-2.3142498512805476,2.1913421549449765,-0.36899753301683713,-0.8478338718414307,0.834421694278717,1.0851173400878906,0.8019213676452637,0.5065355896949768,-0.2765129506587982,0.15454602241516113
87.41459543318423,-0.720676584899346,-2.108912843298981,-0.423679166400557,-2.2947115844310364,2.2103858310502758,-0.41860346198081966,-0.8631884455680847,0.7910431623458862,1.1396952867507935,0.7740514278411865,0.5471460819244385,-0.2949052155017853,0.12044252455234528
87.57994846306468,-0.6882327384253365,-2.086546917682337,-0.39365054925779175,-2.275179518649509,2.2294463729780563,-0.46820937094495396,-0.8748059272766113,0.7456467151641846,1.193595290184021,0.7426987886428833,0.5860399007797241,-0.312232106924057,0.08641083538532257
87.74530154540172,-0.6554754849496429,-2.064590382700729,-0.3637897468880453,-2.2556532417039667,2.2485229320771056,-0.5178152956460651,-0.8825228214263916,0.6985353231430054,1.2466604709625244,0.7080161571502686,0.6229419112205505,-0.32847860455513,0.052519842982292175
87.91065476626478,-0.6224139503334642,-2.043032497233891,-0.3340916648914859,-2.236132260681733,2.2676152308659163,-0.5674212619049874,-0.8861948847770691,0.6500295996665955,1.2987453937530518,0.6701768636703491,0.6575897336006165,-0.3436337411403656,0.01883184164762497
88.07600795564242,-0.5890568689398955,-2.0218635181895688,-0.3045514397616557,-2.2166167287432037,2.286722620749651,-0.6170272187182777,-0.8857064247131348,0.6004676818847656,1.3497051000595093,-0.6293739676475525,-0.6897348165512085,0.35768893361091614,0.014592461287975311
88.2413610614217,-0.5554120260375787,-2.001074655129577,-0.2751647756460276,-2.1971066935190953,2.3058446753402095,-0.6666331504520617,-0.8809726238250732,0.5502004623413086,1.3993991613388062,-0.5858181118965149,-0.7191451191902161,0.3706381320953369,0.04769453778862953
88.40671416720097,-0.5214861797320162,-1.9806581158089775,-0.24592788700840262,-2.1776020680303128,2.3249809880184418,-0.7162390821858455,-0.8719418048858643,0.49958986043930054,1.4476895332336426,-0.5397369861602783,-0.7456057667732239,0.382477343082428,0.08041732013225555
88.57206725085429,-0.48728555012181785,-1.960607010539843,-0.21683720088570996,-2.1581030034213193,2.3441307500112516,-0.7658450072818414,-0.858594536781311,0.44900551438331604,1.4944422245025635,-0.4913738965988159,-0.768920361995697,0.3932052254676819,0.11270620673894882
88.7374201845037,-0.4528101169469206,-1.9409227563341644,-0.18789280353784565,-2.1386092969687795,2.363294380247514,-0.8154508873766677,-0.8409589529037476,0.39882150292396545,1.5395206212997437,-0.4409855902194977,-0.788913369178772,0.40282294154167175,0.1445021629333496
88.9027731194052,-0.41804805284627566,-1.9216222742951519,-0.1591015968394996,-2.119121363575245,2.3824720159305968,-0.8650567678471159,-0.819124698638916,0.34941354393959045,1.5827770233154297,-0.38884207606315613,-0.8054323792457581,0.41133564710617065,0.17573656141757965
89.0681260552927,-0.3830590732956416,-1.9026264380547198,-0.1304321594032448,-2.0996378820098767,2.401660334801906,-0.9146626486133663,-0.7930523157119751,0.3011535406112671,1.6241799592971802,-0.3352231979370117,-0.8183333873748779,0.41874444484710693,0.2064192146062851
89.23347910005091,-0.3478608657794848,-1.8839125048315288,-0.10187568079056793,-2.0801587161425075,2.420858240883427,-0.9642685620408309,-0.7628251314163208,0.25441062450408936,1.6636313199996948,-0.28041672706604004,-0.8275008201599121,0.4250507354736328,0.23651745915412903
89.39883228326849,-0.3124698527957258,-1.865459023543583,-0.0734238419593145,-2.0606833655680865,2.4400647209246165,-1.0138745170061023,-0.7285594344139099,0.20954617857933044,1.7010363340377808,-0.22471751272678375,-0.832841694355011,0.4302569329738617,0.2659996747970581
89.56418551029162,-0.2769015007964909,-1.8472459350026909,-0.04506885117795237,-2.041211389824591,2.459278859867631,-1.0634804851130435,-0.690405547618866,0.16691187024116516,1.736302375793457,-0.16842611134052277,-0.8342854976654053,0.4343649744987488,0.2948344349861145
89.7295386160709,-0.24117033822522782,-1.8292546665830194,-0.016803468259389307,-2.0217425598748955,2.4784998501367155,-1.1130864168468275,-0.6485459208488464,0.1268456131219864,1.7693394422531128,-0.11184680461883545,-0.8317855596542358,0.4373778998851776,0.3229914903640747
89.89489172185017,-0.20527046799103074,-1.8114939624002548,0.011368603003592007,-2.0022766296903636,2.497727739894623,-1.1626923485806113,-0.603244423866272,0.08966749161481857,1.8000408411026,-0.05528740584850311,-0.8253238201141357,0.4393046796321869,0.35042163729667664
90.06024482762945,-0.16921606212147794,-1.793942560660158,0.03945660540568596,-1.9828110174595803,2.5169631535537955,-1.2122982803143953,-0.5547367334365845,0.05567684769630432,1.8283339738845825,0.0009476293926127255,-0.8148996829986572,0.44015082716941833,0.3771006464958191
90.22559793340872,-0.13302879870668002,-1.7765698482561805,0.06747339025312941,-1.9633434517089952,2.536206839400135,-1.2619042120481792,-0.5032660365104675,0.02515380084514618,1.8541563749313354,0.056554678827524185,-0.8005334734916687,0.4399190843105316,0.40301230549812317
90.390951039188,-0.09671412653507541,-1.7593667700373783,0.09542319385987968,-1.943872173294951,2.555459481325444,-1.3115101437819632,-0.4491403102874756,-0.0016474127769470215,1.8774335384368896,0.11123249679803848,-0.7822728157043457,0.438617467880249,0.42812541127204895
90.55630414496727,-0.0602772803239056,-1.742324699499995,0.12331000230266936,-1.9243953839723924,2.574721793764506,-1.361116075515747,-0.3926909863948822,-0.02449926733970642,1.8980979919433594,0.1646842211484909,-0.7601882219314575,0.436254620552063,0.45240989327430725
90.72165725074655,-0.023723372210937784,-1.725435465309999,0.15113751933814318,-1.904911215612107,2.593994708135397,-1.410722007249531,-0.33427026867866516,-0.04320339113473892,1.9160903692245483,0.21661926805973053,-0.7343730926513672,0.43284082412719727,0.4758371114730835
90.88701035652582,0.012964531324919273,-1.708718739432446,0.1788991548318947,-1.8854156514933624,2.6132822733264525,-1.4603279389833148,-0.2743017375469208,-0.05759973078966141,1.9313491582870483,0.26675617694854736,-0.7049480676651001,0.4283982217311859,0.4983615279197693
91.0523634623051,0.04976547684994147,-1.6921451379616714,0.2066069322943816,-1.8659078518572572,2.6325834080707335,-1.5099338707170986,-0.2131284773349762,-0.06754983961582184,1.9438420534133911,0.3148220479488373,-0.6720451712608337,0.4229319989681244,0.519972026348114
91.21771676986708,0.08666733941188591,-1.6756975232543865,0.23426740609025315,-1.8463885606591297,2.651897103217937,-1.5595398629856956,-0.15113049745559692,-0.07295067608356476,1.9535343647003174,0.3605543076992035,-0.6358202695846558,0.41645124554634094,0.5406491160392761
91.38306994157732,0.1236660094295231,-1.6593693595072838,0.26188301764230276,-1.8268579964691087,2.6712227513337576,-1.6091458144987687,-0.08871644735336304,-0.07373702526092529,1.9603970050811768,0.40370267629623413,-0.5964518785476685,0.4089701473712921,0.5603682398796082
91.54842283686052,0.16075757734953697,-1.643154329340869,0.28945613519822594,-1.8073164777592579,2.6905597466516986,-1.6587516830837286,-0.026301637291908264,-0.06988024711608887,1.9644094705581665,0.44403207302093506,-0.5541373491287231,0.40050435066223145,0.5791058540344238
91.71377626732504,0.19794362867199206,-1.6270522138212413,0.31698696853022,-1.7877636723576007,2.7099085847803654,-1.7083577122230866,0.03568580746650696,-0.06139090657234192,1.9655604362487793,0.4813232123851776,-0.5090928077697754,0.3910733759403229,0.5968367457389832
91.8791296976148,0.23523261481033472,-1.6110703015247667,0.3444725721670299,-1.7681981204308637,2.72927000108131,-1.7579637413100138,0.09680432826280594,-0.048320263624191284,1.9638510942459106,0.5153750777244568,-0.4615520238876343,0.38070300221443176,0.6135334968566895
92.04448312784577,0.27260074500106,-1.595178826436362,0.3719241891921537,-1.7486227642596046,2.748641244694525,-1.8075697703793048,0.15668855607509613,-0.030741900205612183,1.9592866897583008,0.5460019111633301,-0.41175758838653564,0.3693999946117401,0.629190981388092
92.20983623162607,0.31004472954366996,-1.5793722103674885,0.399344006879127,-1.7290375734655206,2.7680217333865897,-1.8571757015133952,0.21493539214134216,-0.00877450406551361,1.95188307762146,0.5730391144752502,-0.3599695563316345,0.3571839928627014,0.643791675567627
92.37518901288439,0.3475615923977207,-1.5636457053614095,0.4267341970421959,-1.709442134552434,2.7874113869307773,-1.9067815358908906,0.2711517810821533,0.017427057027816772,1.9416637420654297,0.5963425040245056,-0.3064609467983246,0.3440762758255005,0.6573193669319153
92.54054179401174,0.385148653902587,-1.5479953837588165,0.45409692180102096,-1.6898356731464501,2.806810578584288,-1.9563873702290957,0.3249593675136566,0.04767310619354248,1.9286630153656006,0.6157901883125305,-0.2515144944190979,0.33009910583496094,0.6697590947151184
92.7058945748761,0.42281720306304127,-1.5324319262216823,0.48142969154216386,-1.6702141581260164,2.826221061359061,-2.0059932044884015,0.3759717047214508,0.08173458278179169,1.9129302501678467,0.6312834620475769,-0.1954236626625061,0.3152850866317749,0.681091845035553
92.87124762587716,0.46055327427635023,-1.5169395654040523,0.5087391752423724,-1.6505779982704607,2.8456419222050484,-2.055599119788722,0.42387306690216064,0.11936266720294952,1.8945138454437256,0.6427435874938965,-0.13848508894443512,0.29965078830718994,0.691311776638031
93.03660073165643,0.4983499829108669,-1.5015096478587937,0.536029400059079,-1.6309268186317005,2.865072736766606,-2.105205051522506,0.46835750341415405,0.16027608513832092,1.873471975326538,0.6501156687736511,-0.08100273460149765,0.2832185924053192,0.7004108428955078
93.20195383743571,0.536204839869784,-1.4861387582105352,0.5633024014017094,-1.6112596755377098,2.884513602642925,-2.1548109832562896,0.5091374516487122,0.20416487753391266,1.849873423576355,0.653369128704071,-0.023284491151571274,0.26601430773735046,0.7083805799484253
93.36730694321498,0.5741154163271885,-1.4708235873462274,0.5905601649732317,-1.5915756675896515,2.9039646240511825,-2.2044169149900736,0.545953631401062,0.25069451332092285,1.823796272277832,0.6524972915649414,0.03435959666967392,0.2480650246143341,0.7152135372161865
93.53266004899426,0.6120823416850896,-1.4555633571804514,0.6178042729599216,-1.5718726961843783,2.9234266222395635,-2.2540228467238577,0.5785760879516602,0.29950881004333496,1.7953271865844727,0.6475176811218262,0.09162047505378723,0.22940053045749664,0.7209035158157349
93.69801315477353,0.6501115127046732,-1.4403627932969496,0.6450342897256042,-1.5521488953084772,2.9429002445939894,-2.3036287784576417,0.6067969799041748,0.35023030638694763,1.7645677328109741,0.6384723782539368,0.14818978309631348,0.2100553810596466,0.7254443168640137
93.86336626055281,0.6881897392296952,-1.4252088474521385,0.6722539224450399,-1.5324087803900326,2.9623829326213205,-2.3532347101914253,0.6304748058319092,0.4024730920791626,1.731613278388977,0.6254258155822754,0.2037619650363922,0.19005326926708221,0.7288370132446289
94.02871936633208,0.72631566791924,-1.4100996082176964,0.6994640487512526,-1.5126530906898652,2.9818740044306757,-2.4028406419252093,0.6494852304458618,0.4558352828025818,1.696575403213501,0.6084670424461365,0.2580372393131256,0.16942617297172546,0.7310810089111328
94.19407247211136,0.7644879695552178,-1.395033205844197,0.7266656424730561,-1.492882550955054,3.0013730068793727,-2.4524465736589933,0.6637424230575562,0.5099077820777893,1.6595708131790161,0.5877086520195007,0.31072455644607544,0.14820685982704163,0.732177197933197
94.35942557789063,0.8027052993535273,-1.3800078070418347,0.7538596954532587,-1.4730978998711686,3.020879542002314,-2.5020525053927773,0.6731985807418823,0.564276933670044,1.6207252740859985,0.5632855296134949,0.36154186725616455,0.12642887234687805,0.7321287393569946
94.52477868366991,0.8409690508521791,-1.3650240427923288,0.7810466167986337,-1.4532991778404711,3.040393086361754,-2.551658437126561,0.6778401732444763,0.6185280680656433,1.5801713466644287,0.5353541970252991,0.4102186858654022,0.10412854701280594,0.7309402823448181
94.69013178944918,0.879281118101239,-1.3500828917727346,0.8082274747691183,-1.433485978835747,3.059913759619912,-2.601264368860345,0.6776917576789856,0.6722501516342163,1.5380477905273438,0.5040915608406067,0.4564981162548065,0.08134259283542633,0.7286182045936584
94.85548489522846,0.9176321655703858,-1.335176556850385,0.8354050708567801,-1.4136605595442566,3.0794404747116935,-2.650870300594129,0.6728307008743286,0.7250403761863708,1.4944897890090942,0.46969449520111084,0.5001362562179565,0.05810166895389557,0.7251724004745483
95.02083800100773,0.9560204899775099,-1.3203039314650045,0.8625811790781849,-1.393822669830179,3.098973834743009,-2.700476232327913,0.6633602976799011,0.7765049338340759,1.4496415853500366,0.4323781132698059,0.5409067869186401,0.034441348165273666,0.7206127643585205
95.186191106787,0.9944440864156062,-1.3054640785130982,0.8897574616004755,-1.3739721634366797,3.118513808619984,-2.750082164061697,0.6494191884994507,0.8262636661529541,1.4036524295806885,0.3923749327659607,0.5786007046699524,0.0103978356346488,0.7149510383605957
95.35154421256628,1.0329009099601028,-1.2906559985788908,0.9169356769822686,-1.3541089798950214,3.1380603612148317,-2.7996880957954806,0.6311799883842468,0.8739532828330994,1.356674075126648,0.3499329686164856,0.6130273342132568,-0.013992112129926682,0.708200991153717
95.51689731834556,1.0713891670679008,-1.2758784215036543,0.944117912520806,-1.3342330191371385,3.1576142280876427,-2.8492940275292646,0.6088473796844482,0.9192314147949219,1.3088598251342773,0.3053143322467804,0.6440165042877197,-0.03869174048304558,0.7003775835037231
95.68225042412483,1.1099089536963123,-1.2611329039187618,0.9713068605032471,-1.31434267097357,3.177176246717372,-2.8988999592630487,0.5826519727706909,0.9617776870727539,1.2603672742843628,0.2587926983833313,0.6714197397232056,-0.06366310268640518,0.6914975643157959
95.8476035299041,1.1484569146496522,-1.2464178015755725,0.9985047063047545,-1.294438120702835,3.1967464869648414,-2.9485058909968327,0.5528566837310791,1.0012985467910767,1.2113524675369263,0.2106538563966751,0.6951091885566711,-0.08886917680501938,0.6815793514251709
96.01295663568338,1.1870291484484778,-1.2317298863493058,1.0257103606736555,-1.274520090924458,3.2163238897483954,-2.9981118227306163,0.5197494029998779,1.0375280380249023,1.161972999572754,0.16119322180747986,0.7149794101715088,-0.11427243053913116,0.6706436276435852
96.17830974146266,1.2256238799255705,-1.217068820538272,1.052923325169641,-1.254588120983985,3.235908107124846,-3.0477177544644003,0.48363617062568665,1.0702311992645264,1.1123887300491333,0.11071309447288513,0.7309494018554688,-0.1398339420557022,0.6587123870849609
96.34366284724193,1.264239139336158,-1.202434374040317,1.0801426486731212,-1.2346421137995711,3.255498650465602,-3.0973236861981843,0.44484150409698486,1.099204182624817,1.0627596378326416,0.059521690011024475,0.7429618835449219,-0.1655140072107315,0.645809531211853
96.5090159530212,1.3028731362035753,-1.1878262016818655,1.1073675096352207,-1.2146815885436093,3.2750949805815366,-3.1469296179319683,0.4037049114704132,1.1242784261703491,1.0132426023483276,0.007929963991045952,0.7509843707084656,-0.1912735551595688,0.6319604516029358
96.67436905880048,1.3415239959739993,-1.1732439660350331,1.1345971864056472,-1.1947058648724533,3.2946964022809695,-3.196535549665752,0.3605767488479614,1.1453189849853516,0.9639928936958313,-0.04374982789158821,0.7550090551376343,-0.2170732170343399,0.6171924471855164
96.83972216457975,1.3801893793897873,-1.1586875258215654,1.1618306678578045,-1.1747147373933737,3.3143021558868893,-3.246141481399536,0.31581589579582214,1.162226915359497,0.915163516998291,-0.09520534425973892,0.755052924156189,-0.24287346005439758,0.6015341281890869
97.00507527035903,1.4188672678259653,-1.1441567088435722,1.1890671692653476,-1.154708011437713,3.333911863837936,-3.29574741313332,0.2697848081588745,1.1749387979507446,0.8669025897979736,-0.14612749218940735,0.7511579394340515,-0.2686351537704468,0.5850159525871277
97.1704283761383,1.4575568399156773,-1.129651328659888,1.2163069086841831,-1.1346853292213868,3.353524538318351,-3.345353344867104,0.22284483909606934,1.1834278106689453,0.8193530440330505,-0.19621248543262482,0.7433896064758301,-0.2943189740180969,0.5676696300506592
97.33578148191758,1.4962567281013364,-1.115171281081378,1.24354992385453,-1.1146470780485334,3.37313886387322,-3.3949592766008876,0.1753549873828888,1.1877011060714722,0.7726534008979797,-0.245162695646286,0.7318376898765564,-0.3198860287666321,0.5495285391807556
97.50113455209781,1.5349657779906638,-1.1007164972354282,1.2707964288844151,-1.0945932908993112,3.392754131206428,-3.444565197654955,0.12766720354557037,1.1878001689910889,0.7269361019134521,-0.29268935322761536,0.716614842414856,-0.3452977240085602,0.5306276082992554
97.66648689874755,1.5736825394616631,-1.0862872618894934,1.2980464876789268,-1.074524126616008,3.4123686429330986,-3.494170901649877,0.08012400567531586,1.1837992668151855,0.682327926158905,-0.33851325511932373,0.697856068611145,-0.3705154061317444,0.511002779006958
97.83183996091658,1.6124058627645312,-1.071883688736204,1.3253006288122595,-1.0544397635244203,3.4319811698218476,-3.5437768203005886,0.033054620027542114,1.175803780555725,0.6389480829238892,-0.38236814737319946,0.6757180094718933,-0.39550164341926575,0.49069157242774963
97.9971923883286,1.6511338233903323,-1.0575059743172637,1.3525584651948197,-1.034340111041149,3.451590516561424,-3.593382548524194,-0.0132264643907547,1.1639484167099,0.5969091653823853,-0.42400071024894714,0.650377631187439,-0.42021888494491577,0.4697321653366089
98.16254621608537,1.6898654226768546,-1.0431551516813355,1.379819001603994,-1.0142244582083242,3.47119713144827,-3.642988696851228,-0.05842508375644684,1.14839506149292,0.5563172698020935,-0.46317335963249207,0.6220317482948303,-0.4446300268173218,0.44816410541534424
98.3278995173108,1.7285983701462364,-1.0288332291511066,1.4070794573819727,-0.9940922562804225,3.4908005730356946,-3.6925946872188566,-0.102265864610672,1.1293312311172485,0.5172722935676575,-0.49966397881507874,0.5908962488174438,-0.46869775652885437,0.4260281026363373
98.49325322237253,1.7673303381776766,-1.0145420359007395,1.4343377459553137,-0.9739426151022078,3.510401342693879,-3.7422007987373753,-0.1444971114397049,1.1069669723510742,0.4798644781112671,-0.5332698225975037,0.5572031140327454,-0.49238619208335876,0.4033656418323517
98.65860589711912,1.8060592441210035,-1.0002842086086252,1.4615908168051925,-0.953774368535783,3.5300001550448585,-3.7918066011613516,-0.1848926544189453,1.0815315246582031,0.4441767632961273,-0.5638071894645691,0.5212004780769348,-0.5156594514846802,0.3802192509174347
98.82395803458657,1.8447823216012706,-0.9860626965671003,1.4888356036651447,-0.9335861699435408,3.5495970706986157,-3.841412242401587,-0.22325187921524048,1.0532718896865845,0.41028231382369995,-0.5911140441894531,0.48314958810806274,-0.5384830236434937,0.35663244128227234
98.98931015552458,1.8834980388653348,-0.971879482120993,1.5160702474474572,-0.9133765319897325,3.5691904610860004,-3.89101787868299,-0.2594033479690552,1.0224485397338867,0.3782433569431305,-0.6150504946708679,0.44332146644592285,-0.5608235001564026,0.33264976739883423
99.15466326130385,1.9222065437902343,-0.957738602314025,1.543294035685032,-0.8931411696453736,3.588777972475046,-3.9406238104167732,-0.293205201625824,0.9893302321434021,0.348113477230072,-0.6355000138282776,0.40199559926986694,-0.5826489925384521,0.30831682682037354
99.32001636708313,1.960909473599593,-0.9436327808965158,1.570508806543123,-0.8728828701470285,3.608355666567255,-3.9902297421505573,-0.32454612851142883,0.9541938304901123,0.3199234902858734,-0.6523697972297668,0.3594556152820587,-0.6039299964904785,0.28367918729782104
99.4853694728624,1.999606858184976,-0.9295660820963442,1.5977135844357928,-0.8525962729357405,3.6279163346429963,-4.039835673884341,-0.35334059596061707,0.9173192977905273,0.29370826482772827,-0.6655888557434082,0.3159922659397125,-0.6246362328529358,0.2587851583957672
99.65072257864168,2.038300540916112,-0.9155333943646787,1.6249097138249884,-0.8322825287068104,3.6474566121298126,-4.089441605618125,-0.3795333206653595,0.8789854049682617,0.26948174834251404,-0.6751105189323425,0.271898478269577,-0.6447404623031616,0.23368066549301147
99.81607568442095,2.076990330760334,-0.901533365345412,1.6520975570099372,-0.8119421544915014,3.6669758975779176,-4.139047537351909,-0.4030942916870117,0.839468777179718,0.2472529113292694,-0.6809099912643433,0.22747281193733215,-0.6642154455184937,0.20841212570667267
99.98142243237146,2.1156766414642334,-0.8875555992126465,1.6792793273925781,-0.7915843725204468,3.68648099899292,-4.1886515617370605,-0.42402032017707825,0.7990378737449646,0.22701114416122437,-0.6829855442047119,0.18301552534103394,-0.6830362677574158,0.18302324414253235
100.03142243237146,2.120365033106333,-0.8928888305178192,1.6904008174244076,-0.7973630523262779,3.691169660676616,-4.188641968787752,-0.42431965470314026,0.7900416851043701,0.2269507497549057,-0.6829834580421448,0.1830156296491623,-0.683038055896759,0.18302428722381592
100.21152975023635,2.125050018932755,-0.8982181875726788,1.7015143475300796,-0.8031375342920443,3.69585515459385,-4.188632382807105,-0.4245329201221466,0.7810390591621399,0.2268887162208557,-0.6829813122749329,0.1830158829689026,-0.6830399036407471,0.18302515149116516
100.39164181784638,2.1297300162690407,-0.9035418700223021,1.7126160441452418,-0.8089058676914332,3.7005356594799417,-4.188622807033442,-0.4246605932712555,0.7720345854759216,0.22682510316371918,-0.6829790472984314,0.18301613628864288,-0.6830418109893799,0.1830260157585144
100.57169627384194,2.1344031628235505,-0.9088577594361419,1.7237014896184928,-0.8146657571558172,3.705209312841284,-4.1886132452772085,-0.42470303177833557,0.7630321979522705,0.22676007449626923,-0.6829769611358643,0.1830163151025772,-0.6830436587333679,0.18302710354328156
100.75182491899379,2.1390729610435377,-0.9141698399867598,1.73477899231072,-0.8204215196285664,3.7098796175049737,-4.188603690372025,-0.42465999722480774,0.7540261149406433,0.22669348120689392,-0.682974636554718,0.18301667273044586,-0.6830455660820007,0.18302804231643677
100.93189604566344,2.143736207265753,-0.919474467380241,1.7458409526241254,-0.8261692064327063,3.7145433694603223,-4.1885941488729275,-0.42453187704086304,0.7450237274169922,0.2266255021095276,-0.6829724311828613,0.18301697075366974,-0.6830474138259888,0.18302910029888153
101.11197931677945,2.1483944625910625,-0.9247734174306901,1.756891073737782,-0.8319107417040039,3.7192021299774973,-4.188584617585737,-0.4243188202381134,0.7360223531723022,0.22655603289604187,-0.6829701662063599,0.18301714956760406,-0.6830493807792664,0.18303003907203674
101.54298941984689,2.1530494689941406,-0.9300686717033386,1.7679334878921509,-0.8376482725143433,3.7238576412200928,-4.188575092946188,-0.42402103543281555,0.7270200252532959,0.22648529708385468,-0.6829677820205688,0.18301747739315033,-0.6830512881278992,0.18303117156028748
101.70760858872467,2.1526758507026154,-0.9297823248733259,1.7670567893578792,-0.8370667135213449,3.7234822498619726,-4.139189342282853,-0.42403459548950195,0.7277228236198425,0.22662411630153656,-0.6782419681549072,0.19982683658599854,-0.6783213019371033,0.19984297454357147
101.87223231406396,2.1523020755928672,-0.9294958522676643,1.7661796638104184,-0.8364848865339293,3.723106819286238,-4.089802224681063,-0.42404741048812866,0.7284256815910339,0.2267632931470871,-0.6731023192405701,0.21651488542556763,-0.6731775999069214,0.21653281152248383
102.03685603940326,2.1519280109902246,-0.9292091577894038,1.7653022591931227,-0.8359030053709854,3.722731894001828,-4.040415107079272,-0.42405977845191956,0.7291287183761597,0.22690238058567047,-0.6675519943237305,0.23307114839553833,-0.6676234006881714,0.23309047520160675
102.20147976474256,2.1515540963177844,-0.9289223525902677,1.7644245798746543,-0.8353208635492214,3.722356928222275,-3.9910279894774816,-0.42407193779945374,0.7298316955566406,0.22704166173934937,-0.6615945100784302,0.24948541820049286,-0.6616619229316711,0.2495058923959732
102.36610349008185,2.1511797936410892,-0.928635479784395,1.7635466561126372,-0.8347385627727986,3.721982108274013,-3.941640871875691,-0.4240831434726715,0.7305349111557007,0.22718121111392975,-0.6552334427833557,0.2657475769519806,-0.6552969813346863,0.2657688856124878
102.53072721542115,2.150805307058124,-0.9283484974116729,1.76266839298195,-0.8341560707172013,3.721607098906618,-3.8922537542739004,-0.42409375309944153,0.7312383651733398,0.2273208498954773,-0.6484726667404175,0.2818480134010315,-0.6485324501991272,0.28186967968940735
102.69535094076045,2.1504308094176072,-0.928061378481836,1.7617898372341672,-0.8335734530240495,3.7212321763144836,-3.84286663667211,-0.42410412430763245,0.731941819190979,0.22746066749095917,-0.6413164734840393,0.29777637124061584,-0.6413723826408386,0.2977985143661499
102.85997466609975,2.1500562291476006,-0.9277741066216393,1.7609109063593889,-0.8329907302364203,3.720857487234759,-3.793479519070319,-0.4241136312484741,0.7326455116271973,0.22760066390037537,-0.6337689161300659,0.3135235011577606,-0.6338210701942444,0.31354549527168274
103.02459839143904,2.1496814407592315,-0.9274867156042021,1.760031717662639,-0.8324078853105192,3.7204828529675242,-3.744092401468529,-0.42412281036376953,0.7333492040634155,0.2277408093214035,-0.6258347630500793,0.3290795385837555,-0.6258833408355713,0.329101026058197
103.18922211677834,2.149306433643837,-0.9271992744263057,1.7591524455692298,-0.8318249034514555,3.7201082074734453,-3.6947052838667385,-0.4241315424442291,0.7340529561042786,0.22788099944591522,-0.6175187826156616,0.3444349467754364,-0.6175639629364014,0.3444558382034302
103.35384584211764,2.1489314452380412,-0.9269117283505216,1.7582728814554807,-0.8312418090899862,3.719733413060617,-3.645318166264948,-0.4241394102573395,0.7347568869590759,0.22802141308784485,-0.608826220035553,0.35958027839660645,-0.6088679432868958,0.35960033535957336
103.51846956745693,2.148556679231357,-0.926624102768616,1.7573930477527708,-0.830658729725088,3.7193588346218664,-3.5959310486631573,-0.4241471290588379,0.7354606986045837,0.22816202044487,-0.5997622013092041,0.37450650334358215,-0.5998004078865051,0.37452560663223267
103.68309329279623,2.148181831407619,-0.9263363860903409,1.7565131971335846,-0.8300756041574043,3.718984170281554,-3.546543931061367,-0.4241543114185333,0.7361645102500916,0.22830255329608917,-0.5903323888778687,0.38920432329177856,-0.5903671979904175,0.3892223536968231
103.84771701813553,2.147806913955758,-0.9260486218430227,1.7556332742320784,-0.8294924130475271,3.7186094328199095,-3.4971568134595765,-0.42416098713874817,0.7368684411048889,0.22844330966472626,-0.5805424451828003,0.40366479754447937,-0.5805741548538208,0.40368160605430603
104.01234074347482,2.1474319550603957,-0.9257608425968065,1.7547532365626521,-0.828909151478688,3.7182346436590286,-3.4477696958577857,-0.42416682839393616,0.7375723123550415,0.22858424484729767,-0.5703982710838318,0.417879194021225,-0.5704267621040344,0.41789454221725464
104.17696446881412,2.147057190976145,-0.9254730587627013,1.7538730431900993,-0.8283259205430432,3.7178598795747777,-3.3983825782559953,-0.42417266964912415,0.738275945186615,0.22872531414031982,-0.5599063038825989,0.431838721036911,-0.5599315762519836,0.43185266852378845
104.34158819415342,2.146682521150945,-0.9251852042940333,1.7529928220791597,-0.8277426449880103,3.7174848708011377,-3.348995460654205,-0.42417776584625244,0.738979697227478,0.22886644303798676,-0.549072802066803,0.44553491473197937,-0.5490948557853699,0.44554731249809265
104.50621191949271,2.146307968082059,-0.9248973074632393,1.7521125698652114,-0.8271593427623266,3.717109853915169,-3.299608343052414,-0.424182653427124,0.7396834492683411,0.2290077954530716,-0.5379043817520142,0.45895931124687195,-0.5379232168197632,0.45897024869918823
104.67083564483201,2.1459336104535454,-0.9246093915024083,1.751232269322949,-0.8265760287040518,3.716735161889488,-3.2502212254506238,-0.4241870939731598,0.7403868436813354,0.2291492074728012,-0.526407778263092,0.47210386395454407,-0.5264236330986023,0.47211316227912903
104.83545937017131,2.145559323051526,-0.9243214680014517,1.7503520226737443,-0.8259926774698391,3.7163602678940584,-3.2008341078488334,-0.4241909086704254,0.7410901784896851,0.22929073870182037,-0.5145901441574097,0.48496049642562866,-0.5146028995513916,0.48496803641319275
105.0000830955106,2.1451851452740502,-0.9240335161152254,1.7494717399821453,-0.8254093271587767,3.715985241091348,-3.1514469902470426,-0.4241943955421448,0.7417933940887451,0.2294323742389679,-0.5024586915969849,0.49752119183540344,-0.5024683475494385,0.49752721190452576
105.1647068208499,2.144811116755368,-0.9237455223224015,1.7485913846477792,-0.8248259896677398,3.7156100692540495,-3.102059872645252,-0.4241974651813507,0.74249666929245,0.22957420349121094,-0.490020751953125,0.509778618812561,-0.4900272786617279,0.5097829699516296
105.3293305461892,2.1444371674621787,-0.9234576407977257,1.747710915869128,-0.8242427400108088,3.7152352866241807,-3.052672755043462,-0.4241999685764313,0.74319988489151,0.2297161966562271,-0.4772837162017822,0.5217252969741821,-0.4772874414920807,0.521727442741394
105.4939542715285,2.1440631245580586,-0.9231697472566731,1.7468305096371588,-0.8236594550243612,3.714860435142424,-3.003285637441671,-0.4242021143436432,0.7439028024673462,0.22985844314098358,-0.4642556607723236,0.533353865146637,-0.4642563760280609,0.533353865146637
105.65857799686779,2.14368896506632,-0.9228818299150238,1.7459501865398934,-0.8230761210236635,3.7144854692724705,-2.9538985198398806,-0.42420318722724915,0.7446058392524719,0.2300006002187729,-0.450944185256958,0.5446571111679077,-0.45094239711761475,0.5446547269821167
105.82320172220709,2.143315095241229,-0.9225939108278569,1.745069741041796,-0.8224928809935567,3.714110637075053,-2.9045114022380902,-0.4242042601108551,0.7453086376190186,0.23014292120933533,-0.4373578429222107,0.55562824010849,-0.437353253364563,0.555623471736908
105.98782544754638,2.142941311758153,-0.9223060122858059,1.7441893751704118,-0.8219096637410144,3.7137358883667217,-2.8551242846362994,-0.42420485615730286,0.7460113763809204,0.23028552532196045,-0.4235045313835144,0.5662605166435242,-0.4234974980354309,0.5662532448768616
106.15244917288568,2.14256760980207,-0.9220181350620446,1.7433090919159258,-0.8213264679687263,3.713361215359606,-2.805737167034509,-0.42420485615730286,0.7467137575149536,0.23042815923690796,-0.40939298272132874,0.576547384262085,-0.40938350558280945,0.5765374898910522
106.31707289822498,2.1421939341372602,-0.9217302983582167,1.742428849456482,-0.8207432952436716,3.7129862494896524,-2.7563500494327187,-0.42420434951782227,0.7474161982536316,0.23057082295417786,-0.3950316607952118,0.5864827036857605,-0.3950195908546448,0.5864702463150024
106.48169662356428,2.141820202104355,-0.9214424643168464,1.741548569379464,-0.8201601511358039,3.7126113986633955,-2.706962931830928,-0.42420321702957153,0.7481186389923096,0.23071379959583282,-0.3804291784763336,0.5960605144500732,-0.38041505217552185,0.5960450768470764
106.64632034890357,2.141446427439351,-0.9211546383129292,1.74066827127277,-0.8195770334456197,3.7122366397244906,-2.6575758142291375,-0.424201637506485,0.748820960521698,0.23085682094097137,-0.3655948042869568,0.6052747368812561,-0.3655785918235779,0.6052562594413757
106.81094407424287,2.141072726819019,-0.9208668904685805,1.7397881638459085,-0.8189939428798044,3.7118617957893236,-2.608188696627347,-0.4241993725299835,0.7495230436325073,0.23100006580352783,-0.3505372405052185,0.6141198873519897,-0.350519061088562,0.6140983700752258
106.97556779958217,2.140699079249977,-0.9205791603702278,1.7389081790768899,-0.8184108901139969,3.711486897193953,-2.5588015790255563,-0.4241967499256134,0.7502250075340271,0.2311432659626007,-0.33526599407196045,0.6225903630256653,-0.335245817899704,0.6225658059120178
107.14019152492146,2.1403254808322405,-0.920291450459092,1.7380282631923962,-0.8178278765034923,3.7111119757298257,-2.509414461423766,-0.42419329285621643,0.7509267330169678,0.23128671944141388,-0.3197900950908661,0.6306812167167664,-0.31976810097694397,0.630653440952301
107.30481525026076,2.1399519591966443,-0.9200037852961362,1.737148297047301,-0.8172449386420304,3.710737116505561,-2.4600273438219755,-0.4241896867752075,0.7516284584999084,0.23143036663532257,-0.3041190505027771,0.6383875608444214,-0.30409547686576843,0.6383562684059143
107.46943897560006,2.1395783794183965,-0.9197161750675531,1.7362685131072277,-0.8166620514117581,3.7103623086366904,-2.4106402262201847,-0.424185186624527,0.7523301243782043,0.23157402873039246,-0.2882624864578247,0.645704448223114,-0.28823739290237427,0.6456699371337891
107.63406270093935,2.139204795734737,-0.9194285779877913,1.7353888100429018,-0.8160791776944795,3.7099875279821575,-2.3612531086183943,-0.4241802990436554,0.7530316114425659,0.23171792924404144,-0.2722298800945282,0.65262770652771,-0.27220359444618225,0.6525894999504089
107.79868642627865,2.1388312452286757,-0.919140968343405,1.734509139298563,-0.8154962951651443,3.7096127652120523,-2.311865991016604,-0.4241746962070465,0.7537329196929932,0.23186182975769043,-0.256031334400177,0.6591528058052063,-0.25600406527519226,0.6591110825538635
107.96331015161795,2.138457697393633,-0.918853452934248,1.733629468942855,-0.8149134764660356,3.7092378089615434,-2.262478873414813,-0.42416873574256897,0.7544340491294861,0.23200586438179016,-0.23967663943767548,0.6652759313583374,-0.23964805901050568,0.6652306914329529
108.12793387695724,2.1380841104430606,-0.9185659879408145,1.7327499104374624,-0.814330654787412,3.7088630046842597,-2.2130917558130228,-0.4241621792316437,0.7551351189613342,0.23215019702911377,-0.22317560017108917,0.6709933280944824,-0.2231462150812149,0.670944333076477
108.29255760229654,2.137710492022106,-0.9182785652375601,1.7318704300507142,-0.8137478242969032,3.7084883980819803,-2.1637046382112324,-0.4241549074649811,0.7558361291885376,0.23229452967643738,-0.206538125872612,0.6763016581535339,-0.2065083384513855,0.6762487888336182
108.45718132763584,2.1373368528576013,-0.9179911738235618,1.73099096929572,-0.8131649816060897,3.708114003146383,-2.1143175206094416,-0.4241471588611603,0.7565368413925171,0.2324390560388565,-0.18977466225624084,0.6811973452568054,-0.18974462151527405,0.681140661239624
108.62180505297513,2.136963029877989,-0.9177038228694617,1.7301116026290968,-0.8125821320252671,3.7077392102057436,-2.064930403007651,-0.4241386950016022,0.7572378516197205,0.23258376121520996,-0.17289544641971588,0.685677707195282,-0.17286531627178192,0.6856170892715454
108.78642877831443,2.1365892234138153,-0.9174165408956781,1.7292322865763359,-0.8119993183674247,3.707364563767059,-2.015543285405861,-0.42412951588630676,0.7579384446144104,0.23272858560085297,-0.15591050684452057,0.6897398233413696,-0.1558806598186493,0.6896752715110779
108.95105250365373,2.1362152894857354,-0.9171292406292134,1.7283529950211811,-0.8114164665957279,3.706990060449015,-1.96615616780407,-0.42411985993385315,0.7586390972137451,0.2328735589981079,-0.13883045315742493,0.6933813095092773,-0.13880114257335663,0.6933127641677856
109.11567622899302,2.1358411416230214,-0.9168419413198118,1.7274736837747213,-0.810833553859963,3.7066154792475543,-1.9167690502022796,-0.4241093695163727,0.7593396306037903,0.23301871120929718,-0.1216655895113945,0.6965998411178589,-0.12163706123828888,0.696527361869812
109.28029995433232,2.135466968736401,-0.9165546824201388,1.7265943413500366,-0.8102505991822395,3.7062409486768515,-1.8673819326004892,-0.4240986406803131,0.7600401043891907,0.23316402733325958,-0.10442640632390976,0.6993936896324158,-0.10439886152744293,0.6993171572685242
109.44492367967162,2.135092863144661,-0.9162674650640548,1.725714948227142,-0.8096676278509586,3.705866600242778,-1.8179948149986984,-0.4240870773792267,0.7607406377792358,0.23330946266651154,-0.08712335675954819,0.7017609477043152,-0.0870971605181694,0.7016802430152893
109.60954719297371,2.134718439568649,-0.915980262246172,1.7248354472127236,-0.809084573657778,3.705492295545283,-1.7686077610080708,-0.42407482862472534,0.7614410519599915,0.23345522582530975,-0.06976690143346786,0.7037001252174377,-0.06974247843027115,0.7036154270172119
109.77417103194551,2.134343760799335,-0.915693046251453,1.7239559605035129,-0.8085013644464734,3.7051181979199845,-1.7192206093165299,-0.42406192421913147,0.7621414661407471,0.23360101878643036,-0.052367787808179855,0.7052100896835327,-0.05234557390213013,0.7051214575767517
109.93879485568952,2.1339683754529295,-0.9154058872377596,1.7230762617051156,-0.807918083355012,3.704744233508829,-1.6698334621933268,-0.42404794692993164,0.7628421783447266,0.23374706506729126,-0.034936144948005676,0.7062900066375732,-0.034917112439870834,0.7061973810195923
110.10341893498729,2.133592521578989,-0.9151186327735855,1.722196429355948,-0.8073345358700659,3.7043702583843885,-1.6204462384039975,-0.4240333139896393,0.7635430097579956,0.2338932752609253,-0.017483144998550415,0.7069390416145325,-0.01746750995516777,0.7068425416946411
110.26804071691093,2.13321590423584,-0.9148314595222473,1.7213163375854492,-0.8067507743835449,3.7039966583251953,-1.5710597038269043,-0.4240173399448395,0.7642440795898438,0.23403984308242798,-1.9113569578621536e-05,0.7071568369865417,-8.066499503911473e-06,0.7070566415786743
