time,ur20-shoulder_pan_joint,ur20-shoulder_lift_joint,ur20-elbow_joint,ur20-wrist_1_joint,ur20-wrist_2_joint,ur20-wrist_3_joint,target-POS_X,target-POS_Y,target-POS_Z,target-ROT_X,target-ROT_Y,target-ROT_Z,target-ROT_W
0.0,2.0361908117877405,-1.2461705207824707,2.624157667160034,-0.7778714895248413,-0.06790108978748322,0.9593571424484253,-0.5811628103256226,0.05288505554199219,0.21793024241924286,0.6022961735725403,-0.34362906217575073,-0.3647896647453308,0.6213589310646057
0.19841965287923813,2.0449898401188085,-1.2397762234002072,2.601343089462318,-0.7877739759886009,-0.09336423453823216,0.947424549642651,-0.5873899459838867,0.06036552041769028,0.2198515236377716,0.6100775003433228,-0.3201596140861511,-0.3694252073764801,0.623560905456543
0.3965897299349308,2.0539564440994043,-1.2332601479650958,2.5780940129162566,-0.7978650532306456,-0.11931231954148286,0.9352647031089937,-0.593659520149231,0.0678105428814888,0.22170692682266235,0.6175984740257263,-0.2960040867328644,-0.3737976551055908,0.625482976436615
0.5945618823170662,2.0630907601089117,-1.2266221953695648,2.5544100839103017,-0.8081448747332629,-0.14574573945990066,0.9228774178997994,-0.5999710559844971,0.07522644102573395,0.223482146859169,0.6248278021812439,-0.2711673378944397,-0.37788334488868713,0.6271066069602966
0.7929239422082901,2.072416555767687,-1.219845093566417,2.53022967652385,-0.8186401887384173,-0.17273327442860262,0.9102304621225228,-0.6063409447669983,0.0826396718621254,0.22516657412052155,0.6317500472068787,-0.24559126794338226,-0.3816669285297394,0.6284162998199463
0.9909841604530811,2.081894610933188,-1.212957344027104,2.5056544827796645,-0.8293068566303428,-0.20016142689659858,0.8973770232398152,-0.6127442717552185,0.09002861380577087,0.22673837840557098,0.6383028626441956,-0.21939264237880707,-0.3851073980331421,0.6293874979019165
1.1892003566026688,2.0915360433957377,-1.2059508673984431,2.4806556758935154,-0.8401573904460536,-0.22806237017821612,0.8843020241249963,-0.6191925406455994,0.09741445630788803,0.22818520665168762,0.6444618701934814,-0.19255338609218597,-0.38818466663360596,0.6300037503242493
1.3873422890901566,2.1013164536332614,-1.1988433949337336,2.4552965202136017,-0.8511643307970844,-0.2563654955040496,0.8710385536090838,-0.6256745457649231,0.10479209572076797,0.22949081659317017,0.6501803994178772,-0.16515682637691498,-0.3908674120903015,0.6302469372749329
1.5854956395924091,2.1112221090490473,-1.1916449061788876,2.429612622329979,-0.8623122229254852,-0.2850310626795317,0.8576052348261971,-0.6321892738342285,0.11216741055250168,0.23064187169075012,0.6554222106933594,-0.13726018369197845,-0.3931310772895813,0.6301025748252869
1.7836527898907661,2.121231597679212,-1.1843709613138989,2.403659500294788,-0.8735769696611437,-0.3139971085065411,0.8440311051014334,-0.6387320160865784,0.11954224854707718,0.2316267192363739,0.6601510047912598,-0.10894513875246048,-0.3949517607688904,0.6295591592788696
1.9818033464252949,2.131319650071045,-1.1770399237749614,2.377502674057571,-0.8849301325897254,-0.34319050675932283,0.830350433001535,-0.6452982425689697,0.12691712379455566,0.23243603110313416,0.664334237575531,-0.0803074762225151,-0.396309494972229,0.6286092400550842
2.179958876222372,2.141459806412755,-1.169671022038095,2.3512107499927164,-0.8963419336586743,-0.3725346864811375,0.8165991013703712,-0.6518840193748474,0.1342925727367401,0.2330639809370041,0.6679453253746033,-0.05144903436303139,-0.3971894681453705,0.6272500157356262
2.376246601343155,2.1524384118921467,-1.1620741066489022,2.324821635688116,-0.9048117124799536,-0.4000201660505926,0.8023381975076276,-0.6588771343231201,0.14114640653133392,0.23372992873191833,0.6706440448760986,-0.02380681037902832,-0.3973162770271301,0.6259468793869019
2.5744133070111275,2.1666167189912175,-1.153648164719547,2.298285604553698,-0.901635038399628,-0.41995030282983037,0.786200329728832,-0.6674889326095581,0.1458187699317932,0.23520676791667938,0.6715254187583923,-0.0013531986624002457,-0.3961074948310852,0.6262192726135254
2.7726014517247677,2.180776903586131,-1.1452329927055687,2.2717834913850288,-0.8984624246975144,-0.4398549652005844,0.7700830891359112,-0.6762189865112305,0.150261789560318,0.23670412600040436,0.6718742847442627,0.021071597933769226,-0.39473751187324524,0.6263571381568909
2.970752865076065,2.194909946913896,-1.136833950314068,2.2453321756426705,-0.8952958920429656,-0.45972147568459737,0.753996740960366,-0.6850577592849731,0.15447326004505157,0.23822055757045746,0.6716932058334351,0.04343855381011963,-0.39320746064186096,0.6263617873191833
3.168931622058153,2.209015239585453,-1.128451399695251,2.2189327978553863,-0.8921355769706479,-0.4795489776769702,0.737941978813924,-0.6940010786056519,0.15845413506031036,0.23975571990013123,0.6709861159324646,0.06573218107223511,-0.391518771648407,0.6262346506118774
3.367115054279566,2.2230864100549765,-1.1200891273572486,2.192597282968603,-0.8889829070363575,-0.4993285148348262,0.7219260548433579,-0.7030411958694458,0.16220325231552124,0.2413088083267212,0.6697577834129333,0.08792825788259506,-0.3896728456020355,0.6259776949882507
3.565263692289591,2.2371159002263057,-1.1117516249561457,2.1663397766679533,-0.8858395756445325,-0.5190494629073841,0.7059575717369613,-0.7121692895889282,0.16572028398513794,0.24287903308868408,0.6680148243904114,0.11000087112188339,-0.3876723051071167,0.6255925893783569
3.763454295694828,2.2511047589634985,-1.1034382691687499,2.1401583159060102,-0.8827053477953779,-0.5387132962599529,0.6900353356688874,-0.7213823199272156,0.16900651156902313,0.24446634948253632,0.6657634973526001,0.13193799555301666,-0.38551825284957886,0.625081479549408
3.9616196416318417,2.2650436531770173,-1.0951546065014184,2.114070368434938,-0.8795823145836493,-0.5583068955723104,0.6741699696397428,-0.7306703329086304,0.17206183075904846,0.24606996774673462,0.6630128026008606,0.15371184051036835,-0.38321414589881897,0.62444669008255
4.15977431461215,2.2789293996789333,-1.0869025286720027,2.088081891889412,-0.8764711892080749,-0.5778257863066729,0.6583650967806641,-0.7400275468826294,0.1748870611190796,0.24768978357315063,0.6597715020179749,0.17530468106269836,-0.3807622492313385,0.6236906051635742
4.357978031039238,2.292762768447822,-1.0786815780945072,2.0621914451823313,-0.8733717991536307,-0.5972710508051161,0.6426198406955935,-0.7494503855705261,0.17748406529426575,0.24932608008384705,0.6560483574867249,0.19670522212982178,-0.3781643211841583,0.6228156089782715
4.556137323379517,2.3065334173514236,-1.0704979009332976,2.03641838458393,-0.8702864615928297,-0.6166281513580879,0.6269459728860091,-0.7589280605316162,0.1798529326915741,0.2509783208370209,0.6518557071685791,0.21788586676120758,-0.37542465329170227,0.6218248009681702
4.754287004470825,2.3202403424736184,-1.0623520937997222,2.010764589017354,-0.8672154014548042,-0.6358956767826156,0.6113446360176374,-0.7684561014175415,0.1819956749677658,0.25264665484428406,0.6472043395042419,0.23883375525474548,-0.37254589796066284,0.6207209229469299
4.952494204044342,2.3338850624280596,-1.0542432542058917,1.9852272162547642,-0.8641582784915548,-0.655075761760759,0.5958141015917128,-0.7780317664146423,0.18391449749469757,0.25433188676834106,0.6421043872833252,0.2595406472682953,-0.3695301413536072,0.619506299495697
5.150660406798124,2.3474578631867664,-1.0461771550438086,1.959824447010339,-0.86111726914775,-0.6741547514954426,0.5803654261961645,-0.7876444458961487,0.18561019003391266,0.2560335397720337,0.6365707516670227,0.2799813747406006,-0.36638206243515015,0.6181846261024475
5.348799806088209,2.3609571872769624,-1.0381547218947207,1.934559196240414,-0.8580927223778433,-0.6931304566811829,0.5650003825595401,-0.7972891330718994,0.18708524107933044,0.2577517628669739,0.6306161284446716,0.3001443147659302,-0.36310505867004395,0.6167586445808411
5.546997878700495,2.374386082213165,-1.0301741436693224,1.9094257602358262,-0.8550839553809678,-0.7120071611426106,0.549715501975315,-0.8069644570350647,0.18834199011325836,0.2594881057739258,0.6242513656616211,0.32002508640289307,-0.35970091819763184,0.6152312159538269
5.745208412408829,2.387739736552139,-1.0222382797316418,1.8844331440637245,-0.852092046169252,-0.730778101539003,0.53451626086844,-0.8166628479957581,0.18938229978084564,0.2612423896789551,0.617490828037262,0.33960792422294617,-0.35617393255233765,0.6136054992675781
5.971743579232828,2.3975654499758994,-1.013796133527034,1.8668384767252135,-0.853042219491708,-0.7440272138568581,0.5235988072151251,-0.8240163326263428,0.19001682102680206,0.259785532951355,0.6123724579811096,0.35355332493782043,-0.3535533845424652,0.6123722791671753
6.270114638555155,2.3984068560447214,-1.003933189002623,1.868123702727437,-0.8641905739724457,-0.743185930424105,0.5235988685331595,-0.825194239616394,0.19003070890903473,0.24994692206382751,0.6123723983764648,0.3535534739494324,-0.3535533547401428,0.6123723387718201
6.468252342838154,2.3990848202462383,-0.994155724387383,1.8696307002107568,-0.8754751456490667,-0.7425079960859103,0.5235988964214361,-0.8261151909828186,0.1900143176317215,0.24008294939994812,0.6123723983764648,0.3535534739494324,-0.35355332493782043,0.6123723983764648
6.859519457802095,2.3994363833025205,-0.9845577195320045,1.8715783316284242,-0.8870207431524768,-0.7421562779510852,0.5235988576518005,-0.8265973329544067,0.19000960886478424,0.23018652200698853,0.6123724579811096,0.3535534739494324,-0.3535533845424652,0.6123723983764648
7.116073855699446,2.402922166952793,-0.9850809712034827,1.8635720352637934,-0.8784910726261895,-0.7386705200931312,0.5235988354469339,-0.8315560817718506,0.190105140209198,0.23438295722007751,0.6123724579811096,0.35355344414711,-0.3535533845424652,0.6123723983764648
7.314231359900381,2.4071926547058116,-0.9881749084376142,1.8530631419358528,-0.8648880987134602,-0.7344001040154415,0.5235988175281018,-0.8376014232635498,0.19014306366443634,0.24223269522190094,0.6123723983764648,0.35355344414711,-0.3535533547401428,0.6123723983764648
7.569635466661152,2.411444496613466,-0.9912553368927562,1.8426001326406665,-0.8513445182383736,-0.730148333470166,0.523598799687507,-0.8435676097869873,0.19007739424705505,0.250143438577652,0.6123723983764648,0.35355329513549805,-0.3535533547401428,0.6123725175857544
7.680504965875703,2.4138393012347774,-0.9885819165657093,1.838022468958278,-0.8494403146098168,-0.7277534742224394,0.5235988133441107,-0.8469448089599609,0.19003090262413025,0.2497940957546234,0.6123723983764648,0.3535533547401428,-0.35355332493782043,0.6123725771903992
8.004023504758731,2.4141107367133015,-0.9793011947730158,1.8401826429748656,-0.8608814595338908,-0.7274818394520809,0.5235988631670694,-0.8473526239395142,0.19004704058170319,0.23989428579807281,0.6123723983764648,0.35355332493782043,-0.3535533845424652,0.6123723387718201
8.33241363057946,2.4147909706101625,-0.9705999659282277,1.8412057787153115,-0.8706060509450944,-0.7268014207112901,0.5235989136069944,-0.8482890129089355,0.1900097280740738,0.23109255731105804,0.6123725175857544,0.35355329513549805,-0.3535534739494324,0.6123723387718201
8.700047170460353,2.4206121279402737,-0.9693320889053211,1.8278858883258953,-0.8585539801253935,-0.7209802633811788,0.5235989710601855,-0.8567959070205688,0.1900692731142044,0.23617413640022278,0.6123725771903992,0.3535533845424652,-0.3535534143447876,0.6123722791671753
8.898232055544982,2.4264212572316617,-0.96806683164908,1.8145935203256376,-0.8465268120468992,-0.7151711340897908,0.5235990283946633,-0.8652616739273071,0.1900004893541336,0.2413238137960434,0.6123725771903992,0.35355326533317566,-0.3535534143447876,0.6123723983764648
9.096382332682738,2.432477751403135,-0.964855937032929,1.800423625031803,-0.8355678111765378,-0.7091147300964049,0.523598960953776,-0.8744308948516846,0.19011010229587555,0.24507510662078857,0.6123725175857544,0.35355332493782043,-0.3535533845424652,0.6123723387718201
9.301437377894803,2.4385313734461014,-0.9616404504958338,1.7862594425544842,-0.824619115236314,-0.7030611984802373,0.5235988931336769,-0.8835811018943787,0.19008591771125793,0.248876690864563,0.6123724579811096,0.3535533845424652,-0.3535533845424652,0.6123723983764648
9.476439893092767,2.441550867324957,-0.957610663976948,1.7799783400308906,-0.8223677886489716,-0.7000417624150749,0.523598849773407,-0.8881387710571289,0.19002379477024078,0.24799834191799164,0.6123723387718201,0.35355344414711,-0.3535533547401428,0.6123724579811096
9.850004899330735,2.4391870741950754,-0.9521265757143867,1.7876868340697418,-0.8355603415499722,-0.7024055555449564,0.523598849773407,-0.8845245242118835,0.19003593921661377,0.2387721836566925,0.6123724579811096,0.3535533845424652,-0.3535533845424652,0.6123723983764648
10.047387599028944,2.4363980461992143,-0.9472409551399301,1.7961025784528728,-0.848861703000832,-0.7051945835408174,0.5235988820031479,-0.8802685737609863,0.1900334656238556,0.2298678755760193,0.6123724579811096,0.3535533845424652,-0.3535533845424652,0.6123723983764648
10.245483337916731,2.4327738394977274,-0.9435744685981057,1.8058886500493248,-0.8623143093487324,-0.7088187902423045,0.5235989784223961,-0.8748309016227722,0.1900710165500641,0.22158928215503693,0.6123724579811096,0.3535533845424652,-0.35355332493782043,0.6123723387718201
10.574789449260228,2.4291319944741545,-0.9398901379662846,1.8157223485878877,-0.8758323869633677,-0.7124606352658772,0.5235990753108983,-0.8693076968193054,0.1900145560503006,0.2133617103099823,0.6123724579811096,0.3535533547401428,-0.3535533547401428,0.6123723983764648
10.866397196529228,2.433102678347732,-0.9299013651724796,1.8084672294991264,-0.8785659814366609,-0.7084899513922996,0.5235989787381621,-0.8753248453140259,0.19006980955600739,0.2069745510816574,0.6123723983764648,0.35355332493782043,-0.3535533845424652,0.6123723387718201
11.106982619071111,2.438227251496555,-0.9189744035225709,1.7986175150518944,-0.8796431530942894,-0.7033653782434767,0.5235988528297488,-0.8830740451812744,0.19004996120929718,0.20080095529556274,0.6123724579811096,0.3535533845424652,-0.3535534143447876,0.6123723983764648
11.256985061881906,2.44215123291776,-0.9161462427504868,1.7896702931266608,-0.8735239983146437,-0.6994413968222717,0.5235988321911905,-0.8890755772590637,0.19003356993198395,0.20217210054397583,0.6123723983764648,0.35355332493782043,-0.3535533547401428,0.6123724579811096
11.498430461122515,2.444883547694673,-0.9213375962465138,1.781623695207819,-0.8602859354495065,-0.6967090820453589,0.5235989157788917,-0.8933103680610657,0.19003911316394806,0.21113067865371704,0.6123724579811096,0.35355329513549805,-0.3535533845424652,0.6123725175857544
11.696469407959702,2.447413287290329,-0.9267126402743737,1.7738526408599693,-0.8471398234191169,-0.6941793097161452,0.5235989853494755,-0.8972427845001221,0.1900315284729004,0.22021828591823578,0.6123725175857544,0.35355323553085327,-0.3535533845424652,0.6123724579811096
11.894764766528132,2.4495977458035507,-0.9324340575583988,1.7665324482994629,-0.834098371849019,-0.6919947607603895,0.5235990305707423,-0.9007096290588379,0.19006629288196564,0.22950711846351624,0.6123724579811096,0.35355323553085327,-0.35355332493782043,0.6123724579811096
12.117682903381851,2.451771184002251,-0.9381266110221226,1.7592491851765673,-0.8211227127383592,-0.6898212325754268,0.5235990755638735,-0.9040866494178772,0.19002516567707062,0.23881767690181732,0.6123725175857544,0.35355326533317566,-0.3535533845424652,0.6123723983764648
12.318308880681181,2.4567124966506775,-0.9359077187780389,1.746511323241118,-0.8106037647057909,-0.6848799848291616,0.5235990656523895,-0.9119911193847656,0.19005835056304932,0.24293749034404755,0.6123725175857544,0.35355329513549805,-0.3535533845424652,0.6123723387718201
12.583619150270533,2.4627370147472223,-0.9305990989284846,1.7316371929892262,-0.8010382229525339,-0.6788555921362952,0.5235990343014699,-0.9216741323471069,0.19002139568328857,0.24504084885120392,0.6123724579811096,0.3535533547401428,-0.3535533547401428,0.6123724579811096
12.817147808029201,2.466047365005165,-0.9208338053272511,1.7253800346025059,-0.8045463226808824,-0.6755451456467237,0.5235989690432696,-0.9270894527435303,0.19002403318881989,0.2382037490606308,0.6123725175857544,0.35355332493782043,-0.3535534143447876,0.6123723983764648
13.074927504257452,2.4690089112976294,-0.9121680639954298,1.7196099961834275,-0.8074419911814661,-0.6725835166602259,0.5235989002189512,-0.9319682121276855,0.1900203973054886,0.23219655454158783,0.6123724579811096,0.35355332493782043,-0.3535534143447876,0.6123723387718201
13.405077048183829,2.473133246696924,-0.9129981098268171,1.7073342247228576,-0.794336148528336,-0.6684593841503154,0.5235988494966052,-0.9388987421989441,0.19007128477096558,0.2392818033695221,0.6123723983764648,0.3535533845424652,-0.3535533845424652,0.6123723983764648
13.732840085545396,2.477244469423895,-0.9138255166587178,1.695097482136784,-0.7812719738298204,-0.6643483636676736,0.5235987989355227,-0.9457541704177856,0.19001950323581696,0.24643290042877197,0.6123724579811096,0.3535533845424652,-0.3535533845424652,0.6123723983764648
13.991911327652275,2.480222988813193,-0.9050827110852669,1.6888713236677764,-0.7837887550142796,-0.6613697408820217,0.5235988767083849,-0.9508686661720276,0.19005902111530304,0.24050384759902954,0.6123723983764648,0.3535534739494324,-0.3535533547401428,0.6123723387718201
14.190111579559385,2.4829595957683153,-0.8943493934164964,1.6839137635737258,-0.7895646798325954,-0.6586329666833038,0.5235989812356321,-0.955566942691803,0.19006605446338654,0.2317783385515213,0.6123724579811096,0.3535533845424652,-0.3535533845424652,0.6123722195625305
14.532844060115057,2.4856898149409634,-0.8836411294363326,1.6789677754065182,-0.7953271224987676,-0.6559025806574398,0.5235990855188921,-0.9601989388465881,0.19000262022018433,0.22301310300827026,0.6123724579811096,0.3535533845424652,-0.35355344414711,0.6123722195625305
14.864508257659244,2.4898260626234934,-0.8833693326163692,1.6662188800202722,-0.7828499395863399,-0.6517665650262137,0.5235989700278589,-0.9674718379974365,0.19005103409290314,0.22926974296569824,0.6123724579811096,0.3535534143447876,-0.3535533845424652,0.6123722791671753
15.253547564160293,2.493966478945701,-0.8833163383516798,1.6533817957791481,-0.7700657586532054,-0.6476263887752752,0.5235988494451809,-0.9747074246406555,0.19000054895877838,0.2358866184949875,0.6123723387718201,0.35355356335639954,-0.35355326533317566,0.6123723983764648
15.646800779405073,2.4943094974433366,-0.8747057998521185,1.6546666444864357,-0.7799610275311816,-0.647283302661141,0.5235987987328069,-0.9754085540771484,0.19007059931755066,0.22600042819976807,0.6123724579811096,0.35355350375175476,-0.3535533845424652,0.6123723387718201
15.844952975067333,2.494652609357984,-0.8660929163747142,1.6559518431070013,-0.7898589912680534,-0.6469401231115804,0.523598748006622,-0.9760369658470154,0.19008475542068481,0.21611277759075165,0.6123723983764648,0.35355344414711,-0.3535533845424652,0.6123723387718201
16.13809710215475,2.494996011574702,-0.8574727456601029,1.6572381291156906,-0.7997653295301124,-0.6465966532027241,0.5235986972375184,-0.9765927195549011,0.19004316627979279,0.2062186300754547,0.6123723983764648,0.3535533845424652,-0.3535534143447876,0.6123724579811096
16.26590620318597,2.497153787195724,-0.8529864958390556,1.651628665403639,-0.7986421089753633,-0.6444388425443077,0.5235987256111679,-0.9804400205612183,0.1900407075881958,0.20425239205360413,0.6123723983764648,0.35355344414711,-0.3535533845424652,0.6123723983764648
16.540995347768394,2.5012547578591033,-0.8529358421163986,1.6386315993259166,-0.7856958098129742,-0.6403378718809283,0.5235988388038443,-0.9878338575363159,0.19004791975021362,0.21084913611412048,0.6123724579811096,0.3535534143447876,-0.3535533845424652,0.6123723983764648
16.70713380632801,2.5040499690863425,-0.8495296267949771,1.6305824932138542,-0.7810529613118806,-0.6375426229408091,0.5235988905216117,-0.9928797483444214,0.1900203377008438,0.21131116151809692,0.6123724579811096,0.3535533845424652,-0.3535533845424652,0.6123723983764648
17.032023225343547,2.5046841088879432,-0.8405496843576024,1.6307272545152955,-0.7901775897848555,-0.6369083827847535,0.5235988403443842,-0.9940614700317383,0.19003719091415405,0.20147305727005005,0.6123724579811096,0.3535534143447876,-0.3535533845424652,0.6123723983764648
17.422134019273702,2.5053182283984583,-0.831570029258728,1.6308720111846924,-0.7993019262896937,-0.6362741629229944,0.5235987901687622,-0.9951719045639038,0.1900000125169754,0.19162656366825104,0.6123725175857544,0.35355326533317566,-0.35355344414711,0.6123722791671753
17.586148295609924,2.4670505937579836,-0.8807743121595943,1.5820593206942202,-0.8302745225403891,-0.5938621347183668,0.5433398318767243,-1.0297529697418213,0.25273120403289795,0.25171300768852234,0.6335139870643616,0.3669457733631134,-0.3899736702442169,0.5585082173347473
17.75014406082033,2.4279649034550874,-0.9294765906474624,1.5328605911310982,-0.8619831145926122,-0.5505515542436961,0.5634874709421459,-1.0576704740524292,0.31702089309692383,0.3200289309024811,0.6513330936431885,0.3777008056640625,-0.425743043422699,0.5018467903137207
17.914160522660193,2.3883237923172236,-0.9771939449296381,1.4836556525791393,-0.8942332773286059,-0.5066127825032853,0.5839176507359889,-1.0778323411941528,0.3811850845813751,0.39570385217666626,0.6654139161109924,0.38595491647720337,-0.46027082204818726,0.44318586587905884
18.078176984500058,2.3482159153995226,-1.0240203392910452,1.4344507140271805,-0.9269562578529702,-0.4621181669296783,0.6046014531667936,-1.0895979404449463,0.4437408149242401,0.4783320128917694,0.6755247712135315,0.39212149381637573,-0.4932132661342621,0.3829460144042969
18.242193446339922,2.307693656140289,-1.070060525423441,1.3852457754752214,-0.9601001411703287,-0.417124884476905,0.6255139630137503,-1.092535138130188,0.503136396408081,0.5673587322235107,0.68150395154953,0.3966374695301056,-0.524254560470581,0.3215401768684387
18.406209908179786,2.266651420294716,-1.1151689952435104,1.3360408369232626,-0.9937610402425524,-0.3715168270777287,0.646708459495323,-1.086480975151062,0.5580390095710754,0.6618276238441467,0.6832980513572693,0.3997979760169983,-0.5531595945358276,0.25938358902931213
18.57022637001965,2.225124024948376,-1.1594481586495793,1.2868358983713037,-1.0278933959822063,-0.3253466336579999,0.6681607766149326,-1.0714764595031738,0.6068785786628723,0.7608912587165833,0.6808653473854065,0.40207305550575256,-0.5796452760696411,0.196903258562088
18.734242831859515,2.1830571581164517,-1.202874703028223,1.237630959819345,-1.0625122131201052,-0.2785955947348658,0.68987984640615,-1.0478259325027466,0.6482737064361572,0.8634468913078308,0.6742543578147888,0.40386009216308594,-0.6034730672836304,0.13453024625778198
18.89825929369938,2.1402993681832427,-1.2453152482741099,1.188426021267386,-1.097688721076481,-0.23117750380930305,0.7119060373510655,-1.0160821676254272,0.6811192035675049,0.9681858420372009,0.6635982990264893,0.4054853916168213,-0.6244477033615112,0.07269103080034256
19.062275755539243,2.0968005025976573,-1.2867773242807492,1.1392210827154272,-1.1334172796117825,-0.18309823483768958,0.7342373906349517,-0.9770395755767822,0.7042670249938965,1.0738500356674194,0.6490703225135803,0.40736886858940125,-0.6423540711402893,0.01181644294410944
19.226292217379108,2.0525887844564843,-1.3273406500431428,1.0900161441634681,-1.169675735587334,-0.1343827832193555,0.7568625258480577,-0.9317581653594971,0.7166106700897217,1.1791892051696777,-0.6308872103691101,-0.40996837615966797,0.6569897532463074,0.04766242206096649
19.390052617712428,2.0079339433531365,-1.3669739637936762,1.0410131290094702,-1.206293313138458,-0.08525466311935893,0.7796776113059275,-0.8817545175552368,0.7171716094017029,1.2825355529785156,-0.6094017624855042,-0.4137311279773712,0.6681413650512695,0.10508579760789871
19.55406904741119,1.9632127721673582,-1.405576453798704,0.9925163215988234,-1.2430150264244348,-0.03604973420973085,0.8025265758190612,-0.8288938403129578,0.7054494619369507,1.3820358514785767,-0.585124135017395,-0.4190289080142975,0.6756724119186401,0.15972279012203217
19.71808548197084,1.9185551211290577,-1.4432421758313174,0.9445670074948941,-1.2797787920746464,0.013155196158164309,0.8253736776513044,-0.7748767137527466,0.6814054846763611,1.4764506816864014,-0.5585219264030457,-0.4261656105518341,0.6795819997787476,0.21119767427444458
19.882101860988563,1.8739940888169808,-1.4800949098843805,0.897112550897977,-1.3165811069037767,0.06236010986348148,0.8482189446196893,-0.7213007211685181,0.6453138589859009,1.5647693872451782,-0.5300514698028564,-0.4353785216808319,0.6799094676971436,0.2592567801475525
20.04611838313334,1.8295486707369324,-1.5162350933373698,0.8500951506577052,-1.353418656751438,0.11156506650691464,0.8710624678301152,-0.6697009205818176,0.5977238416671753,1.6460556983947754,-0.5001816153526306,-0.44683700799942017,0.6767117977142334,0.3036712110042572
20.21013492168898,1.7852354963484327,-1.5517498846610867,0.8034635388380984,-1.390288855728089,0.1607700280736069,0.8939043947748473,-0.6215177774429321,0.539430558681488,1.719458818435669,-0.4693872630596161,-0.46064597368240356,0.6700633764266968,0.34423235058784485
20.3741514348464,1.7410641232943096,-1.5867153861562149,0.7571718952566089,-1.427189573411629,0.20997498202083303,0.9167447616942607,-0.5780598521232605,0.47145748138427734,1.784226894378662,-0.4381447732448578,-0.4768466055393219,0.660054624080658,0.38075488805770874
20.538167946602083,1.6970168724436006,-1.6211995053002732,0.7111776342173478,-1.464118754639334,0.2591799355475378,0.9395837454008461,-0.5404660105705261,0.3950362205505371,1.8397178649902344,-0.40693140029907227,-0.49541494250297546,0.6467854380607605,0.41308528184890747
20.702184506710353,1.6530702766719136,-1.6552632454540654,0.6654416161084984,-1.5010747348227358,0.308384903580019,0.9624214715270779,-0.5096977353096008,0.3115609288215637,1.885408878326416,-0.37621524930000305,-0.5162701606750488,0.6303673982620239,0.4410943388938904
20.86620097025047,1.6092022078814556,-1.6889617544328985,0.6199283699396143,-1.5380558909822857,0.35758984264205496,0.9852581702004461,-0.48652422428131104,0.22255174815654755,1.920900821685791,-0.3464497923851013,-0.539277970790863,0.6109246611595154,0.46467500925064087
21.03021724285266,1.5653898599780969,-1.7223447717675304,0.5746024469368344,-1.5750611404525374,0.40679472442271214,1.0080938478556958,-0.47150784730911255,0.12961801886558533,1.9459248781204224,-0.31806766986846924,-0.5642542243003845,0.5885923504829407,0.4837448298931122
21.19423351054139,1.521602020308545,-1.7554546256667483,0.52941920203708,-1.612088544959256,0.45599960472933115,1.0309283339584052,-0.46499645709991455,0.03442273661494255,1.9603463411331177,-0.2914777100086212,-0.590968668460846,0.5635121464729309,0.49824780225753784
21.358249868625652,1.4778061862260623,-1.7883304139588385,0.48433310390114515,-1.6491367119011195,0.5052045121546095,1.0537618229096557,-0.46712541580200195,-0.0613570474088192,1.9641584157943726,-0.2670600116252899,-0.6191467642784119,0.5358346104621887,0.5081510543823242
21.522266494982397,1.433970365531734,-1.8210086902697846,0.4393000852719177,-1.6862044109998637,0.5544095000616326,1.0765938318134443,-0.47782036662101746,-0.15606488287448883,1.9574804306030273,-0.24516183137893677,-0.6484745144844055,0.5057188868522644,0.5134440064430237
21.68628298142656,1.3900638773184744,-1.853522644521827,0.39427965708329554,-1.723289956479773,0.603614445994882,1.0994242261165261,-0.4968041777610779,-0.24809439480304718,1.940553903579712,-0.22609460353851318,-0.67859947681427,0.4733351171016693,0.514137864112854
21.850299606441453,1.3460566964040315,-1.8858986754240763,0.3492407375604982,-1.760391714457905,0.6528194334993492,1.1222533708930478,-0.5236046314239502,-0.335909903049469,1.9137405157089233,-0.21013227105140686,-0.7091325521469116,0.43886739015579224,0.5102654695510864
22.014315945518344,1.3019195366658822,-1.9181599252089894,0.30415571161803884,-1.7975077961463217,0.7020243352224166,1.1450810514268086,-0.5575708746910095,-0.4180895686149597,1.8775184154510498,-0.1975049078464508,-0.7396550178527832,0.4025101959705353,0.5018841624259949
22.178332212868856,1.2576216055751408,-1.9503292089812647,0.25899647641532497,-1.8346362679442123,0.7512292154275702,1.1679074909721556,-0.5978960990905762,-0.4933595359325409,1.8324685096740723,-0.18839529156684875,-0.7697249054908752,0.36446595191955566,0.48907598853111267
22.342348479232665,1.2131305020532643,-1.9824267305845056,0.2137332851247308,-1.8717754196373169,0.8004340953367126,1.1907328617403183,-0.643642246723175,-0.5606144070625305,1.7792657613754272,-0.1829364001750946,-0.7988818287849426,0.32494327425956726,0.47194698452949524
22.50636489326158,1.1684102423570988,-2.0144601614740054,0.16833161606419655,-1.9089238346732815,0.8496390195453869,1.2135572893025504,-0.6937634348869324,-0.6189216375350952,1.718672275543213,-0.18121102452278137,-0.8266498446464539,0.2841600179672241,0.4506281316280365
22.670381503743933,1.1234215276931911,-2.046431990911498,0.12275338255678382,-1.9460805642866734,0.8988440026900928,1.2363814124503913,-0.7471390962600708,-0.6675478219985962,1.6515182256698608,-0.18324895203113556,-0.8525452017784119,0.24233905971050262,0.42527416348457336
22.834398015623453,1.0781215196499114,-2.0783431247187147,0.07695736117125368,-1.9832443376384585,0.9480489562539494,1.2592056112131031,-0.8026049137115479,-0.7059694528579712,1.578685998916626,-0.18902479112148285,-0.8760825395584106,0.19970735907554626,0.39606308937072754
22.998414477463317,1.032462451820703,-2.1101941910472966,0.030900881481067476,-2.020414257285815,0.9972538948059082,1.2820301098283933,-0.8589866161346436,-0.7338745594024658,1.5010921955108643,-0.19845804572105408,-0.8967795372009277,0.15649433434009552,0.36319443583488464
23.16243093930318,0.9863890917711942,-2.14198375635376,-0.015452426287289572,-2.0575898480047745,1.046458833357867,1.3048549531207243,-0.9151279330253601,-0.7511508464813232,1.419677495956421,-0.21141482889652252,-0.9141618013381958,0.11293544620275497,0.32689064741134644
23.326447401143046,0.9398380620801718,-2.1737104988718365,-0.062137589932176246,-2.0947713875798426,1.095663771909826,1.327679490370553,-0.9699220657348633,-0.7578821182250977,1.3353846073150635,-0.2277064472436905,-0.927769660949707,0.06926781684160233,0.28739386796951294
23.49046386298291,0.8927368494970007,-2.2053717024979713,-0.10919443243952184,-2.1319592024031997,1.144868710461785,1.3505033525255896,-1.0223370790481567,-0.7543320059776306,1.2491412162780762,-0.247090682387352,-0.9371640682220459,0.025729278102517128,0.24496445059776306
23.654480324822774,0.8449938820576353,-2.236963290723909,-0.15667213681523645,-2.169153106952547,1.1940736490137438,1.3733261872912534,-1.0714459419250488,-0.7409164905548096,1.1618385314941406,-0.2692767381668091,-0.9419313669204712,-0.017445670440793037,0.1998775452375412
23.81849678666264,0.7964953762700487,-2.2684794321338106,-0.2046209611261525,-2.2063531542314814,1.2432785875657026,1.3961480255239958,-1.116438388824463,-0.7181710004806519,1.0743240118026733,-0.2939280867576599,-0.9416853785514832,-0.060020677745342255,0.15242166817188263
23.98225656817939,0.7473674418150233,-2.2998189366433945,-0.2528766783844178,-2.2434356564570854,1.2923209403502376,1.4188938411606615,-1.1564420461654663,-0.6869577169418335,0.9877004623413086,-0.3205299377441406,-0.9361162185668945,-0.10159579664468765,0.10307822376489639
24.146272890309092,0.6981625451761131,-2.3305867285692865,-0.300843221213662,-2.2799322427899,1.340582392338717,1.4412775900102892,-1.1905338764190674,-0.6486805081367493,0.9037468433380127,-0.3482520580291748,-0.9251618385314941,-0.14143507182598114,0.05283968523144722
24.31028961285987,0.6489575284108796,-2.360708468695989,-0.34838764160475744,-2.315747604666578,1.3879375493828945,1.4632412098837737,-1.2184982299804688,-0.6046198606491089,0.8232095241546631,-0.37648534774780273,-0.9089099168777466,-0.17926663160324097,0.002231448655948043
24.47430638450923,0.5997524969160709,-2.3901687947124115,-0.3954399521327147,-2.3508500766334004,1.4343438026695667,1.4847646157690222,-1.2403661012649536,-0.5559711456298828,0.7465423345565796,0.40467655658721924,0.8875312209129333,0.21491804718971252,0.04832453653216362
24.638323293266158,0.5505474242889923,-2.418891764333379,-0.44186584143163415,-2.385137329181435,1.4796652209680308,1.5057845848545817,-1.2563380002975464,-0.5038312673568726,0.6741832494735718,0.4322845935821533,0.8613119721412659,0.2481904923915863,0.09835238754749298
24.802340012230374,0.5013424085997276,-2.4468467703583223,-0.48756715146820323,-2.418556758306475,1.5238318607000985,1.5262686168912056,-1.2667356729507446,-0.4492148458957672,0.6063348054885864,0.4588182270526886,0.8306130170822144,0.2789614498615265,0.14747321605682373
24.966356362130938,0.4521375036295589,-2.4741155372025574,-0.5325879477662702,-2.4511935343298106,1.5669588383704887,1.5462697428843497,-1.271904706954956,-0.39304307103157043,0.5428509712219238,0.4838639795780182,0.7957665920257568,0.3072577118873596,0.1955088973045349
25.130372853441163,0.4029325562364914,-2.500648554054722,-0.576843876003297,-2.4829837416584177,1.6089639020847002,1.5657497862162733,-1.2722821235656738,-0.3360663950443268,0.4837604761123657,0.5070305466651917,0.7572243213653564,0.333011656999588,0.24214588105678558
25.294389011277076,0.3537277088857173,-2.5264260914641663,-0.6202852230357991,-2.513903672109265,1.649819463840717,1.5846962169026857,-1.2683168649673462,-0.2789211571216583,0.4289535880088806,0.527994692325592,0.7154539227485657,0.3562139868736267,0.2871565520763397
25.458405175829288,0.30452285952005387,-2.5514320714477243,-0.6629074047068882,-2.5439614858297133,1.6895386683229523,1.6031166225046232,-1.260435938835144,-0.2221290022134781,0.37824228405952454,0.5464978218078613,0.670918881893158,0.37690189480781555,0.3303828537464142
25.622421580423328,0.2553179381418421,-2.5756397668440307,-0.7047176209518348,-2.573175484055513,1.7281488150483462,1.6210263077023366,-1.2490431070327759,-0.16610904037952423,0.33141809701919556,0.5623420476913452,0.6240799427032471,0.395133376121521,0.3717058300971985
25.786435919250525,0.20611363649368286,-2.5991287231445312,-0.745812177658081,-2.6016509532928467,1.7657898664474487,1.6384912729263306,-1.2344703674316406,-0.111214779317379,0.288102388381958,0.5753738284111023,0.575284481048584,0.41105979681015015,0.4111235439777374
25.852023679617805,0.20247020527083587,-2.586666166245842,-0.7520310108952175,-2.581974625182663,1.760453908346559,1.6418602286183885,-1.236619472503662,-0.10549714416265488,0.29597949981689453,0.5804895162582397,0.5806593298912048,0.4035811722278595,0.4037186801433563
26.0514201036133,0.19885437615242937,-2.5742982108555594,-0.7582027244351024,-2.562447619950154,1.7551584356698295,1.6452037762570941,-1.2387425899505615,-0.09981029480695724,0.30388832092285156,0.5855542421340942,0.5858303308486938,0.3961108326911926,0.3962641954421997
26.25086626023428,0.19526619081803745,-2.562024811119406,-0.7643272539100026,-2.5430699028331567,1.7499034480099902,1.648521761761711,-1.2408373355865479,-0.09415408223867416,0.31182974576950073,0.5905663371086121,0.590799868106842,0.38865038752555847,0.3887642025947571
26.573139690892912,0.19170599554156542,-2.5498471514684136,-0.7704040082788927,-2.5238433438570897,1.7446894524938834,1.651813864933673,-1.2429001331329346,-0.08852866291999817,0.3198035955429077,0.5955241918563843,0.5955700278282166,0.38120296597480774,0.38122376799583435
26.833984502706386,0.19640113644838358,-2.5325473362088604,-0.7922974501268106,-2.4962957649881257,1.746355981370644,1.658487715938108,-1.2396771907806396,-0.09430152922868729,0.3244359791278839,0.5998241901397705,0.5997288227081299,0.37484216690063477,0.3742053210735321
27.033432931754447,0.20275958622831117,-2.5142368663461268,-0.8173585232698206,-2.4671055359917204,1.7494121556694289,1.665835874103774,-1.2351864576339722,-0.10229415446519852,0.32836031913757324,0.6038990616798401,0.6037192940711975,0.36859408020973206,0.36737892031669617
27.232859754118778,0.20910178020842357,-2.4959732084175767,-0.8423555261123225,-2.437989933757426,1.7524605166553278,1.6731652462143032,-1.2304853200912476,-0.11017650365829468,0.3322584629058838,0.6078677773475647,0.6076369881629944,0.36223092675209045,0.36064207553863525
27.43232217163191,0.2154287623107737,-2.4777533562339746,-0.8672925731488592,-2.408944165871238,1.75550156608708,1.6804770386807897,-1.2255754470825195,-0.11794694513082504,0.3361284136772156,0.6117309331893921,0.6114826202392578,0.35575470328330994,0.3539953827857971
27.631736216250516,0.22173684610559843,-2.4595879256314777,-0.8921551347552102,-2.379985155912438,1.758533532090678,1.6877669912715885,-1.2204627990722656,-0.12559813261032104,0.3399670422077179,0.6154865026473999,0.6152544617652893,0.349171906709671,0.347444087266922
27.83119081065402,0.22802804900217366,-2.441471107063258,-0.9169511623099617,-2.3511036424036575,1.7615573843292616,1.6950374354107034,-1.2151480913162231,-0.13312970101833344,0.34377291798591614,0.6191355586051941,0.61895352602005,0.34248366951942444,0.3409876823425293
28.03061623603449,0.23429924542590233,-2.4234119012671442,-0.9416683367327873,-2.32231397416283,1.7645716205025712,1.7022847590201449,-1.2096374034881592,-0.1405353844165802,0.3475431203842163,0.6226767301559448,0.6225786209106445,0.3356960713863373,0.33463048934936523
28.23005967319355,0.24055126162746762,-2.405407928883582,-0.9663099145924295,-2.2936123580568037,1.7675766377461026,1.7095099169585524,-1.2039331197738647,-0.14781366288661957,0.3512756824493408,0.6261107325553894,0.6261307001113892,0.328811377286911,0.32837292551994324
28.410447170141794,0.2456121302105531,-2.3813079445139844,-0.9975886583266158,-2.2544872863937626,1.763212014893403,1.7184300795575957,-1.1976922750473022,-0.1512279510498047,0.35682037472724915,0.6305135488510132,0.6319682598114014,0.3200693726539612,0.317213237285614
28.609875165972568,0.24942421860108094,-2.351340017400067,-1.0352035392689163,-2.205306941241797,1.7514943637095213,1.7289586190606447,-1.1909295320510864,-0.15071026980876923,0.3641296923160553,0.6358667016029358,0.6397392153739929,0.30940142273902893,0.3011280298233032
28.80933033779607,0.2531690304580949,-2.3219009705340032,-1.0721545849222387,-2.1569945411110067,1.7399835080854003,1.7393013486956725,-1.184015154838562,-0.15007081627845764,0.3712877929210663,0.6410571336746216,0.6469181180000305,0.2986108064651489,0.2852616310119629
29.00873432413087,0.25684561370330355,-2.2929982884780387,-1.1084324008791322,-2.10956236891149,1.728682374532751,1.7494556389344849,-1.1769609451293945,-0.149312824010849,0.37829267978668213,0.6460827589035034,0.6535224914550781,0.28771841526031494,0.2696358561515808
29.208218124810315,0.2604571810932261,-2.2646067148258835,-1.144068688254992,-2.0629689763717702,1.7175810876351683,1.7594303630324897,-1.1697704792022705,-0.14843855798244476,0.38514959812164307,0.6509471535682678,0.6595771908760071,0.27673256397247314,0.2542532682418823
29.407638334784366,0.2640021283518421,-2.236738861254373,-1.1790476172354694,-2.0172350605062705,1.706684578638962,1.7692210901681202,-1.162456750869751,-0.14745165407657623,0.39185455441474915,0.6556477546691895,0.6650990843772888,0.2656753659248352,0.23913536965847015
29.60703935951338,0.2674824000329312,-2.209379441064993,-1.213388375245254,-1.9723355343242785,1.6959868703472356,1.778833190970068,-1.155025601387024,-0.1463548243045807,0.39841023087501526,0.6601872444152832,0.6701107025146484,0.2545580267906189,0.2242870032787323
29.806489334556915,0.27090038649974557,-2.182509662922293,-1.2471145486286082,-1.928239559377748,1.6854806152276336,1.7882732673403219,-1.147480845451355,-0.14515052735805511,0.4048193693161011,0.6645687222480774,0.6746345162391663,0.2433893233537674,0.20970983803272247
30.005965684655763,0.27425715987630256,-2.1561210985499257,-1.280236716315804,-1.8849333040280014,1.6751625177701952,1.7975442803592434,-1.1398301124572754,-0.1438416838645935,0.41108277440071106,0.6687941551208496,0.6786906123161316,0.2321816086769104,0.1954101026058197
30.205447939339734,0.2775538247802491,-2.1302050642297465,-1.3127657778603177,-1.8424025174309968,1.6650291825855823,1.8066492808507744,-1.132079839706421,-0.14243116974830627,0.41720050573349,0.6728655099868774,0.6822985410690308,0.22094666957855225,0.18139249086380005
30.482211921658642,0.2808957346292606,-2.1055729581509603,-1.3437500119975738,-1.8015597689347627,1.656336588541891,1.815448902281256,-1.124497413635254,-0.14150424301624298,0.4229503273963928,0.6767420768737793,0.6853405237197876,0.20971275866031647,0.16837140917778015
30.77085653065358,0.2860626860478536,-2.095616951588865,-1.357494302146945,-1.7773848308641962,1.6699989642649278,1.8216714868589619,-1.1214232444763184,-0.1508152335882187,0.4247626066207886,0.6796936988830566,0.6857549548149109,0.19873560965061188,0.16810937225818634
30.970298272805557,0.2912228938471376,-2.085673939056064,-1.37122065400874,-1.7532414445861586,1.6836435086105683,1.8278859500633255,-1.1182533502578735,-0.1600702702999115,0.42669615149497986,0.6824421882629395,0.686154842376709,0.18773536384105682,0.1679869443178177
31.16975696502839,0.29637580322964635,-2.075744989571165,-1.3849275918002903,-1.72913220586618,1.6972687545916436,1.8340916237490763,-1.114984393119812,-0.16926540434360504,0.4287511110305786,0.6849873065948486,0.6865406036376953,0.1767178624868393,0.16800342500209808
31.43871465343287,0.30449319316438095,-2.067801426146717,-1.3970987411575992,-1.7113722940625409,1.6981566816667888,1.8452113324789943,-1.11115562915802,-0.17782320082187653,0.42927026748657227,0.686869204044342,0.6868404746055603,0.1722918301820755,0.1636350005865097
31.72416758925247,0.32374524516899233,-2.0668351461087973,-1.4040887766107926,-1.7162001017490274,1.6524856602061742,1.8747044975200742,-1.1057261228561401,-0.1844300627708435,0.42415356636047363,0.6867181658744812,0.6867620348930359,0.19127541780471802,0.14209064841270447
31.9236075060122,0.34425347341682494,-2.0658058173097564,-1.411534904561215,-1.7213429188340525,1.6038346523966376,1.9061220607111868,-1.1003766059875488,-0.19135209918022156,0.419367253780365,0.6859682202339172,0.6864703893661499,0.21030840277671814,0.11822142452001572
32.12291273490119,0.3660826595119841,-2.0647101882951078,-1.41946064591507,-1.726816990501567,1.552049978930091,1.9395632641768104,-1.0951865911483765,-0.19866198301315308,0.41501572728157043,0.6845028400421143,0.6859340071678162,0.22916246950626373,0.09184224158525467
32.322355445628645,0.3892695274498791,-2.063546415850233,-1.427879334421395,-1.7326315259718277,1.4970445206577785,1.9750843672111393,-1.090250015258789,-0.20644979178905487,0.4112178683280945,0.6821942329406738,0.6851206421852112,0.24753880500793457,0.06281124800443649
32.5295436687156,0.41362491435066945,-2.0623239942521403,-1.4367222888177358,-1.7387390891582781,1.4392670225728397,2.0123955818978807,-1.0857033729553223,-0.21476006507873535,0.4081227779388428,0.6789378523826599,0.6840100288391113,0.2649412155151367,0.03130234032869339
32.7433518417581,0.438761624008789,-2.061062357271532,-1.4458489258975022,-1.7450425834596326,1.3796360177339664,2.050903743332259,-1.0816853046417236,-0.2235928177833557,0.40586206316947937,-0.6746882200241089,-0.6826038360595703,-0.280789852142334,0.0021825949661433697
32.9587196305884,0.46406946407639815,-2.059792131081912,-1.4550376970100027,-1.7513889918724872,1.3195990457492277,2.089674067854989,-1.0783084630966187,-0.2328687310218811,0.4045122563838959,-0.6695038080215454,-0.6809378862380981,-0.2945128083229065,0.03674888238310814
33.1700881315084,0.48888144904725794,-2.05854679236307,-1.4640464330433804,-1.7576110554598188,1.2607383748029222,2.127684767575054,-1.0756144523620605,-0.24245092272758484,0.40405526757240295,-0.6635460257530212,-0.6790764331817627,-0.3057347238063812,0.0713304653763771
33.365937520346215,0.5100414535287665,-2.0610288915053196,-1.4670691303003016,-1.7778662946000852,1.2152174804441853,2.1442107472758365,-1.0716767311096191,-0.2514004409313202,0.40351402759552,-0.6508894562721252,-0.6818274259567261,-0.32014036178588867,0.09468034654855728
33.56535091303902,0.5286007913097154,-2.066882691965763,-1.4648858653940011,-1.8111404360432253,1.1801426124650247,2.142220925068144,-1.0664284229278564,-0.25984427332878113,0.40275824069976807,-0.6318100690841675,-0.6886579990386963,-0.3388137221336365,0.10849618166685104
33.764760580441525,0.5471585852722188,-2.072736005490453,-1.4627027820978784,-1.8444118096487456,1.1450706621130335,2.1402312683795155,-1.0615522861480713,-0.2685374617576599,0.40250861644744873,-0.6118621230125427,-0.6951761841773987,-0.35689738392829895,0.12238874286413193
33.96414979600029,0.5655530474361651,-2.0785378025349273,-1.460538912665315,-1.877390353551423,1.1103073887913764,2.1382591231583663,-1.0570887327194214,-0.277449369430542,0.4027201533317566,-0.5912519693374634,-0.7013043761253357,-0.3742196261882782,0.13620910048484802
34.22475604707496,0.5777975233354776,-2.0771248632230197,-1.464802689060502,-1.8955171511080882,1.0925801904071457,2.1389627616602356,-1.050564169883728,-0.28281083703041077,0.4042813777923584,-0.5795604586601257,-0.7045271396636963,-0.38349035382270813,0.14382685720920563
34.527367448762135,0.5825917448328861,-2.066733858584874,-1.477110389655707,-1.895479582027362,1.0957351264956487,2.142998871804366,-1.041014552116394,-0.28344491124153137,0.40708258748054504,-0.5795497298240662,-0.7045267820358276,-0.38350391387939453,0.14383596181869507
34.721786773160176,0.5858011831210459,-2.05577234313487,-1.4880390521573326,-1.896758947720821,1.0978553753591929,2.1456966108947593,-1.0323820114135742,-0.28233247995376587,0.41141143441200256,-0.5795449614524841,-0.7045254707336426,-0.3835117518901825,0.14384084939956665
34.92123211021729,0.5877343557349666,-2.044344366435307,-1.4978618506307186,-1.8991011586138944,1.0991423790259045,2.1473165188633536,-1.0244712829589844,-0.2798287272453308,0.4169429540634155,-0.5795449614524841,-0.7045254707336426,-0.38351187109947205,0.14384080469608307
35.115861429229454,0.5914613695956017,-2.0335543851867506,-1.5087593007477693,-1.9003982749197446,1.101629824085534,2.1504271401808612,-1.0156038999557495,-0.27918291091918945,0.4208994507789612,-0.5795450210571289,-0.7045274972915649,-0.383508563041687,0.14383932948112488
35.31530140186854,0.5964530117014625,-2.023211135750079,-1.5204165396471243,-1.9009594884769971,1.1049635586842441,2.1545886929861173,-1.0060625076293945,-0.27978789806365967,0.4237343370914459,-0.5795450210571289,-0.7045276165008545,-0.38350850343704224,0.14383919537067413
35.470569711740104,0.597203423665656,-2.019098181832431,-1.5238271262724405,-1.9019349549285158,1.1054650666719072,2.155204658203319,-1.0031987428665161,-0.27889835834503174,0.4257151186466217,-0.57954341173172,-0.7045304179191589,-0.3835059106349945,0.14383859932422638
35.901417893981,0.5902259663247251,-2.0263417553199026,-1.5122087722120394,-1.9036636851860065,1.1008060248148068,2.1493602886014544,-1.0125091075897217,-0.2753632366657257,0.426235556602478,-0.579538881778717,-0.7045389413833618,-0.3834976553916931,0.14383667707443237
36.10081679529454,0.5832639410139322,-2.0335693082086226,-1.5006161144448942,-1.9053885920138252,1.0961572873523937,2.1435288449815673,-1.021770715713501,-0.27170538902282715,0.4267280697822571,-0.5795342326164246,-0.7045382857322693,-0.3835042417049408,0.1438414454460144
36.4260664933761,0.5763095969747833,-2.040788886866486,-1.489036246972155,-1.907111595734816,1.091513678888175,2.13770383525132,-1.0309922695159912,-0.2679213881492615,0.4271937608718872,-0.5795291066169739,-0.7045285701751709,-0.3835255801677704,0.14385271072387695
37.158435314509354,0.5368823844634264,-2.0276194922292827,-1.4814503036649052,-1.8423481471571284,1.20796456468672,2.093876862723469,-1.0358996391296387,-0.2606889307498932,0.4315072000026703,-0.6153808832168579,-0.7046382427215576,-0.34220439195632935,0.08767784386873245
37.526694779378175,0.5046622766822652,-2.016662886564842,-1.4754598032527055,-1.7891551724381016,1.3036421329288017,2.058022410631512,-1.0425103902816772,-0.25716984272003174,0.4380173087120056,-0.6401014924049377,-0.704681932926178,-0.30304035544395447,0.04312630370259285
37.809153972251224,0.47992866746739316,-2.0082521014530625,-1.4708612247127695,-1.748321843803297,1.3770885533939912,2.0304989146618824,-1.049239158630371,-0.255466103553772,0.44516801834106445,-0.6560764908790588,-0.7046703100204468,-0.26999783515930176,0.01021900586783886
38.04171974825837,0.4595558713980861,-2.0013242322376783,-1.4670734272268096,-1.7146878897013755,1.4375855448827293,2.0078281202124217,-1.0557951927185059,-0.2544794976711273,0.45261338353157043,0.6672224402427673,0.7046222686767578,0.24097642302513123,0.015876529738307
38.24334510884528,0.44189131265857434,-1.9953173124079955,-1.463789156822468,-1.6855250317483366,1.4900404291352916,1.988171045215866,-1.0621616840362549,-0.25378987193107605,0.4602822959423065,0.6753875613212585,0.7045468688011169,0.21458356082439423,0.03767222538590431
38.533823260364116,0.42618174533691,-1.9899751969975963,-1.4608683667942317,-1.6595897175940888,1.5366899689096722,1.9706894795815848,-1.068305253982544,-0.2532145082950592,0.4680919945240021,0.6814636588096619,0.7044498324394226,0.19021663069725037,0.056349582970142365
38.737151098008496,0.4119473094116246,-1.9886336721568492,-1.465006987776847,-1.6403211125616,1.5655585553015146,1.9568422426409746,-1.071826457977295,-0.2472946047782898,0.4670456349849701,0.6848691701889038,0.7035536766052246,0.17661817371845245,0.06908191740512848
38.93651690011774,0.3979138434663259,-1.9889313397361368,-1.4722291493995452,-1.6232839605401506,1.5878142168251803,1.9441133100104926,-1.074228286743164,-0.2389533668756485,0.4621444344520569,0.6874098181724548,0.702275812625885,0.1671111136674881,0.07968851923942566
39.136000980193955,0.3837660700714087,-1.9892314319211462,-1.4795101380346891,-1.6061080350037382,1.6102511584344827,1.9312806958069035,-1.0766351222991943,-0.23052465915679932,0.4573853611946106,0.6897922158241272,0.7009539008140564,0.15724118053913116,0.0901414304971695
39.33548057129536,0.3695193655485779,-1.989533622560627,-1.4868420404354055,-1.5888120033814535,1.6328449948341088,1.9183583469884173,-1.0790414810180664,-0.22201116383075714,0.4527799189090729,0.6920092701911926,0.6995890736579895,0.14701981842517853,0.10041625052690506
39.53492447411571,0.3551839519475226,-1.9898376948319638,-1.4942195959415512,-1.5714082756235679,1.6555795148842838,1.9053555353758622,-1.0814417600631714,-0.21341240406036377,0.4483364224433899,0.6940551996231079,0.6981819868087769,0.13645662367343903,0.11049331724643707
39.76371241225057,0.3407681748864323,-1.9901434717140296,-1.5016385095768428,-1.5539069836223998,1.6784414832763281,1.8922798307892745,-1.08383047580719,-0.20472678542137146,0.44406193494796753,0.6959251165390015,0.696733295917511,0.12556102871894836,0.12035487592220306
39.98759198321151,0.3314631278953367,-1.995067559927875,-1.4984876988259843,-1.550259424319829,1.682319002921831,1.8835905110370414,-1.0891822576522827,-0.19703902304172516,0.44133174419403076,0.6963670253753662,0.6963659524917603,0.12277491390705109,0.12277503311634064
40.19896085402869,0.3238859632054658,-2.0015246408779666,-1.4918110967527438,-1.5512496893877548,1.6798434729343408,1.8763856784050592,-1.095463752746582,-0.1896320879459381,0.4390556812286377,0.6963686347007751,0.6963672637939453,0.12276680767536163,0.12276676297187805
40.51347336988134,0.31633358036929776,-2.0079606033171102,-1.485156331155624,-1.552236715697511,1.677376039408324,1.8692044098785898,-1.101660966873169,-0.18216124176979065,0.43675684928894043,0.6963683366775513,0.6963680982589722,0.12276505678892136,0.12276506423950195
40.80256609635598,0.31054404860935836,-2.0023144330516827,-1.4917996898424173,-1.5518383382751983,1.6754869574193707,1.8636992928393656,-1.0982179641723633,-0.17375992238521576,0.43803468346595764,0.6963666677474976,0.6963675022125244,0.12277193367481232,0.12277156114578247
41.05859799630618,0.30501352407696847,-1.994893093155141,-1.5003968779529389,-1.5512364101477136,1.6736828498393077,1.8584404446741938,-1.0932891368865967,-0.16527898609638214,0.4398014545440674,0.6963639259338379,0.6963664889335632,0.12278270721435547,0.12278218567371368
41.30660456964961,0.2969791882067003,-1.9954781013436835,-1.5001421901502383,-1.551648185641329,1.6710363372172252,1.8508182343153086,-1.0949100255966187,-0.15577726066112518,0.4392528831958771,0.6963669657707214,0.6963673830032349,0.12277152389287949,0.12277085334062576
41.506091648584515,0.2886377697019231,-1.997045056704351,-1.4988018545055233,-1.5521842879058432,1.6682865069227153,1.8429061668582607,-1.0972591638565063,-0.14611898362636566,0.4384240508079529,0.6963686943054199,0.6963680386543274,0.1227649450302124,0.12276401370763779
41.705508114641816,0.2803060786665676,-1.998610184736687,-1.4974630819131827,-1.5527197649867173,1.6655398833837578,1.8350033261765155,-1.0995206832885742,-0.1364433616399765,0.43759629130363464,0.696368396282196,0.6963678598403931,0.12276621907949448,0.12276507914066315
41.96542541984293,0.27197950864362297,-2.000174350774628,-1.4961251321875364,-1.5532549129405553,1.6627949480366897,1.827105342917476,-1.1016954183578491,-0.12674598395824432,0.4367695152759552,0.6963658332824707,0.6963671445846558,0.12277524918317795,0.12277433276176453
42.071717445674636,0.27018703383756987,-1.9981592368840542,-1.4984383726899815,-1.5531297112138016,1.6622067728597174,1.8254040568401513,-1.100311517715454,-0.12414580583572388,0.4372631907463074,0.6963644027709961,0.6963663697242737,0.12278129160404205,0.12278082221746445
42.426964720079404,0.27758664919414433,-1.9911088330676254,-1.5058880657024474,-1.5520755371348898,1.6646527031379934,1.8324202132417133,-1.0939698219299316,-0.1314953863620758,0.4395875334739685,0.6963655948638916,0.6963659524917603,0.12277904152870178,0.12277877330780029
42.724544288125905,0.2846416666954002,-1.984066216449552,-1.5128178419506588,-1.5515641437856826,1.6669847666291444,1.8391096127083242,-1.0877406597137451,-0.13838113844394684,0.44221723079681396,0.696365237236023,0.6963650584220886,0.12278273701667786,0.12278279662132263
43.031933863593295,0.2846946036261114,-1.977181832360966,-1.5091831326192344,-1.5620818219842791,1.6670031058603954,1.8391594514516165,-1.085031270980835,-0.13765361905097961,0.4517829418182373,0.6963649988174438,0.6963648200035095,0.12278394401073456,0.12278401106595993
43.231377151740745,0.28474747435899944,-1.9703060572195554,-1.505552968504961,-1.5725863477882895,1.6670214221583715,1.8392092278713803,-1.0822374820709229,-0.13690094649791718,0.46132612228393555,0.6963646411895752,0.6963647603988647,0.12278518080711365,0.12278518080711365
43.53173398938978,0.2848002758001372,-1.96343929338682,-1.5019275620403638,-1.5830771064864009,1.6670397144512266,1.8392589390547638,-1.0793594121932983,-0.13612321019172668,0.4708457589149475,0.6963644623756409,0.6963644623756409,0.12278643250465393,0.12278643250465393
43.816711904998286,0.27823981209541737,-1.9584454527417294,-1.5066920270451625,-1.583893092720769,1.664873280114672,1.8330386444217506,-1.0764217376708984,-0.1272892951965332,0.4725528359413147,0.6963648796081543,0.6963646411895752,0.122784823179245,0.12278474122285843
43.973885006673065,0.2766358458632156,-1.9541521312420558,-1.5112968498768224,-1.583719034609831,1.6643420240046958,1.831518941084275,-1.0732505321502686,-0.12444232404232025,0.47370800375938416,0.6963652968406677,0.6963648200035095,0.12278302758932114,0.12278297543525696
44.32874921827113,0.2851098147879275,-1.9508723364490754,-1.5143805922321751,-1.5831408995555603,1.6671359738184601,1.8395565792521082,-1.069722056388855,-0.13367457687854767,0.4750117361545563,0.6963664889335632,0.6963651180267334,0.12277857959270477,0.12277845293283463
44.52826343594586,0.29360605872998335,-1.94758392025489,-1.517472440637368,-1.58256124479211,1.6699372679216729,1.847615345480616,-1.0661025047302246,-0.14287899434566498,0.47631263732910156,0.6963655948638916,0.6963648200035095,0.12278223782777786,0.12278231978416443
44.725388084785095,0.3020651835299954,-1.9462669257581142,-1.5184507580469564,-1.5820983607648973,1.6727181387437022,1.8556444714441278,-1.0639578104019165,-0.1524680256843567,0.4770846962928772,0.696365237236023,0.6963646411895752,0.12278380244970322,0.12278388440608978
44.92484491436278,0.3104944350219878,-1.9464929722887783,-1.5177748469691135,-1.5817269111591787,1.6754827551391294,1.8636496191703746,-1.0629425048828125,-0.16238239407539368,0.477448046207428,0.69636470079422,0.6963645815849304,0.12278538197278976,0.12278540432453156
45.12143125875389,0.3187526846257353,-1.9422409416510733,-1.5217349763574282,-1.581178829728052,1.6781808060617562,1.8714998129822056,-1.0584295988082886,-0.17095428705215454,0.4791129231452942,0.6963657140731812,0.6963648200035095,0.12278203666210175,0.12278195470571518
45.32075336320793,0.32697536846970554,-1.9370575399129168,-1.5266593307799166,-1.5805940115969042,1.6808650123909732,1.8793177787657191,-1.053134560585022,-0.17917674779891968,0.4810304641723633,0.696365237236023,0.6963646411895752,0.12278369814157486,0.12278365343809128
45.519883335814825,0.33504265043316006,-1.9312178379344584,-1.532210371384212,-1.5800319441611586,1.6834913159338583,1.8869928252944794,-1.0473119020462036,-0.1869707703590393,0.4831474721431732,0.6963649392127991,0.6963646411895752,0.1227845624089241,0.12278454005718231
45.82746758387714,0.34272326338811043,-1.9261889225279436,-1.5369017220726797,-1.5795430992360064,1.6859865540037964,1.8943035382897968,-1.0421299934387207,-0.1944608986377716,0.48502445220947266,0.6963644623756409,0.6963644623756409,0.12278634309768677,0.12278633564710617
46.15724239370079,0.3473221830931623,-1.9349750087583981,-1.5274628859486048,-1.5796878183682654,1.6874763587528836,1.8986843196375418,-1.0480552911758423,-0.2021889090538025,0.48288580775260925,0.6963646411895752,0.6963644623756409,0.12278585880994797,0.12278588861227036
46.343532968529914,0.3537563003361999,-1.9365695374536065,-1.5253377205023106,-1.5794909498267382,1.689554949266729,1.90481684046781,-1.0480865240097046,-0.21007779240608215,0.48287105560302734,0.6963655352592468,0.6963646411895752,0.12278316915035248,0.12278307229280472
46.579097236063625,0.3619641767597761,-1.9312132660651813,-1.5302813802040645,-1.5789639292117714,1.6922026142992532,1.9126424564143936,-1.0424214601516724,-0.2180243730545044,0.48493772745132446,0.6963657140731812,0.6963647603988647,0.12278237193822861,0.12278226017951965
46.78865118162187,0.366146143344391,-1.9254577390030052,-1.5359152947433325,-1.5786077149734372,1.6935519309541338,1.916629438825797,-1.0372068881988525,-0.22115905582904816,0.48683106899261475,0.6963648200035095,0.6963645815849304,0.12278521060943604,0.12278521060943604
47.11687781348251,0.35996006828818555,-1.9186739972970928,-1.5433268424597932,-1.5786913833197316,1.69155757361179,1.9107306776590816,-1.0332472324371338,-0.21211625635623932,0.48830103874206543,0.6963654160499573,0.6963646411895752,0.12278339266777039,0.12278328835964203
47.316108722830045,0.35377399323198017,-1.9118902555911805,-1.550738390176254,-1.578775051666026,1.6895632162694465,1.9048319164923664,-1.029202938079834,-0.20312629640102386,0.4897351562976837,0.6963647603988647,0.6963644623756409,0.12278585880994797,0.12278588861227036
47.51543812885307,0.3467972676542247,-1.9064124883081557,-1.5567361242892128,-1.5790286640191402,1.687304163643825,1.8981858225621884,-1.0262556076049805,-0.19366824626922607,0.4908255934715271,0.6963653564453125,0.6963646411895752,0.12278345227241516,0.12278337776660919
47.776163478337686,0.3396868635694868,-1.901155527444972,-1.562494819172428,-1.579311009498311,1.6850003579075565,1.891413374034985,-1.0234174728393555,-0.184169203042984,0.4918423295021057,0.6963648200035095,0.6963645815849304,0.12278521060943604,0.12278511375188828
48.01002424028928,0.3319052669899576,-1.9047297883588972,-1.5593870323079424,-1.5796757692093426,1.6824704882722143,1.8840077626987477,-1.0274289846420288,-0.17631395161151886,0.4903896450996399,0.696365237236023,0.6963645815849304,0.12278398871421814,0.12278388440608978
48.221520523068136,0.32386491474612283,-1.9110316555153408,-1.5535398900093584,-1.580069657946978,1.679853220547027,1.8763582036461852,-1.03352689743042,-0.1688193678855896,0.4881517291069031,0.6963646411895752,0.6963644027709961,0.12278611212968826,0.12278620898723602
48.43418182250923,0.31517222115553534,-1.9113139045571013,-1.553717874766391,-1.5804866347364166,1.6770109152454589,1.8680964332046488,-1.0350278615951538,-0.15897499024868011,0.48761922121047974,0.6963656544685364,0.6963647603988647,0.1227823793888092,0.12278227508068085
48.760894471294925,0.3072090213562885,-1.9122751288252582,-1.5531659055883495,-1.5808813122174938,1.6744072325525392,1.8605279230757126,-1.0368684530258179,-0.15011844038963318,0.4869396686553955,0.6963644027709961,0.6963644623756409,0.1227865144610405,0.1227865144610405
49.12004241893653,0.30960330572684625,-1.9228765655840074,-1.5422499190369443,-1.5809593801042272,1.6751915566130289,1.8628024476628278,-1.044772744178772,-0.1554868519306183,0.4840865731239319,0.6963644623756409,0.6963644623756409,0.12278648465871811,0.12278634309768677
49.25875753285374,0.3065835269776689,-1.9280428358180077,-1.537135105164501,-1.5811966141221336,1.6741994686042543,1.8599357071371776,-1.0491951704025269,-0.1532784253358841,0.4824601411819458,0.6963653564453125,0.69636470079422,0.12278333306312561,0.12278313934803009
49.524587443763025,0.29806337967966456,-1.9276872976893762,-1.5379139403027917,-1.581595551534068,1.6714026507909967,1.8518457447350858,-1.0500504970550537,-0.14334742724895477,0.4821508526802063,0.6963655352592468,0.6963648200035095,0.12278270721435547,0.12278253585100174
49.72077406450511,0.28953707643490445,-1.928887427619209,-1.537067078989582,-1.5820474597276408,1.6685988788040524,1.8437534107325202,-1.052039623260498,-0.1337694227695465,0.48142409324645996,0.6963651180267334,0.69636470079422,0.12278405576944351,0.12278396636247635
49.9230064922365,0.2810001679448119,-1.9327676069501691,-1.5334195258594048,-1.5825906240930139,1.665783126414912,1.835656991021314,-1.0560569763183594,-0.12476310133934021,0.47996819019317627,0.696365475654602,0.6963648200035095,0.12278276681900024,0.1227826327085495
50.14015985355067,0.27436231629665414,-1.9319900762658069,-1.5344434568596932,-1.5829440710831069,1.6635928510299474,1.8293622961321052,-1.0561678409576416,-0.11688613891601562,0.47994595766067505,0.6963644623756409,0.6963645219802856,0.12278624624013901,0.12278618663549423
50.41503835118545,0.2716473220906334,-1.9215905495660686,-1.5451178476634544,-1.5829056099881567,1.6626946153497906,1.826789401283518,-1.0483134984970093,-0.11146901547908783,0.4828447103500366,0.6963645815849304,0.6963645219802856,0.1227860227227211,0.12278591096401215
50.729774238302866,0.2689316179310161,-1.9111883034567028,-1.555795029752046,-1.5828671388358766,1.661796144786756,1.824215833639406,-1.0404043197631836,-0.10608547925949097,0.48565709590911865,0.6963645219802856,0.6963644027709961,0.1227864921092987,0.12278638780117035
51.019262633711335,0.27654313222826477,-1.9058459260463394,-1.5608665563453954,-1.5824570511508345,1.6643096867497749,1.8314325754529617,-1.0354838371276855,-0.11361092329025269,0.4874705672264099,0.6963660717010498,0.6963648796081543,0.1227806806564331,0.12278054654598236
51.263579762566344,0.28507913022423104,-1.9009333933482746,-1.5654597146408393,-1.5820133497166122,1.6671286660052707,1.8395257397489317,-1.0307403802871704,-0.122214175760746,0.48918887972831726,0.6963655948638916,0.6963648200035095,0.12278205901384354,0.12278211861848831
51.39020314891055,0.2865365867866106,-1.8960441321710235,-1.5702562964347087,-1.581979803890281,1.6676110227794059,1.8409068286243975,-1.0267584323883057,-0.12274367362260818,0.49062904715538025,0.6963649988174438,0.6963645815849304,0.12278459221124649,0.12278465181589127
51.686076755874986,0.2791564694081524,-1.8911912059808398,-1.5752996410215192,-1.5824582623328984,1.6651760995819993,1.8339078785119394,-1.0237435102462769,-0.11330239474773407,0.4917241334915161,0.6963648796081543,0.6963645815849304,0.12278496474027634,0.12278491258621216
51.926124538172836,0.27577033517710847,-1.877131222629626,-1.590419483141284,-1.564878590760118,1.6595920567404279,1.8318447434031897,-1.0184311866760254,-0.10651849955320358,0.4955103397369385,0.6972699761390686,0.6975357532501221,0.11672113835811615,0.11676756292581558
52.12552960484182,0.27462210174076496,-1.858019828975523,-1.6110690665849432,-1.537342274356032,1.6522840730430923,1.832536807384074,-1.0117961168289185,-0.10121141374111176,0.5007272958755493,0.698628306388855,0.6991927623748779,0.10730154067277908,0.10739751905202866
52.3249657776848,0.27348072960227665,-1.8390226359361528,-1.6315952579219921,-1.5099705019050313,1.6450197583866335,1.8332247359191876,-1.0050727128982544,-0.09591717272996902,0.5058462619781494,0.699922502040863,0.7006467580795288,0.09792658686637878,0.09804600477218628
52.524470272351856,0.27234597383340453,-1.8201355668840276,-1.65200246188926,-1.482757399669889,1.6377975539141851,1.8339086766318335,-0.9982613325119019,-0.09063524007797241,0.5108673572540283,0.7011529207229614,0.7019010782241821,0.08859588205814362,0.08871445804834366
52.72384093596494,0.27121902565405165,-1.8013784486869007,-1.6722692558439227,-1.4557315348453195,1.6306250411987573,1.8345879115492005,-0.9913700819015503,-0.0853717252612114,0.5157844424247742,0.7023189663887024,0.7029575705528259,0.07932077348232269,0.07941608130931854
52.923299423296804,0.2700986311286063,-1.7827304106260398,-1.6924181902946354,-1.4288628362222302,1.6234942395103724,1.8352631964441517,-0.9843926429748535,-0.08012135326862335,0.5206019282341003,0.7034224271774292,0.7038207054138184,0.07009245455265045,0.07014407217502594
53.19158217749192,0.26980011529578835,-1.7643992903262051,-1.7129467815074868,-1.4015361893925418,1.6164433296159249,1.836656332781187,-0.977245032787323,-0.07568656653165817,0.5247898697853088,0.7044298052787781,0.704521894454956,0.06098881736397743,0.06089330092072487
53.47631440894685,0.2792658886539341,-1.7485996844858598,-1.7393854267079107,-1.3669070522833067,1.6098660388210388,1.8466898697474752,-0.9689362049102783,-0.08075004816055298,0.5226039290428162,0.7049729228019714,0.7053844332695007,0.05272107198834419,0.05163704231381416
53.675740318615055,0.2886861340907369,-1.7328760706627253,-1.7656969088637997,-1.3324444723660547,1.6033203830935299,1.8566751479963288,-0.960491418838501,-0.08558963984251022,0.5204381346702576,0.7054611444473267,0.7060793042182922,0.04431365430355072,0.04257843270897865
53.87516341568909,0.29805988288819707,-1.7172300657730315,-1.7918785222700282,-1.2981519935528538,1.596807035546913,1.8666111407053745,-0.9519164562225342,-0.09020298719406128,0.5182908177375793,0.7058948874473572,0.7066084742546082,0.03577331081032753,0.03372105211019516
54.07459554659209,0.30738549631680534,-1.7016644050692868,-1.81792568982693,-1.2640356108941568,1.5903271348520727,1.8764961108529785,-0.943217396736145,-0.09458774328231812,0.5161616802215576,0.7062748074531555,0.7069742679595947,0.027107292786240578,0.02506878599524498
54.27403756814084,0.31666081546955643,-1.6861826920478398,-1.8438323815384166,-1.2301032224331414,1.5838821811251254,1.8863277700394054,-0.9344010353088379,-0.09874146431684494,0.5140495300292969,0.7066015005111694,0.7071790099143982,0.018323762342333794,0.016625719144940376
54.47349637212238,0.32588404926222386,-1.6707879162610206,-1.869593594766182,-1.196361380587545,1.5774734189006012,1.8961042197499631,-0.9254739284515381,-0.10266219079494476,0.5119532942771912,0.7068754434585571,0.7072253227233887,0.009430519305169582,0.008395196869969368
54.804290232266,0.33505200055052375,-1.655485414158118,-1.8952003996362292,-1.1628217816386521,1.5711030697135897,1.9058220710734504,-0.9164448380470276,-0.10634807497262955,0.509872317314148,0.7070974111557007,0.7071158289909363,0.00043671976891346276,0.00038152714841999114
55.120185444466124,0.3295725651096478,-1.6467777350629393,-1.8979091802114896,-1.1677020501837756,1.5707963705062866,1.9003689953218752,-0.9119104146957397,-0.09948356449604034,0.5146684050559998,0.7071067690849304,0.7071066498756409,-3.70111017389263e-08,1.7504467209050745e-08
55.319453662596,0.3233517452677502,-1.6384029217221228,-1.8994599091527868,-1.1745261648266678,1.5707963705062866,1.8941480545064864,-0.9075190424919128,-0.09213574230670929,0.5197669267654419,0.7071067690849304,0.7071067094802856,3.8800859414322986e-08,3.4458665254533116e-08
55.519081799648056,0.31710777841378057,-1.6299969465874546,-1.9010164081923084,-1.1813756712777193,1.5707963705062866,1.887903966228896,-0.9030212163925171,-0.08480840921401978,0.5248372554779053,-0.7071066498756409,-0.7071068286895752,6.010576925064015e-08,1.0802234662321553e-09
55.798795121834075,0.31103171917669237,-1.6215322699476862,-1.9027589307310877,-1.1880978546501877,1.570796369952659,1.8818277882450087,-0.8983399271965027,-0.07765490561723709,0.5297757387161255,0.7071066498756409,0.7071068286895752,4.366495076624233e-08,5.83457691050171e-08
56.081337574920084,0.31437670677796753,-1.6098166145350448,-1.9149048028359517,-1.1876676064240874,1.5707963384187813,1.8851728073801615,-0.8883695602416992,-0.07750348746776581,0.5299381017684937,0.7071066498756409,0.7071068286895752,5.607616415659322e-08,5.464291064072313e-08
56.28079129388037,0.3177238594143211,-1.5980933761929703,-1.927058536326955,-1.187237079720871,1.5707963068644937,1.8885199915708029,-0.8783993721008301,-0.07728468626737595,0.5299822092056274,-0.7071066498756409,-0.7071068286895752,-1.936211546649247e-08,3.637407175460794e-08
56.4802349359304,0.32107302133565185,-1.5863631004285719,-1.9392195656651376,-1.1868062945738571,1.5707962752912639,1.8918691850653633,-0.868431568145752,-0.07699873298406601,0.5299078822135925,-0.7071067094802856,-0.7071067690849304,-6.169580846204781e-09,3.052092978350629e-08
56.70970069920104,0.3253077067281126,-1.5792288776832073,-1.9487737091156394,-1.1843863669729626,1.570796259846252,1.8961039115506007,-0.8616431951522827,-0.07849852740764618,0.5283474922180176,-0.7071066498756409,-0.7071068286895752,-5.7452425039628e-09,4.648895668424302e-08
57.03085155989419,0.3323370770944297,-1.5866360461157774,-1.9500730769305492,-1.1756799018671957,1.5707962954171084,1.9031333530586307,-0.8648208975791931,-0.085847869515419,0.5224037170410156,-0.7071067094802856,-0.7071067094802856,-4.783737139746336e-08,1.7337390190164115e-08
57.230294680403574,0.33936361770818846,-1.5940402327089038,-1.9513719216702463,-1.166976941647446,1.5707963309736455,1.9101599647854632,-0.8678877353668213,-0.09322555363178253,0.5164364576339722,0.7071067094802856,0.7071067094802856,3.930962222398193e-08,4.0855034910691757e-08
57.52604828959081,0.34638797686752626,-1.6014421206039275,-1.9526703631715998,-1.1582766833420652,1.5707963665191436,1.9171843950357974,-0.8708437085151672,-0.10063059628009796,0.5104455947875977,0.7071067094802856,0.7071067094802856,3.47098101372012e-08,4.340634518484876e-08
57.81400161268231,0.33255708443540866,-1.5940474632829955,-1.9815177418368553,-1.100016237064237,1.6136151393813427,1.8972959851058455,-0.8660940527915955,-0.09985766559839249,0.5026969909667969,0.7044015526771545,0.7092402577400208,-0.025942662730813026,0.011118496768176556
58.0434772854056,0.31498866510928303,-1.5841630111066514,-2.0160105543208235,-1.03117353524725,1.665073349268233,1.8724478278206693,-0.8594712018966675,-0.09788373857736588,0.49551695585250854,0.6996608376502991,0.7117728590965271,-0.0575660802423954,0.023244338110089302
58.28350931637002,0.2966120619528798,-1.5738238535711178,-2.0520901079220693,-0.9591639259579234,1.7188987438399608,1.8464566036176737,-0.8518146872520447,-0.09572506695985794,0.4895298480987549,0.692967414855957,0.7143670320510864,-0.09104461967945099,0.03444847837090492
58.524955426166315,0.2781271983888102,-1.5634237858989177,-2.0883822137098127,-0.8867300930190347,1.773041235054063,1.8203122596838979,-0.8432312607765198,-0.09342022985219955,0.485041081905365,0.6844557523727417,0.716900110244751,-0.1249971091747284,0.044161468744277954
58.757431009849654,0.260329108993253,-1.5534101153349944,-2.1233259470473325,-0.8169874179140327,1.8251721526227407,1.7951392650924738,-0.8340075612068176,-0.09104998409748077,0.4821229577064514,0.674588680267334,0.7192477583885193,-0.1578192412853241,0.05201690271496773
59.06392960769598,0.25117595657141556,-1.5465189989669788,-2.1442637754676843,-0.777737054411645,1.8544917807588948,1.7609846611495057,-0.8272249102592468,-0.09008392691612244,0.4810236096382141,0.6607763171195984,0.7274512648582458,-0.17681345343589783,0.05409538373351097
59.97662697354226,0.2833453309889929,-1.5531264462591092,-2.1006855656889836,-0.8814660994957413,1.7768312152434727,1.666515997525349,-0.8339831829071045,-0.09641295671463013,0.4845539927482605,0.6248869895935059,0.7689505219459534,-0.13029788434505463,0.03540802001953125
60.41272084314468,0.31525709455583417,-1.5596809814213355,-2.057456328182759,-0.9843644872222124,1.6997925519164916,1.5728038345557658,-0.8386812806129456,-0.10205914080142975,0.49121177196502686,0.5831397175788879,0.8079285025596619,-0.08253470808267593,0.01968739740550518
60.802327223126646,0.34300650416969886,-1.5653805874824085,-2.019865619153386,-1.0738415073075285,1.6328022892101608,1.4913148503886144,-0.8414598703384399,-0.10650233924388885,0.49967166781425476,0.5419774055480957,0.8393990397453308,-0.039987239986658096,0.008403916843235493
61.31743535901755,0.366584187578039,-1.5702233394230873,-1.9879261347130845,-1.1498669392446177,1.5758830528188308,1.4220765676036584,-0.84307461977005,-0.10999244451522827,0.5088608264923096,0.50357985496521,0.8639422059059143,-0.003297086339443922,0.000614555727224797
62.03753120835133,0.37666585439832184,-1.5690457141184169,-2.0016608138903695,-1.0979371058313592,1.5525079651233589,1.2802356843535727,-0.8506918549537659,-0.11453213542699814,0.5071102976799011,-0.4366292655467987,-0.8993291258811951,0.009935647249221802,0.021521039307117462
62.577362008667365,0.38618629147216416,-1.567123129641286,-2.021465590253062,-1.027829557288495,1.5306744670428982,1.1182864442587637,-0.8590278029441833,-0.11951735615730286,0.5048674941062927,-0.35834449529647827,-0.9321415424346924,0.018138060346245766,0.04870705306529999
63.2440615139183,0.3966357425896908,-1.5650129373930441,-2.0432029370671185,-0.9508808420366412,1.506710433758835,0.9405340307124481,-0.867344081401825,-0.1248512789607048,0.5035489201545715,-0.2700464129447937,-0.9592692255973816,0.02237427607178688,0.07985545694828033
63.552565013933815,0.40710024076452694,-1.5678908762943315,-2.0424744454311865,-0.9415070445939474,1.5019890616020324,0.9251630990496753,-0.8699227571487427,-0.1341012865304947,0.5037222504615784,-0.2578344941139221,-0.9622503519058228,0.022556612268090248,0.08418259024620056
63.89984049769586,0.41724487901260804,-1.5718271514415372,-2.0375918279542375,-0.9441228132113269,1.5008158557033382,0.9320119447643666,-0.8716354966163635,-0.14392337203025818,0.5040236711502075,-0.25627750158309937,-0.9627140760421753,0.022292502224445343,0.08370363712310791
64.48901917597745,0.4201534771683031,-1.5853195506814781,-2.0126083313542202,-0.9878442868335977,1.5150150195832306,0.8304734648893057,-0.8756502270698547,-0.15302352607250214,0.5047351121902466,-0.20496390759944916,-0.9763275980949402,0.014453575015068054,0.06756597757339478
64.83460533160958,0.42312330079420984,-1.5990959625087655,-1.9870989366256235,-1.0324860896445642,1.5295130733195503,0.7267976181996642,-0.8794057369232178,-0.16221080720424652,0.5056938529014587,-0.15201184153556824,-0.9870534539222717,0.008162074722349644,0.050509609282016754
65.18700600342115,0.42615168553669774,-1.6131440275251678,-1.9610865293189115,-1.0780081716061172,1.5442970100987705,0.6210774166561938,-0.8828913569450378,-0.17147214710712433,0.5069209337234497,-0.0976526215672493,-0.9946780204772949,0.003565473947674036,0.032661210745573044
65.54575902216752,0.4292346597055833,-1.627445321862298,-1.934605224393554,-1.124350831055016,1.559347440965533,0.5134515110322834,-0.8860978484153748,-0.18079158663749695,0.5084359645843506,-0.042166031897068024,-0.9990097284317017,0.0008002007962204516,0.014175591990351677
66.06513349105192,0.43437217290757474,-1.638055340676223,-1.9147525048026748,-1.1595811952687203,1.5707963705062866,0.43437226733790507,-0.8875718116760254,-0.19018852710723877,0.509772539138794,-2.0965385871818398e-08,-1.0,2.117978681326349e-08,4.456624513871077e-10
66.45806292073304,0.44554755864567974,-1.6369785804000023,-1.9159200652394524,-1.1594903345343406,1.5707963705062866,0.44554756978700355,-0.8845314979553223,-0.19968485832214355,0.5097737908363342,3.4766728163049265e-08,1.0,-1.7958223352820823e-08,1.7410908270676373e-08
66.65753742681319,0.45673757576449686,-1.6359004103747214,-1.9170891543054565,-1.1593993548404882,1.5707963705062866,0.456737503507768,-0.8813855051994324,-0.20914942026138306,0.5097739696502686,2.8162325804714783e-08,-1.0,4.851541035577611e-08,4.843881384886117e-08
66.85699041934187,0.4679383178863352,-1.6348212069840171,-1.9182593638776786,-1.1593082879477083,1.5707963705062866,0.46793816215162126,-0.8781353831291199,-0.21857759356498718,0.5097732543945312,7.729627782282478e-08,-1.0,4.553654520123018e-08,4.770064521153472e-08
67.02950258418812,0.4722329821098213,-1.6361832863934052,-1.9167734514768848,-1.1594321257117983,1.5707963705062866,0.4722328041137492,-0.8782641291618347,-0.2228962630033493,0.5097799301147461,8.370150794689835e-08,-1.0,4.8529791740747896e-08,4.9158803250293204e-08
67.42766500907996,0.4617949383781279,-1.6427501728636558,-1.9096246999588316,-1.1600141351788236,1.5707963705062866,0.46179486869647274,-0.8857503533363342,-0.21630854904651642,0.5097802877426147,-2.8244039995684034e-08,1.0,-1.832381002486727e-08,1.9979308873985246e-08
67.62508282056679,0.45835592149615895,-1.652397988649295,-1.898948265512614,-1.1610428017206804,1.5707963705062866,0.4583559401054343,-0.8941930532455444,-0.21706247329711914,0.5098297595977783,-1.3365632156592255e-08,1.0,-3.817189342392169e-10,5.554752036118771e-08
67.82452668613423,0.4583883302020356,-1.6635808217004657,-1.8865144564146037,-1.16229377776752,1.5707963705062866,0.4583884272194704,-0.9031229019165039,-0.2215012162923813,0.50982666015625,-6.303169897137195e-08,-1.0,2.9337890339320438e-08,6.0486886610533475e-09
68.01284371111399,0.45425901200161206,-1.6721627943927497,-1.8769349138961833,-1.163291274099805,1.5707963705062866,0.4542590896754863,-0.9109051823616028,-0.22112739086151123,0.5097769498825073,-5.551132176151441e-08,-1.0,4.844808643156284e-08,5.155028048875465e-08
68.25386370224214,0.44357922356742924,-1.676621849462912,-1.871880414337192,-1.1638865294185115,1.5707963705062866,0.4435791278353579,-0.9168229699134827,-0.21310122311115265,0.5097780227661133,4.893806959671565e-08,-1.0,5.963573102008013e-08,7.696070269958e-08
68.43692293704092,0.4340217255441528,-1.6763195954072263,-1.872222020127945,-1.1638472165274694,1.5707963705062866,0.4340216347547894,-0.9185724854469299,-0.2042153775691986,0.5097788572311401,5.6843983742282944e-08,-1.0,5.519970969203314e-08,7.236294408130561e-08
68.75859204696683,0.42557690346732596,-1.6712064522187928,-1.8780159193817552,-1.1631667297485107,1.5707963705062866,0.4255769978123751,-0.9160922765731812,-0.19455987215042114,0.5097765922546387,2.847059832333798e-08,1.0,-6.014119202646384e-10,5.5815281285731544e-08
68.97433079571917,0.4303164753898358,-1.6644284227925124,-1.8856220486273911,-1.1623387036719752,1.5707963705062866,0.4303165313676828,-0.9096570014953613,-0.19637376070022583,0.5097883939743042,4.155282340434496e-08,1.0,2.7199927643550836e-08,1.0731700683663803e-07
69.18720346691099,0.43989720029782986,-1.6569228639546494,-1.8940122561833947,-1.1614540549538346,1.5707963705062866,0.43989713599263336,-0.901671826839447,-0.2022266536951065,0.509777843952179,-2.838621426803911e-08,1.0,3.501458456511841e-09,6.477178260411165e-08
69.40165846196622,0.4444337757766801,-1.6455766783112808,-1.9062809703063457,-1.1605315264742522,1.5707963705062866,0.4444336825266894,-0.8917015790939331,-0.20200850069522858,0.5099471211433411,-3.50840778651218e-08,1.0,2.1905810498878964e-08,1.1203061234255074e-07
69.60111478862972,0.44897512717875077,-1.6342185478624682,-1.9185626004354202,-1.1596080267939903,1.5707963705062866,0.4489750049534941,-0.8817337155342102,-0.20169982314109802,0.5100060701370239,-7.057187900727513e-08,1.0,3.1961612023678754e-08,1.0620611590184126e-07
69.800543548145,0.4535209689506196,-1.6228491867905623,-1.9308563743199807,-1.1586836139813357,1.5707963705062866,0.4535208177214468,-0.8717703819274902,-0.2013012170791626,0.5099543333053589,-1.055671248195722e-07,1.0,3.0397345085475536e-08,1.1312705794352951e-07
70.16339365731984,0.4580717705138928,-1.6114674210503581,-1.943163561463757,-1.1577581925777636,1.5707963705062866,0.4580715902491589,-0.8618127703666687,-0.20081281661987305,0.5097914934158325,-1.054306437708874e-07,1.0,6.463433344094938e-09,5.582023732131347e-08
70.4819754963358,0.4537143335703076,-1.6045112802867671,-1.9618676040244554,-1.1109091527833392,1.5544970278631274,0.45241981740571807,-0.8654988408088684,-0.19307565689086914,0.5080055594444275,0.0005041147815063596,-0.999812662601471,0.0003554445574991405,0.01934524066746235
70.68135482124883,0.44845925326053615,-1.5979100946287315,-1.981371614293709,-1.059189310647074,1.5364722028823925,0.4457333828877982,-0.8701410293579102,-0.18437112867832184,0.5065697431564331,0.0007276933756656945,-0.9991698265075684,0.000509380828589201,0.040728215128183365
70.8807546352585,0.4431681979472397,-1.5912637188568788,-2.0010091442804225,-1.007115407032489,1.5183239843274405,0.4390011746630702,-0.8743764758110046,-0.17539110779762268,0.5056636929512024,0.0005980668938718736,-0.9980615377426147,0.0004155222559347749,0.0622294545173645
71.23875444656635,0.43786600996366326,-1.5846033587462423,-2.0206879927061823,-0.9549319370715319,1.500137580926295,0.4322548015033749,-0.8781507611274719,-0.1661713719367981,0.5052870512008667,0.00011093215289292857,-0.9964884519577026,7.641400588909164e-05,0.08372968435287476
71.51700338656752,0.44265771742939947,-1.5750539732788373,-2.034442684832048,-0.9448919816952402,1.4963482971388264,0.4367614946748728,-0.8705339431762695,-0.1659139096736908,0.5038875341415405,-8.031865661450865e-08,-0.9961947798728943,3.2555538265199857e-09,0.0871538519859314
71.71645382727235,0.4493772991426882,-1.5649398865002964,-2.047092060743328,-0.9428537392929922,1.4952920008425115,0.4434161377799775,-0.8608072996139526,-0.1672704815864563,0.502154529094696,-3.2651115589033e-08,-0.9961947202682495,2.2440410418766987e-08,0.08715469390153885
71.91455016220658,0.4547138027585815,-1.554407292202615,-2.0599984937697795,-0.940879394671357,1.4944553371118168,0.44870181842738877,-0.8510503172874451,-0.16725996136665344,0.5004496574401855,-1.789419634690148e-08,-0.9961946606636047,2.7042833750101636e-08,0.08715542405843735
72.1139899299547,0.4589710130783707,-1.5435557254801937,-2.0730968131909764,-0.9389559958317067,1.4937900582215846,0.45291921872105056,-0.841284453868866,-0.16619274020195007,0.4987380802631378,-4.491927185767963e-08,-0.9961946606636047,-3.860862296534151e-09,0.08715522289276123
72.36440252512756,0.4592196054073253,-1.535334042391363,-2.0829441282236285,-0.9373526312769764,1.4937527680818505,0.4531660623083817,-0.8344061374664307,-0.1630089432001114,0.4974592328071594,-2.1261629967739282e-07,-0.9961948394775391,-4.1245233006748094e-08,0.08715341240167618
72.68927489948528,0.44669490428390607,-1.5354884872112775,-2.0824369054363023,-0.9367682789322901,1.4957165386096927,0.4407608934283511,-0.8365899324417114,-0.15328627824783325,0.4978395104408264,-4.447111336958187e-07,-0.9961950778961182,1.3971928058964522e-09,0.08715035021305084
72.89158308217753,0.43614882501986313,-1.5388894425586375,-2.078111506373618,-0.9369087746237251,1.4973725176536974,0.43031615869242734,-0.8410833477973938,-0.1463557332754135,0.4986608028411865,-1.1145437639470401e-07,-0.9961946606636047,-5.356326227001773e-08,0.08715543895959854
73.2297722956502,0.4299436088922597,-1.5494159048867446,-2.065405848891159,-0.9386400904215146,1.4983532407340827,0.42417238603722107,-0.8508704304695129,-0.14553052186965942,0.5003854632377625,-1.2252659997713522e-09,-0.9961946606636047,-1.455959175444832e-08,0.08715544641017914
73.47469103161158,0.4226659173195488,-1.5494371025816356,-2.064759621606384,-0.9406236530640493,1.4951966320547563,0.44371612558131046,-0.8521549701690674,-0.13842657208442688,0.5005826354026794,-0.013458846136927605,-0.9960994720458984,-0.0011803510133177042,0.08719630539417267
73.87131605465312,0.41492593712613424,-1.5450570499073473,-2.0691646648680146,-0.9427164305070178,1.4903010228936053,0.47405672533151993,-0.8497884273529053,-0.1287487894296646,0.5001583099365234,-0.032570868730545044,-0.9956458210945129,-0.002856156090274453,0.08729488402605057
74.23901626714067,0.42015556503976037,-1.5354217700143153,-2.0810235211532713,-0.9392990308707321,1.4930655582618466,0.45692947955009755,-0.8408160209655762,-0.13037991523742676,0.49864158034324646,-0.021355358883738518,-0.9959572553634644,-0.0018727014539763331,0.08723314106464386
74.43910232875429,0.42645226530294933,-1.5253431274935711,-2.093508583290033,-0.9354265342537997,1.4964598567251468,0.43589976766303873,-0.8312959671020508,-0.13282468914985657,0.49695515632629395,-0.007640292402356863,-0.9961631894111633,-0.0006700411322526634,0.08717747032642365
74.6925345986571,0.43531197789673265,-1.5167103060580693,-2.104048425699267,-0.9330946638166162,1.4975068391920718,0.4294880310879184,-0.8227431774139404,-0.13710924983024597,0.4954151213169098,-1.6962945892373682e-07,-0.9961948990821838,3.16652304377385e-08,0.08715289831161499
74.99367478425167,0.44737884493955776,-1.509903115833579,-2.112133345269553,-0.9326998506397726,1.4956055215660211,0.44143678417743437,-0.8153846859931946,-0.14369769394397736,0.49411338567733765,-4.747336390664714e-08,-0.9961947202682495,3.834389517010095e-08,0.08715483546257019
75.24930089941759,0.4450582541248624,-1.4997184269376413,-2.119018760289872,-0.935833691278057,1.4959760284495562,0.4391242123909335,-0.8088027238845825,-0.13862858712673187,0.49569377303123474,7.466855549864704e-06,-0.9961950778961182,6.290113674367603e-07,0.08715047687292099
75.4485745937242,0.43991309953495733,-1.4888635949839615,-2.125673877524448,-0.9396621621712631,1.4967925457611158,0.43401183037710767,-0.802320122718811,-0.13134925067424774,0.49775826930999756,1.646086275286507e-05,-0.9961954951286316,1.4726191466252203e-06,0.08714568614959717
75.64816562688489,0.4347427312533335,-1.4779555692181703,-2.132361607982081,-0.9435093943831367,1.497613064393805,0.42887439527269083,-0.7957489490509033,-0.12410373985767365,0.49973657727241516,2.563649832154624e-05,-0.9961957931518555,2.2450601591117447e-06,0.08714305609464645
75.8475815155222,0.4295596366710414,-1.4670206945302076,-2.1390657995627826,-0.9473660961397706,1.4984356026441026,0.423724314929049,-0.7891061305999756,-0.11691147089004517,0.5016236305236816,3.50269656337332e-05,-0.9961958527565002,3.0508490453939885e-06,0.08714277297258377
76.14942469213277,0.4243599194017869,-1.456050750638697,-2.1457914921360306,-0.9512351667129463,1.4992607788543355,0.41855771777830963,-0.7823878526687622,-0.10976821929216385,0.5034196972846985,4.4583463022718206e-05,-0.9961956143379211,3.836449195659952e-06,0.08714481443166733
76.37762022604537,0.4331819014085535,-1.4487970432581663,-2.1523318252372428,-0.9525958845799448,1.497867810872459,0.4273137588679731,-0.7759749889373779,-0.11371015012264252,0.5030445456504822,3.379685585969128e-05,-0.9961963295936584,3.0082703688094625e-06,0.08713638037443161
76.57696432833862,0.4468057381591425,-1.4427831318204567,-2.1588314873767676,-0.9531076636770554,1.495715228778404,0.4408377179896986,-0.7696018815040588,-0.12129127234220505,0.5019241571426392,1.6971056538750418e-05,-0.9961962103843689,1.4079129186939099e-06,0.08713770657777786
76.85925668777656,0.4605234714923603,-1.4367277720196634,-2.1653759457124235,-0.9536229699970149,1.4935478109147957,0.45445488532937245,-0.7631255984306335,-0.1287727952003479,0.5007665157318115,1.1104411896667443e-06,-0.9961946606636047,-1.4847831408815182e-08,0.08715534210205078
77.12738307242165,0.46796631813446277,-1.444087339886856,-2.1578250899424156,-0.9543894285223733,1.4923892558091467,0.4618319123357978,-0.7678287625312805,-0.1369389295578003,0.5016257762908936,-1.590719875821378e-07,-0.9961947202682495,-2.6773104622179744e-08,0.08715448528528214
77.34581750204708,0.47492269567758844,-1.4524321871424168,-2.1492385547979658,-0.9551728547468,1.4913088245752173,0.4687252218711483,-0.7732900381088257,-0.1452266275882721,0.502577543258667,-1.2387612002839887e-07,-0.9961946606636047,5.13463138673842e-09,0.08715550601482391
77.53491494363648,0.4857050867848309,-1.4546079132175826,-2.147224834135266,-0.9558869533421415,1.4896529893414066,0.4794152211982629,-0.7732958793640137,-0.1538582742214203,0.5025521516799927,-6.178460125738638e-07,-0.9961955547332764,1.9780915749834094e-07,0.08714494854211807
77.73431056669456,0.49971554950908903,-1.4516214182450315,-2.1507118040653905,-0.9565445475629343,1.4875116012602838,0.4933085298629872,-0.7687025666236877,-0.16266953945159912,0.5017399787902832,-9.202275919051317e-07,-0.9961963891983032,2.106788059563769e-07,0.08713532239198685
78.04482646897034,0.5134854659568453,-1.448966002202639,-2.1538420618694607,-0.9572080078194962,1.4854069706597148,0.5069636678436888,-0.7643093466758728,-0.17135465145111084,0.5009764432907104,-1.257642594509889e-07,-0.9961957931518555,7.576122129648866e-08,0.08714225888252258
78.3619873513406,0.5159275119837083,-1.459516108652389,-2.142704967163234,-0.9580014304174667,1.4850334024372276,0.5093997023732684,-0.7719159722328186,-0.17764700949192047,0.5023846626281738,-6.9445554800040554e-06,-0.9961957335472107,-6.06298158345453e-07,0.08714326471090317
78.56142998756225,0.5183692709306281,-1.4700649748618126,-2.1315691817019937,-0.9587947597429467,1.4846598781303517,0.5118354505295992,-0.7795045971870422,-0.1839820146560669,0.5036976337432861,-1.37054548758897e-05,-0.9961956739425659,-1.1955760328419274e-06,0.08714485913515091
78.74985502184684,0.5247960474067267,-1.4779045288330466,-2.123392445631605,-0.9596608105535542,1.4836647453309466,0.5182611183681411,-0.784242570400238,-0.1920866221189499,0.5044894218444824,-3.937392102670856e-05,-0.9961941838264465,-3.7634843010891927e-06,0.08716064691543579
78.94934483887012,0.5349407240548566,-1.483202734161992,-2.117990882209404,-0.9605938715962805,1.4820896624900586,0.5284092700115491,-0.7862358093261719,-0.20185358822345734,0.5048413276672363,-8.229818195104599e-05,-0.996191143989563,-7.714515959378332e-06,0.08719614893198013
79.34559276954039,0.5450500143600051,-1.4884824584572427,-2.1126081603513573,-0.9615236779647351,1.4805200738037467,0.5385220231906062,-0.7881064414978027,-0.21164736151695251,0.5051692128181458,-0.00012441459693945944,-0.9961872696876526,-1.0791174645419233e-05,0.08724051713943481
79.72476636395548,0.5457764336884113,-1.4776400507013046,-2.124249022140065,-0.9608365323778681,1.4804553080272758,0.5391696194285428,-0.7797584533691406,-0.20722118020057678,0.5038081407546997,-8.505332516506314e-05,-0.9961898922920227,-7.3525889092707075e-06,0.08720970153808594
79.92421348915194,0.54625092780058,-1.4663699876562448,-2.136341368185425,-0.9601063228899032,1.480430923646761,0.5395631178653253,-0.7711544632911682,-0.2024116963148117,0.5022954940795898,-4.3558709876379e-05,-0.9961928725242615,-3.7211398193903733e-06,0.08717674762010574
80.29620994450997,0.546725184024458,-1.4551055748731487,-2.1484276517160823,-0.9593764794934924,1.4804065514913898,0.5399564190211128,-0.7625687718391418,-0.1976022869348526,0.5006747245788574,-2.026566107815597e-06,-0.9961956739425659,-1.9036737342048582e-07,0.08714380115270615
80.6405982863585,0.5580306118090947,-1.4578259916073106,-2.1459939412667652,-0.9601317590705096,1.4787387332236326,0.5511941750750984,-0.7622013688087463,-0.20682792365550995,0.5005899667739868,-6.6681122916634195e-06,-0.9961966276168823,-4.480445454646542e-07,0.08713304251432419
80.84671946102722,0.5698790474869914,-1.4612756713563875,-2.142802134434423,-0.9609633775205022,1.4769884099480635,0.5629757982245686,-0.7621413469314575,-0.21679902076721191,0.5005804300308228,-1.2723989129881375e-05,-0.9961963891983032,-1.0923374702542787e-06,0.08713531494140625
81.07717194995972,0.5819261063010881,-1.4677416713451021,-2.1372417441810816,-0.9691805751839079,1.4675213121009762,0.5718497649123142,-0.7633105516433716,-0.22515834867954254,0.4990336298942566,0.0014551334315910935,-0.9962881803512573,-0.0055432370863854885,0.0858885869383812
81.34493200400917,0.595155645885808,-1.486407290871938,-2.1220857747218154,-1.0070205830608676,1.427074257085827,0.5694564708808794,-0.7697593569755554,-0.22735142707824707,0.49175259470939636,0.009324917569756508,-0.9962116479873657,-0.03333690017461777,0.07977449148893356
81.54430324504224,0.6091466829195493,-1.506147310725638,-2.106057421759951,-1.0470386765230983,1.384299053837157,0.5669254179132379,-0.7764325737953186,-0.22983460128307343,0.4847759008407593,0.01853650063276291,-0.9951343536376953,-0.06277117133140564,0.07364523410797119
81.74353473180977,0.6239055068979055,-1.5269706047850715,-2.0891494799500174,-1.0892528452036694,1.3391764732976987,0.5642554682062055,-0.7833681702613831,-0.23270423710346222,0.4782264232635498,0.02921544946730137,-0.9928656816482544,-0.0938020721077919,0.06756655871868134
81.94632154781357,0.6393936177718692,-1.548822853150295,-2.071406055556122,-1.1335529687050891,1.291824222783744,0.5614535866232916,-0.7905963659286499,-0.2360745668411255,0.4722428321838379,0.041448626667261124,-0.9892116189002991,-0.12627099454402924,0.06162681058049202
82.15772708315606,0.655407381061913,-1.5714167469778628,-2.053060435453655,-1.1793565981628298,1.2428648798947384,0.5585566117242454,-0.7980818152427673,-0.24004152417182922,0.4669959247112274,0.05515934154391289,-0.9840401411056519,-0.15965519845485687,0.05597026273608208
82.3738115965372,0.6716421106262765,-1.59432240315954,-2.0344616728979923,-1.225792250035807,1.1932299704074643,0.5556196628516462,-0.8057437539100647,-0.24466870725154877,0.46261900663375854,0.07011281698942184,-0.9773311018943787,-0.19321677088737488,0.05074850842356682
82.58949721526832,0.6877173103261213,-1.617002977906205,-2.0160456702742993,-1.2717716039937021,1.1440827962011828,0.5527115737795067,-0.8134546279907227,-0.2499576210975647,0.45917487144470215,0.08591241389513016,-0.9692177772521973,-0.2260778546333313,0.046094704419374466
82.80000282994797,0.7032877582428142,-1.6389713959916754,-1.998207919264048,-1.3163072333738783,1.0964788142588038,0.5498947969879071,-0.821078896522522,-0.2558509111404419,0.45662790536880493,0.1021064817905426,-0.9599537253379822,-0.2574723958969116,0.04208174720406532
83.1231061602361,0.7181120927593285,-1.6598871191770375,-1.9812249275471074,-1.3587087796471498,1.051155946451298,0.5472129960763059,-0.8285040855407715,-0.262253075838089,0.45486709475517273,0.11829109489917755,-0.9498427510261536,-0.28689175844192505,0.03871611878275871
83.34894773138636,0.7319344023413484,-1.667951384151358,-1.9781819040337576,-1.3933895513591774,1.0309157848607946,0.5772079015812973,-0.8241698741912842,-0.2661798596382141,0.45092320442199707,0.11678799986839294,-0.9447224736213684,-0.30428022146224976,0.03568589314818382
83.54835646746629,0.7459143754652092,-1.6720309827842221,-1.9796635371146216,-1.4267355781770885,1.0182928855772486,0.6191270427888174,-0.8158091902732849,-0.26912617683410645,0.44635945558547974,0.10947244614362717,-0.9409711956977844,-0.31856051087379456,0.0332900732755661
83.74769388286346,0.7603399182100306,-1.6762406063606545,-1.9811923927963015,-1.461144409365091,1.0052676693221778,0.6623822306176967,-0.8072832226753235,-0.2720299959182739,0.4420916438102722,0.10225801169872284,-0.9366679787635803,-0.3334541618824005,0.03169716149568558
83.94719934610599,0.7752618876199416,-1.6805950958482212,-1.9827738610375838,-1.4967373527642212,0.991794215882416,0.70712596061248,-0.798587441444397,-0.2749069035053253,0.438140332698822,0.09516604244709015,-0.931771993637085,-0.3489752411842346,0.030991962179541588
84.14666824562424,0.7907013657173025,-1.685100603346703,-1.9844101761647768,-1.533564694714573,0.9778534897245907,0.7534214475064456,-0.7897388339042664,-0.2777697443962097,0.4345381259918213,0.08823905885219574,-0.9262499809265137,-0.3650984764099121,0.03127104416489601
84.60394170161014,0.8066844741647593,-1.689764751610327,-1.9861041066180745,-1.5716887424649084,0.9634219048865706,0.8013470174634084,-0.7807539701461792,-0.28063535690307617,0.4313172698020935,0.08152281492948532,-0.9200669527053833,-0.38179275393486023,0.0326363742351532
84.72320729026474,0.8070208214935778,-1.6936926487611874,-1.9806069499554835,-1.5868502963148003,0.9549214237163467,0.8137470723045741,-0.7826653122901917,-0.280021071434021,0.4329681396484375,0.07903794199228287,-0.9175845980644226,-0.38816726207733154,0.03343203663825989
85.04335252998646,0.7977386360111207,-1.6971050192801105,-1.9707801325678864,-1.5876601632376481,0.9502016605886442,0.8041213414654703,-0.7911521196365356,-0.27718719840049744,0.43738994002342224,0.07898062467575073,-0.9175986647605896,-0.38814806938171387,0.0334041602909565
85.30578597644887,0.7885108402478227,-1.7004973947370365,-1.961010896214298,-1.5884652846795344,0.9455095532960354,0.7945520133774243,-0.7995780110359192,-0.27421706914901733,0.4418087899684906,0.07891054451465607,-0.9175992608070374,-0.3881627917289734,0.03337877616286278
85.51407991141376,0.7859454381491255,-1.7122522692531623,-1.949803758208475,-1.595666086511454,0.9400993658908808,0.79913117396305,-0.8069196343421936,-0.2769835293292999,0.4407939016819,0.07748493552207947,-0.916097104549408,-0.3920140862464905,0.03297140449285507
85.71352237999734,0.7871589760869283,-1.7287033534349867,-1.9378179778734852,-1.606464193238968,0.9342997427072959,0.8117039254084423,-0.8136042356491089,-0.2830533981323242,0.4365611672401428,0.0753546953201294,-0.9137112498283386,-0.3979981243610382,0.03241652250289917
85.91297811061439,0.7883661046179636,-1.7450675497767174,-1.9258955014857384,-1.6172052688212832,0.9285307507408519,0.8242102727673289,-0.820221483707428,-0.28909721970558167,0.43218615651130676,0.07330042123794556,-0.9112874865531921,-0.40393245220184326,0.031946633011102676
86.11244995311198,0.7895669211036478,-1.7613461781389106,-1.9140353674333124,-1.6278901795839855,0.922791924691281,0.8366512247439707,-0.8267703652381897,-0.29511335492134094,0.42767053842544556,0.07132129371166229,-0.908827543258667,-0.4098164737224579,0.03155985847115517
86.31194422185716,0.7907615528911489,-1.7775409648779616,-1.9022363179432653,-1.6385200586670194,0.9170826559533102,0.8490281007073301,-0.8332502841949463,-0.3011004328727722,0.4230164587497711,0.06941647827625275,-0.9063332080841064,-0.4156495928764343,0.03125442564487457
86.5114578621119,0.7919500700410801,-1.793652859756552,-1.8904976610461963,-1.6490955294723855,0.9114026097000307,0.8613416265141346,-0.8396602272987366,-0.3070567846298218,0.4182259738445282,0.06758543103933334,-0.9038059711456299,-0.4214310050010681,0.03102843090891838
86.71082869336304,0.7931316275481294,-1.8096704076292858,-1.878827742627088,-1.6596090731106787,0.9057558242991316,0.8735830475623018,-0.845994234085083,-0.31297633051872253,0.41330549120903015,0.06582885980606079,-0.9012497067451477,-0.42715567350387573,0.030880311504006386
87.07405814733542,0.7943072571818628,-1.8256075954737905,-1.8672163721818045,-1.6700698703067403,0.9001373688172578,0.8857630534082912,-0.852256715297699,-0.3188619911670685,0.4082532823085785,0.06414427608251572,-0.8986638784408569,-0.4328274726867676,0.03080807439982891
87.25873756458083,0.7848137285147212,-1.8255787516819957,-1.8597416573187608,-1.672204180816278,0.9151510203918571,0.8908876038110878,-0.8546778559684753,-0.3151280879974365,0.41067975759506226,0.054325394332408905,-0.9020651578903198,-0.42736750841140747,0.026157911866903305
87.45816583980837,0.7704325066786095,-1.818326652600149,-1.8540903933794182,-1.6705852698175054,0.9395950613283259,0.8928531451944626,-0.855323314666748,-0.3071660101413727,0.4166478216648102,0.04078937694430351,-0.9079418182373047,-0.4166509807109833,0.01948968879878521
87.65764226441303,0.7559514370511358,-1.8110242027147114,-1.8483998931200203,-1.6689551188358247,0.9642088154871676,0.8948323331906354,-0.8559010624885559,-0.29932042956352234,0.4227789044380188,0.0272199809551239,-0.9135392904281616,-0.40563347935676575,0.012904451228678226
87.85705489342132,0.7413945330653764,-1.803683511413742,-1.8426795928909656,-1.6673164310915438,0.9889514667716814,0.8968218857838633,-0.8564156889915466,-0.2916029691696167,0.42907091975212097,0.013649025931954384,-0.9188429117202759,-0.39433494210243225,0.006419173441827297
88.17033062992103,0.7267774591981131,-1.7963124779104627,-1.836935648225753,-1.6656709699531749,1.013796389967677,0.8988196620449741,-0.856872022151947,-0.2840195596218109,0.4355262219905853,0.0001001856944640167,-0.9238436222076416,-0.38276997208595276,4.6638931962661445e-05
88.48248908312154,0.7181087729721092,-1.799780575206082,-1.8272256903916906,-1.6672806046753685,1.0092882457962133,0.890365970963124,-0.8651735782623291,-0.2802127003669739,0.43943411111831665,-8.64598223415669e-06,0.9238898158073425,0.3826586604118347,1.7125273643614491e-07
88.6819044502182,0.7095121925260781,-1.8033182006513857,-1.8175173988235882,-1.6689092949389681,1.0045761319642255,0.8818616469210012,-0.8734804391860962,-0.27630671858787537,0.4433271288871765,7.538470981671708e-06,-0.9238885641098022,-0.3826615810394287,2.990398328961419e-08
88.92035618351602,0.7032236958702008,-1.80845320848588,-1.8088569852574767,-1.6691157368140306,1.0011272385082723,0.8756435479923647,-0.8809154033660889,-0.2745278477668762,0.4450308382511139,4.4867427106964897e-08,-0.9238796234130859,-0.38268303871154785,3.078715948845456e-08
89.22396910844067,0.7052455248504815,-1.8194074679144583,-1.8039279827308143,-1.6641751021886657,1.0022265569485496,0.8776571493906364,-0.8853034377098083,-0.28087711334228516,0.43871527910232544,-3.4200030540887383e-07,0.9238798022270203,0.38268256187438965,5.167563044139456e-10
89.49950086776524,0.7061033595469401,-1.829619843160494,-1.7983797085545217,-1.6599678130591473,1.0026947822777903,0.8785086017762067,-0.8901333808898926,-0.28611400723457336,0.43343591690063477,8.34780621516984e-07,-0.9238803386688232,-0.38268133997917175,9.758016972227779e-08
89.80918819992219,0.6979038243338805,-1.8342009977844156,-1.7879247442060369,-1.6614131783315038,0.9982523387659784,0.8703169692580855,-0.8989024758338928,-0.2827770411968231,0.4367965757846832,2.3200525447464315e-06,-0.9238823056221008,-0.3826766610145569,5.5603511128765604e-08
90.00850741727625,0.689713960555424,-1.8383742402015206,-1.7776296222615953,-1.6630658166345944,0.9938404728006811,0.8620962111996534,-0.9074535369873047,-0.2791562080383301,0.4404144883155823,2.2726762836100534e-06,-0.9238824248313904,-0.38267651200294495,6.725881007696444e-08
90.23623214064351,0.6815326849566858,-1.8421852588653564,-1.7674764394760132,-1.6649025122271937,0.9894557595252991,0.8538495898246765,-0.915801465511322,-0.2752712368965149,0.44426724314689636,-6.14146813404659e-08,-0.9238795638084412,-0.3826833963394165,2.1531375793415464e-08
90.40189223812901,0.6506054039037011,-1.8371854873098727,-1.742428270794078,-1.6582605590096429,1.0090511287445405,0.8041515605790275,-0.9325696229934692,-0.2595546543598175,0.46270713210105896,-0.0006204397068358958,0.930628776550293,0.3658672273159027,0.008410670794546604
90.56755412375385,0.6197278217250098,-1.8321464682109478,-1.717274561676106,-1.6515758397385205,1.0287573462055764,0.7544529948915754,-0.9489116072654724,-0.24298705160617828,0.4818682372570038,-0.0016791701782494783,0.937126636505127,0.34864509105682373,0.015405211597681046
90.7332160093787,0.5889172225621377,-1.827055318803035,-1.6919808731946928,-1.6448342868729606,1.0486119778711174,0.7047544292041233,-0.9647675156593323,-0.22560779750347137,0.5017895102500916,-0.0031757336109876633,0.9433626532554626,0.3310863971710205,0.02093811333179474
90.89887789500354,0.5581915983213999,-1.821897532479457,-1.6665086395583755,-1.6380203621796816,1.068655148123308,0.6550558635166713,-0.9800777435302734,-0.20746202766895294,0.5225172638893127,-0.005111513659358025,0.9493251442909241,0.3132610619068146,0.024963846430182457
91.06453978062838,0.5275468485866015,-1.8166773128121052,-1.6408675464229734,-1.6311386049335403,1.0888768505588828,0.6053572978292192,-0.9947723746299744,-0.18855226039886475,0.5440527200698853,-0.007495144847780466,0.9549857974052429,0.2952820658683777,0.02746451646089554
91.23020166625322,0.49698191067151676,-1.8113968746791365,-1.6150612698775264,-1.6241922544593397,1.1092733051708603,0.5556587321417672,-1.008779764175415,-0.16889160871505737,0.5664001107215881,-0.010333502665162086,0.9603185653686523,0.27726030349731445,0.028427863493561745
91.39586355187807,0.4664956778334009,-1.8060584417077432,-1.5890938790540563,-1.617184486720816,1.1298412204490564,0.5059601664543152,-1.0220272541046143,-0.14849817752838135,0.5895614624023438,-0.013632272370159626,0.965296745300293,0.2593083083629608,0.027850015088915825
91.56152543750291,0.4360877927480525,-1.8006630682412004,-1.5629662122552384,-1.6101166307139403,1.1505792032141886,0.4562616007668631,-1.0344414710998535,-0.1273973435163498,0.6135396361351013,-0.01739540509879589,0.9698942303657532,0.24153728783130646,0.02573264017701149
91.72718732312775,0.405771406943567,-1.7952021282084814,-1.5366528981717422,-1.602979918243352,1.1715146545793365,0.40656303507941105,-1.045952558517456,-0.10564512014389038,0.6383649706840515,-0.02162642776966095,0.9740902185440063,0.22403857111930847,0.022069044411182404
91.8928492087526,0.3755323561722024,-1.7896845427664705,-1.5101787568506502,-1.5957842668780209,1.1926209358500035,0.35686446939195904,-1.0564810037612915,-0.0832526832818985,0.664012610912323,-0.02632705681025982,0.9778526425361633,0.206943541765213,0.016890183091163635
92.05851109437744,0.34536249144478803,-1.7841101840295468,-1.4835456764530288,-1.5885301600987047,1.2138944298892744,0.307165903704507,-1.0659515857696533,-0.060252845287323,0.6904798746109009,-0.03149439021945,0.98115473985672,0.19036532938480377,0.010221719741821289
92.2241729981042,0.3152547938674911,-1.7784795992928462,-1.456756818468418,-1.581218657876258,1.235330816297534,0.2574673325864791,-1.0742881298065186,-0.036684971302747726,0.7177597284317017,-0.03712497279047966,0.9839695692062378,0.17441682517528534,0.0020987289026379585
92.3898349576043,0.28521142233779506,-1.7727847027914918,-1.4297914303443147,-1.5738420648208766,1.2569509447789593,0.2077687447364473,-1.0814175605773926,-0.012612972408533096,0.7458711266517639,0.04321504384279251,-0.9862731099128723,-0.1591925173997879,0.007452647667378187
92.55549681831431,0.255241276899424,-1.767005391662253,-1.402597933230907,-1.566380759810765,1.2788061520875367,0.15807018652344257,-1.0872703790664673,0.011876687407493591,0.7748714089393616,0.049760617315769196,-0.9880420565605164,-0.14476661384105682,0.018424618989229202
92.72115865954622,0.22531973752040516,-1.7611642393292002,-1.3752381848736095,-1.558857687010695,1.3008317919487584,0.10837163415387037,-1.0917600393295288,0.03676612675189972,0.8046756982803345,0.056756455451250076,-0.9892411828041077,-0.1312897652387619,0.030716639012098312
92.88682049726383,0.1954434419895359,-1.755263294346583,-1.347718228649127,-1.5512750563437225,1.323021480234715,0.05867308283858928,-1.094812273979187,0.06198742613196373,0.8352614045143127,0.06419670581817627,-0.9898435473442078,-0.11886841803789139,0.04425874724984169
93.05248237861062,0.1656354056508474,-1.7492628294008001,-1.3199347116294162,-1.5435942016554127,1.345480778703707,0.008974518434551569,-1.0963608026504517,0.08740340173244476,0.866747260093689,0.07207906991243362,-0.9898238182067871,-0.10753978043794632,0.059064269065856934
93.21814425460951,0.13586986375307852,-1.743189960181519,-1.2919638667786304,-1.5358435524278948,1.3681332427422819,-0.04072404436511767,-1.09632408618927,0.11297929286956787,0.8990169763565063,0.08039310574531555,-0.9891493320465088,-0.09744949638843536,0.07499365508556366
93.38380612970562,0.10613717094962509,-1.7370580724266302,-1.2638415122981268,-1.5280364894688838,1.3909426642255485,-0.09042260689394821,-1.0946334600448608,0.13864180445671082,0.9319973587989807,0.08912812918424606,-0.9877936244010925,-0.0887085571885109,0.09192763268947601
93.54946801533046,0.07645145310078583,-1.7308306354703802,-1.2354779825319357,-1.5201397510158396,1.4140044721308889,-0.14012117258140022,-1.091221570968628,0.16424670815467834,0.9657842516899109,0.09827923029661179,-0.9857258796691895,-0.08135414868593216,0.10985018312931061
93.71512994406598,0.04679681584293381,-1.7245258204389449,-1.2069239077393359,-1.5121719713465747,1.4372675436079299,-0.1898197512020537,-1.0860246419906616,0.18971773982048035,1.0002778768539429,0.10783177614212036,-0.982919454574585,-0.07549590617418289,0.12861551344394684
93.88079187266344,0.01716337238050563,-1.718164942395287,-1.1782326733901092,-1.504153081939795,1.4606759877913653,-0.23951832978129223,-1.0789942741394043,0.21496625244617462,1.0353643894195557,0.1177690178155899,-0.9793535470962524,-0.07123202830553055,0.14806383848190308
94.04645366169498,-0.012436845807158883,-1.7117006097688714,-1.1492923166239444,-1.4960414858400573,1.4843506961267412,-0.28921686649075495,-1.070063591003418,0.23982205986976624,1.0711647272109985,0.1280861645936966,-0.9749897718429565,-0.06857825815677643,0.16818390786647797
94.21211547025906,-0.04201848456870205,-1.705163055575419,-1.1201813129677034,-1.487865873061096,1.5082105648272128,-0.3389154090599806,-1.0591988563537598,0.26419559121131897,1.1075211763381958,0.13876157999038696,-0.9698110818862915,-0.06762907654047012,0.18878033757209778
94.37777729216198,-0.07158646790427893,-1.6985710620203645,-1.0909442058704903,-1.4796428179302104,1.5322075951738547,-0.38861395563085355,-1.046380639076233,0.28797271847724915,1.1443146467208862,0.14977405965328217,-0.9638032913208008,-0.06844815611839294,0.2096800059080124
94.5434391146137,-0.1011281026785378,-1.6918585903005758,-1.0614468854554313,-1.4713185221448948,1.5564958628733359,-0.43831250236637176,-1.0315355062484741,0.31095099449157715,1.181699514389038,0.16112302243709564,-0.9569146037101746,-0.07102913409471512,0.23088687658309937
94.70910099540633,-0.1306584231349908,-1.6850874644582703,-1.0318338867748587,-1.4629470240941262,1.5809191818238215,-0.48801106660415783,-1.0146937370300293,0.33305099606513977,1.219396948814392,0.17277269065380096,-0.9491535425186157,-0.07544965296983719,0.2521197497844696
94.87476294370478,-0.16017565187588934,-1.67824847035371,-1.0020870376073268,-1.4545209086423412,1.6054987676030947,-0.5377096510936918,-0.9958487749099731,0.35411688685417175,1.2573680877685547,0.18470457196235657,-0.9404988884925842,-0.08171971887350082,0.27325430512428284
95.04042472758111,-0.18967392607772915,-1.6712965614282296,-0.9721374140272473,-1.4460077779194376,1.630325396016073,-0.5874081862565891,-0.9749617576599121,0.3739560544490814,1.2956637144088745,0.19691027700901031,-0.9309071898460388,-0.08983141928911209,0.2942250967025757
95.2060865588382,-0.21916424409180402,-1.6642920441519962,-0.9420996581025576,-1.4374552469025064,1.6552630655148386,-0.6371067356337137,-0.9521177411079407,0.3924785554409027,1.3340197801589966,0.20934675633907318,-0.9204011559486389,-0.09980546683073044,0.3147611618041992
95.37174856820877,-0.24864100812482487,-1.657193543080659,-0.9119092369247439,-1.4288331882931085,1.6803960478397015,-0.6868053384448874,-0.927304744720459,0.40949034690856934,1.3724687099456787,0.2220028191804886,-0.9089413285255432,-0.11161375045776367,0.3347877562046051
95.53741041047515,-0.27810640081025295,-1.6500049570222495,-0.881586704109244,-1.4201474751770113,1.7057068841011758,-0.7365038911247987,-0.9005740880966187,0.424844890832901,1.4108984470367432,0.2348504215478897,-0.8965200185775757,-0.12523311376571655,0.35413795709609985
95.70307218075965,-0.3075653313566542,-1.6427648646476776,-0.8511899687382755,-1.4114257274579898,1.7311183209826717,-0.7862024222101485,-0.8720390796661377,0.438433974981308,1.4491177797317505,0.2478489726781845,-0.8831573128700256,-0.1406267285346985,0.3725963234901428
95.86873406638449,-0.3370089388854813,-1.6353987500072396,-0.8206281648105797,-1.4026202663824636,1.7567624437305365,-0.8359009878976005,-0.841673731803894,0.4500279128551483,1.4872058629989624,0.2609959840774536,-0.8687918782234192,-0.15774109959602356,0.3901274800300598
96.03439595200933,-0.3664452100150645,-1.627972843165084,-0.7899970872475874,-1.393777786007885,1.7825097522969033,-0.8855995535850525,-0.809661328792572,0.4595593512058258,1.5248960256576538,0.27423804998397827,-0.8534712791442871,-0.1765127331018448,0.40647682547569275
96.20005783763418,-0.3958722342865351,-1.6204715737387558,-0.7592786966233428,-1.3848886462034697,1.808387117119921,-0.9352981192725047,-0.7760849595069885,0.46687397360801697,1.5621237754821777,0.2875503897666931,-0.8371825218200684,-0.19686394929885864,0.4215266704559326
96.36571972325902,-0.4252856091594591,-1.612858931588051,-0.7284478500185675,-1.3759351786296092,1.8344426227944923,-0.9849966849599567,-0.7410110235214233,0.47179844975471497,1.598846673965454,0.3009134531021118,-0.8198997974395752,-0.2187122106552124,0.43517857789993286
96.53138160888386,-0.4546928044868404,-1.6051958959293584,-0.6975697085367233,-1.3669536676651008,1.8605758101445962,-1.0346952506474087,-0.7046637535095215,0.47428908944129944,1.6348341703414917,0.31427350640296936,-0.8016765713691711,-0.24194596707820892,0.4472236633300781
96.6970434945087,-0.48408617938938714,-1.5974202205897676,-0.6665939043827166,-1.3579118596341921,1.8868760747914368,-1.0843938163348608,-0.6670946478843689,0.4741538166999817,1.670088768005371,0.32761916518211365,-0.7824690341949463,-0.26646625995635986,0.4576064348220825
96.86270538013355,-0.5134700684701317,-1.589568476801625,-0.6355621779902854,-1.3488325440097182,1.913279888551982,-1.1340923820223128,-0.6285198330879211,0.4713427722454071,1.7044262886047363,0.3409033417701721,-0.7623183131217957,-0.29214197397232056,0.4661637246608734
97.02836726575839,-0.5428460422506762,-1.5816532588497687,-0.6044837881337694,-1.3397219307424009,1.9397701073006766,-1.183790947709765,-0.589127242565155,0.46578648686408997,1.7377203702926636,0.3540886342525482,-0.7412459850311279,-0.31883594393730164,0.4727781414985657
97.19402936972631,-0.5722054215419157,-1.5736105006468364,-0.5733232810824868,-1.330554482372079,1.9664165014991262,-1.233489578900141,-0.5490008592605591,0.4573214650154114,1.7699456214904785,0.3671596050262451,-0.7192156910896301,-0.3464260995388031,0.47740092873573303
97.35969137191563,-0.6015578449578265,-1.5655170831855467,-0.5421332313682292,-1.3213662324465303,1.9931196954242703,-1.2831881795569375,-0.5084477663040161,0.4459998607635498,1.800883412361145,0.38005757331848145,-0.696307361125946,-0.37473684549331665,0.47987961769104004
97.5253530163841,-0.6308954216278696,-1.5573175737019278,-0.5108836705392862,-1.3121357794838617,2.019937827098793,-1.3328866728974786,-0.46758270263671875,0.43169695138931274,1.83049476146698,0.39276400208473206,-0.6724959015846252,-0.40362775325775146,0.4801774322986603
97.6910149554401,-0.6602201306125981,-1.549029427366271,-0.4795912215042908,-1.3028742044264057,2.046840417874239,-1.3825852546142783,-0.42663949728012085,0.41441404819488525,1.858643651008606,0.4052375853061676,-0.647819459438324,-0.4329264163970947,0.47821229696273804
97.85667708185676,-0.6895366556185097,-1.540684907090647,-0.4482714951337662,-1.2935928353999306,2.0737967254974263,-1.432283892539278,-0.3858763575553894,0.39419224858283997,1.8851946592330933,0.41743671894073486,-0.6223271489143372,-0.46244844794273376,0.4739164710044861
98.02233874575623,-0.7188314384229102,-1.5321990171482642,-0.4168943371482063,-1.284268209442431,2.100868813558847,-1.48198239170912,-0.3453879952430725,0.37090951204299927,1.910117268562317,0.42934444546699524,-0.5959827899932861,-0.49204742908477783,0.46728694438934326
98.18800046513226,-0.7481177718832644,-1.5236612797165683,-0.38549917784654075,-1.2749296781073383,2.127977623931486,-1.5316809075219293,-0.30552273988723755,0.3447362780570984,1.9332325458526611,0.44090744853019714,-0.5688848495483398,-0.521507740020752,0.45825785398483276
98.3536623507571,-0.777387161285794,-1.5150202916028916,-0.35406892874825,-1.265563940567279,2.1551581420509445,-1.581379473209381,-0.2664278745651245,0.3156377971172333,1.9544851779937744,0.4521022140979767,-0.5410264730453491,-0.5506635308265686,0.4468373656272888
98.51932423638195,-0.8066380880296116,-1.5062796845179363,-0.32260875037104736,-1.2561761541139285,2.182394654414392,-1.6310780388968333,-0.2283301204442978,0.2836877703666687,1.9737763404846191,0.4628930687904358,-0.5124467611312866,-0.5793266296386719,0.4330231547355652
98.68498612200679,-0.8358792832096211,-1.4974865688322108,-0.2911327964388725,-1.2467767458021048,2.209660681029646,-1.6807766045842851,-0.19150757789611816,0.24904954433441162,1.9909957647323608,0.47324228286743164,-0.4832141399383545,-0.6072923541069031,0.4168234169483185
98.85064776776359,-0.8650878828632326,-1.4885383786215989,-0.25961510557763173,-1.237349111742272,2.236993921193955,-1.7304750983113244,-0.15604186058044434,0.21165817975997925,2.006108522415161,0.48312824964523315,-0.4532976448535919,-0.6344102025032043,0.3982864022254944
99.01630957830713,-0.894283843020136,-1.4795358161194736,-0.22808439390912072,-1.2279136392271652,2.264344019649093,-1.7801736414743867,-0.122269406914711,0.17180731892585754,2.0189943313598633,0.4925095736980438,-0.4228071868419647,-0.6604587435722351,0.3774421215057373
99.18197170378389,-0.9234556772582179,-1.4704294780827223,-0.19652883330782128,-1.2184632096215962,2.2917262827114566,-1.8298722791174153,-0.09032775461673737,0.1295558363199234,2.0296032428741455,0.5013608932495117,-0.39175137877464294,-0.6852722764015198,0.354358434677124
99.34763382923012,-0.9525992877142345,-1.461212566785103,-0.16494995506571686,-1.2090008378491612,2.3191300657871796,-1.8795709167512864,-0.0604017972946167,0.0850553810596466,2.0378715991973877,0.5096516609191895,-0.3601732552051544,-0.7086732983589172,0.3291088044643402
99.51329594749528,-0.9817286497534561,-1.451940330802032,-0.1333595422965394,-1.1995326743451964,2.3465440450142316,-1.929269552230835,-0.032733455300331116,0.03857671841979027,2.043735980987549,0.5173544883728027,-0.3281514048576355,-0.7304707169532776,0.3017835319042206
99.67895783312012,-1.0108131005784198,-1.4425082709174049,-0.1017397208825939,-1.1900532045215584,2.3739705868186984,-1.9789681179182872,-0.0073753297328948975,-0.009861895814538002,2.047159433364868,0.5244402885437012,-0.29567381739616394,-0.7505279779434204,0.27248331904411316
99.84461971874497,-1.0398773188695438,-1.4330130177852312,-0.07010924195774651,-1.1805716844690697,2.4013949456494665,-2.0286666836057394,0.015413850545883179,-0.05988709628582001,2.048093795776367,0.5308862924575806,-0.2628462016582489,-0.7686560153961182,0.24132844805717468
100.01028160436981,-1.0689075085544644,-1.423411481468136,-0.038460838424717925,-1.1710867161865803,2.428815632989904,-2.078365249293191,0.03554283082485199,-0.11134976148605347,2.046510934829712,0.5366674065589905,-0.2296944409608841,-0.7847155332565308,0.20844703912734985
100.17594348999465,-1.0978924293760512,-1.4136845597893621,-0.006793063197092452,-1.1616021283040647,2.4562189707672046,-2.1280638149806435,0.05290864408016205,-0.16404467821121216,2.0423834323883057,0.5417574644088745,-0.19626279175281525,-0.7985681295394897,0.17397896945476532
100.3416053756195,-1.1268550636145784,-1.4038971025728308,0.024883927292732495,-1.1521181226993005,2.483612843358278,-2.1777623806680952,0.06734606623649597,-0.21761921048164368,2.035707712173462,0.5461445450782776,-0.16263645887374878,-0.8100666403770447,0.13808506727218628
100.50726726124434,-1.1557497192447124,-1.3939400319570339,0.056584974541372006,-1.1426408675211734,2.5109662125329724,-2.2274609463555475,0.078873410820961,-0.2719977796077728,2.026456356048584,0.549792468547821,-0.12881799042224884,-0.8191152811050415,0.10091646760702133
100.67292914686918,-1.1846115565849935,-1.3839076293390808,0.08829578282781994,-1.1331690041685707,2.538294561202,-2.2771595120429993,0.08733919262886047,-0.32676225900650024,2.0146536827087402,0.5526983141899109,-0.09490861743688583,-0.8255850076675415,0.06265884637832642
100.83859103249402,-1.2134251636929883,-1.3737645177238302,0.12002093607626917,-1.123705064720554,2.5655861393748913,-2.3268580777304515,0.09273223578929901,-0.38170453906059265,2.0003039836883545,0.5548409223556519,-0.06094708666205406,-0.8293883800506592,0.023490291088819504
101.00425291811887,-1.242172943684449,-1.3634799950345613,0.15176230675434468,-1.1142559075825993,2.592817580986865,-2.3765566434179037,0.09505574405193329,-0.43660011887550354,1.9834181070327759,-0.5561968684196472,0.026980726048350334,0.8304504752159119,0.016403628513216972
101.16991480374371,-1.2708905844596443,-1.3531311646041968,0.18351043849579107,-1.10481418428156,2.620019570753858,-2.4262552091053555,0.09424319863319397,-0.49105507135391235,1.9640569686889648,-0.5567748546600342,-0.0069028278812766075,0.828689455986023,0.05681417137384415
101.33557668936855,-1.2995322465615113,-1.3426231182575774,0.21527121750854794,-1.0953956081814127,2.6471346165553076,-2.4759537747928078,0.09039169549942017,-0.5449425578117371,1.942225456237793,-0.5565369129180908,-0.040676016360521317,0.8240723609924316,0.09755485504865646
101.5012385749934,-1.3281389199870257,-1.3320425807188636,0.2470345539191352,-1.0859912473173845,2.6741992650788045,-2.5256523404802596,0.08347277343273163,-0.5978579521179199,1.918013095855713,-0.5555008053779602,-0.07424788922071457,0.8165476322174072,0.1384047120809555
101.66690046061824,-1.356702523083936,-1.3213728080392437,0.27880103843295,-1.076604385111627,2.7012018756074845,-2.575350906167712,0.07356318831443787,-0.6495642066001892,1.891475796699524,-0.5536574721336365,-0.10756625980138779,0.8060989379882812,0.1791571080684662
101.83256234624308,-1.3852086001365391,-1.3105856354093695,0.31056524334802527,-1.0672477603628305,2.728101704000785,-2.6250494718551636,0.06076750159263611,-0.6998386979103088,1.8626768589019775,-0.5509909391403198,-0.14057092368602753,0.7927306890487671,0.21960602700710297
101.99822423186792,-1.4136900273068964,-1.2997486684734605,0.34232705175487876,-1.0579055142154037,2.7549533636412513,-2.674748037542616,0.045140668749809265,-0.7483415603637695,1.8317281007766724,-0.5475296378135681,-0.17319343984127045,0.7764413356781006,0.2595268487930298
102.16388611749277,-1.4421155088474238,-1.288800304765492,0.3740789333403186,-1.0486003964145822,2.7816826545974327,-2.724446603230068,0.02685050666332245,-0.7949150204658508,1.7986969947814941,-0.5432474613189697,-0.20537768304347992,0.7572767734527588,0.29872071743011475
102.32954800311761,-1.47051016599575,-1.2777919882153252,0.4058196704614983,-1.0393210138741837,2.8083290898541264,-2.77414516891752,0.006003469228744507,-0.8392667770385742,1.763708472251892,-0.5381718873977661,-0.23705916106700897,0.7352727651596069,0.3369687795639038
102.49520988874245,-1.4988756898880777,-1.2667270080499202,0.43754987454351446,-1.0300659546659447,2.8348972151708103,-2.823843734604972,-0.017243996262550354,-0.8811866641044617,1.726867914199829,-0.5323139429092407,-0.26818522810935974,0.7104884386062622,0.37406495213508606
102.6608717743673,-1.5271932384643863,-1.2555746552342348,0.46924602985465586,-1.0208600809173052,2.86131073244348,-2.873542300292424,-0.04269295930862427,-0.92050701379776,1.6882988214492798,-0.5256636738777161,-0.29868218302726746,0.6830222606658936,0.40981370210647583
102.82653365999214,-1.5554920669173953,-1.244389894411397,0.5009234479396024,-1.0116762723261064,2.8876555264218164,-2.923240865979876,-0.0701926052570343,-0.956997275352478,1.6481307744979858,-0.5182662606239319,-0.3285117447376251,0.6529439091682434,0.4440095126628876
102.99219554561698,-1.583753801064246,-1.2331427977731484,0.532557651738683,-1.0025393936689841,2.913854771484578,-2.9729394316673283,-0.09951800107955933,-0.9905280470848083,1.6065011024475098,-0.5101171731948853,-0.35760340094566345,0.620383620262146,0.47647079825401306
103.15785743124182,-1.6119883957597718,-1.2218556619265175,0.5641447059208108,-0.993444755411086,2.939925567919731,-3.02263799735478,-0.13046890497207642,-1.0209397077560425,1.5635571479797363,-0.5012460947036743,-0.385906845331192,0.5854610204696655,0.5070143342018127
103.32351931686667,-1.640206130571021,-1.2105436524591264,0.5957024692718156,-0.9843763582232159,2.9659165680107673,-3.0723365630422323,-0.1628379076719284,-1.0481131076812744,1.5194181203842163,-0.49168500304222107,-0.413393497467041,0.5482933521270752,0.5354679226875305
103.48918071216609,-1.668385827870852,-1.1991842785581457,0.6271650598534023,-0.9753825110645525,2.9916838850669825,-3.122034981632061,-0.19636867940425873,-1.0719610452651978,1.4742944240570068,-0.48143357038497925,-0.4399638772010803,0.5090858936309814,0.5616805553436279
103.65484248229107,-1.696552462889233,-1.1878129109128763,0.6585833494286878,-0.9664198149880759,3.0173584404818397,-3.1717335126695563,-0.23086139559745789,-1.0923997163772583,1.4282782077789307,-0.4705442786216736,-0.46562379598617554,0.4679483473300934,0.5854970812797546
103.8205048627126,-1.7246982048901602,-1.1764224440243112,0.6899305496249513,-0.9575070548263919,3.0428843083008457,-3.221432226796012,-0.26607102155685425,-1.109387755393982,1.3815408945083618,-0.4590354859828949,-0.4903140962123871,0.4250740706920624,0.6067870259284973
103.98616724536149,-1.7528183146011571,-1.1650185100868975,0.7211728770602635,-0.9486600419058758,3.068215900952738,-3.2711309415906795,-0.301755428314209,-1.1228958368301392,1.3342711925506592,-0.4469357430934906,-0.5139784812927246,0.3806689977645874,0.6254322528839111
104.15182953971946,-1.7809250727015082,-1.1536097741377538,0.752357029192347,-0.9398478580274264,3.0934447980132878,-3.3208296298980713,-0.337698370218277,-1.132927656173706,1.2865478992462158,-0.43428534269332886,-0.5366224646568298,0.33487626910209656,0.6413193345069885
104.3174914253443,-1.809004550360865,-1.142196875099333,0.7834132587346421,-0.931108323446733,3.1184600363716592,-3.370528195585524,-0.3736514449119568,-1.1395039558410645,1.2386043071746826,-0.42110925912857056,-0.5581710338592529,0.2879514992237091,0.6543667912483215
104.48315331096914,-1.8370640450772375,-1.1307886544975503,0.8143642961935695,-0.9224236374540791,3.143314696163904,-3.4202267612729758,-0.4094000458717346,-1.14266836643219,1.1905486583709717,-0.4074479341506958,-0.578619122505188,0.24007126688957214,0.6644936203956604
104.64881519659399,-1.8651091640053874,-1.1193840466025817,0.8452392345379262,-0.913778492605854,3.1680536302851237,-3.4699253269604275,-0.44473469257354736,-1.142486810684204,1.1424717903137207,-0.39333558082580566,-0.5979617238044739,0.19141186773777008,0.6716326475143433
104.81447708221883,-1.893121185682624,-1.1079999447283122,0.8759180687335157,-0.9052284737655764,3.1925160164643924,-3.5196238926478793,-0.47942590713500977,-1.1390475034713745,1.0946753025054932,-0.3788106143474579,-0.6161162853240967,0.14228808879852295,0.675764262676239
104.98013873142017,-1.9211173008377413,-1.0966310690058843,0.9064954941270918,-0.8967246438189873,3.2168442416868706,-3.5693223874082793,-0.513296902179718,-1.1324509382247925,1.0471490621566772,-0.36390984058380127,-0.6331219673156738,0.092820905148983,0.6768385171890259
105.14580010230813,-1.9490946911303413,-1.0852801172267137,0.9369535429617056,-0.8882751865805,3.2410145351218635,-3.6190207986746694,-0.5461592674255371,-1.1228175163269043,1.0000373125076294,-0.34866905212402344,-0.6489565968513489,0.04323529824614525,0.6748451590538025
105.31146146752147,-1.9770391887272534,-1.0739661794718036,0.967200443774446,-0.8799175473237882,3.2649194186291473,-3.6687192082386724,-0.577832818031311,-1.110299825668335,0.9535837769508362,-0.3331332504749298,-0.6635748744010925,-0.0061789825558662415,0.669815182685852
105.47712303526099,-2.004966243242641,-1.0626736660517593,0.9973348352491127,-0.8716070770914409,3.288687978579995,-3.71841767856053,-0.6081700325012207,-1.0950301885604858,0.9077538251876831,-0.31733188033103943,-0.677014172077179,-0.05530557036399841,0.6617352366447449
105.64278492088583,-2.0328707514901216,-1.0514093351129015,1.0273236548149924,-0.8633571601986854,3.312281539533699,-3.768116244247982,-0.6370245814323425,-1.0771747827529907,0.8626936078071594,-0.3013039529323578,-0.6892577409744263,-0.10391245037317276,0.6506473422050476
105.80844633109548,-2.0607407233454933,-1.0401922549960387,1.0570919843544566,-0.8551948533718251,3.3356226635455566,-3.8178146673108753,-0.6642693281173706,-1.0569268465042114,0.8185994029045105,-0.28509610891342163,-0.7002852559089661,-0.15173670649528503,0.6366291642189026
105.97410789740692,-2.0885896194923297,-1.029005873309858,1.086726127217718,-0.8470840667282875,3.3588158928362484,-3.8675131372043063,-0.6897922158241272,-1.0344377756118774,0.7754379510879517,-0.26873570680618286,-0.7101268172264099,-0.1986617147922516,0.619705080986023
106.13976978303177,-2.116414142289913,-1.0178555730151844,1.1162052017073139,-0.8390322569535218,3.3818400009081713,-3.917211702891759,-0.7134956121444702,-1.0098968744277954,0.7333173751831055,-0.25226086378097534,-0.7187804579734802,-0.2444821000099182,0.599956214427948
106.30543166865661,-2.144198071367212,-1.006768630070016,1.145428251492553,-0.8310741360372222,3.4045955565028683,-3.966910268579211,-0.7353123426437378,-0.9835353493690491,0.6924402117729187,-0.235723078250885,-0.7262371182441711,-0.2889365255832672,0.577520489692688
106.47109385723502,-2.1719579765626547,-0.9957189255167812,1.174503087105318,-0.8231700109591085,3.427196477542226,-4.016608925152734,-0.7551673054695129,-0.9555021524429321,0.6527278423309326,-0.21914070844650269,-0.732528567314148,-0.33194220066070557,0.5524433851242065
106.63675623463489,-2.1996926884648,-0.9847080241715971,1.203423932630717,-0.8153220497506741,3.4496366115360453,-4.066307638372694,-0.77301025390625,-0.9259899258613586,0.6142469048500061,-0.2025483250617981,-0.7376635670661926,-0.37333032488822937,0.5248343348503113
106.80241812025973,-2.2273931686542756,-0.9737487952004773,1.232140814331642,-0.8075488962347082,3.4718627857436766,-4.116006204060146,-0.7888190150260925,-0.8952169418334961,0.5771074295043945,-0.1859854906797409,-0.7416509985923767,-0.4129074513912201,0.494843989610672
106.96808000588457,-2.2550634654344544,-0.9628345126670164,1.2606822712660786,-0.799840314665805,3.493904054641789,-4.165704769747598,-0.8025686144828796,-0.863359808921814,0.5413174629211426,-0.1694803535938263,-0.7445100545883179,-0.45055168867111206,0.46258440613746643
107.13374189150942,-2.282707409826263,-0.9519580722474238,1.289077122763198,-0.7921860904180101,3.5157900429044453,-4.21540333543505,-0.8142417669296265,-0.8305891752243042,0.5068824291229248,-0.15305966138839722,-0.746258020401001,-0.4861488342285156,0.42817172408103943
107.29940377713426,-2.3103235064351604,-0.9411207312752952,1.3173215522986852,-0.7845879154928858,3.537515944178588,-4.265101901122502,-0.8238435983657837,-0.7970892786979675,0.47384077310562134,-0.1367550939321518,-0.7469112873077393,-0.5195698142051697,0.3917507529258728
107.4650656627591,-2.337910549115036,-0.930323634378381,1.3454124761866744,-0.7770471492413935,3.5590775875383325,-4.314800466809954,-0.8313928842544556,-0.76304030418396,0.44222307205200195,-0.12059658765792847,-0.7464883923530579,-0.5506979823112488,0.35347312688827515
107.63072754838394,-2.3654652575785353,-0.9195723145647096,1.3733298129502223,-0.7695711445398952,3.5804547989529705,-4.364499032497406,-0.836929440498352,-0.728626012802124,0.41206932067871094,-0.10461556166410446,-0.7450113892555237,-0.5794180631637573,0.31350961327552795
107.79638943400879,-2.3929912382998344,-0.9088633136051009,1.4010878514619267,-0.7621541476151917,3.6016640472172248,-4.414197598184859,-0.8404884934425354,-0.6940010786056519,0.38338014483451843,-0.0888398215174675,-0.7425013780593872,-0.6056486368179321,0.27200889587402344
107.96205131963363,-2.42049067783801,-0.8981958728042858,1.428690142445202,-0.7547943064917242,3.6227105298977342,-4.4638961638723105,-0.8421198725700378,-0.6593201160430908,0.3561619818210602,-0.07329671084880829,-0.7389811873435974,-0.6293118596076965,0.22913099825382233
108.12771320525847,-2.447964301432987,-0.8875715877063817,1.456132051385503,-0.7474925775846479,3.6435924217382345,-4.513594729559762,-0.8418864011764526,-0.6247345209121704,0.33042389154434204,-0.05801474675536156,-0.7344754338264465,-0.6503368616104126,0.18504615128040314
108.29337509088332,-2.475413145742744,-0.8769925259941428,1.4834073162046368,-0.7402502366622172,3.6643064913508434,-4.563293295247215,-0.8398618102073669,-0.5903875827789307,0.30617067217826843,-0.043021105229854584,-0.729011058807373,-0.6686645746231079,0.13992759585380554
108.45903697650816,-2.50283739905452,-0.8664602666521738,1.5105105745853866,-0.7330691493816944,3.684847829153397,-4.612991860934667,-0.836127519607544,-0.5564138293266296,0.28339993953704834,-0.028340961784124374,-0.7226163744926453,-0.6842479705810547,0.09395214915275574
108.624698862133,-2.530242314355343,-0.855965609124443,1.5374762937605768,-0.725936893145659,3.705251585266551,-4.6626904266221185,-0.8307403922080994,-0.5229188203811646,0.2620793581008911,-0.013993922621011734,-0.7153099775314331,-0.6970667839050293,0.047262370586395264
108.79036074775784,-2.5576326847076416,-0.8454987406730652,1.5643398761749268,-0.7188408970832825,3.725552558898926,-4.71238899230957,-0.8237592577934265,-0.4900001585483551,0.24217794835567474,-1.1403589894598554e-07,0.7071066498756409,0.7071068286895752,5.344977438426213e-08
108.84036074775784,-2.555949526744937,-0.8405316685652986,1.5710984526874896,-0.7305667094226359,3.727235680288644,-4.712388917610015,-0.8203802108764648,-0.49002188444137573,0.23293259739875793,8.310600918548516e-08,-0.7071067690849304,-0.7071067094802856,1.7634462778914894e-08
109.08480584192381,-2.55589370859061,-0.8348212762231905,1.5730645021548282,-0.7382432443512735,3.7272914605826877,-4.71238899230957,-0.820260763168335,-0.49001744389533997,0.22548671066761017,1.499676756111512e-07,-0.7071067094802856,-0.7071067094802856,1.1493290941189116e-07
109.4079202892081,-2.560590594688722,-0.8269698280984419,1.5610246030396677,-0.7340548654742022,3.7225947187112562,-4.71238899230957,-0.8298314213752747,-0.49002426862716675,0.22318540513515472,1.50845504975905e-08,-0.7071067094802856,-0.7071067690849304,3.8410369995744986e-08
109.589746047976,-2.5645363908353924,-0.824068047990309,1.5493763456553449,-0.7253083834842878,3.718648968046183,-4.712388981920575,-0.8380249738693237,-0.4900646507740021,0.2262399047613144,9.538685397103563e-09,-0.7071067094802856,-0.7071067094802856,3.4165118734108546e-08
109.78662808728456,-2.5679863314407636,-0.8244339461528226,1.5379866428184061,-0.7135527270513193,3.7151990077327506,-4.712388964672958,-0.8452763557434082,-0.4901064932346344,0.23289738595485687,5.606731789953301e-08,-0.7071067094802856,-0.7071067094802856,1.8715056171458855e-08
109.9847794711888,-2.5714334298091246,-0.8247995428697699,1.5266063233995157,-0.7018067555276342,3.711751889672565,-4.7123889474395515,-0.8524680137634277,-0.4900662302970886,0.2396153211593628,2.4773036955139105e-08,0.7071067094802856,0.7071067094802856,4.628039107501536e-08
110.12288955293829,-2.5730262362267418,-0.8231844377997009,1.5219952793949743,-0.6988107941589776,3.7101590709528445,-4.7123889366733,-0.8557640910148621,-0.49001532793045044,0.24033889174461365,-5.802958114031753e-08,0.7071067094802856,0.7071067094802856,3.4070022358889673e-09
110.52567226288423,-2.5715306645896243,-0.8182672427563703,1.5286598151139006,-0.7103925573779674,3.711654642589962,-4.7123889366733,-0.8525973558425903,-0.49001771211624146,0.23101957142353058,6.2460763672334e-08,-0.7071067690849304,-0.7071067094802856,6.939864505284277e-08
110.7208778927567,-2.573075399278443,-0.811092633495632,1.5257535405856668,-0.7146609260684745,3.7101099079011433,-4.712388974630179,-0.8558875322341919,-0.4900273382663727,0.22442275285720825,1.1586632986393397e-08,-0.7071067094802856,-0.7071067094802856,7.5854039494061e-08
110.95594636785607,-2.5772219769240885,-0.8019919511865322,1.5146548503800579,-0.7126629533828758,3.7059633302554977,-4.712389045051999,-0.8647266626358032,-0.49001049995422363,0.22009484469890594,2.6092642713138048e-08,-0.7071067094802856,-0.7071067690849304,3.457685693319945e-08
111.17639760262999,-2.5811137327865787,-0.7990982483506125,1.5020209707507055,-0.7029226807214617,3.7020715743930075,-4.712388954599313,-0.8732014894485474,-0.49004390835762024,0.2237507700920105,4.8840078648026974e-08,0.7071067094802856,0.7071067094802856,4.9052175654651364e-08
111.44383979165895,-2.5849628322679945,-0.797330972805131,1.4890957934115456,-0.6917646591226453,3.6982224749115917,-4.712388834794175,-0.8815772533416748,-0.4900120794773102,0.2289201021194458,-8.824147812447336e-08,0.7071067094802856,0.7071067094802856,6.461660984058426e-09
111.68549296162577,-2.5882696118617434,-0.7885971476733358,1.4798505601564254,-0.6912533077264997,3.694915695317843,-4.712388866835573,-0.888934850692749,-0.4900360405445099,0.2239241898059845,5.1927493416314974e-08,0.7071067094802856,0.7071067094802856,4.009836018781243e-08
111.97034303173466,-2.5914818970448685,-0.7786937358920685,1.471235119021383,-0.692541364879507,3.6917034101347177,-4.712388924506762,-0.8960791826248169,-0.4900137186050415,0.217154398560524,7.091173870321654e-08,-0.7071067094802856,-0.7071067094802856,3.656788294392754e-08
112.2030577224344,-2.594516082005564,-0.7770391030124513,1.4603664262526521,-0.6833273232402008,3.688669225174022,-4.7123889366733,-0.9029536247253418,-0.49002960324287415,0.22132554650306702,-3.168185047641714e-09,-0.7071067094802856,-0.7071067094802856,5.705143735212914e-08
112.53703207989723,-2.5974909341814443,-0.777428657983867,1.4489864758708535,-0.6715578183791864,3.685694372998142,-4.7123889366733,-0.9096838235855103,-0.49000075459480286,0.22824737429618835,3.5288280741951894e-08,0.7071067094802856,0.7071067094802856,4.179788604119494e-08
112.87731651037763,-2.599795981623174,-0.7676397742982795,1.4430985110528058,-0.6754587688413002,3.683389325556412,-4.7123889366733,-0.9150183200836182,-0.4900243878364563,0.21998262405395508,5.088493182370257e-08,0.7071067094802856,0.7071067094802856,3.436168327652922e-08
113.17375522500662,-2.6020158229907158,-0.7596071575238739,1.4369571445149318,-0.6773500434420109,3.6811694841888705,-4.7123889366733,-0.9201271533966064,-0.4900083839893341,0.213906392455101,6.369405980422016e-08,-0.7071067094802856,-0.7071067094802856,6.19122744183187e-08
113.54131255161217,-2.603660520764406,-0.763429395848467,1.4291053086564487,-0.6656759448177264,3.6795247864151803,-4.7123889366733,-0.9240103960037231,-0.4900408387184143,0.22295108437538147,7.782847433190909e-08,0.7071067094802856,0.7071067094802856,3.9380108063369335e-08
113.84210042995446,-2.605301482873508,-0.7672429525778253,1.421271306971292,-0.6540283620175176,3.677883824306078,-4.7123889366733,-0.9278125166893005,-0.49001839756965637,0.23202745616436005,5.416348258791004e-08,-0.7071067094802856,-0.7071067094802856,1.4635311629263015e-08
114.03765253684485,-2.6079126302564966,-0.7615603303877011,1.4124462116109062,-0.6508858812232052,3.6752726769230897,-4.7123889366733,-0.9339757561683655,-0.4900248348712921,0.23031139373779297,3.345734711501791e-08,-0.7071067094802856,-0.7071067094802856,2.4339781745652544e-08
114.23454802445137,-2.61096538134477,-0.7515573325809484,1.4031693623290864,-0.6516120297481379,3.672219925834816,-4.7123889366733,-0.9411970376968384,-0.49000290036201477,0.2236201912164688,2.7584549755488297e-08,0.7071067094802856,0.7071067094802856,5.593390639546669e-08
114.43104084542954,-2.6132262595825635,-0.7417301288927545,1.3967281212919356,-0.6549980620985106,3.6699590475970227,-4.7123890063726295,-0.946643590927124,-0.49001744389533997,0.21544349193572998,5.280494264070512e-08,-0.7071067094802856,-0.7071067094802856,6.807764663108173e-08
114.62525110758415,-2.6156012127013755,-0.7352056177392643,1.3886099192980697,-0.653404438259984,3.6675840944782108,-4.712389073374478,-0.9523913860321045,-0.4900224506855011,0.2122059166431427,7.327394513367835e-08,0.7071067094802856,0.7071067094802856,3.067032494641353e-08
114.91501810141504,-2.618299417463378,-0.7355099699979475,1.3767041363115262,-0.6411943567729941,3.664885889716208,-4.712389127132715,-0.9590020775794983,-0.49004319310188293,0.21949824690818787,-1.2955162276284682e-07,-0.7071068286895752,-0.7071066498756409,3.592461439438921e-08
115.23162572033335,-2.6207668121283487,-0.7349298237669601,1.3660875075164198,-0.6311579187408347,3.6624184950512375,-4.712389168237471,-0.9649968147277832,-0.4900037348270416,0.2250099927186966,6.440079403091659e-08,0.7071067094802856,0.7071067094802856,7.154898007399879e-09
115.61429876140727,-2.6213263941243117,-0.7270203351963055,1.3661324496008367,-0.6391123175672346,3.6618589130552746,-4.712389104580128,-0.9664015769958496,-0.49001672863960266,0.21526789665222168,1.7452480349788857e-08,-0.7071067094802856,-0.7071067094802856,7.072485175285692e-08
115.84278963701283,-2.622620866748423,-0.7198778825913887,1.362534967919524,-0.6426572363498295,3.660564440431163,-4.712389041986469,-0.96961510181427,-0.4900205433368683,0.2085825800895691,1.0613522283264842e-09,-0.7071067094802856,-0.7071067094802856,6.983093925327921e-08
116.1459805939157,-2.6263111919671576,-0.7152277460916667,1.3470654096575423,-0.6318376962092667,3.6568741152124287,-4.712388982797318,-0.9788819551467896,-0.49004727602005005,0.21189934015274048,5.47644312121065e-08,0.7071067094802856,0.7071067094802856,3.937713444202018e-08
116.39962146322766,-2.6291764477948427,-0.710073580998285,1.3355084200534877,-0.6254347674820125,3.6540088593847435,-4.712388924704754,-0.986051082611084,-0.49000898003578186,0.2123115211725235,6.043628530960632e-08,-0.7071067094802856,-0.7071067094802856,4.897296346229041e-09
116.74725441665571,-2.629129496419673,-0.7032198057702136,1.3377380743994332,-0.6345181434585693,3.654055810759913,-4.712388871107294,-0.9859589338302612,-0.4900241196155548,0.20246979594230652,6.246066419635099e-08,-0.7071067094802856,-0.7071067094802856,2.140067678624291e-08
116.94409544051807,-2.629082504902975,-0.696360170841217,1.3399696350097656,-0.6436092853546143,3.6541028022766113,-4.71238881746401,-0.9857974648475647,-0.49000024795532227,0.19262909889221191,-9.616344698315515e-08,0.7071067094802856,0.7071067094802856,8.825727704220299e-09
