time,ur20-shoulder_pan_joint,ur20-shoulder_lift_joint,ur20-elbow_joint,ur20-wrist_1_joint,ur20-wrist_2_joint,ur20-wrist_3_joint,target-POS_X,target-POS_Y,target-POS_Z,target-ROT_X,target-ROT_Y,target-ROT_Z,target-ROT_W
0.0,2.065460507069723,-0.6519079804420471,1.864176630973816,-1.0343455076217651,3.3743038813220423,-1.3946701288223267,-0.3254965841770172,0.7853182554244995,-0.06781850755214691,-0.09066622704267502,0.686565101146698,0.09652090817689896,0.7149067521095276
0.16441235355302436,2.068448644515518,-0.6577484742471714,1.8847631840395187,-1.067687472665546,3.366680777713997,-1.443993834888234,-0.3234386444091797,0.7773070931434631,-0.06961500644683838,-0.1051170751452446,0.68647301197052,0.08854559063911438,0.7140482068061829
0.328825501834645,2.0713844253523646,-0.6634874709529256,1.9051436641472013,-1.1009100934218743,3.359190128765379,-1.4933177793727201,-0.32134532928466797,0.7693706154823303,-0.07118714600801468,-0.11954273283481598,0.6859790086746216,0.08060528337955475,0.7131935954093933
0.49323865011626633,2.0743083450186366,-0.6692017255424477,1.9254727425366254,-1.1341102291034602,3.351732433289005,-1.5426417238572065,-0.31921228766441345,0.7614429593086243,-0.07250862568616867,-0.13397254049777985,0.6850852370262146,0.07274837046861649,0.7123321890830994
0.6576517983978869,2.0772244050182738,-0.6749023782445379,1.9457728403316545,-1.1672961367629804,3.3442914945044673,-1.5919656683416927,-0.3170369863510132,0.7535150051116943,-0.07357393950223923,-0.14840063452720642,0.6837911605834961,0.06497605890035629,0.7114667296409607
0.8220649466795082,2.0801362938318695,-0.6805951819594447,1.9660552946906764,-1.2004710953337299,3.3368615363388368,-1.6412896128261791,-0.3148186206817627,0.7455798983573914,-0.07437942922115326,-0.1628170758485794,0.6820962429046631,0.0572856068611145,0.7106008529663086
0.9864780949611289,2.0830452495765295,-0.6862820424379474,1.9863251391367667,-1.233637502233914,3.3294395932340066,-1.6906135573106653,-0.31255635619163513,0.737634539604187,-0.07492335885763168,-0.1772097498178482,0.6800006031990051,0.04967323690652847,0.7097382545471191
1.1508912432427503,2.085952737076713,-0.6919658894421158,2.0065889372781793,-1.2667997843606509,3.322021838530213,-1.7399375017951517,-0.31024909019470215,0.7296754121780396,-0.07520374655723572,-0.19156624376773834,0.6775050163269043,0.042135853320360184,0.7088820934295654
1.315304391524371,2.088858820223273,-0.697647836022611,2.026848190315667,-1.2999601753571384,3.314606203345874,-1.789261446279638,-0.3078959584236145,0.721701979637146,-0.07521898299455643,-0.2058725506067276,0.67461097240448,0.03466923534870148,0.7080357074737549
1.4797175398059923,2.0917646453703913,-0.7033292932749099,2.0471067903932845,-1.3331204467477578,3.307191148018713,-1.8385853907641243,-0.3054959774017334,0.7137109637260437,-0.07496747374534607,-0.22011618316173553,0.6713199019432068,0.02726866491138935,0.7072020173072815
1.644130688087613,2.094670787675295,-0.7090112860714717,2.0673672472555715,-1.3662823481460906,3.299775297353549,-1.8879093352486105,-0.30304819345474243,0.7057008147239685,-0.07444790750741959,-0.23428389430046082,0.6676341891288757,0.0199291929602623,0.7063841223716736
1.8085438363692343,2.097577834246412,-0.7146954391061282,2.0876335698151443,-1.39944788965997,3.292356251000386,-1.937233279733097,-0.300551176071167,0.6976689100265503,-0.07365865260362625,-0.24836298823356628,0.6635558605194092,0.012646247632801533,0.7055844664573669
1.972956984650855,2.100486149413128,-0.7203830132481651,2.107907652923134,-1.4326190007447221,3.2849332149807693,-1.986557224217583,-0.29800379276275635,0.6896135210990906,-0.07259822636842728,-0.2623398005962372,0.6590883731842041,0.00541445380076766,0.7048055529594421
2.1373701329324764,2.1033976571611714,-0.7260767154591017,2.12819595559547,-1.4658004046310993,3.277502501654172,-2.0358811687020695,-0.29540514945983887,0.6815313696861267,-0.07126425206661224,-0.2762024700641632,0.6542349457740784,-0.0017692759865894914,0.7040494680404663
2.3017832812140977,2.1063132782737757,-0.7317784357242818,2.148502493342704,-1.4989938422389997,3.2700609989337743,-2.085205113186556,-0.29275381565093994,0.6734193563461304,-0.0696551725268364,-0.28993886709213257,0.6489987969398499,-0.008910002186894417,0.7033182382583618
2.4661964294957177,2.1092355442907396,-0.737493795922014,2.1688402406180542,-1.5322033735454208,3.2626011107031903,-2.134529057671042,-0.2900465726852417,0.6652706265449524,-0.06776681542396545,-0.3035397529602051,0.64338219165802,-0.016011396422982216,0.7026141285896301
2.630609577777339,2.112170300129496,-0.7432343398475586,2.1892295783955,-1.565435816427675,3.2551087481614442,-2.1838530021555282,-0.2872810959815979,0.6570748686790466,-0.06559132039546967,-0.3169984221458435,0.6373857259750366,-0.023073304444551468,0.7019394636154175
2.7950211366017665,2.115156888961792,-0.7490766644477844,2.2098259925842285,-1.5987902879714966,3.247483730316162,-2.2331764698028564,-0.2844427227973938,0.6487615704536438,-0.06308146566152573,-0.33033642172813416,0.6309910416603088,-0.03004581667482853,0.7013026475906372
2.9606361963130814,2.1140319174080093,-0.7495827419052258,2.20634515842101,-1.6029989006504488,3.251284543704389,-2.183491951889462,-0.2852710485458374,0.6514281034469604,-0.06266814470291138,-0.31066206097602844,0.6414554119110107,-0.011440171860158443,0.70135098695755
3.1262536402101873,2.1129067996799558,-0.7500887114528434,2.2028654602062336,-1.6072062251752377,3.2550845250161955,-2.1338067187203302,-0.2860976457595825,0.6540963649749756,-0.062250714749097824,-0.2906731963157654,0.6513208150863647,0.007148896809667349,0.7008845806121826
3.291871084107293,2.111781745514833,-0.7505946217650659,2.1993857420056995,-1.6114132030607455,3.2588839216467345,-2.0841214855511985,-0.28692376613616943,0.6567670702934265,-0.061828870326280594,-0.27038756012916565,0.6605784296989441,0.02570744976401329,0.6999041438102722
3.457488528004399,2.110656274567155,-0.7511004814721727,2.1959067029333523,-1.6156197883025767,3.2626832072369303,-2.0344362523820667,-0.28774821758270264,0.6594399809837341,-0.06140301376581192,-0.2498232126235962,0.6692196130752563,0.04422007501125336,0.6984110474586487
3.6231059719015057,2.10953075014607,-0.7516062482047189,2.1924275738269987,-1.6198261679267598,3.2664822713531465,-1.9847510192129347,-0.2885721027851105,0.6621156334877014,-0.06097264215350151,-0.22899849712848663,0.6772363185882568,0.0626726970076561,0.6964069604873657
3.7887234157986116,2.1084050027170207,-0.7521121474936838,2.188948316331734,-1.6240326108343377,3.2702815524458937,-1.935065786043803,-0.2893953323364258,0.6647940874099731,-0.06053771451115608,-0.2079320251941681,0.6846210956573486,0.08105112612247467,0.6938940286636353
3.9543408596957184,2.107279053529772,-0.7526179076475126,2.185468870113512,-1.6282388332012474,3.27408069526967,-1.885380552874671,-0.2902176082134247,0.6674758195877075,-0.0600985512137413,-0.1866428107023239,0.6913667321205139,0.09934040904045105,0.6908747553825378
4.119958303592824,2.106153241416306,-0.7531237451417073,2.1819894809444444,-1.632445077878718,3.277879968928764,-1.8356953197055392,-0.2910396158695221,0.6701604723930359,-0.0596546046435833,-0.1651500016450882,0.6974667906761169,0.11752675473690033,0.687352180480957
4.28557574748993,2.1050273202645045,-0.7536295893425702,2.178510043461507,-1.6366512809814355,3.2816791022963625,-1.7860100865364075,-0.29186105728149414,0.672848105430603,-0.05920632556080818,-0.14347302913665771,0.7029153108596802,0.13559557497501373,0.6833296418190002
4.451193191387036,2.103901180312354,-0.7541354376071221,2.175030765006348,-1.6408573710193657,3.2854784817673677,-1.7363248533672757,-0.29268139600753784,0.6755387783050537,-0.05875309929251671,-0.12163129448890686,0.7077069878578186,0.1535324603319168,0.6788110136985779
4.616810635284142,2.1027750033271606,-0.7546412677375884,2.171551341752542,-1.645063603941147,3.2892777645339644,-1.686639620198144,-0.293501615524292,0.6782330274581909,-0.05829527601599693,-0.09964443743228912,0.7118370532989502,0.17132410407066345,0.6738004088401794
4.782428079181248,2.1016488033522958,-0.7551470984537922,2.16807155651562,-1.6492695569543114,3.293076896508234,-1.6369543870290122,-0.29432135820388794,0.6809306740760803,-0.05783265084028244,-0.07753235846757889,0.7153013944625854,0.18895621597766876,0.6683024764060974
4.948045523078354,2.100522568957063,-0.7556530786863243,2.164592066404184,-1.6534757033310832,3.296876127049304,-1.5872691538598802,-0.2951405644416809,0.6836316585540771,-0.05736500769853592,-0.055314917117357254,0.7180963754653931,0.2064151018857956,0.6623221039772034
5.11366296697546,2.0993961337864264,-0.7561590166471592,2.161112366245828,-1.6576818078720594,3.300675650520379,-1.5375839206907485,-0.2959595322608948,0.68633633852005,-0.05689259245991707,-0.03301205113530159,0.720219075679779,0.22368714213371277,0.6558648943901062
5.279280410872567,2.0982696066875755,-0.756664893435084,2.1576327016203494,-1.6618881094127165,3.3044746656489656,-1.4878986875216165,-0.29677802324295044,0.689044713973999,-0.05641505867242813,-0.010643934831023216,0.7216669917106628,0.24075908958911896,0.6489363312721252
5.444897854769673,2.097143313250895,-0.7571708540239334,2.154152898769351,-1.666094232532949,3.3082743888201485,-1.4382134543524847,-0.2975963354110718,0.6917564868927002,-0.05593249574303627,0.01176937110722065,0.722438395023346,0.25761735439300537,0.6415429711341858
5.610515298666779,2.0960167061130415,-0.7576767419947006,2.15067312622369,-1.6703005823323398,3.3120736231205794,-1.388528221183353,-0.29841408133506775,0.6944724917411804,-0.05544481799006462,0.03420758992433548,0.7225321531295776,0.2742491662502289,0.633691132068634
5.776132742563885,2.094890174405668,-0.7581827385586609,2.1471933687635714,-1.6745069291761054,3.3158731930340255,-1.3388429880142212,-0.2992318272590637,0.6971921324729919,-0.054951805621385574,0.05665045231580734,0.7219475507736206,0.290641725063324,0.6253877282142639
5.9417501864609905,2.0937636480415716,-0.7586886738068439,2.143713627808365,-1.6787133739002056,3.319672509262553,-1.2891577548450894,-0.300049364566803,0.6999157071113586,-0.05445365235209465,0.07907768338918686,0.7206846475601196,0.30678224563598633,0.6166401505470276
6.107367630358096,2.0926368074516284,-0.7591946778335882,2.140233855457298,-1.682919841605054,3.3234719741552503,-1.2394725216759577,-0.30086663365364075,0.7026436924934387,-0.053950004279613495,0.10146927833557129,0.7187440395355225,0.32265833020210266,0.607455849647522
6.272985074255203,2.091509808672248,-0.7597005838986864,2.1367538118723264,-1.687126325931075,3.3272714784709496,-1.1897872885068257,-0.30168354511260986,0.7053757905960083,-0.05344080179929733,0.12380490452051163,0.7161269187927246,0.33825773000717163,0.5978430509567261
6.438602518152309,2.090383033191328,-0.760206574834716,2.1332739158690477,-1.6913329768184746,3.3310709461637242,-1.140102055337694,-0.3025006055831909,0.7081121802330017,-0.05292610824108124,0.14606434106826782,0.7128350734710693,0.3535686433315277,0.5878099203109741
6.604219962049415,2.0892561165290213,-0.760712516424793,2.129793728738145,-1.6955398094795577,3.3348704882693565,-1.0904168221685622,-0.3033175468444824,0.7108529210090637,-0.052405960857868195,0.16822776198387146,0.7088709473609924,0.36857926845550537,0.5773652195930481
6.769837405946521,2.0881289010612765,-0.7612184410446157,2.1263135062983682,-1.6997465885116567,3.3386697392557894,-1.0407315889994304,-0.3041343092918396,0.7135981917381287,-0.05187994986772537,0.1902746856212616,0.7042375206947327,0.38327834010124207,0.5665181875228882
6.935454849843627,2.0870017136357455,-0.7617243949530959,2.1228334207834787,-1.703953544413036,3.3424693729052213,-0.9910463558302987,-0.30495092272758484,0.7163476943969727,-0.05134810134768486,0.21218544244766235,0.6989383697509766,0.39765435457229614,0.5552778840065002
7.101072293740733,2.0858746996750575,-0.7622302997044742,2.119353181594924,-1.7081605969948668,3.346268896984418,-0.9413611226611667,-0.30576783418655396,0.7191020250320435,-0.05081047862768173,0.23394018411636353,0.6929776668548584,0.4116968512535095,0.5436539053916931
7.266689690673403,2.084747302587683,-0.7627362811680893,2.1158728402692786,-1.7123677815140363,3.350068350697469,-0.8916759035813657,-0.30658450722694397,0.7218611240386963,-0.05026677995920181,0.25551947951316833,0.6863601207733154,0.4253949820995331,0.5316565632820129
7.432307056031311,2.083620120244695,-0.7632422410602782,2.112392304591531,-1.7165751338076551,3.353867774317883,-0.8419906939739935,-0.30740153789520264,0.7246251702308655,-0.04971683397889137,0.27690353989601135,0.6790911555290222,0.4387385845184326,0.5192956924438477
7.597924625432051,2.082492747272177,-0.7637481853503267,2.108911635381014,-1.720782589548955,3.357667231509849,-0.7923054231537714,-0.30821841955184937,0.7273938059806824,-0.04916089028120041,0.2980729043483734,0.6711767315864563,0.45171764492988586,0.5065822005271912
7.763542069329158,2.08136532519991,-0.7642541418157902,2.1054308819454493,-1.7249902167078182,3.3614669555132473,-0.7426201899846394,-0.3090355396270752,0.7301676869392395,-0.048598647117614746,0.31900879740715027,0.6626231670379639,0.4643224775791168,0.49352672696113586
7.929159527190526,2.080238018809485,-0.7647600950927537,2.101950081241085,-1.7291979816758762,3.365266452396798,-0.6929349526262287,-0.3098527789115906,0.7329462766647339,-0.04802997410297394,0.33969175815582275,0.6534376740455627,0.4765435755252838,0.48014041781425476
8.094777155805518,2.0791108086228056,-0.7652660343731352,2.0984690209274195,-1.7334060215867872,3.3690661162322337,-0.6432496640417311,-0.3106704354286194,0.7357302904129028,-0.04745466262102127,0.3601033687591553,0.6436278820037842,0.4883723855018616,0.4664344787597656
8.260394401020475,2.077983254848445,-0.7657720838741022,2.094987864729677,-1.7376141952984845,3.372866078672604,-0.5935644904772441,-0.3114877939224243,0.7385192513465881,-0.046872884035110474,0.38022518157958984,0.6332017183303833,0.4997994303703308,0.45242100954055786
8.42601200017889,2.076855833887743,-0.7662780467172439,2.091506226030073,-1.7418227974095526,3.3766661802850613,-0.5438792107297197,-0.3123059570789337,0.7413138151168823,-0.04628446325659752,0.40003877878189087,0.6221681833267212,0.510817289352417,0.43811121582984924
8.591629095813076,2.075728091939547,-0.7667842108077212,2.088023875153441,-1.746031910449783,3.3804667296250606,-0.49419408203946386,-0.3131241798400879,0.7441141605377197,-0.04568885639309883,0.4195265769958496,0.6105360984802246,0.5214172601699829,0.4235174357891083
8.757243355115255,2.0745999813079834,-0.767290472984314,2.084540843963623,-1.7502424716949463,3.3842685222625732,-0.4445098042488098,-0.31394273042678833,0.7469204664230347,-0.04508645087480545,0.438671350479126,0.5983152985572815,0.5315917730331421,0.4086519181728363
8.920255314080713,2.073281403518405,-0.7525846288045354,2.0654540749064023,-1.7015008762511243,3.3987387744285575,-0.3956062165591724,-0.31400609016418457,0.7470477223396301,-0.05497264862060547,0.4446714222431183,0.5919893980026245,0.5298575758934021,0.4136023223400116
9.117800976603029,2.071879678915739,-0.7369515233738476,2.045163733309287,-1.6496857356907364,3.414121423458666,-0.343618864635327,-0.31400221586227417,0.7469173669815063,-0.06484907120466232,0.4507218599319458,0.5847381353378296,0.5284563899040222,0.41912397742271423
9.315342131524083,2.0703744710744156,-0.7201642936756915,2.023375443928459,-1.5940453083753807,3.430639706648111,-0.28779351233959455,-0.31394141912460327,0.7465165257453918,-0.07471780478954315,0.4567995071411133,0.57636958360672,0.5274850726127625,0.42531368136405945
9.573784937705181,2.0682853609845067,-0.7039163888307548,1.999829404962325,-1.5388962699462307,3.4469932108036265,-0.23551922111252246,-0.31428200006484985,0.7477074861526489,-0.08313204348087311,0.46238452196121216,0.5677778124809265,0.5266345143318176,0.4318390488624573
9.851452795160643,2.064085461675915,-0.6957190219361672,1.975721123918116,-1.5046232477976134,3.457064471093265,-0.217890855889948,-0.31653261184692383,0.7571348547935486,-0.08502411097288132,0.4658266305923462,0.5635239481925964,0.5240894556045532,0.43677958846092224
10.048948445660702,2.059826917109745,-0.6874071911800267,1.9512762071005896,-1.4698716546014063,3.4672763613386306,-0.20001633714244435,-0.318720281124115,0.7666287422180176,-0.08663393557071686,0.4692133367061615,0.5590725541114807,0.5215955376625061,0.4418310523033142
10.246506308508746,2.055510211588259,-0.6789818418238825,1.9264974345037837,-1.4346454424766784,3.477627720194228,-0.1818976976466379,-0.32084256410598755,0.7761858105659485,-0.08794966340065002,0.4725358784198761,0.554421067237854,0.5191582441329956,0.44699180126190186
10.444064152730338,2.0511391628300157,-0.6704504252939308,1.901406720613072,-1.3989757656828807,3.4881093928602644,-0.16355096162885674,-0.32289499044418335,0.7857953310012817,-0.08895833790302277,0.47578296065330505,0.5495708584785461,0.5167848467826843,0.45225614309310913
10.641612422955863,2.0467173053892536,-0.6618198403360157,1.8760243544927122,-1.3628914677342983,3.4987129035583635,-0.14499096478120577,-0.3248744606971741,0.7954477071762085,-0.08964871615171432,0.47894319891929626,0.5445241332054138,0.5144825577735901,0.4576183259487152
10.839156017942063,2.0422484354761155,-0.6530974963961895,1.8503721271653704,-1.3264235273722655,3.5094291490654115,-0.12623364105208404,-0.3267773389816284,0.8051331043243408,-0.09001041203737259,0.4820057153701782,0.5392835736274719,0.512257993221283,0.46307164430618286
11.136983193909762,2.038139671155916,-0.6480265510616638,1.8301124973496825,-1.3032967718358013,3.516713514801163,-0.11827854002536299,-0.32847559452056885,0.8146623373031616,-0.08893582224845886,0.48473989963531494,0.5358896851539612,0.5101305842399597,0.4664934575557709
11.439194752926763,2.034758902525533,-0.6498242338986643,1.8201759329933063,-1.305330543411126,3.517506875331032,-0.13054463486619722,-0.32987159490585327,0.8238738179206848,-0.08564068377017975,0.4870232343673706,0.5361996293067932,0.5080606341362,0.46601778268814087
11.63664419120067,2.0313907774095408,-0.6516151936997806,1.8102765297408567,-1.3073567090178118,3.5182972688240026,-0.14276485654516133,-0.33119362592697144,0.8330477476119995,-0.08224113285541534,0.48928287625312805,0.5365175008773804,0.5060096383094788,0.4655163586139679
11.8341681911599,2.0280306541081083,-0.6534018986327669,1.8004006449701615,-1.309378060966781,3.5190857845416694,-0.15495604606397792,-0.33244362473487854,0.8421951532363892,-0.07873374223709106,0.4915216863155365,0.5368434190750122,0.5039750933647156,0.4649888873100281
12.031776457185682,2.024678461473979,-0.6551843865293173,1.7905480695692149,-1.3113946420581448,3.519872439180067,-0.16711846155892002,-0.33362165093421936,0.8513149619102478,-0.07511933892965317,0.49373966455459595,0.5371774435043335,0.5019572973251343,0.46443551778793335
12.229349966252979,2.021335977895493,-0.6569617117529366,1.7807240304766623,-1.313405382465466,3.5206568154071403,-0.1792456506866176,-0.3347272276878357,0.8604001998901367,-0.07140122354030609,0.4959356188774109,0.5375189781188965,0.49995771050453186,0.4638570547103882
12.426822333688673,2.018004389771464,-0.6587332434504027,1.7709320146889358,-1.3154095684859015,3.521438634812241,-0.19133330895837514,-0.3357597589492798,0.8694464564323425,-0.06758186966180801,0.49810877442359924,0.5378678441047668,0.4979773163795471,0.4632541239261627
12.624377663339313,2.0146805470125266,-0.6605006566436428,1.7611627636411584,-1.3174090951211244,3.522218636622698,-0.20339286551919597,-0.3367209732532501,0.8784607648849487,-0.06365904211997986,0.5002610683441162,0.5382241606712341,0.49601447582244873,0.4626264274120331
12.992861145514578,2.0115626212848334,-0.6601420251645581,1.7493087058498278,-1.3108265845926301,3.5249608003419484,-0.22585561996207323,-0.3375740647315979,0.8864173889160156,-0.06058674305677414,0.4973844289779663,0.5419644713401794,0.4899124801158905,0.4678341746330261
14.815940982989273,2.0107954546654367,-0.6285624064457055,1.7043833302462248,-1.1771204143853062,3.557032149239879,-0.40551084666859744,-0.3381856083869934,0.8807740211486816,-0.06863655149936676,0.4166746139526367,0.5888880491256714,0.41481536626815796,0.5545461177825928
16.01653431420367,2.008303425811734,-0.605720721707104,1.6690325247290594,-1.0911945182079203,3.578973849977481,-0.5196362043386336,-0.33895036578178406,0.8816187381744385,-0.07250324636697769,0.3645124137401581,0.6107659339904785,0.36039915680885315,0.6034966111183167
16.463815219487,2.0043107052149467,-0.6061877005237862,1.66379333498922,-1.1154630803625163,3.575904155216362,-0.48427935171018205,-0.3389240503311157,0.8914297819137573,-0.07363470643758774,0.3859422504901886,0.6026728749275208,0.3765699565410614,0.5882423520088196
16.661354139233875,2.000346122741512,-0.6066513883745146,1.658591067684496,-1.1395606133206169,3.5728560936869576,-0.4491716714083455,-0.33886510133743286,0.9012648463249207,-0.07454139739274979,0.4069492816925049,0.5938707590103149,0.392179012298584,0.5726302862167358
16.858914050991583,1.9964086548802793,-0.6071119049666454,1.6534243797784816,-1.1634933381897021,3.5698288784905263,-0.41430409990562794,-0.3387700915336609,0.9111186861991882,-0.07522521167993546,0.4275183379650116,0.5843825936317444,0.40722569823265076,0.5566795468330383
17.056497823233652,1.9924972319552559,-0.6075693754068611,1.648291867657938,-1.1872677566764902,3.5668216872357403,-0.3796671648696847,-0.3386361300945282,0.9209861159324646,-0.07568808645009995,0.4476355016231537,0.5742312073707581,0.4217102527618408,0.5404085516929626
17.254014279480028,1.9886126457490658,-0.6080237070902066,1.643194570288478,-1.210879056166282,3.5638351286631593,-0.34526787779578205,-0.3384607434272766,0.9308573603630066,-0.0759323239326477,0.4672783315181732,0.5634440183639526,0.43562617897987366,0.5238430500030518
17.45154243313794,1.984752517735056,-0.6084751782033305,1.6381293666021146,-1.2343416938244423,3.5608673741071835,-0.3110851760489783,-0.3382411003112793,0.9407312870025635,-0.07595999538898468,0.48644188046455383,0.5520396828651428,0.4489794969558716,0.5069947838783264
17.649099420542765,1.9809156397536836,-0.6089239300496121,1.6330946712695147,-1.2576630130886686,3.5579174947071706,-0.27710836097960423,-0.33797481656074524,0.9506037831306458,-0.07577341794967651,0.5051157474517822,0.5400394201278687,0.4617719054222107,0.4898797273635864
17.991269798171512,1.97710120677948,-0.6093700567828577,1.628089427947998,-1.2808479070663452,3.5549848715411585,-0.24333030382265264,-0.33765947818756104,0.9604699015617371,-0.07537476718425751,0.5232883095741272,0.5274649858474731,0.4740038812160492,0.4725147783756256
18.1502497968836,1.9556551815993206,-0.6332037634130402,1.6374636713206514,-1.31928638592076,3.6026788711547852,-0.29054825688446134,-0.3205244541168213,0.9603438377380371,-0.06064906716346741,0.5464755892753601,0.5198960304260254,0.44940289855003357,0.47865375876426697
18.30923080223435,1.934397790247914,-0.6568690888035557,1.646683798407361,-1.3576547166432191,3.65037317276001,-0.3377576802730194,-0.3044675588607788,0.9601191282272339,-0.04683637619018555,0.5692527294158936,0.5133559703826904,0.42379918694496155,0.482505202293396
18.468211807585096,1.913185348361008,-0.6804947580265966,1.6558672876152365,-1.3960108132514413,3.698067474365234,-0.3849651444103536,-0.2893390953540802,0.9599448442459106,-0.0337529331445694,0.5915778875350952,0.5078170895576477,0.39735984802246094,0.48400673270225525
18.627192812935846,1.8920027691079893,-0.7040929858055784,1.6650278912789513,-1.4343600336603346,3.745761775970459,-0.4321709962168271,-0.2751133441925049,0.9599493741989136,-0.021289873868227005,0.6133573651313782,0.5032860040664673,0.370280385017395,0.4831027686595917
18.786173818286596,1.870837406358355,-0.7276751823943708,1.674175675267235,-1.4727051967075937,3.7934560775756836,-0.4793760718739988,-0.26175495982170105,0.9602501392364502,-0.009330615401268005,0.634497344493866,0.49976426362991333,0.34276118874549866,0.4797535538673401
18.945154823637345,1.8496873882775018,-0.7512429800242946,1.6833126490366146,-1.5110442000780127,3.8411503791809083,-0.5265798688532859,-0.24922753870487213,0.9609505534172058,0.002240575850009918,0.654900848865509,0.4972516894340515,0.3150075674057007,0.4739365875720978
19.104135828988095,1.8285465655267292,-0.7748020344975207,1.692443097872144,-1.5493793722297475,3.888844680786133,-0.5737829949733301,-0.2374800145626068,0.9621405601501465,0.013546772301197052,0.6744753122329712,0.49574077129364014,0.28722596168518066,0.4656451344490051
19.26311683433884,1.807411636447628,-0.7983555340635082,1.7015692941628853,-1.5877122795560177,3.9365389823913572,-0.620985656386106,-0.22645434737205505,0.963894784450531,0.024712875485420227,0.693128764629364,0.49522024393081665,0.2596239447593689,0.4548899233341217
19.42209783968959,1.786280543581418,-0.8219054062645283,1.7106926349823344,-1.6260435354287177,3.984233283996582,-0.6681875202006669,-0.2160854935646057,0.9662708640098572,0.03586474806070328,0.7107712626457214,0.49567359685897827,0.23240752518177032,0.4416996240615845
19.58107884504034,1.7651508870965635,-0.8454539413945951,1.719814751357804,-1.664374609541996,4.031927585601807,-0.715389472144127,-0.20630159974098206,0.9693096280097961,0.04712870717048645,0.7273154854774475,0.4970799386501312,0.20578016340732574,0.426119863986969
19.740059850391088,1.7440212928540615,-0.8690024332625085,1.7289368570967951,-1.7027055402689877,4.079621887207031,-0.76259065016635,-0.19702665507793427,0.9730339050292969,0.05863000452518463,0.7426767945289612,0.49941331148147583,0.1799413561820984,0.4082139730453491
19.899040855741838,1.722889285625168,-0.8925532429429857,1.738060601603717,-1.7410378409098468,4.127316188812256,-0.809792226043711,-0.18818038702011108,0.9774481654167175,0.07049176096916199,0.7567741870880127,0.5026431679725647,0.15508443117141724,0.3880610466003418
20.058021861092584,1.701753258970273,-0.9161077235292892,1.7471872620525457,-1.7793717385933798,4.17501049041748,-0.8569935990631984,-0.17968162894248962,0.9825392961502075,0.08283250033855438,0.7695302367210388,0.5067343711853027,0.13139595091342926,0.36575746536254883
20.217002866443334,1.6806108222335316,-0.9396680252694476,1.7563181808137642,-1.8177084198572087,4.222704792022705,-0.904195069662986,-0.1714482605457306,0.9882766604423523,0.09576673805713654,0.7808713912963867,0.5116475224494934,0.10905466228723526,0.34141433238983154
20.37598387179408,1.6594587083915304,-0.9632371547167217,1.765455475985349,-1.8560496407939717,4.27039909362793,-0.9513971685221833,-0.16339971125125885,0.9946117997169495,0.10940264165401459,0.7907290458679199,0.5173386335372925,0.08822933584451675,0.31515705585479736
20.534964877144827,1.6382914069928176,-0.9868199189700225,1.7746028054971281,-1.8943962281682099,4.318093395233154,-0.9985988247336536,-0.15545563399791718,1.0014792680740356,0.12384114414453506,0.7990397214889526,0.5237581133842468,0.06907772272825241,0.2871256470680237
20.693945882495576,1.6171067637547345,-1.010417635848746,1.783762349700237,-1.932746429363011,4.365787696838379,-1.0458000505412937,-0.14754490554332733,1.008796215057373,0.13917168974876404,0.8057428002357483,0.5308554768562317,0.051745351403951645,0.25747472047805786
20.852926887846323,1.5958918471412005,-1.0340412458978545,1.7929438299512372,-1.9711028315645054,4.413481998443603,-1.0930013734885915,-0.1395912915468216,1.0164636373519897,0.1554790586233139,0.8107872605323792,0.538571298122406,0.03636467829346657,0.22636832296848297
21.011907893197073,1.5746312952332118,-1.0577029024752969,1.8021607282733505,-2.0094703611979896,4.4611763000488285,-1.1402026361499087,-0.13152414560317993,1.0243669748306274,0.1728346049785614,0.8141266703605652,0.5468428730964661,0.02305540442466736,0.19398169219493866
21.170885719633432,1.5531812906265259,-1.0815304517745972,1.8115293979644775,-2.047905445098877,4.508869647979736,-1.1874092817306519,-0.12315022945404053,1.0323326587677002,0.19135703146457672,0.8157609105110168,0.5555535554885864,0.011930839158594608,0.160474494099617
21.256573761281587,1.5535094108250227,-1.0669630247864628,1.7884211106157384,-2.0221990326044303,4.508768455349467,-1.1636124147322455,-0.12329251319169998,1.0419604778289795,0.1886781007051468,0.8208117485046387,0.5460686683654785,0.009099939838051796,0.1673150509595871
21.45628633203826,1.553841925379933,-1.0522059210189865,1.7650119706361687,-1.9961578074920103,4.508665880336932,-1.1395056623111117,-0.12344592809677124,1.0515601634979248,0.18593305349349976,0.825753390789032,0.5363779067993164,0.006402120925486088,0.17432434856891632
21.6558898635479,1.55417904383327,-1.037244494746469,1.7412787146107371,-1.9697560232595113,4.508561885101035,-1.1150651349080636,-0.12361057102680206,1.0611340999603271,0.18311941623687744,0.8305822610855103,0.5264719724655151,0.003843198763206601,0.1815088540315628
21.85574893134556,1.5545216409023792,-1.0220399257295094,1.717159762135017,-1.9429251755032866,4.5084561998065436,-1.0902274169698256,-0.12378714233636856,1.070698618888855,0.18023014068603516,0.8353011012077332,0.5163253545761108,0.0014263878110796213,0.18888674676418304
22.055358963486768,1.55486910805232,-1.0066192209460822,1.6926979542798435,-1.9157129222735956,4.508349012176004,-1.0650366262678748,-0.12397555261850357,1.080228328704834,0.17727048695087433,0.8398910760879517,0.5059563517570496,-0.0008340941276401281,0.19644416868686676
22.255160326537705,1.555222484822883,-0.9909362452831864,1.6678201070834284,-1.8880378509245566,4.508240001529297,-1.0394173978956156,-0.12417702376842499,1.08974289894104,0.17423176765441895,0.8443553447723389,0.49533477425575256,-0.0029344295617192984,0.2042027711868286
22.454850135770656,1.5555815645232316,-0.9750001717472008,1.6425407716523948,-1.8599161486652485,4.508129231626987,-1.0133847165951244,-0.12439119070768356,1.0992263555526733,0.1711159646511078,0.8486794829368591,0.48446744680404663,-0.004861447494477034,0.21215716004371643
22.747659916272884,1.5542236943461287,-0.960800358564967,1.6199921195002058,-1.8355246365482538,4.509311101244736,-0.9951104038830298,-0.12309868633747101,1.1079400777816772,0.16828514635562897,0.8517706394195557,0.47602778673171997,-0.00750871654599905,0.21869581937789917
23.06366413226518,1.5448236605359362,-0.9558389254643109,1.6119883637216095,-1.8305466749438253,4.516536341713907,-1.0149094096429931,-0.1146639734506607,1.113157033920288,0.16712211072444916,0.8497181534767151,0.4799893796443939,-0.01427962351590395,0.21768136322498322
23.263378565667004,1.5354537721952817,-0.9508934034479571,1.6040102756140964,-1.825584677429839,4.523738411174243,-1.034644920915908,-0.10617290437221527,1.1182832717895508,0.16596536338329315,0.84764564037323,0.48391714692115784,-0.020999230444431305,0.21651823818683624
23.463097599802346,1.5261139156072938,-0.9459637324949891,1.5960577583522635,-1.8206385837854246,4.530917397033061,-1.0543171772201665,-0.09762652963399887,1.1233186721801758,0.16481494903564453,0.8455533385276794,0.4878109097480774,-0.027664629742503166,0.2152085304260254
23.662810524461598,1.5168038615964599,-0.9410497916442484,1.5881306168022555,-1.8157082726464546,4.53807347544379,-1.0739266612611922,-0.08902658522129059,1.1282628774642944,0.1636708676815033,0.8434417247772217,0.49167096614837646,-0.03427348658442497,0.21375428140163422
23.862528962550492,1.5075231625024157,-0.9361513446160586,1.5802284697990365,-1.8107935069461107,4.545206990496021,-1.0934743159324156,-0.08037368208169937,1.1331157684326172,0.1625327318906784,0.8413113355636597,0.4954974055290222,-0.040823280811309814,0.21215786039829254
24.062250865159363,1.4982716101763498,-0.931268281547368,1.5723511401121533,-1.8058941764553438,4.552318102181221,-1.112960579651357,-0.07166914641857147,1.137877345085144,0.16140112280845642,0.8391623497009277,0.4992905259132385,-0.04731166362762451,0.21042127907276154
24.261963137892813,1.4890491916826711,-0.9264005956106401,1.564498616727463,-1.8010102743238723,4.559406820442203,-1.1323854796638602,-0.06291453540325165,1.1425466537475586,0.16027559340000153,0.8369953036308289,0.5030501484870911,-0.053736116737127304,0.20854680240154266
24.461684016046853,1.4798552722981315,-0.9215479517925126,1.556670359203307,-1.796141464422271,4.566473633152541,-1.1517503528682271,-0.054110538214445114,1.1471246480941772,0.15915636718273163,0.8348105549812317,0.5067765712738037,-0.06009458005428314,0.2065364420413971
24.661400815008015,1.4706898411381124,-0.9167103443479738,1.5488663582718651,-1.7912877409863899,4.573518548678585,-1.171055222190399,-0.04525873810052872,1.1516104936599731,0.15804289281368256,0.8326086401939392,0.5104697942733765,-0.06638508290052414,0.2043927013874054
24.86112327641043,1.461552670669763,-0.9118876531828792,1.541086420197943,-1.7864489835220028,4.5805417419111505,-1.1903005668759103,-0.03635977581143379,1.1560043096542358,0.15693587064743042,0.8303897976875305,0.5141301155090332,-0.07260487228631973,0.20211775600910187
25.067334846577634,1.4524432493169281,-0.9070796082821497,1.533330109394745,-1.781624921114503,4.587543606068051,-1.209487464442082,-0.027415219694375992,1.1603058576583862,0.15583494305610657,0.8281543254852295,0.5177575349807739,-0.07875239104032516,0.19971361756324768
25.345793553506237,1.4443547273467483,-0.9065216202619844,1.5319077866943112,-1.7820399634237925,4.594177930198768,-1.2158955588596898,-0.019822580739855766,1.1618034839630127,0.15586689114570618,0.829243004322052,0.51661616563797,-0.08236612379550934,0.19667072594165802
25.70509204303402,1.4400248788333065,-0.9217949766369274,1.5540761159162202,-1.8019766471267142,4.599479731500351,-1.1747292190164236,-0.01752292364835739,1.1530401706695557,0.16006575524806976,0.8425026535987854,0.49756816029548645,-0.07687509059906006,0.1915864795446396
25.904808078310673,1.435726333832718,-0.9369579112023976,1.5760841747322292,-1.8217691945549808,4.604743202360424,-1.1338604995274058,-0.015335844829678535,1.144197702407837,0.1641576588153839,0.8551751971244812,0.47833171486854553,-0.07163789868354797,0.1863921731710434
26.1045263115086,1.4314583157857632,-0.9520131632379969,1.5979359390367354,-1.8414211813569081,4.609969293658139,-1.0932820172011322,-0.013260552659630775,1.1352800130844116,0.16814343631267548,0.8672658205032349,0.4589241147041321,-0.06665291637182236,0.18109656870365143
26.304246090702,1.4272203181826395,-0.9669625194354979,1.619634002102001,-1.8609349397447403,4.615158625603262,-1.0529889563599677,-0.011295982636511326,1.126291036605835,0.17202399671077728,0.8787791132926941,0.4393630027770996,-0.06191825494170189,0.1757083386182785
26.503961120150272,1.423011799817712,-0.9818078888747478,1.6411811348389853,-1.8803129616868526,4.620311860889817,-1.0129761714532008,-0.00944124162197113,1.117234706878662,0.17579998075962067,0.8897202610969543,0.4196654260158539,-0.05743195116519928,0.17023628950119019
26.70367696916241,1.4188318786874108,-0.9965523827858055,1.6625818530050984,-1.8995593083475428,4.6254300795111725,-0.9732352767697402,-0.007695448584854603,1.1081143617630005,0.17947252094745636,0.9000952839851379,0.3998461663722992,-0.05319160968065262,0.16468793153762817
26.90339514648098,1.4146800992035322,-1.0111976082366725,1.6838384891598421,-1.9186760774717755,4.63051383932475,-0.9337619407726365,-0.00605767173692584,1.098933219909668,0.18304221332073212,0.909909725189209,0.379921555519104,-0.04919491708278656,0.15907162427902222
27.103112094453756,1.4105557862503995,-1.025745946669168,1.7049544998182737,-1.9376663776135024,4.635563966994383,-0.8945497447520222,-0.004526934120804071,1.089694857597351,0.18651016056537628,0.9191697239875793,0.3599061071872711,-0.04543955251574516,0.15339453518390656
27.30282904242653,1.4064583670218824,-1.0401994186325416,1.7259328176822732,-1.956532846244822,4.6405811639081875,-0.8555932427132507,-0.0031021698378026485,1.0804022550582886,0.18987686932086945,0.9278813600540161,0.3398142457008362,-0.04192301258444786,0.14766430854797363
27.502545711002533,1.4023872422347188,-1.054560138072998,1.7467765110136089,-1.9752782427511515,4.645566163874927,-0.8168867369284777,-0.0017824769020080566,1.0710586309432983,0.19314366579055786,0.9360513091087341,0.31965985894203186,-0.03864239156246185,0.1418878138065338
27.702256773016636,1.3983418283592783,-1.0688301633664752,1.7674885674172527,-1.993905253980686,4.650519681413396,-0.7784246794486284,-0.0005669896490871906,1.0616669654846191,0.19631075859069824,0.9436859488487244,0.2994562089443207,-0.035595446825027466,0.136072039604187
27.901977893314545,1.3943214432608642,-1.0830119007140897,1.7880724793448455,-2.0124170208062906,4.655442551782063,-0.740200584830001,0.0005453650373965502,1.0522295236587524,0.19937974214553833,0.9507922530174255,0.27921587228775024,-0.03277882561087608,0.1302233189344406
28.100971836946194,1.390674673800861,-1.0964162455476862,1.807622955306462,-2.027789165643438,4.663228619337283,-0.6890890391592717,0.0002998603449668735,1.0426156520843506,0.2019311487674713,0.9589115977287292,0.2526547312736511,-0.03124549798667431,0.1252107173204422
28.30069005151767,1.3871871864447392,-1.1094703035928435,1.8267021584918703,-2.0418723415162536,4.672119451574993,-0.6330569760122368,-0.0005284437793307006,1.032933235168457,0.20422965288162231,0.9667344093322754,0.22351635992527008,-0.030400356277823448,0.12058524042367935
28.50040159781951,1.3837179733106966,-1.1224559591661365,1.8456813878105647,-2.0558817224022494,4.680963696391391,-0.5773185174753278,-0.0014354377053678036,1.023239016532898,0.20644578337669373,0.9735960960388184,0.1943187564611435,-0.029822969809174538,0.11602277308702469
28.700112697086517,1.3802665542592907,-1.1353750094835866,1.8645632699897685,-2.0698192472011305,4.689762577830837,-0.5218659493403456,-0.002420575823634863,1.0135341882705688,0.20858052372932434,0.979507327079773,0.16509123146533966,-0.029507068917155266,0.11153294146060944
28.99244449997138,1.3768324693299185,-1.148229176229548,1.8833503213631384,-2.0836867733263906,4.698517268494734,-0.46669188160441827,-0.0034830011427402496,1.0038197040557861,0.21063438057899475,0.9844788312911987,0.13586212694644928,-0.02944529987871647,0.10712511837482452
29.218298508471104,1.3881946294601244,-1.1500960435684313,1.8893858907680334,-2.097581185751328,4.685192400335669,-0.45725167044149595,-0.011084077879786491,1.0026518106460571,0.21001651883125305,0.9847108125686646,0.13753771781921387,-0.020515156909823418,0.10491444170475006
29.4317532778165,1.4043843910942173,-1.1483659320438282,1.8912423756561727,-2.1114680382970197,4.6646593153503435,-0.46278559469456365,-0.02084963582456112,1.0042518377304077,0.2086804360151291,0.9833540320396423,0.14923132956027985,-0.008646982721984386,0.10329540818929672
29.63146840039703,1.4205221465599602,-1.1466413781347875,1.8930928969811782,-2.125310282280358,4.644192188536523,-0.4683017423921239,-0.03064567595720291,1.0057945251464844,0.20750866830348969,0.9817519187927246,0.16074974834918976,0.0031754423398524523,0.10155098140239716
29.831187322773662,1.4365982520223322,-1.1449234124253593,1.8949363488815558,-2.1390996456515174,4.623803250938033,-0.47379681711427124,-0.04046975076198578,1.007274866104126,0.2065010666847229,0.9799119830131531,0.17208223044872284,0.014941767789423466,0.09968426823616028
30.030906375535455,1.4526043352007698,-1.1432129296155038,1.8967717713053487,-2.1528289470431434,4.603503120916787,-0.4792679570791271,-0.050319258123636246,1.0086865425109863,0.20565630495548248,0.9778423309326172,0.18321919441223145,0.026642434298992157,0.0976991280913353
30.230625875332084,1.4685321274824132,-1.1415108133267795,1.898598216088206,-2.166491094009397,4.583302285355447,-0.48471233594012264,-0.06019158661365509,1.0100243091583252,0.2049727737903595,0.9755516648292542,0.19415217638015747,0.03826860338449478,0.09559954702854156
30.570058842098675,1.4843745553749415,-1.1398178194647302,1.9004148721106136,-2.1800800192253194,4.56320971539406,-0.4901275358623573,-0.07008399069309235,1.0112824440002441,0.20444828271865845,0.973048746585846,0.20487380027770996,0.04981234669685364,0.0933896079659462
30.995759974830992,1.4844948549624895,-1.149620142499581,1.9135527252251263,-2.1848610584936905,4.566276832044765,-0.4149846180613398,-0.071868896484375,1.0024439096450806,0.20621506869792938,0.9802398085594177,0.1680992841720581,0.05199310556054115,0.0903840884566307
31.269399332266058,1.483220264663567,-1.1604164532114054,1.9276603887064123,-2.1888483087908566,4.5713902156174635,-0.33289281083081956,-0.07295498251914978,0.9926973581314087,0.2080976366996765,0.9866259098052979,0.1269179731607437,0.05318416655063629,0.08736423403024673
31.60978854864011,1.4819492018004803,-1.1711828850724864,1.9417290091495027,-2.192824524350353,4.576489447872306,-0.25102819313948277,-0.07406807690858841,0.9829381704330444,0.20989656448364258,0.9912652373313904,0.08561284840106964,0.05421677231788635,0.08440446853637695
31.868938911207955,1.4904660907691196,-1.173581845860746,1.9473590977632722,-2.1971757147251765,4.570147108800064,-0.24238786334840798,-0.08084161579608917,0.9789727926254272,0.20939692854881287,0.9910768866539001,0.0857316181063652,0.05814771354198456,0.08387766033411026
32.19798160982089,1.5042395056518623,-1.1714985979727834,1.9484727143084026,-2.2017330475268335,4.557664461846826,-0.27298626253778,-0.09064468741416931,0.9780519604682922,0.2077326476573944,0.988479495048523,0.10805792361497879,0.06368187069892883,0.08471297472715378
32.397698148011735,1.5180151293670465,-1.1694150159958852,1.9495865094434015,-2.206291111184609,4.545179813060652,-0.30358956876998505,-0.1004471406340599,0.9770451188087463,0.20611557364463806,0.9853411912918091,0.13030102849006653,0.06920449435710907,0.08564484864473343
32.59741725665288,1.5317917305984055,-1.167331286168325,1.9507003836131347,-2.2108494982818914,4.532694278365689,-0.3341950466081701,-0.11024816334247589,0.9759516716003418,0.2045459747314453,0.9816648960113525,0.15244510769844055,0.07471366971731186,0.08667319267988205
32.954014006141655,1.5455672360048776,-1.1652477220857815,1.9518141691825655,-2.215407522793807,4.520209736800992,-0.36479809001106,-0.12004641443490982,0.9747717976570129,0.20302391052246094,0.9774545431137085,0.17447318136692047,0.08020714670419693,0.08779758214950562
33.15368570998471,1.5477663786856612,-1.1713368058933953,1.962813813949036,-2.227914836664505,4.518449017725392,-0.35320178406619074,-0.12179480493068695,0.9694872498512268,0.20355316996574402,0.978487491607666,0.16960696876049042,0.08240093290805817,0.08369966596364975
33.38614861647821,1.540668372404874,-1.1839825923474503,1.9817413579208274,-2.246793736680949,4.525300511240487,-0.30773219187484513,-0.11718252301216125,0.9608861207962036,0.20566612482070923,0.9834392666816711,0.1431252807378769,0.08172295242547989,0.07539007067680359
33.58586522917486,1.533579849788129,-1.1966114827344214,2.0006436127535174,-2.2656474125516026,4.5321428504578645,-0.26232335171997667,-0.11270968616008759,0.9521999359130859,0.2077302783727646,0.9876140356063843,0.11657317727804184,0.08075270801782608,0.06714280694723129
33.785578470483784,1.526500669824756,-1.209223728278491,2.019520954466168,-2.2844762393291558,4.538976171490916,-0.21697436029192152,-0.10837759077548981,0.9434314966201782,0.20974543690681458,0.9910138845443726,0.08997418731451035,0.0794929563999176,0.05896591395139694
33.98530041034556,1.5194309365991676,-1.2218191435431864,2.03837310550728,-2.3032799401754187,4.5458003738700645,-0.1716858843519618,-0.10418691486120224,0.9345830678939819,0.2117115706205368,0.9936413168907166,0.06335250288248062,0.07794751226902008,0.050868209451436996
34.35074490495341,1.5123711684773997,-1.2343968050091494,2.0571986836019485,-2.322057136367946,4.552614957232056,-0.1264612445356893,-0.10013920813798904,0.9256579875946045,0.21362760663032532,0.9954996109008789,0.03673362731933594,0.07611957937479019,0.042858537286520004
34.68478929655431,1.5157777710849913,-1.2433328726854525,2.0748137176134183,-2.3425986636287504,4.5492375517380825,-0.16755225538053325,-0.1027684211730957,0.9169173836708069,0.21367518603801727,0.9945175647735596,0.05845247209072113,0.0776427686214447,0.03859701007604599
34.92172215969291,1.5228254598436053,-1.2509717061660466,2.091953565229295,-2.363694038936037,4.542314693668363,-0.2386321143221148,-0.10759259015321732,0.9081910252571106,0.21312972903251648,0.9913813471794128,0.09684748202562332,0.08061912655830383,0.03583360090851784
35.15773749506908,1.5298458562713393,-1.2585809580947267,2.109027038405496,-2.384707721935017,4.535418644519915,-0.309436714934964,-0.11228694021701813,0.899390697479248,0.21264173090457916,0.9867450594902039,0.13489408791065216,0.08383123576641083,0.03331664949655533
35.39281619716733,1.5368383920648991,-1.2661600125001609,2.1260327550390086,-2.405638011561455,4.528549962530081,-0.3799603255644379,-0.11685067415237427,0.8905194401741028,0.21221062541007996,0.9806393384933472,0.17253102362155914,0.08726337552070618,0.031056471168994904
35.62696082003708,1.5438031431957868,-1.273708951726174,2.142970899891109,-2.426485135215766,4.5217085730729885,-0.45020371242536344,-0.12128303945064545,0.8815794587135315,0.21183571219444275,0.9730967283248901,0.20970258116722107,0.09090020507574081,0.02906249277293682
35.93775529568631,1.5501385633306386,-1.2813703869086752,2.1601405167156345,-2.447801215479429,4.515478880543443,-0.5169743425947846,-0.12523043155670166,0.8725605010986328,0.2115071415901184,0.9646502733230591,0.2445136457681656,0.09453243017196655,0.02695332281291485
36.21661343351621,1.5438630439790582,-1.291974426803506,2.1834748535659645,-2.480552580725274,4.521501145137615,-0.5166455999186761,-0.12177059054374695,0.8632034659385681,0.21109017729759216,0.965927243232727,0.24045945703983307,0.09423631429672241,0.016829749569296837
36.41628804356474,1.5376528526455886,-1.3024680788767897,2.2065662804840707,-2.512963004980889,4.527460718090117,-0.5163202794465791,-0.11847423762083054,0.8537840843200684,0.21080003678798676,0.9670568108558655,0.23647372424602509,0.09399516135454178,0.006803208030760288
36.616004730767195,1.5315057102620522,-1.3128551941771052,2.2294232717557585,-2.545044382495997,4.533359786495089,-0.5159982617896539,-0.115338996052742,0.8443046808242798,0.2106325477361679,-0.9680435061454773,-0.23255528509616852,-0.09380779415369034,0.003128504380583763
36.81577962563056,1.5254211231483132,-1.323136606898972,2.2520476630376387,-2.576799289742365,4.53919882410972,-0.5156795210864988,-0.1123630702495575,0.8347696661949158,0.21058374643325806,-0.9688918590545654,-0.22870436310768127,-0.09367363154888153,0.012964031659066677
37.01545170248169,1.5194035587843642,-1.333304768131549,2.2744228428467115,-2.6082044113478684,4.544973543743566,-0.5153642913657649,-0.10954722762107849,0.8251916170120239,0.21064962446689606,-0.9696053862571716,-0.2249239683151245,-0.09359142929315567,0.02269470877945423
37.386829383106864,1.5134490592538008,-1.3433663657521422,2.29656352794974,-2.639280403318571,4.550687743587424,-0.5150523652922565,-0.10688813775777817,0.8155694007873535,0.210826113820076,-0.970189094543457,-0.2212119996547699,-0.09355981647968292,0.032325394451618195
37.57174010415194,1.5074203815315188,-1.3421548958957177,2.2913373521948697,-2.631187527938427,4.55631410934771,-0.4863307364032268,-0.10345964878797531,0.8186189532279968,0.21124789118766785,-0.9741491675376892,-0.2047063112258911,-0.08995382487773895,0.032201237976551056
37.7714530660641,1.501300620864225,-1.335469342797804,2.2728012168500777,-2.604039144332266,4.56194936645173,-0.4435789004294842,-0.09950272738933563,0.827767014503479,0.21185527741909027,-0.9793237447738647,-0.1816742867231369,-0.08473490178585052,0.0271914079785347
37.971157329423406,1.4951314883802598,-1.328729853292922,2.2541155392722154,-2.576671738268986,4.567630086588662,-0.40048215949575716,-0.09541535377502441,0.8368479013442993,0.21258695423603058,-0.9839304089546204,-0.15827041864395142,-0.07968311011791229,0.021956244483590126
38.17085278247116,1.4889132312988016,-1.3219366974564946,2.2352810682631414,-2.549086406458322,4.573356042111757,-0.35704224064242435,-0.09119724482297897,0.8458570837974548,0.21344594657421112,-0.9879466891288757,-0.13450869917869568,-0.07480985671281815,0.016497930511832237
38.37057317633746,1.4826451069586044,-1.315089063965748,2.2162955543771456,-2.5212798543184274,4.579127916885512,-0.31325395573656606,-0.08684821426868439,0.8547917008399963,0.21443545818328857,-0.9913511276245117,-0.11040075868368149,-0.07012548297643661,0.010818460956215858
38.570308750761725,1.4763280320021563,-1.3081879542098478,2.1971617740315006,-2.493256148243928,4.584944866838343,-0.2691237083209703,-0.08236884325742722,0.8636466264724731,0.21555852890014648,-0.9941210746765137,-0.08596546202898026,-0.0656416192650795,0.004921581596136093
38.77002279300807,1.4699633695362893,-1.3012348573194317,2.177883855938766,-2.465021335227376,4.590805636781054,-0.2246610208790928,-0.07776050269603729,0.8724154233932495,0.21681775152683258,0.9962347149848938,0.06122490018606186,0.061370428651571274,0.0011878825025632977
38.969720555735805,1.463551977559028,-1.2942307106173232,2.158464398888074,-2.4365792215057764,4.596709436643621,-0.17987188727128395,-0.07302418351173401,0.8810935616493225,0.21821603178977966,0.9976708292961121,0.036200325936079025,0.05732357129454613,0.0075049553997814655
39.16942804147122,1.4570937870646,-1.2871754387179348,2.138903193867927,-2.407929500956831,4.602656329968608,-0.13475582543237122,-0.06816039234399796,0.8896772265434265,0.2197561413049698,0.9984090328216553,0.010910502634942532,0.05351186916232109,0.014025038108229637
39.367778236312844,1.4496960748966579,-1.2794776101264977,2.1214743677031365,-2.384057373618984,4.608851504497465,-0.08437952438675816,-0.06248002499341965,0.8977938890457153,0.2202146351337433,0.99840247631073,-0.017589518800377846,0.049995940178632736,0.019578903913497925
39.567492893232085,1.4416915419783949,-1.2713681431632382,2.1054666175118193,-2.363349735119457,4.6152016109204075,-0.030617194258092385,-0.05622439086437225,0.9055722951889038,0.2199348360300064,0.9974431991577148,-0.04814746975898743,0.04675428569316864,0.024554703384637833
39.767201310290076,1.4336687663439807,-1.263240194334083,2.0894223848866176,-2.342594902914167,4.621566189541815,0.02326766281102059,-0.04984509199857712,0.9132505655288696,0.21969537436962128,0.9954890012741089,-0.07876923680305481,0.0437600240111351,0.029698505997657776
39.966923566801526,1.4256273818468146,-1.2550933926924963,2.0733409375945127,-2.3217919297858916,4.627945530830837,0.07727750603895019,-0.04334283992648125,0.9208270907402039,0.21949678659439087,0.9925315380096436,-0.10942216217517853,0.041021060198545456,0.03500206768512726
40.16664209802268,1.4175685589718379,-1.2469289240676902,2.057224616413002,-2.300943843766282,4.634338706225617,0.131404473880438,-0.0367201492190361,0.9282993078231812,0.21933971345424652,0.9885639548301697,-0.14006714522838593,0.03854469582438469,0.04045576974749565
40.36635329042194,1.4094930459209913,-1.2387475464700295,2.041074917622991,-2.2800525804455187,4.640745122167232,0.18564354104791753,-0.02997869998216629,0.9356648325920105,0.21922436356544495,0.9835811853408813,-0.17066612839698792,0.03633859008550644,0.046050090342760086
40.56607163537858,1.4014010817837852,-1.2305495021233273,2.024892319364203,-2.2591187583455317,4.647164588982673,0.2399931017001361,-0.023120073601603508,0.9429224133491516,0.2191515415906906,0.9775789976119995,-0.20118266344070435,0.03440914675593376,0.051775094121694565
40.76578934703586,1.3932932354156384,-1.2223353673403148,2.008677959253977,-2.238143849089025,4.6535966553910875,0.294449335127858,-0.016146279871463776,0.9500696659088135,0.21912170946598053,0.9705554246902466,-0.23157845437526703,0.03276313841342926,0.057620540261268616
41.12686227539763,1.3871515578353455,-1.216932804956128,1.99796094750749,-2.224169115334074,4.658352148066029,0.3414273096707086,-0.010887255892157555,0.9547262787818909,0.21912921965122223,0.9638637900352478,-0.25724339485168457,0.03190112113952637,0.06143805757164955
41.58727132182932,1.392052215943159,-1.2272801392488797,2.0180408759692883,-2.2494142939458177,4.653697471635808,0.34612403027127503,-0.015736205503344536,0.9459992051124573,0.21914736926555634,0.9642550349235535,-0.257324755191803,0.03387555480003357,0.05337301269173622
41.787035189833404,1.3969132077601403,-1.2375437214490823,2.0379582759982244,-2.2744551362062193,4.6490804705024456,0.3507827352663449,-0.020481174811720848,0.9372102618217468,0.21920856833457947,0.9645712971687317,-0.2574230134487152,0.03575809299945831,0.045353490859270096
41.986790061261416,1.4017329583766223,-1.247720226265225,2.057706694568449,-2.2992835291486178,4.64450264052522,0.3554019152850307,-0.02512063831090927,0.9283660650253296,0.2193114459514618,0.964814305305481,-0.2575378119945526,0.03754929080605507,0.03738357871770859
42.186431404467584,1.4065095185010699,-1.2578055379294446,2.0772781446639907,-2.323889431221066,4.639965833153705,0.3599797021542203,-0.029652737081050873,0.9194732904434204,0.21945397555828094,0.9649858474731445,-0.2576686441898346,0.039250150322914124,0.029468437656760216
42.38614598688102,1.4112482580946641,-1.2678109946706606,2.096694629133037,-2.348300505163175,4.635464947964411,0.36452124236786404,-0.034082554280757904,0.9105257391929626,0.21963520348072052,0.9650879502296448,-0.25781530141830444,0.040864065289497375,0.02160065248608589
42.58593069788432,1.4159498381400522,-1.2777379920990661,2.1159588562820986,-2.372520155951298,4.630999357151786,0.36902716940227165,-0.03841092437505722,0.901525616645813,0.219853937625885,0.9651220440864563,-0.25797727704048157,0.042392466217279434,0.013780225068330765
42.785645894970656,1.4206116726776072,-1.2875810701747776,2.135060230415013,-2.3965350623107793,4.626571516876834,0.3734950049107429,-0.0426354855298996,0.8924810886383057,0.22010888159275055,0.9650899767875671,-0.2581542134284973,0.043835923075675964,0.006013083271682262
42.98530519407606,1.4252347468248538,-1.297342308891975,2.154002787946683,-2.4203502989616474,4.622180491468625,0.37792569301581597,-0.04675748944282532,0.8833934664726257,0.22039836645126343,-0.9649931788444519,0.2583456039428711,-0.04519620165228844,0.0017009316943585873
43.185010873045684,1.4298223383401212,-1.307028628966288,2.1727999591453115,-2.443982750900293,4.617823167691324,0.38232237507416744,-0.050779975950717926,0.8742599487304688,0.22072139382362366,-0.9648333787918091,0.25855138897895813,-0.04647544026374817,0.009366286918520927
43.38477215197301,1.4343751479764497,-1.316641509979808,2.191454615272395,-2.4674360279756984,4.613498879965211,0.3866857226774839,-0.054703790694475174,0.865081787109375,0.22107699513435364,-0.9646119475364685,0.2587710916996002,-0.047675278037786484,0.016982687637209892
43.805121991420826,1.4388936758041382,-1.3261820077896118,2.2099688053131104,-2.4907127062426966,4.6092071533203125,0.3910162150859833,-0.058529552072286606,0.8558613061904907,0.22146381437778473,-0.96433025598526,0.25900447368621826,-0.0487968772649765,0.02454977110028267
43.969776989457,1.4030724022884253,-1.3325064357479615,2.1605723059022583,-2.5066625787161185,4.61090354520387,0.38500235347448303,-0.020728956907987595,0.9023957252502441,0.26222825050354004,-0.9586749076843262,0.2747405171394348,-0.044514790177345276,0.05897900089621544
44.13443675586476,1.367176415557727,-1.3389923442846114,2.1111743759799313,-2.5229667832308285,4.612637885129688,0.3788546026836297,0.019890213385224342,0.944890022277832,0.30626267194747925,-0.9515400528907776,0.2899118959903717,-0.041608020663261414,0.09376165270805359
44.29909652227252,1.3311815436555188,-1.345695147565308,2.0617764460576047,-2.5397475421969915,4.614422169617029,0.37252674787990897,0.06298118829727173,0.9830194115638733,0.35352611541748047,-0.942918598651886,0.30443793535232544,-0.040101904422044754,0.12889467179775238
44.46375628868028,1.2950873802021103,-1.3526355773212884,2.0123785161352776,-2.5570484534320452,4.616261423834452,0.3660022873605866,0.10813707858324051,1.0164604187011719,0.4039244055747986,-0.9328038692474365,0.3182361423969269,-0.04003136605024338,0.16431687772274017
44.62841605508804,1.2589271561009372,-1.3597819343687254,1.9629805862129508,-2.5747974306463464,4.618147796330687,0.3593084299071346,0.1548776477575302,1.0449100732803345,0.45726504921913147,-0.921204686164856,0.3312295377254486,-0.041431453078985214,0.199880450963974
44.7930758214958,1.2227126905054888,-1.367161770649114,1.913582656290624,-2.5930523141853787,4.62008600339501,0.35242338903071313,0.2027108520269394,1.0681287050247192,0.5134276151657104,-0.9081239700317383,0.34332796931266785,-0.044324472546577454,0.23552514612674713
44.95773558790356,1.1864658812444677,-1.3747373864908867,1.8641847263682974,-2.6117286317013617,4.622067925435985,0.345378948114543,0.25110411643981934,1.0859125852584839,0.5721659660339355,-0.8935832977294922,0.3544665277004242,-0.048728249967098236,0.27108633518218994
45.122395354311315,1.1501942294251681,-1.3825053452052456,1.8147867964459703,-2.6308149699018624,4.6240908337154645,0.33817931063082657,0.2995188534259796,1.0981192588806152,0.6332672834396362,-0.87760329246521,0.3645753562450409,-0.05465066060423851,0.3064482808113098
45.287055120719074,1.1139025142084638,-1.3904595880520019,1.7653888665236437,-2.6502916662938567,4.62615341660001,0.3308317990660211,0.3474031984806061,1.1046613454818726,0.6964945793151855,-0.8602100014686584,0.37358996272087097,-0.06209062039852142,0.3414878845214844
45.45171488712683,1.077594306696531,-1.3985958763382065,1.7159909366013166,-2.670143485795415,4.628253732187782,0.3233421041999712,0.3941975235939026,1.1055090427398682,0.7615967392921448,-0.8414343595504761,0.3814484179019928,-0.07103993743658066,0.3760833442211151
45.61637465353459,1.0412726787557003,-1.4069119371447785,1.66659300667899,-2.6903604346897776,4.630390257696906,0.31571384170725625,0.43933913111686707,1.1006909608840942,0.8283087611198425,-0.8213114142417908,0.3880905508995056,-0.08148258179426193,0.41011449694633484
45.78103441994235,1.0049401581073203,-1.4154068623913656,1.6171950767566632,-2.710934583698463,4.6325622318078485,0.3079498401726635,0.48226815462112427,1.090294599533081,0.8963539004325867,-0.7998805046081543,0.39345884323120117,-0.09339394420385361,0.44346246123313904
45.94569418635011,0.968599143204359,-1.4240752520911342,1.5677971468343364,-2.7318498925699677,4.63476697498601,0.3000560671841735,0.5224368572235107,1.0744692087173462,0.96543288230896,-0.777186930179596,0.39750194549560547,-0.10674133896827698,0.47600287199020386
46.11035395275787,0.9322518512943881,-1.432911699897296,1.5183992169120095,-2.7530888385192616,4.63700252322537,0.2920391544160513,0.5593149065971375,1.053423523902893,1.035233497619629,-0.7532818913459778,0.400173157453537,-0.12148268520832062,0.5076116323471069
46.27501371916563,0.8959002494041352,-1.4419114318380186,1.4690012869896827,-2.7746355028720475,4.639266961051047,0.2839048160045826,0.5923961400985718,1.0274263620376587,1.1054331064224243,-0.7282207608222961,0.40142956376075745,-0.1375671923160553,0.5381672978401184
46.43967348557339,0.8595462366453998,-1.4510704843301225,1.4196033570673559,-2.796477210129654,4.641557457094605,0.27565793337479755,0.621205747127533,0.9968014359474182,1.175703525543213,-0.70206218957901,0.40123218297958374,-0.1549365520477295,0.5675526261329651
46.604333251981146,0.8231914230355781,-1.460385780421551,1.370205427145029,-2.8186015105265527,4.643872592296698,0.2673028934585676,0.6453054547309875,0.9619251489639282,1.2457093000411987,-0.674869179725647,0.39954671263694763,-0.17352406680583954,0.595653772354126
46.768993018388905,0.7868368571511419,-1.4698529333734804,1.3208074972227022,-2.840993842495784,4.646210550214498,0.25884516182599504,0.6643010973930359,0.9232253432273865,1.3151088953018188,-0.646709144115448,0.39634448289871216,-0.1932540088891983,0.6223593950271606
46.933652784796664,0.7504834789382567,-1.4794683750592577,1.2714095673003754,-2.8636395176632994,4.648569667276695,0.2502904098612631,0.6778483390808105,0.8811736106872559,1.383558750152588,-0.6176530122756958,0.39160221815109253,-0.21404318511486053,0.647563099861145
47.09831255120442,0.7141320608199976,-1.4892283816448157,1.2220116373780485,-2.886524118672876,4.650947946157304,0.24164382228986986,0.6856566667556763,0.8362824320793152,1.4507145881652832,-0.587775468826294,0.385301798582077,-0.23580051958560944,0.6711636185646057
47.26297231761218,0.6777834307666863,-1.499129898852807,1.1726137074557217,-2.9096353184637147,4.653344020852932,0.23291009645515198,0.6874932646751404,0.7890976667404175,1.5162358283996582,-0.5571533441543579,0.3774300813674927,-0.25842830538749695,0.6930667161941528
47.42763208401994,0.6414384170662014,-1.5091703063401996,1.1232157775333949,-2.9329614828913524,4.655756208670537,0.22409361949797849,0.6831875443458557,0.7401935458183289,1.5797863006591797,-0.5258658528327942,0.36797916889190674,-0.28182217478752136,0.7131847739219666
47.5922918504277,0.6050978253258439,-1.5193465195091331,1.073817847611068,-2.9564898098271213,4.658182482832887,0.21519903618037264,0.672635018825531,0.6901654005050659,1.6410359144210815,-0.4939958155155182,0.35694700479507446,-0.3058709502220154,0.7314367890357971
47.75695161683545,0.5687625735358803,-1.5296550134083617,1.0244199176887414,-2.9802067751622348,4.660621468689211,0.20623144995942544,0.6557990312576294,0.6396238803863525,1.699662208557129,-0.4616279900074005,0.3443380296230316,-0.3304574489593506,0.7477491497993469
47.92161138324321,0.5324336792241794,-1.540092403093583,0.9750219877664146,-3.004099399103765,4.663071912235269,0.19719584425128417,0.6327129602432251,0.5891863703727722,1.7553555965423584,-0.4288490414619446,0.3301619589328766,-0.35545894503593445,0.7620566487312317
48.08627115885727,0.4961120676902422,-1.5506553432238532,0.9256240550821968,-3.028154911742969,4.665531344649468,0.18809696313699162,0.6034796237945557,0.5394687056541443,1.8078187704086304,-0.39574700593948364,0.3144349157810211,-0.3807485103607178,0.7743032574653625
48.25093110414504,0.459799326905144,-1.5613490765389522,0.8762260714958665,-3.0523702567041537,4.667999459500667,0.17893573960322637,0.5682563781738281,0.4910721480846405,1.8567783832550049,-0.3624057173728943,0.2971722185611725,-0.4061974883079529,0.7844451665878296
48.415590713419114,0.4234965072004345,-1.5721695645885865,0.8268281887136439,-3.0767309125361413,4.6704740106259175,0.1697177580649076,0.5272836089134216,0.4445897936820984,1.9019687175750732,-0.3289158046245575,0.2784020006656647,-0.4316706657409668,0.7924436926841736
48.58025044887424,0.38720399538667444,-1.5831070749439915,0.7774302680771072,-3.1012149532255053,4.672952524687267,0.16045132747021992,0.4808802008628845,0.40059491991996765,1.9431397914886475,-0.29537245631217957,0.2581629157066345,-0.45702826976776123,0.7982682585716248
48.744910215282,0.3509226834354319,-1.5941583443864586,0.7280323381547804,-3.125808922790692,4.675433330073972,0.15114129819990704,0.4294164180755615,0.3596245348453522,1.9800693988800049,-0.26186633110046387,0.23649409413337708,-0.4821310043334961,0.8019015789031982
48.909569981689756,0.3146533342856407,-1.605320753989714,0.6786344082324536,-3.150500459445645,4.677915051552154,0.1417923793626226,0.3733200430870056,0.3221772313117981,2.0125601291656494,-0.22848789393901825,0.2134396731853485,-0.5068385004997253,0.8033376932144165
49.074229748097515,0.2783968210583939,-1.6165918359777616,0.6292364783101267,-3.175277396922738,4.680396008245331,0.13240919914123006,0.31307312846183777,0.2887071967124939,2.0404391288757324,-0.19532637298107147,0.18904970586299896,-0.5310105085372925,0.8025805950164795
49.238889514505274,0.24215409028645546,-1.6279690776961706,0.5798385483877999,-3.2001274239789246,4.682874432514219,0.1229962888545631,0.24920549988746643,0.25961834192276,2.0635595321655273,-0.1624700427055359,0.16337928175926208,-0.5545071959495544,0.7996451258659363
49.40354929971009,0.20592631616409796,-1.639450168218675,0.530440612826354,-3.2250382154473383,4.685348615194748,0.11355818854075247,0.18228864669799805,0.2352598011493683,2.081801652908325,-0.13000580668449402,0.1364881545305252,-0.5771899223327637,0.7945572137832642
49.56820916166687,0.1697153035956871,-1.6510332762661675,0.4810426542393198,-3.2499974631677886,4.687816581613342,0.10409966569442813,0.11292953044176102,0.21592067182064056,2.095073938369751,-0.09801881015300751,0.10844157636165619,-0.598922073841095,0.7873532176017761
49.73286910400897,0.13352400827222888,-1.6627210520899165,0.4316446715366901,-3.274992736749153,4.690276143726161,0.09462492178642205,0.041753869503736496,0.20182567834854126,2.1033143997192383,-0.06658998876810074,0.07930763065814972,-0.6195697784423828,0.7780805826187134
49.89752879412552,0.09735593466093803,-1.674515982158504,0.3822467645017257,-3.300009987226783,4.692724701280729,0.08513931033977354,-0.030591368675231934,0.19313453137874603,2.10648775100708,-0.03579888120293617,0.04915962368249893,-0.6390021443367004,0.7667971849441528
50.06218861778713,0.06121111648619912,-1.6864067260555826,0.33284881740324285,-3.3250330435449422,4.695160992890133,0.0756489765305065,-0.10341966897249222,0.18994203209877014,2.1045892238616943,-0.0057279374450445175,0.01808036118745804,-0.6570937633514404,0.7535701394081116
50.22684834990789,0.02509162869789576,-1.6983915375414964,0.2834508977670146,-3.350049329949392,4.697583294462349,0.06615857296346928,-0.17605926096439362,0.1922713667154312,2.0976438522338867,0.02354799397289753,-0.013848205097019672,-0.673724889755249,0.7384771108627319
50.39150817717983,-0.011000076285015346,-1.7104686523397505,0.2340529495854319,-3.3750463584377544,4.699989648174807,0.056672739001845766,-0.24784234166145325,0.20007693767547607,2.0857059955596924,0.051957592368125916,-0.04654036834836006,-0.6887819766998291,0.7216049432754517
50.55616810025686,-0.04706133026993636,-1.7226365182625394,0.1846549726623224,-3.4000113309298046,4.702377838765545,0.04719611124594085,-0.3181132972240448,0.21324515342712402,2.0688576698303223,0.0794336125254631,-0.07990691810846329,-0.7021582722663879,0.7030497193336487
50.72082791195329,-0.0830893564935355,-1.7348937819631425,0.135257029153393,-3.424931324685771,4.704745757854399,0.03773334689447046,-0.3862367570400238,0.23159722983837128,2.0472097396850586,0.10591212660074234,-0.11385619640350342,-0.7137544751167297,0.6829157471656799
50.88548749404916,-0.11908133607544587,-1.7472390800435276,0.08585915452463443,-3.44979353793538,4.707091775160543,0.028289134812441143,-0.45160409808158875,0.25489145517349243,2.0208983421325684,0.13133366405963898,-0.14829400181770325,-0.723479688167572,0.661314845085144
51.050146953937144,-0.15503445762610796,-1.7596708479921785,0.036461316558238185,-3.474585036194536,4.709414631094167,0.018868177182590366,-0.513640820980072,0.282827228307724,1.990086317062378,0.15564273297786713,-0.18312400579452515,-0.7312518954277039,0.6383663415908813
51.21480692403799,-0.1909411447557039,-1.77219642700045,-0.012936674472014638,-3.4992831555541257,4.711708748163184,0.00947845545656582,-0.5718285441398621,0.31504806876182556,1.954957127571106,0.17878994345664978,-0.2182466685771942,-0.7369955778121948,0.6141987442970276
51.379466460066986,-0.22679737354096868,-1.7848113867978386,-0.06233453528071344,-3.5238760657273613,4.713971994134259,0.00012438799225525723,-0.6256758570671082,0.35114815831184387,1.9157203435897827,0.20072896778583527,-0.2535616159439087,-0.7406480312347412,0.5889437794685364
51.5441263616195,-0.2626002422883561,-1.7975113966278915,-0.11173250574646584,-3.5483552622225027,4.716203618301358,-0.009190805172902675,-0.6747440695762634,0.39067813754081726,1.8726054430007935,0.22141973674297333,-0.28896936774253845,-0.7421570420265198,0.562736988067627
51.70878644496868,-0.29834437441936806,-1.81029697182241,-0.16113053075122016,-3.572707316037788,4.718401136712161,-0.018462320255202627,-0.7186589241027832,0.4331513047218323,1.825859785079956,0.24082720279693604,-0.3243688941001892,-0.7414798736572266,0.5357187986373901
51.87344654183636,-0.33402426565626986,-1.823168347337228,-0.21052855981152388,-3.5969188492114768,4.720562194033414,-0.02768524217660493,-0.7571049332618713,0.47804996371269226,1.7757477760314941,0.2589215040206909,-0.35965925455093384,-0.7385843992233276,0.5080333948135376
52.03810654374576,-0.36963407130315423,-1.836125914754754,-0.2599265603843445,-3.6209761935553444,4.722683752667559,-0.03685460397737486,-0.7898303270339966,0.5248328447341919,1.722547173500061,0.2756783962249756,-0.3947397768497467,-0.733449399471283,0.4798268973827362
52.202766292884505,-0.40516678288337843,-1.8491705374761278,-0.309324485125968,-3.6448656316130426,4.724762964463276,-0.045965531298553935,-0.8166483640670776,0.5729411244392395,1.666549801826477,0.2910795211791992,-0.42950960993766785,-0.7260645627975464,0.4512476921081543
52.36742582383028,-0.4406138837333808,-1.862303587532169,-0.35872234440970086,-3.6685737891764933,4.726797907680375,-0.05501329680452685,-0.8374391794204712,0.6218071579933167,1.6080552339553833,0.3051115572452545,-0.4638703167438507,-0.7164302468299866,0.42244386672973633
52.532085866686145,-0.47596640657618516,-1.8755268763063506,-0.40812035726646,-3.6920872163384475,4.728785849410558,-0.06399310754595917,-0.8521493673324585,0.6708605289459229,1.5473721027374268,0.31776756048202515,-0.49772390723228455,-0.7045580744743347,0.39356404542922974
52.69674599281254,-0.5112122050141048,-1.8888441997609842,-0.4575183951043772,-3.7153866240054727,4.730722718430158,-0.07289814695136332,-0.860793948173523,0.7195351719856262,1.484814167022705,0.32904547452926636,-0.5309727787971497,-0.6904700398445129,0.3647574782371521
52.861406120534866,-0.5463321620922951,-1.902263971518168,-0.5069164334210756,-3.7384397241598406,4.732601858661325,-0.08171700580654,-0.8634634017944336,0.7672743797302246,1.4206973314285278,0.33894872665405273,-0.5635178685188293,-0.6742002964019775,0.33617743849754333
53.02606608996611,-0.5813290082469164,-1.9157766749997565,-0.5563144242504483,-3.7612523057821545,4.734426082703503,-0.09045160020314877,-0.8602687120437622,0.8135496377944946,1.355346918106079,0.3474845588207245,-0.5952730178833008,-0.6557957530021667,0.3079552948474884
53.19072618253237,-0.6162067891162751,-1.9293699938421498,-0.6057124520203289,-3.783815633155749,4.7361957179048195,-0.0990982741986644,-0.8513755202293396,0.8578563928604126,1.289097785949707,0.3546604514122009,-0.6261497139930725,-0.6353164315223694,0.2802239656448364
53.35538605888497,-0.6509718781403607,-1.9430284460295155,-0.6551104149261078,-3.806120851854944,4.737911426211207,-0.10765339138804654,-0.836998701095581,0.8997205495834351,1.2222874164581299,0.3604870140552521,-0.6560631394386292,-0.6128336191177368,0.2531110942363739
53.520045940085176,-0.6856312876423118,-1.9567359423560013,-0.7045083792861704,-3.828158323169198,4.739573516834497,-0.11611295038717437,-0.8174028992652893,0.9387035369873047,1.1552515029907227,0.3649790287017822,-0.6849320530891418,-0.5884281396865845,0.22673937678337097
53.68470568791761,-0.7201920466758404,-1.9704754797937987,-0.7539063036358996,-3.849917181037153,4.741183275068076,-0.1244724311151389,-0.7928975224494934,0.9744062423706055,1.088321328163147,0.3681548535823822,-0.7126794457435608,-0.5621903538703918,0.20122593641281128
53.84936526628158,-0.7546608072545047,-1.984229551322661,-0.8033041771450921,-3.871385662155739,4.742741330398942,-0.13272700819199265,-0.7638335824012756,1.0064728260040283,1.0218206644058228,0.37003764510154724,-0.7392329573631287,-0.5342193245887756,0.176682248711586
54.014024842701275,-0.7890427553745243,-1.9979816710327385,-0.8527020500710013,-3.892553409585214,4.744248139960789,-0.14087234220738587,-0.7305979132652283,1.034592866897583,0.9560622572898865,0.37065520882606506,-0.7645254731178284,-0.5046201944351196,0.15321192145347595
54.178684493559444,-0.823341406617674,-2.0117158500957446,-0.9020999453284526,-3.913411142002085,4.745704918177695,-0.1489045503497263,-0.6936089992523193,1.058504343032837,0.8913446068763733,0.3700408637523651,-0.7884956002235413,-0.4735047221183777,0.1309112161397934
54.34334418708988,-0.8575597038757625,-2.0254151328570726,-0.951497853387585,-3.9339480686761688,4.747112559843783,-0.15681920023085574,-0.6533089876174927,1.0779945850372314,0.8279544711112976,0.36823171377182007,-0.8110861778259277,-0.4409911334514618,0.10986936092376709
54.50800389976804,-0.8917004744273073,-2.0390613431117566,-1.0008957671910326,-3.9541512896942654,4.748471802626647,-0.16461090393802405,-0.6101569533348083,1.0929028987884521,0.7661635875701904,0.36526790261268616,-0.8322461843490601,-0.40720435976982117,0.09016714990139008
54.67266379278271,-0.9257662311735282,-2.0526345874503202,-1.050293735095433,-3.974005623165744,4.749783172623337,-0.17227361574237443,-0.5646241903305054,1.10312020778656,0.7062290906906128,0.3611925542354584,-0.8519295454025269,-0.3722761869430542,0.07187701761722565
54.837323722389144,-0.9597577768106214,-2.066117571313006,-1.0996917139773648,-3.993499606685838,4.751047563776698,-0.17980259892281306,-0.5171886086463928,1.1085889339447021,0.6483845710754395,0.35605424642562866,-0.8700975775718689,-0.33633866906166077,0.055061109364032745
55.001983722962514,-0.9936729126843115,-2.079496803141596,-1.149089714149376,-4.012627443590984,4.752266252558291,-0.18719518621398873,-0.4683307111263275,1.1092987060546875,0.5928397178649902,0.34990766644477844,-0.886718213558197,-0.29952239990234375,0.03977144509553909
55.16664348937027,-1.0275079979756325,-2.0927579168288637,-1.1984876440717027,-4.031380045919669,4.753439939223837,-0.19444774904851375,-0.4185258448123932,1.105288028717041,0.5397854447364807,0.3428097665309906,-0.9017641544342041,-0.2619619369506836,0.026051480323076248
55.33130325577803,-1.0612580402746759,-2.1058829395637533,-1.2478855739940298,-4.049743943518008,4.754569657335708,-0.20155462266778007,-0.36823904514312744,1.096642255783081,0.4893958270549774,0.3348194658756256,-0.9152141213417053,-0.2237960547208786,0.013935575261712074
55.49596302218579,-1.0949156630978922,-2.1188508378015465,-1.2972835039163564,-4.067700874048739,4.755655327766126,-0.20850864051589968,-0.31792184710502625,1.0834898948669434,0.4418262243270874,0.3259979784488678,-0.9270524382591248,-0.1851678043603897,0.003449391108006239
55.660622435065825,-1.1284586818589721,-2.13163603588,-1.3466813277803678,-4.085211866030029,4.7566948193742355,-0.21529488606221042,-0.26802319288253784,1.0660030841827393,0.39721348881721497,-0.3164112865924835,0.9372677206993103,0.14623227715492249,0.005387734156101942
55.8252825550013,-1.1618566762778713,-2.1442210032909568,-1.39607936376101,-4.102253719905206,4.757687219985843,-0.22190398309668102,-0.2189711481332779,1.044389009475708,0.3556614816188812,-0.3061349093914032,0.9458572864532471,0.10713183134794235,0.012571478262543678
55.98994266577007,-1.1950890046313714,-2.156608780880651,-1.4454773969916417,-4.118855571526373,4.758636249551739,-0.228346712304589,-0.17114411294460297,1.0188807249069214,0.31723716855049133,-0.2952515482902527,0.9528264403343201,0.06797116994857788,0.018116094172000885
56.15460248518111,-1.2280821892013722,-2.168746891655111,-1.4948753428149533,-4.134927286246193,4.759536119976637,-0.23458851854841486,-0.12495338916778564,0.9897623658180237,0.282031387090683,-0.28384503722190857,0.9581801295280457,0.028937572613358498,0.022030912339687347
56.31926203978912,-1.2608577286057387,-2.1806658489001896,-1.5442732091973572,-4.150541699471214,4.760393955007089,-0.24065681350036908,-0.08065541088581085,0.9573201537132263,0.25005143880844116,-0.2719877362251282,0.9619413614273071,-0.009908631443977356,0.024356655776500702
56.48391526280355,-1.293468713760376,-2.192420244216919,-1.5936691761016846,-4.165812969207764,4.761219501495361,-0.2465948611497879,-0.038442470133304596,0.9218411445617676,0.22128747403621674,-0.2597419321537018,0.9641294479370117,-0.04854579642415047,0.02513248473405838
56.61907675789409,-1.295468146183225,-2.1771043100710217,-1.6161393935317598,-4.142380371556151,4.75892998119232,-0.20604641262262532,-0.03469591587781906,0.9126948118209839,0.22169190645217896,-0.23902934789657593,0.969876229763031,-0.039969075471162796,0.024648204445838928
56.81693087445312,-1.297449992896127,-2.1619230219278607,-1.6384120956734365,-4.119153871825576,4.756660416849275,-0.16585461670260643,-0.030993372201919556,0.9035272002220154,0.22202610969543457,-0.2183769792318344,0.9750640988349915,-0.031504128128290176,0.023848896846175194
57.01478525178247,-1.2994147929615916,-2.1468723140485197,-1.6604932214946975,-4.096127152405726,4.754410373926804,-0.12600852631594778,-0.027334338054060936,0.8943398594856262,0.22229093313217163,-0.19779597222805023,0.9797055721282959,-0.02315685898065567,0.022744428366422653
57.212643317149215,-1.301363170421913,-2.131947406161235,-1.6823897842060251,-4.073292899755102,4.752179137786314,-0.08649548590237326,-0.023718111217021942,0.885133683681488,0.22248780727386475,-0.17729568481445312,0.9838127493858337,-0.014932900667190552,0.021344168111681938
57.41050441862755,-1.303295669420783,-2.1171441300313387,-1.7041078990888323,-4.050644736713842,4.749966085287223,-0.04730446024303205,-0.020144570618867874,0.8759095072746277,0.22261784970760345,-0.15688569843769073,0.9873973727226257,-0.006837476976215839,0.019657006487250328
57.60836924539619,-1.3052128109643666,-2.1024584946616134,-1.7256534213967354,-4.028176557285214,4.747770619785498,-0.008424883347461824,-0.01661285199224949,0.8666683435440063,0.22268176078796387,-0.13657473027706146,0.9904711246490479,0.001124465255998075,0.017691822722554207
57.80620602072888,-1.3071149148688133,-2.087888050205114,-1.7470299453379963,-4.0058846133439685,4.745592375035188,0.030149730646899048,-0.013123290613293648,0.8574124574661255,0.2226807177066803,-0.1163734421133995,0.993044912815094,0.008947744034230709,0.015457360073924065
58.0040563002389,-1.309002742027852,-2.073426968084445,-1.7682460221084702,-3.983759987501145,4.743430479678654,0.06843481264360685,-0.009674753062427044,0.8481407165527344,0.22261551022529602,-0.09628688544034958,0.9951303005218506,0.01662878505885601,0.012961707077920437
58.20189706163221,-1.31087663458246,-2.0590726274406257,-1.7893054968108182,-3.9617986699928913,4.741284541904079,0.10643730125210624,-0.006267125252634287,0.8388550281524658,0.22248710691928864,-0.07632404565811157,0.9967378377914429,0.024163013324141502,0.010213160887360573
58.39974423052483,-1.312737165461335,-2.0448206395408723,-1.8102148082226426,-3.9399939463098814,4.7391539056069645,0.14416881545036112,-0.002899582963436842,0.8295554518699646,0.2222965806722641,-0.056490857154130936,0.99787837266922,0.0315474309027195,0.007219798397272825
58.59759888725095,-1.3145847275548783,-2.030667994776841,-1.8309783717867951,-3.9183412119240466,4.7370381208584424,0.1816373230447399,0.0004281938308849931,0.8202426433563232,0.22204428911209106,-0.036794617772102356,0.9985621571540833,0.03877777233719826,0.0039892978966236115
58.795455797777706,-1.3164197566009743,-2.0166113553210763,-1.8516010844814506,-3.8968353601509094,4.734936688661716,0.21885166078734397,0.003716373583301902,0.8109174966812134,0.22173137962818146,-0.01724180579185486,0.9987993240356445,0.04585106670856476,0.0005291667766869068
58.99200479613357,-1.31796814452253,-2.0025273808900077,-1.8725467206012933,-3.874308396723307,4.732192232660483,0.2542851404412173,0.0065584974363446236,0.8015305995941162,0.221109077334404,-0.0012450333451852202,-0.9985830187797546,-0.053082145750522614,0.003540966659784317
59.18985714317971,-1.3180138462045445,-1.9878746480591554,-1.8958635718565087,-3.8455900152867444,4.725890904008649,0.2811543593613289,0.00717120710760355,0.7918611764907837,0.2191113978624344,-0.014577999711036682,-0.9979292154312134,-0.06185603514313698,0.009932084940373898
59.387722100333505,-1.31805926104223,-1.9733138823755234,-1.9190340760570925,-3.817051883339747,4.719629125331997,0.3078549349682346,0.007795554585754871,0.7821882367134094,0.21713130176067352,-0.027744626626372337,-0.9969956278800964,-0.07040752470493317,0.016511231660842896
59.5855645939868,-1.3181043845951927,-1.9588465075044785,-1.942055967728475,-3.7886967911717115,4.713407508870132,0.3343842566379053,0.008431397378444672,0.7725135087966919,0.215169295668602,-0.040738705545663834,-0.9957910776138306,-0.0787338986992836,0.023268675431609154
59.78344126717859,-1.3181492328738156,-1.9444673902463463,-1.9649374153164108,-3.760514678052811,4.707223847118246,0.3607517372947024,0.009078837931156158,0.7628343105316162,0.2132245898246765,-0.053560175001621246,-0.9943232536315918,-0.08683591336011887,0.030197737738490105
59.98126936258488,-1.3181937910988848,-1.9301812690670006,-1.9876708785138977,-3.7325148310608864,4.701080177828006,0.3869486878511781,0.009737631306052208,0.7531547546386719,0.2112979143857956,-0.06620056927204132,-0.992601215839386,-0.09470967203378677,0.037287600338459015
60.179170194284254,-1.318238089508247,-1.9159784492012395,-2.010271784572683,-3.7046782491011783,4.694972331817976,0.4129928859309061,0.010407954454421997,0.7434689998626709,0.20938776433467865,-0.07866442203521729,-0.9906317591667175,-0.10235882550477982,0.04453452304005623
60.3769751928907,-1.3182820943638058,-1.9018697476537496,-2.0327229204245825,-3.677026132783169,4.688904960882625,0.43886449602126587,0.011089064180850983,0.7337853908538818,0.20749545097351074,-0.09093844145536423,-0.98842453956604,-0.10977649688720703,0.05192474275827408
60.574897072480255,-1.3183258548540855,-1.8878393937510178,-2.055049381896616,-3.649527572636066,4.682871282928946,0.464592437347363,0.01178189180791378,0.7240936160087585,0.2056187093257904,-0.10303293913602829,-0.9859852194786072,-0.1169699877500534,0.0594576820731163
60.86202075270877,-1.3183693219509895,-1.87390310673064,-2.07722615501159,-3.622213377319686,4.6768780579302085,0.49014788500389833,0.012485207058489323,0.7144056558609009,0.20375964045524597,-0.114931121468544,-0.9833245277404785,-0.12393070757389069,0.0671173557639122
61.08815933400048,-1.3077708090069184,-1.873204793321218,-2.079801787629592,-3.6226101976810092,4.68527908587189,0.5368829290718791,0.007902627810835838,0.712931752204895,0.2030848115682602,-0.13330592215061188,-0.9812267422676086,-0.12254592776298523,0.06637870520353317
61.3324007155503,-1.2891654491257167,-1.8825337979405745,-2.0675227455151597,-3.64398816785354,4.704538872889216,0.5994288551912684,-0.0007956894114613533,0.7176322937011719,0.20342357456684113,-0.1563931256532669,-0.9791473150253296,-0.11556867510080338,0.05878506600856781
61.53877338629256,-1.2707487205854344,-1.8917682199954426,-2.0553681950630245,-3.665149396441629,4.723603393624456,0.661340656413948,-0.009567305445671082,0.7221791744232178,0.20390619337558746,-0.17901743948459625,-0.9764164090156555,-0.10946419090032578,0.05080723017454147
61.742965077876654,-1.2525266229571013,-1.900905051211529,-2.0433420958303152,-3.6860869898054123,4.742466437476956,0.7225981638891765,-0.018406733870506287,0.7265762686729431,0.20452888309955597,-0.20115724205970764,-0.9730686545372009,-0.10423687100410461,0.04251738265156746
61.944879080165,-1.2345077866681116,-1.9099399641639658,-2.031450143669309,-3.7067910313928554,4.7611190704516435,0.7831723645756805,-0.027307633310556412,0.7308260798454285,0.20528754591941833,-0.22279004752635956,-0.9691399931907654,-0.0998849868774414,0.033987607806921005
62.144436590777225,-1.2166992440548807,-1.918869432734509,-2.0196969797347877,-3.7272534408938163,4.779554012855868,0.8430396177593472,-0.03626382350921631,0.7349318265914917,0.20617741346359253,-0.24389752745628357,-0.9646663665771484,-0.09640111029148102,0.025286832824349403
62.34228795062143,-1.1991068724903462,-1.9276905099208095,-2.0080864829363936,-3.7474674650767454,4.797765180585279,0.9021801653846574,-0.045270029455423355,0.7388964891433716,0.20719358325004578,-0.26446494460105896,-0.9596840739250183,-0.09377194195985794,0.01648118533194065
62.564834286517154,-1.1817352451450598,-1.9364009026670235,-1.9966216714449205,-3.76742784926749,4.815747839612081,0.9605786337534228,-0.054321594536304474,0.7427226901054382,0.2083306610584259,-0.284481018781662,-0.9542285203933716,-0.09197887778282166,0.007633232045918703
62.772789232801294,-1.1778659522664392,-1.9468265533391014,-1.9806166198332753,-3.787838924448036,4.824259260090904,0.9762305966751004,-0.05740179866552353,0.749532163143158,0.2099100798368454,-0.2901036739349365,-0.9528602361679077,-0.08886423707008362,0.0005441441317088902
63.04210381371862,-1.1855606696784688,-1.9588144018947298,-1.9605754009291956,-3.8088112936228558,4.82470856064525,0.9553015551485111,-0.055152662098407745,0.7589831352233887,0.2117772251367569,0.2835761308670044,0.9552532434463501,0.08397321403026581,0.004919760394841433
63.239941408615174,-1.1932637018222758,-1.970815204239301,-1.940512525952416,-3.8298063250495926,4.825158346703272,0.9343498981888482,-0.05273649841547012,0.7683973908424377,0.21361657977104187,0.2770081162452698,0.9575648307800293,0.07893601059913635,0.010248293168842793
63.43781100375539,-1.2009764313082445,-1.9828311143861477,-1.9204243938353616,-3.8508277871077543,4.825608698996671,0.9133718652018493,-0.05015288293361664,0.7777740359306335,0.21542887389659882,0.2703995108604431,0.9597946405410767,0.07375495880842209,0.015438697300851345
63.635671416055025,-1.2086976450164155,-1.994860242376539,-1.900314164200584,-3.871872373373168,4.826059546690425,0.8923707557808137,-0.04740240424871445,0.7871079444885254,0.2172134965658188,0.26375246047973633,0.9619417190551758,0.06843321770429611,0.020486442372202873
63.83276069326288,-1.2189366662011147,-2.0062960170731037,-1.8808781156809755,-3.8905119555426655,4.821630384233023,0.8751170218849872,-0.04390227422118187,0.7962051033973694,0.2186630666255951,0.26009175181388855,0.9632890820503235,0.06254523247480392,0.022681163623929024
64.03061454905159,-1.2319860048832432,-2.0170153970095153,-1.8622812217953169,-3.9063560906564248,4.811694037667681,0.8621729722807122,-0.039528656750917435,0.8050122857093811,0.21974490582942963,0.25987303256988525,0.9637642502784729,0.05617564916610718,0.021648500114679337
64.22847322909124,-1.244951449948662,-2.0276658625301347,-1.8438038865114876,-3.922098364531794,4.801821571431491,0.8493121393943587,-0.034941233694553375,0.813712477684021,0.22080902755260468,0.2596830129623413,0.9641876220703125,0.049880534410476685,0.020461630076169968
64.42632723389156,-1.2578337664719863,-2.0382480421055442,-1.8254450195051595,-3.9377397061005666,4.792012402962633,0.8365337643243447,-0.030145540833473206,0.8223015069961548,0.22185565531253815,0.25952139496803284,0.9645602703094482,0.043662287294864655,0.01912422478199005
64.62418528063185,-1.2706335556544026,-2.04876242959249,-1.8072037639915606,-3.9532808453240875,4.782266074479796,0.823837250720298,-0.025146745145320892,0.8307762145996094,0.22288565337657928,0.2593875527381897,0.9648827910423279,0.037523508071899414,0.017640482634305954
64.81857614381201,-1.2805820558402863,-2.061726550301285,-1.7867870269559907,-3.971659719227917,4.773937129152575,0.8204027904577608,-0.022137535735964775,0.8400110602378845,0.22324872016906738,0.2623406946659088,0.9643367528915405,0.030576059594750404,0.01723472960293293
65.01642172945625,-1.2887618202781732,-2.0762860589174545,-1.7649221547656246,-3.9918985034586485,4.766475512557259,0.8228155478067333,-0.02032948099076748,0.8497360944747925,0.2231399416923523,0.2672675549983978,0.9631863832473755,0.023070091381669044,0.017541730776429176
65.2142591380883,-1.2969655987343567,-2.0908883111002576,-1.7429930920420444,-4.012196704380229,4.758991990270305,0.825235388489164,-0.018332354724407196,0.8594226241111755,0.22296182811260223,0.2722353935241699,0.961940348148346,0.015538088977336884,0.017805470153689384
65.41209777606613,-1.3051938181216731,-2.1055340667299043,-1.7209986976283536,-4.032555378281851,4.751486172859973,0.8276624384300832,-0.016145598143339157,0.8690666556358337,0.22271470725536346,0.2772435247898102,0.9605974555015564,0.007980122230947018,0.01802591234445572
65.60997439337856,-1.3134476628333838,-2.1202254339580433,-1.6989358055889712,-4.05297745564884,4.743956979917593,0.8300970469859503,-0.013768577016890049,0.8786655068397522,0.22239892184734344,0.2822917103767395,0.959155797958374,0.00039654545253142715,0.01820259541273117
65.80784627957232,-1.3217253956713209,-2.1349593206721975,-1.6768090595314473,-4.073458638218192,4.736405996122869,0.8325387017413192,-0.011201862245798111,0.8882126212120056,0.22201448678970337,0.2873777747154236,0.9576146602630615,-0.0072103566490113735,0.01833530142903328
66.00571213079579,-1.3300267500012433,-2.149735252278805,-1.6546191721809036,-4.093998266270066,4.728833464700711,0.8349873240479927,-0.008445139043033123,0.8977032899856567,0.22156180441379547,0.2925006151199341,0.9559726715087891,-0.014839386567473412,0.01842421665787697
66.2035697863806,-1.3383515774690802,-2.164552964716183,-1.6323665400943335,-4.114595972739367,4.721239520980345,0.8374428701464743,-0.005498936399817467,0.9071329236030579,0.22104120254516602,0.2976590692996979,0.9542285799980164,-0.02248936891555786,0.01846846006810665
66.40141954434998,-1.3466996624164016,-2.179412074124771,-1.6100517397362624,-4.135251224033168,4.713624361686328,0.8399052764247289,-0.0023633528035134077,0.9164968729019165,0.22045308351516724,0.3028518259525299,0.9523813128471375,-0.030159246176481247,0.01846833899617195
66.59925950480587,-1.3550710132012374,-2.1943125953813802,-1.587674748765305,-4.1559640408313285,4.705987979194428,0.8423745453480962,0.0009611574932932854,0.9257904291152954,0.2197980433702469,0.30807775259017944,0.9504294395446777,-0.037847984582185745,0.018423402681946754
66.79708901582248,-1.3634653568370003,-2.2092540425856404,-1.5652362968866858,-4.176733747696715,4.698330622524194,0.8448505963946492,0.004473991692066193,0.9350088834762573,0.2190759778022766,0.3133354187011719,0.9483720660209656,-0.04555462673306465,0.018333788961172104
66.99494793800599,-1.3718839671852043,-2.224238683137529,-1.5427329790122246,-4.197563496481501,4.690651129653627,0.8473338053109947,0.008175504393875599,0.9441493153572083,0.21828749775886536,0.3186245858669281,0.9462074637413025,-0.05327868089079857,0.018199071288108826
67.19282550526745,-1.3803263209416017,-2.239265585585684,-1.5201661939573279,-4.218451992400017,4.682949977943134,0.8498240177398547,0.012064614333212376,0.9532065391540527,0.2174328863620758,0.3239435851573944,0.9439345598220825,-0.06101902201771736,0.01801934279501438
67.39069327501542,-1.3887910040663696,-2.2543322330208317,-1.497539721512993,-4.2393957367638775,4.675228457285972,0.852320816586703,0.01614001765847206,0.9621744751930237,0.21651291847229004,0.3292902708053589,0.9415526986122131,-0.06877332180738449,0.01779431663453579
67.58854659063704,-1.3972778968378856,-2.269438412345393,-1.4748538817004135,-4.260394433351824,4.667486676892724,0.8548241665376591,0.02040070854127407,0.97104811668396,0.21552811563014984,0.33466339111328125,0.9390605092048645,-0.07654052972793579,0.017523931339383125
67.78639303309805,-1.4057866393728713,-2.2845834829879035,-1.4521096365035124,-4.281447191722567,4.659724965050479,0.8573339614391741,0.02484542317688465,0.9798231720924377,0.21447885036468506,0.3400611877441406,0.9364574551582336,-0.08431901782751083,0.017208324745297432
67.98423798544295,-1.4143171749221939,-2.299767343938181,-1.4293071376152318,-4.302553871464548,4.651943373526041,0.8598501845521488,0.02947288379073143,0.9884952306747437,0.21336594223976135,0.34548240900039673,0.9337420463562012,-0.09210750460624695,0.0168467927724123
68.27986997301423,-1.4228690306292933,-2.314989153538839,-1.4064476490020752,-4.323713302612305,4.644142333661215,0.8623726963996887,0.03428199887275696,0.9970584511756897,0.21218973398208618,0.35092538595199585,0.930913507938385,-0.09990506619215012,0.016440214589238167
68.44460934261055,-1.4247696834650616,-2.317452419238145,-1.4029472625068231,-4.326424438121901,4.641779189989403,0.9117945072785864,0.03526274859905243,0.9984235763549805,0.21178513765335083,0.37478214502334595,0.9214375019073486,-0.10079347342252731,0.018215177580714226
68.60935248716771,-1.4266712016830514,-2.319916407724041,-1.3994456842276735,-4.329136424809077,4.6394136983584815,0.9612174506457347,0.036249395459890366,0.9997860789299011,0.21137966215610504,0.3983857333660126,0.9113472104072571,-0.10165350884199142,0.020040789619088173
68.77409563172488,-1.4285737606828095,-2.3223813618325515,-1.3959426996982316,-4.331850025199511,4.63704762766389,1.010640394012883,0.03724280744791031,1.0011457204818726,0.21097315847873688,0.4217195212841034,0.90064936876297,-0.10248328000307083,0.02191808447241783
68.93883877628204,-1.4304773696577362,-2.3248471757582245,-1.3924383181871025,-4.334564298854555,4.634679440602425,1.0600633373800314,0.03824233636260033,1.0025027990341187,0.2105652242898941,0.44476816058158875,0.8893513083457947,-0.10328088700771332,0.023845508694648743
69.1035819208392,-1.432381885000461,-2.3273139585885585,-1.3889327837863286,-4.337279851086121,4.632310397624027,1.1094862807471797,0.03924841061234474,1.0038567781448364,0.2101561576128006,0.46751561760902405,0.8774604797363281,-0.10404417663812637,0.025823604315519333
69.26832506539637,-1.4342871659907936,-2.3297818763610727,-1.385425984478556,-4.339996090367616,4.629939990869167,1.158909224114328,0.040260642766952515,1.005208134651184,0.2097456008195877,0.4899468719959259,0.8649851679801941,-0.10477114468812943,0.02785121463239193
69.43306820995353,-1.4361933446988648,-2.3322506731908916,-1.3819180424796687,-4.3427133764075885,4.627568487758299,1.2083321674814764,0.04127926006913185,1.0065563917160034,0.20933368802070618,0.512046754360199,0.8519333004951477,-0.10546014457941055,0.029928235337138176
69.5978113545107,-1.438100347044656,-2.3347201206664097,-1.3784090079861762,-4.345431955316484,4.625195879019572,1.2577551108486247,0.04230409488081932,1.0079015493392944,0.20892074704170227,0.5338003635406494,0.8383139967918396,-0.10610909759998322,0.03205356001853943
69.76255449906786,-1.4400079818505367,-2.337190220888353,-1.374898901175593,-4.348151253121985,4.622822198963862,1.3071780542157732,0.04333501309156418,1.0092438459396362,0.20850683748722076,0.5551928877830505,0.82413649559021,-0.1067158505320549,0.03422657772898674
69.92729764362502,-1.4419161961030456,-2.339661056319579,-1.3713878136577213,-4.350871032026336,4.620447665601937,1.3566009975829214,0.04437217116355896,1.0105831623077393,0.20809142291545868,0.5762101411819458,0.8094101548194885,-0.10727851092815399,0.0364464670419693
70.09204078818219,-1.4438251552415817,-2.3421326836133236,-1.3678759146927817,-4.353591936541057,4.618072451365644,1.4060239409500697,0.04541556164622307,1.0119192600250244,0.2076750248670578,0.5968376994132996,0.7941449284553528,-0.10779512673616409,0.03871261328458786
70.25678393273935,-1.44573453989029,-2.3446047680388453,-1.3643631369955462,-4.356313055626175,4.615696864855281,1.4554468843172181,0.04646505415439606,1.0132524967193604,0.20725739002227783,0.6170617341995239,0.7783512473106384,-0.10826363414525986,0.04102390632033348
70.42152707729652,-1.4476443563908121,-2.3470773480597527,-1.3608496812443167,-4.359034825887401,4.613320559422112,1.5048698276843666,0.04752055183053017,1.0145825147628784,0.20683856308460236,0.6368687152862549,0.7620397210121155,-0.10868240147829056,0.043379198759794235
70.58627022185368,-1.4495545318490914,-2.3495503562729123,-1.3573356867891435,-4.3617570077207635,4.61094366017347,1.5542927710515149,0.048582132905721664,1.015909194946289,0.20641875267028809,0.6562451124191284,0.7452214956283569,-0.1090489998459816,0.04577745869755745
70.75101336641085,-1.4514650011106087,-2.3520237158462765,-1.3538212655645803,-4.364479403509329,4.608566285129422,1.6037157144186631,0.04964949190616608,1.0172325372695923,0.20599773526191711,0.6751778721809387,0.7279077172279358,-0.1093624010682106,0.048217736184597015
70.91575651096801,-1.4533757484173986,-2.3544971403940487,-1.350306394544463,-4.367201867722393,4.60618845856165,1.6531386577858114,0.05072268843650818,1.0185526609420776,0.20557555556297302,0.6936542987823486,0.7101103067398071,-0.10962016135454178,0.05069834366440773
71.08049965552517,-1.455286690549389,-2.3569710075542747,-1.3467911649437478,-4.369924571647229,4.603810113692756,1.7025616011529598,0.051802001893520355,1.0198694467544556,0.20515237748622894,0.7116621136665344,0.6918411254882812,-0.10982060432434082,0.05321849137544632
71.24524280008234,-1.4571977947427637,-2.359445096954781,-1.3432756647882123,-4.372647542543124,4.601431505273828,1.7519845445201083,0.05288679152727127,1.0211825370788574,0.20472818613052368,0.7291889786720276,0.6731125712394714,-0.10996239632368088,0.0557766854763031
71.4099859446395,-1.4591090790641423,-2.3619191826956123,-1.3397599115360357,-4.375370926238918,4.59905289178805,1.8014074878872566,0.053977690637111664,1.0224924087524414,0.20430298149585724,0.7462230324745178,0.653937578201294,-0.11004314571619034,0.05837159976363182
71.57472908919667,-1.4610203538125939,-2.364393419159134,-1.3362439471528813,-4.378093959008125,4.596673917901265,1.8508304312544048,0.05507417023181915,1.0237987041473389,0.20387662947177887,0.7627529501914978,0.6343288421630859,-0.11006154865026474,0.06100158393383026
71.73947223375383,-1.4629315605173554,-2.3668675963239187,-1.3327279935583038,-4.38081685778534,4.594294963199346,1.9002533746215533,0.056176260113716125,1.0251015424728394,0.20344951748847961,0.7787676453590393,0.6142998933792114,-0.11001559346914291,0.06366497278213501
71.904215378311,-1.4648426639684977,-2.369341634525231,-1.3292121218145696,-4.383539655488903,4.591916149416821,1.9496763179887016,0.05728403851389885,1.0264009237289429,0.20302125811576843,0.7942560911178589,0.5938640832901001,-0.1099039688706398,0.06636039912700653
72.06895852286816,-1.4667536051900223,-2.3718153769253734,-1.3256965204821198,-4.386262208751977,4.589537561539015,1.9990992613558498,0.05839743837714195,1.0276962518692017,0.20259208977222443,0.8092082142829895,0.5730354189872742,-0.10972487926483154,0.06908649206161499
72.23370166742532,-1.468664381307109,-2.3742890153546976,-1.3221810935245284,-4.388984679999802,4.587159149156421,2.0485222047229983,0.05951644480228424,1.028988003730774,0.2021620273590088,0.8236137628555298,0.5518279671669006,-0.10947688668966293,0.07184106111526489
72.39844481198249,-1.470574977726668,-2.3767625575221545,-1.3186658477084048,-4.39170707628243,4.584780923114737,2.0979451480901465,0.060640864074230194,1.0302762985229492,0.20173078775405884,0.8374630808830261,0.5302560329437256,-0.10915869474411011,0.07462268322706223
72.56318795653965,-1.4724853618905387,-2.3792356831809993,-1.3151508244233974,-4.394428758028326,4.582402562608676,2.1473680914572952,0.06177084520459175,1.0315604209899902,0.20129896700382233,0.8507468700408936,0.5083342790603638,-0.10876844823360443,0.07742918282747269
72.72793110109681,-1.4743956215201124,-2.3817087206784944,-1.3116360464329684,-4.3971502656653385,4.580024360347851,2.196791034824443,0.06290633976459503,1.0328410863876343,0.20086616277694702,0.8634564876556396,0.48607760667800903,-0.10830530524253845,0.08025864511728287
72.89267424565398,-1.4763057526198786,-2.384181670657043,-1.3081215163052604,-4.399871613442915,4.57764632746167,2.2462139781915917,0.06404739618301392,1.0341178178787231,0.20043212175369263,0.8755831122398376,0.46350088715553284,-0.10776779800653458,0.08311000466346741
73.05741739021114,-1.4782154495390987,-2.386654229010946,-1.3046073417404984,-4.402593024287855,4.575268762054767,2.29563692155874,0.06519387662410736,1.0353907346725464,0.19999749958515167,0.8871187567710876,0.4406196177005768,-0.10715430974960327,0.08598046004772186
73.2221605347683,-1.4801248880527358,-2.3891263584861187,-1.3010934668979597,-4.405313985202072,4.5728913599352286,2.3450598649258882,0.06634557247161865,1.036659836769104,0.19956213235855103,0.8980556130409241,0.4174492061138153,-0.10646381974220276,0.08886796981096268
73.38690367932547,-1.4820340770918603,-2.3915980856004206,-1.2975798919023207,-4.40803453309007,4.570514171610626,2.394482808293037,0.06750290095806122,1.0379252433776855,0.19912587106227875,0.9083866477012634,0.3940053880214691,-0.10569506883621216,0.09177061915397644
73.55164682388263,-1.483942874925424,-2.3940693226022445,-1.294066913354057,-4.4107546904614106,4.568137994749916,2.4439057516601848,0.06866565346717834,1.0391863584518433,0.19868864119052887,0.9181047081947327,0.3703042268753052,-0.10484682768583298,0.09468674659729004
73.7163899684398,-1.4858514638418818,-2.3965403843688127,-1.2905543664623362,-4.413474535817364,4.565761688952487,2.4933286950273335,0.06983355432748795,1.0404436588287354,0.19825071096420288,0.9272034168243408,0.346361368894577,-0.10391858220100403,0.09761355817317963
73.88113311299696,-1.4877598357057669,-2.3990112192683246,-1.2870421534371743,-4.4161941379587075,4.563385372179249,2.5427516383944817,0.07100705802440643,1.0416967868804932,0.19781175255775452,0.9356767535209656,0.32219335436820984,-0.1029089093208313,0.10054901242256165
74.04587625755413,-1.4896677856723166,-2.4014814719022572,-1.2835302280058,-4.418913522610006,4.561009421865984,2.59217458176163,0.07218563556671143,1.042946457862854,0.19737231731414795,0.943519115447998,0.2978163957595825,-0.10181715339422226,0.10349096357822418
74.21061940211129,-1.4915755593123847,-2.4039515320581546,-1.280018762052533,-4.421632670450762,4.558634034056028,2.6415975251287787,0.07336977124214172,1.0441917181015015,0.1969316303730011,0.9507251381874084,0.2732468545436859,-0.10064224898815155,0.10643744468688965
74.37536254666846,-1.493483185253781,-2.4064215715149704,-1.276507540148888,-4.4243517130701,4.556258890241889,2.6910204684959265,0.07455932348966599,1.0454330444335938,0.19649004936218262,0.9572902321815491,0.24850156903266907,-0.09938332438468933,0.10938567668199539
74.54010569122562,-1.4953906420503897,-2.4088917055525614,-1.2729964791931911,-4.427070713588236,4.553883834630059,2.740443411863075,0.07575438916683197,1.04667067527771,0.19604749977588654,0.9632099866867065,0.2235971987247467,-0.09803969413042068,0.11233362555503845
74.70484883578278,-1.4972980202498067,-2.411361045333173,-1.2694857508588113,-4.429789593594743,4.5515089307659515,2.7898663552302234,0.076954685151577,1.0479038953781128,0.19560463726520538,0.96848064661026,0.1985505372285843,-0.09661110490560532,0.11527855694293976
74.8695921658095,-1.4992052796883442,-2.4138304847179968,-1.2659751817750906,-4.432508636552948,4.5491340921099885,2.8392893542382382,0.07816050201654434,1.0491331815719604,0.19516052305698395,0.9730985760688782,0.173378586769104,-0.09509654343128204,0.1182185485959053
75.0343355222614,-1.5011124341931104,-2.416299947790086,-1.2624648359590531,-4.435227602298136,4.546759379781637,2.8887123611738095,0.07937177270650864,1.0503586530685425,0.19471538066864014,0.977060854434967,0.14809830486774445,-0.09349564462900162,0.12115096300840378
75.19907866681856,-1.503019508794994,-2.4187692581814826,-1.2589547985568517,-4.437946154624871,4.544384875058665,2.938135304540958,0.08058826625347137,1.0515799522399902,0.1942693591117859,0.9803647994995117,0.1227269321680069,-0.09180793166160583,0.12407318502664566
75.36382181137573,-1.5049263826932975,-2.4212382326057877,-1.255444846937542,-4.440665188610183,4.542010376201628,2.9875582479081064,0.08181007951498032,1.0527969598770142,0.19382305443286896,0.9830085039138794,0.09728159010410309,-0.09003299474716187,0.1269827038049698
75.5285649559329,-1.5068333260982496,-2.4237071287507668,-1.2519351351022217,-4.443384319342249,4.539635943146166,3.0369811912752547,0.08303754776716232,1.0540101528167725,0.1933753788471222,0.984990119934082,0.07177954167127609,-0.08817031234502792,0.12987719476222992
75.69330810049006,-1.5087402702430757,-2.426176220876363,-1.2484256153503415,-4.446103547584,4.537261405457571,3.086404134642403,0.08427033573389053,1.0552188158035278,0.19292683899402618,0.9863085150718689,0.0462377704679966,-0.08622003346681595,0.1327543556690216
75.85805124504722,-1.5106472439413003,-2.4286453365157046,-1.2449161643983866,-4.448822890289293,4.534886746868007,3.135827078009551,0.08550851792097092,1.0564236640930176,0.19247737526893616,0.9869627952575684,0.020673757418990135,-0.08418171107769012,0.13561128079891205
76.02279438960439,-1.5125544457431666,-2.4311145142503356,-1.2414067504345243,-4.4515426579796165,4.532512000981931,3.1852500213767,0.08675221353769302,1.057624340057373,0.19202707707881927,0.9869527816772461,-0.004895266145467758,-0.08205524832010269,0.13844552636146545
76.18753753416155,-1.5144619652186848,-2.433584058380846,-1.2378972943461448,-4.4542631428338755,4.530137367784487,3.234672964743848,0.0880018025636673,1.0588204860687256,0.19157564640045166,0.9862784147262573,-0.030452176928520203,-0.07984058558940887,0.141254723072052
76.35228067871871,-1.5163696947409948,-2.436053765325076,-1.23438771013474,-4.456984129357512,4.5277626608070145,3.2840959081109964,0.08925686776638031,1.0600128173828125,0.19112315773963928,0.9849404096603394,-0.05597949028015137,-0.07753771543502808,0.14403612911701202
76.51702382327588,-1.5182775865549636,-2.43852343525714,-1.2308783201250089,-4.459705363364571,4.525388035454872,3.3335188514781446,0.09051752835512161,1.0612006187438965,0.19066984951496124,0.9829398989677429,-0.08145987242460251,-0.07514674216508865,0.14678709208965302
76.68176696783304,-1.5201854812513538,-2.440993486140675,-1.2273689135995172,-4.46242677200781,4.523013875000726,3.382941794845293,0.0917835459113121,1.0623844861984253,0.19021528959274292,0.9802780747413635,-0.10687603801488876,-0.07266754657030106,0.14950481057167053
76.8465101123902,-1.5220939594627667,-2.4434637744886945,-1.2238589488059843,-4.465149439057422,4.520638615249212,3.4323647382124416,0.09305522590875626,1.0635641813278198,0.18976034224033356,0.9769569635391235,-0.13221129775047302,-0.07010135054588318,0.15218710899353027
77.01124848857579,-1.524003267288208,-2.4459354877471924,-1.2203483581542969,-4.4678730964660645,4.51826286315918,3.4817862510681152,0.09433295577764511,1.064739465713501,0.1893034279346466,0.9729790687561035,-0.1574476808309555,-0.06744777411222458,0.15483145415782928
77.10128332874108,-1.52364972707904,-2.46409597057429,-1.193337906104712,-4.493211854801958,4.525290732668184,3.494685188831049,0.09555932879447937,1.0740394592285156,0.18629278242588043,0.9710919857025146,-0.16368891298770905,-0.06129312142729759,0.16257116198539734
77.2979460043304,-1.5232902963636836,-2.4825592764711755,-1.165877540909923,-4.51897260874495,4.5324356969453605,3.507799042099329,0.09681263566017151,1.0832756757736206,0.18316036462783813,0.9690611362457275,-0.16994449496269226,-0.054936666041612625,0.1703566610813141
77.49493209099698,-1.5229233058195417,-2.5014109171025045,-1.1378396077711697,-4.545275183074681,4.539730939716578,3.521188716217618,0.09809929877519608,1.092476725578308,0.1798902004957199,0.9668721556663513,-0.17623649537563324,-0.04834502562880516,0.17821773886680603
77.69154333895374,-1.5225496261202465,-2.5206061675381894,-1.10929062581132,-4.572057175752993,4.54715915324564,3.5348224446012186,0.0994168147444725,1.1016056537628174,0.1764892041683197,0.9645255208015442,-0.1825428009033203,-0.04152992367744446,0.18612854182720184
77.8821041335564,-1.5177530680414635,-2.5364123150249154,-1.085879063784669,-4.594977654369943,4.559078921355821,3.541513071098696,0.09723690152168274,1.1091349124908447,0.17356866598129272,0.9635598659515381,-0.18285918235778809,-0.03295155614614487,0.1924295276403427
78.10628172695735,-1.5052019748380054,-2.5456309800835966,-1.0724350613583897,-4.610229704462786,4.578640102095372,3.535559377336025,0.0888010635972023,1.1138737201690674,0.171775221824646,0.9651247262954712,-0.17250284552574158,-0.02164757065474987,0.19572517275810242
78.30309479251602,-1.4926925227955488,-2.5548190600840917,-1.0590356625264317,-4.625431152344075,4.598136384083608,3.5296254363324575,0.0803055390715599,1.1185448169708252,0.17008839547634125,0.966469407081604,-0.16204307973384857,-0.01037495955824852,0.1989249736070633
78.4999035926173,-1.480230804161594,-2.5639720803254127,-1.0456873929506516,-4.640574594733271,4.6175582724062165,3.5237141379857375,0.07175306975841522,1.1231482028961182,0.16850776970386505,0.9675923585891724,-0.15149076282978058,0.000857981329318136,0.2020265758037567
78.69671917274692,-1.4678224786559422,-2.5730858837942754,-1.0323963149943438,-4.655653153956173,4.6368969462537155,3.5178281670212455,0.06314593553543091,1.1276845932006836,0.16703151166439056,0.9684923887252808,-0.14085672795772552,0.012043475173413754,0.20502860844135284
78.89353275984624,-1.455472896176071,-2.582156541039106,-1.0191681591571153,-4.670660328833722,4.656144067682165,3.511970061198102,0.0544869564473629,1.132153868675232,0.16565796732902527,0.9691689610481262,-0.13015155494213104,0.02317425236105919,0.20793019235134125
79.09035076141456,-1.4431874664377016,-2.591180078672368,-1.0060087200124026,-4.685589545495907,4.675291205519456,3.506142386650605,0.04577833041548729,1.136556625366211,0.1643856167793274,0.9696223735809326,-0.11938612908124924,0.03424271568655968,0.21072949469089508
79.28716118201712,-1.43097124539626,-2.6001527831402815,-0.9929234132061513,-4.700434659961154,4.69433047993741,3.5003475417045253,0.0370229035615921,1.140892744064331,0.16321240365505219,0.969852864742279,-0.10857115685939789,0.04524240642786026,0.21342651546001434
79.6481770272864,-1.418828631517461,-2.6090714238093433,-0.979916950119496,-4.71519032722737,4.713255035821381,3.4945876128010567,0.028222274035215378,1.1451627016067505,0.16213561594486237,0.9698618054389954,-0.09771683812141418,0.05616629868745804,0.21602050960063934
80.58445303527667,-1.4177879528398287,-2.5990531720321854,-0.9895640559202891,-4.6872986329651685,4.686714857430231,3.647718630602831,0.019072405993938446,1.1453790664672852,0.16228033602237701,0.96207594871521,-0.174380823969841,0.055888447910547256,0.20218199491500854
81.68527354088465,-1.41878734527291,-2.580947145097796,-1.0109313513384535,-4.647797615300781,4.651075044876145,3.8140117440240036,0.010046872310340405,1.1423156261444092,0.16434364020824432,0.9464666247367859,-0.25806763768196106,0.04918394237756729,0.187570720911026
82.07616023086122,-1.408677522903637,-2.5734924448931973,-1.0231891316744637,-4.6440303737360855,4.659395605247705,3.793825177434255,0.0017650070367380977,1.1375818252563477,0.16676339507102966,0.9504740834236145,-0.2429453581571579,0.052198901772499084,0.18668639659881592
82.27298441641143,-1.3985255804607017,-2.5660066865245406,-1.0354979810195852,-4.6402474368914515,4.66775083117549,3.773554508509104,-0.00644525233656168,1.1327308416366577,0.16919423639774323,0.9542398452758789,-0.22768951952457428,0.0552346333861351,0.18583054840564728
82.46980744712165,-1.3883306365178159,-2.5584892200527367,-1.0478589680701242,-4.636448476319393,4.676141448088728,3.753197977279899,-0.014581779018044472,1.1277625560760498,0.17163582146167755,0.9577594995498657,-0.21230247616767883,0.058291513472795486,0.18500423431396484
82.82454650076053,-1.3780917377829898,-2.55093934254694,-1.0602732486568542,-4.632633136792976,4.684568240563377,3.7327536802817183,-0.022642169147729874,1.1226778030395508,0.17408855259418488,0.9610287547111511,-0.1967868208885193,0.061369821429252625,0.18420740962028503
83.16791207714881,-1.382889803188292,-2.5447518802550633,-1.069270624962936,-4.625069287634881,4.680437007467692,3.6756021987148007,-0.0179140642285347,1.1197103261947632,0.17548705637454987,0.9662086367607117,-0.17199663817882538,0.05290711671113968,0.1845502406358719
83.40527286697015,-1.393416921246001,-2.539073090662517,-1.0769820173402578,-4.6160672589991725,4.671520997178527,3.6043939617684004,-0.008379247970879078,1.1174951791763306,0.17650260031223297,0.9714454412460327,-0.14346443116664886,0.04007625952363014,0.1846768856048584
83.64321952574456,-1.4039700230040508,-2.533380284321393,-1.0847124434652433,-4.607043010985544,4.6625829798273815,3.5330099641360806,0.0011323100188747048,1.1151928901672363,0.17753881216049194,0.975821852684021,-0.11466694623231888,0.027294078841805458,0.18406006693840027
83.88175183398101,-1.4145490987278604,-2.52767346648295,-1.0924618962070554,-4.597996551918305,4.65362296365902,3.4614502716651425,0.010620194487273693,1.1128019094467163,0.17859651148319244,0.9793232679367065,-0.08563043922185898,0.01460170652717352,0.18270185589790344
84.12085845851367,-1.4251536457835483,-2.521952908289969,-1.1002300073730826,-4.5889283116135315,4.644641374382437,3.389718284305347,0.020082689821720123,1.1103229522705078,0.17967566847801208,0.981935977935791,-0.056383248418569565,0.00203968514688313,0.18060551583766937
84.5239617097476,-1.428815154985788,-2.5170375736234956,-1.107289948438481,-4.5813704310714325,4.641824490800882,3.3320784809461075,0.023606304079294205,1.1081677675247192,0.18042559921741486,0.9835250377655029,-0.03003067336976528,-0.005320705007761717,0.17818084359169006
84.93689447894928,-1.41682105444554,-2.5139528900610366,-1.1127307554757173,-4.577240763415539,4.652906735008905,3.3063821398129996,0.013852746225893497,1.1068596839904785,0.18041571974754333,0.9842536449432373,-0.010498649440705776,-0.0012957124272361398,0.17644508183002472
85.13368975624678,-1.4047965700984109,-2.5108603922878046,-1.1181853453247403,-4.573100634364553,4.664017053082633,3.280620703955704,0.004110523033887148,1.1054778099060059,0.18043766915798187,0.9845648407936096,0.009089351631700993,0.0027645642403513193,0.17476239800453186
85.33054594204066,-1.392737762190512,-2.507759067064498,-1.123655505150883,-4.568948687428743,4.675159085254576,3.2547857327863206,-0.0056237424723804,1.1040210723876953,0.18049150705337524,0.9844552874565125,0.02873041294515133,0.006860853172838688,0.1731334775686264
85.52736753851411,-1.3806505030226504,-2.5046504246494066,-1.1291385711399264,-4.564786944489669,4.686327405667965,3.228889807210292,-0.015344749204814434,1.1024909019470215,0.18057776987552643,0.9839224815368652,0.04840528964996338,0.010990867391228676,0.1715596318244934
85.72416438043354,-1.3685352801869486,-2.5015345904431308,-1.134634322108578,-4.560615573429318,4.697521563800066,3.202933971852305,-0.025052201002836227,1.100886583328247,0.1806962490081787,0.9829638004302979,0.06810325384140015,0.015153694897890091,0.1700420379638672
85.92101505279777,-1.3563879897112947,-2.498410508972167,-1.1401446197154317,-4.556433161216272,4.708745351616855,3.176909434300871,-0.03474926948547363,1.0992075204849243,0.1808481365442276,0.9815769791603088,0.08782140165567398,0.0193500779569149,0.16858068108558655
86.11784210682151,-1.3442140307537962,-2.495279568810357,-1.1456670147749628,-4.552241566825158,4.7199937804333985,3.1508277617934075,-0.044431522488594055,1.0974547863006592,0.18103286623954773,0.9797605276107788,0.10754086077213287,0.023577451705932617,0.16717733442783356
86.31464431315896,-1.3320142998580666,-2.4921420005338364,-1.151201100593832,-4.548041098943332,4.731266021866172,3.124690875098417,-0.05409803241491318,1.0956275463104248,0.1812509447336197,0.9775132536888123,0.12725022435188293,0.027835240587592125,0.16583234071731567
86.51148639872906,-1.319785443224342,-2.4889969416009774,-1.1567483985347535,-4.543830602829899,4.7425651747409585,3.0984915889849156,-0.06375144422054291,1.0937261581420898,0.18150269985198975,0.9748331308364868,0.14694464206695557,0.03212367370724678,0.1645466536283493
86.80355661093915,-1.3075317497622814,-2.48584549504815,-1.1623069630470981,-4.5396115551917955,4.753887276214188,3.0722390920773703,-0.07338837534189224,1.0917506217956543,0.18178851902484894,0.9717202186584473,0.16660724580287933,0.03644057363271713,0.1633211225271225
87.04488197183777,-1.302796364765991,-2.498099776228328,-1.1453698135115011,-4.555228952991008,4.757845520249386,3.0614938632176174,-0.0789121687412262,1.097092628479004,0.17912887036800385,0.9693728685379028,0.17440082132816315,0.038376063108444214,0.16860555112361908
87.24186030990053,-1.300933443630168,-2.5165212457500563,-1.1194394818026152,-4.578785169487203,4.758981602561897,3.0566608535132946,-0.08289092779159546,1.1051973104476929,0.17519380152225494,0.9673359394073486,0.17767159640789032,0.03937910869717598,0.17647454142570496
87.43867412051726,-1.2990441645969375,-2.5352033549705926,-1.0931422698164177,-4.602674675635745,4.760133758953153,3.0517594630431377,-0.08690038323402405,1.1132006645202637,0.17110604047775269,0.9651933908462524,0.18097379803657532,0.04036816209554672,0.18444690108299255
87.63541472917963,-1.2971264110654528,-2.5541670338677274,-1.0664487162080305,-4.626924235375718,4.761303280209302,3.0467842006716195,-0.09094168245792389,1.121100664138794,0.1668604463338852,0.9629396200180054,0.18430973589420319,0.041343215852975845,0.1925300657749176
87.8271301830777,-1.2972601807857584,-2.5715987995696477,-1.0407774843063404,-4.648028884471139,4.763869039713366,3.0581668034645233,-0.09230049699544907,1.1292909383773804,0.16302107274532318,0.9626232981681824,0.1789359152317047,0.04424211382865906,0.1984458714723587
88.03337855468354,-1.3009337844528026,-2.5861385833535446,-1.0172353714658482,-4.663404780681161,4.768808852815202,3.097627998511273,-0.08897264301776886,1.1380559206008911,0.16003212332725525,0.9654623866081238,0.15860219299793243,0.05052057281136513,0.2004377841949463
88.428991083119,-1.3046515623675745,-2.600853204727173,-0.9934101700782776,-4.6789655685424805,4.773808066044943,3.137563705444336,-0.08548935502767563,1.1467270851135254,0.15695075690746307,0.9678807854652405,0.13799723982810974,0.056956227868795395,0.20228524506092072
88.59496093553624,-1.311809693248108,-2.6064648270175614,-0.9884039623555273,-4.6470387190299345,4.732818309286014,3.0877727497191656,-0.09117864817380905,1.1525530815124512,0.1437278538942337,0.9689135551452637,0.1547822505235672,0.02970734052360058,0.19069945812225342
88.76093515896075,-1.3189678700318381,-2.612073642404597,-0.9833968439166636,-4.615117742378655,4.691834182723784,3.03798048269181,-0.09690394252538681,1.158935308456421,0.13115817308425903,0.968916118144989,0.17218025028705597,0.00304447952657938,0.17761267721652985
88.92690938238526,-1.3261260003108248,-2.6176795779320554,-0.9783883184055688,-4.583203010701189,4.65085469042132,2.988188215664455,-0.10262299329042435,1.1658315658569336,0.1192670613527298,0.967847466468811,0.1901409775018692,-0.022941535338759422,0.1630680412054062
89.09288360580977,-1.3332839202142919,-2.623283175268875,-0.973377379001339,-4.551289542477562,4.609878728897269,2.9383959486370994,-0.10829538851976395,1.1731988191604614,0.1080741286277771,0.9656702876091003,0.20861288905143738,-0.04816344007849693,0.1471112072467804
89.25885782923429,-1.3404416240151165,-2.6288847807489937,-0.9683639215357327,-4.519376201793369,4.568903928088616,2.888603681609744,-0.11388116329908371,1.18099045753479,0.09759582579135895,0.9623492956161499,0.2275417149066925,-0.07253731787204742,0.1297951340675354
89.4248320526588,-1.3475987141565167,-2.6344845571553543,-0.9633469613063375,-4.487462264650105,4.527928984425333,2.8388114145823886,-0.11934223026037216,1.1891586780548096,0.08784601092338562,0.9578524827957153,0.24687138199806213,-0.09598284214735031,0.1111774817109108
89.59080627608331,-1.3547550706601041,-2.6400824745361495,-0.9583258302828749,-4.4555484635905245,4.486953362125197,2.789019147555033,-0.1246405839920044,1.19765305519104,0.07883487641811371,0.9521505832672119,0.26654359698295593,-0.1184227243065834,0.09132213890552521
89.75678049950783,-1.3619105036761328,-2.645678345046189,-0.9533003325866687,-4.423633597093007,4.445976918342272,2.739226880527678,-0.129740372300148,1.2064224481582642,0.07056789100170135,0.9452181458473206,0.2864985764026642,-0.13978420197963715,0.07029642909765244
89.92275472293234,-1.3690648246879065,-2.6512724850103715,-0.9482701026250474,-4.3917187160253555,4.40499931975257,2.6894346135003224,-0.13460685312747955,1.21541428565979,0.06304694712162018,0.9370328187942505,0.3066745400428772,-0.15999877452850342,0.04817305505275726
90.08872894635685,-1.3762176794770906,-2.6568647669020042,-0.943234700494294,-4.359803148659262,4.36401982199264,2.639642346472967,-0.1392076015472412,1.2245755195617676,0.05627000331878662,0.9275758266448975,0.3270084857940674,-0.17900319397449493,0.025027699768543243
90.25470316978137,-1.3833688688434052,-2.6624550308971346,-0.938193777471394,-4.327886034587655,4.323038340290997,2.589850079445612,-0.1435118019580841,1.233852505683899,0.05023112893104553,0.9168319702148438,0.34743621945381165,-0.19673879444599152,0.0009400502312928438
90.42067739320588,-1.3905181752413431,-2.668043805759454,-0.9331471536913593,-4.295967408977654,4.282055287076423,2.5400578124182562,-0.14748990535736084,1.243191123008728,0.044919759035110474,-0.9047900438308716,-0.36789244413375854,0.21315225958824158,0.024006234481930733
90.58665161663039,-1.397665551285419,-2.673631119471741,-0.9280946387632907,-4.264046853891019,4.241070015709028,2.4902655453909013,-0.15111494064331055,1.2525383234024048,0.04032157361507416,-0.8914420008659363,-0.3883107900619507,0.2281958907842636,0.04972495138645172
90.7526258400549,-1.4048110358154897,-2.679216546736671,-0.9230362914857588,-4.232123874857556,4.2000824890730755,2.440473278363546,-0.15436092019081116,1.261840581893921,0.036419712007045746,-0.876784086227417,-0.40862423181533813,0.24182714521884918,0.07612694054841995
90.91860006347942,-1.411954379305103,-2.684800465965329,-0.9179718513077828,-4.200198902487498,4.159092324124211,2.3906810113361905,-0.15720494091510773,1.2710449695587158,0.03319273889064789,-0.8608165383338928,-0.4287656545639038,0.25400999188423157,0.10312063992023468
91.08457428690393,-1.4190952917940698,-2.6903831100869597,-0.9129007555801711,-4.168271343490328,4.118099851094578,2.340888744308835,-0.15962624549865723,1.2801004648208618,0.030615128576755524,-0.8435426950454712,-0.4486674666404724,0.26471394300460815,0.13061292469501495
91.25054851032844,-1.4262342376370762,-2.6959640312876165,-0.90782362950642,-4.136341541885441,4.077104675265433,2.2910964772814797,-0.161604642868042,1.2889572381973267,0.028659656643867493,-0.8249706029891968,-0.4682619571685791,0.27391427755355835,0.15850873291492462
91.41652273375296,-1.4333709866513364,-2.7015435454591077,-0.9027404858506571,-4.104409545939495,4.036106502597903,2.2413042102541243,-0.16312341392040253,1.297566294670105,0.027294382452964783,-0.8051121830940247,-0.4874817728996277,0.2815932631492615,0.18671150505542755
91.58249695717747,-1.440505431961829,-2.7071218018293144,-0.8976512792685407,-4.072475195491255,3.9951055928473846,2.191511943226769,-0.16416746377944946,1.3058812618255615,0.026484712958335876,-0.7839825749397278,-0.5062599182128906,0.28773877024650574,0.21512450277805328
91.74847118060198,-1.4476375349548567,-2.712698802761452,-0.8925559330562773,-4.04053838902565,3.9541021721785743,2.1417196761994135,-0.16472351551055908,1.313857913017273,0.026193544268608093,-0.7616015076637268,-0.5245304703712463,0.2923443019390106,0.24365060031414032
91.9144454040265,-1.4547668047555304,-2.7182742378044358,-0.8874533276052139,-4.00859921458398,3.913094959868445,2.091927409172058,-0.16478192806243896,1.3214542865753174,0.02638182044029236,-0.7379917502403259,-0.5422281622886658,0.295411080121994,0.27219292521476746
92.08041962745101,-1.4618928135778866,-2.7238481797760223,-0.882343039679659,-3.976657267550448,3.8720838298252698,2.0421351421447027,-0.16433361172676086,1.3286322355270386,0.0270083025097847,-0.7131798267364502,-0.559289276599884,0.29694488644599915,0.30065542459487915
92.24639385087552,-1.4690160775296994,-2.729421111366723,-0.8772261994962175,-3.9447124882245537,3.8310693963994726,1.9923428751173473,-0.16337089240550995,1.335354208946228,0.0280265212059021,-0.6871971487998962,-0.5756504535675049,0.2969586253166199,0.32894110679626465
92.41236807430003,-1.4761365953720635,-2.7349928245803046,-0.8721028122629746,-3.9127648300158557,3.7900514353203913,1.942550608089992,-0.1618882119655609,1.3415870666503906,0.029391244053840637,-0.6600777506828308,-0.5912502408027649,0.2954710125923157,0.3569556474685669
92.57834229772455,-1.483254338025781,-2.7405630658876508,-0.8669728780135518,-3.8808142954062723,3.7490296903023093,1.8927583410626365,-0.15988191962242126,1.34730064868927,0.031054265797138214,-0.6318597793579102,-0.6060291528701782,0.2925066649913788,0.3846060037612915
92.74431652114906,-1.4903679517639576,-2.746131910078622,-0.8618339881014511,-3.8488590726722762,3.7080028361694657,1.8429660740352811,-0.15735211968421936,1.3524699211120605,0.032968372106552124,-0.6025828123092651,-0.6199302673339844,0.2880953848361969,0.41180261969566345
92.91029074457357,-1.497478273261222,-2.75169968644551,-0.8566877757410223,-3.8168997765519097,3.6669720092221856,1.793173807007926,-0.15429721772670746,1.3570702075958252,0.03508149832487106,-0.5722923874855042,-0.632897675037384,0.2822735607624054,0.4384557902812958
93.07626496799809,-1.504585236297409,-2.7572663075567134,-0.851534656417801,-3.7849374204433315,3.6259377938897623,1.7433815399805705,-0.15071772038936615,1.3610821962356567,0.03734228387475014,-0.5410370230674744,-0.6448779702186584,0.27508285641670227,0.46447882056236267
93.2422391914226,-1.5116886120930335,-2.762831638472091,-0.846374578297329,-3.7529725521511272,3.584900595889891,1.6935892729532152,-0.1466166079044342,1.3644897937774658,0.03969918563961983,-0.5088679790496826,-0.6558205485343933,0.2665705382823944,0.48978856205940247
93.40821341484711,-1.5187870265648262,-2.768395071930523,-0.8412055213477051,-3.7210051603363405,3.543860776274592,1.6437970059258598,-0.14199915528297424,1.3672822713851929,0.04210223630070686,-0.47583797574043274,-0.6656780242919922,0.25678789615631104,0.5143061876296997
93.57418763827162,-1.52588016301051,-2.7739566299578935,-0.8360276204240913,-3.6890366547265927,3.5028195414477885,1.5940047388985044,-0.13687025010585785,1.3694511651992798,0.044499725103378296,-0.4420045018196106,-0.6744052767753601,0.24579188227653503,0.5379552245140076
93.74016186169614,-1.5329685759605138,-2.779516403313888,-0.830842123764886,-3.6570681098945648,3.461777845614551,1.544212471871149,-0.13123512268066406,1.3709913492202759,0.046838484704494476,-0.40742823481559753,-0.6819598078727722,0.23364491760730743,0.5606630444526672
93.90613608512065,-1.5400519653854012,-2.7850742633283367,-0.8256488388558676,-3.6250998912477734,3.4207362991612413,1.4944202048437936,-0.1251002699136734,1.3719035387039185,0.049068719148635864,-0.37217116355895996,-0.6883028745651245,0.22041261196136475,0.5823624730110168
94.07211030854516,-1.5471287484480778,-2.7906296772125656,-0.82044586325739,-3.593132188255528,3.3796960531094893,1.4446279378164382,-0.11847525835037231,1.3721915483474731,0.05114148557186127,-0.3362967371940613,-0.6933994889259338,0.20616431534290314,0.6029908657073975
94.23808453196968,-1.5541978144111999,-2.7961820809602265,-0.8152320315443797,-3.561166643661619,3.3386580489731847,1.3948356707890828,-0.11136980354785919,1.3718637228012085,0.0530097633600235,-0.2998709976673126,-0.6972176432609558,0.19097399711608887,0.6224899888038635
94.40405875539419,-1.5612600342072647,-2.8017320215307606,-0.8100091555285401,-3.529203005338312,3.2976231791773682,1.3450434037617274,-0.10379086434841156,1.3709304332733154,0.05462472885847092,-0.26296353340148926,-0.6997285485267639,0.17491881549358368,0.6408068537712097
94.5700329788187,-1.5683150389183418,-2.8072794069075266,-0.804776874261125,-3.497241711368615,3.256592001060319,1.295251136734372,-0.09574770927429199,1.3694067001342773,0.055941298604011536,-0.22564426064491272,-0.7009074091911316,0.1580788493156433,0.6578940153121948
94.73600720224321,-1.5753619994425967,-2.8128239362086664,-0.7995341070962263,-3.465283655436171,3.2155652012384968,1.2454588697070168,-0.0872507095336914,1.3673112392425537,0.056916944682598114,-0.18798448145389557,-0.7007330656051636,0.1405370533466339,0.6737092733383179
94.90198142566773,-1.5823979682838487,-2.81836437456047,-0.7942774825532689,-3.4333290887381085,3.1745436292413105,1.1956666026796614,-0.07831299304962158,1.3646674156188965,0.05751466006040573,-0.15005451440811157,-0.6991888284683228,0.1223776787519455,0.6882166862487793
95.06795564909224,-1.5894256579032513,-2.8239018795775235,-0.7890102878810431,-3.401377231481717,3.1335258984695393,1.145874335652306,-0.06893999874591827,1.3614983558654785,0.05769246444106102,-0.11192995309829712,-0.696260392665863,0.10368864238262177,0.7013855576515198
95.2339299933565,-1.5964448243078386,-2.8294363302610743,-0.78373202557463,-3.369427842699413,3.0925117516725305,1.09608203237303,-0.059141263365745544,1.3578325510025024,0.05741560831665993,-0.07368483394384384,-0.6919382214546204,0.0845584124326706,0.7131913304328918
95.39990447440165,-1.603455168092428,-2.834967593615843,-0.7784421951744998,-3.3374806706484246,3.051500904346673,1.0462896880594856,-0.04892604053020477,1.353700041770935,0.056651391088962555,-0.0353938527405262,-0.6862165331840515,0.065076544880867,0.723615288734436
95.56587853903076,-1.6104546152931722,-2.8404950074498836,-0.7731383493854409,-3.305535926877872,3.010493580008218,0.9964974686707505,-0.03830578923225403,1.3491355180740356,0.05537271127104759,0.002869212068617344,-0.6790940761566162,0.045333344489336014,0.7326444387435913
95.73185288115279,-1.6174437812368803,-2.8460187114530133,-0.7678212318950733,-3.273593762417019,2.9694898515352337,0.9467051660341432,-0.027287542819976807,1.3441743850708008,0.05355267599225044,0.041028134524822235,-0.6705729961395264,0.025419611483812332,0.7402718663215637
95.89782726709518,-1.624424282715651,-2.8515397168141146,-0.7624930506939227,-3.241653865258634,2.928488950038014,0.8969128502514268,-0.015877261757850647,1.338853359222412,0.05116648972034454,0.07900576293468475,-0.6606594920158386,0.005427014082670212,0.746496856212616
96.0638015162417,-1.6313962385550307,-2.8570580433819495,-0.7571540541978717,-3.209716176681402,2.887490958925303,0.8471205755074727,-0.004082158207893372,1.3332107067108154,0.04819396883249283,0.11672671884298325,-0.6493642926216125,-0.014554068446159363,0.7513248324394226
96.22977564816894,-1.6383597797989888,-2.862573743689382,-0.7518045122069366,-3.1777807397851077,2.846495978939107,0.797328335929299,0.008091092109680176,1.327288269996643,0.04461994022130966,0.15411600470542908,-0.6367021799087524,-0.03443406522274017,0.7547667622566223
96.39575004999793,-1.645315057248692,-2.8680871367794607,-0.746444737785356,-3.145847811762409,2.8055039401377915,0.747536015380604,0.02063649892807007,1.321128249168396,0.04043267294764519,0.19109925627708435,-0.6226917505264282,-0.054124616086483,0.7568398714065552
96.56172461975765,-1.6522612255183053,-2.873597399262045,-0.7410739618092181,-3.113917090599613,2.764515167852476,0.6977436444526851,0.033547207713127136,1.3147740364074707,0.0356251560151577,0.2276042401790619,-0.6073557138442993,-0.07353921234607697,0.7575666904449463
96.7276987165802,-1.659199241887791,-2.8791056174969674,-0.7356933339088881,-3.0819885533186735,2.723528646867756,0.6479514154059183,0.046819254755973816,1.3082692623138428,0.030192099511623383,0.2635585069656372,-0.590720534324646,-0.0925925001502037,0.7569760680198669
96.89367304406227,-1.6661297981770133,-2.884611371886439,-0.7303037602155841,-3.050061501511226,2.6825444500910813,0.5981591171613017,0.06044928729534149,1.301658272743225,0.02413361705839634,0.29889151453971863,-0.5728167295455933,-0.11120248585939407,0.7551019191741943
97.0596474533551,-1.6730531190505864,-2.8901147298979604,-0.7249054391297295,-3.0181359296321366,2.6415622684052438,0.5483667943734529,0.0744333416223526,1.2949845790863037,0.01745389774441719,0.33353447914123535,-0.5536783337593079,-0.12928931415081024,0.7519835829734802
97.22562174570389,-1.6799691108231911,-2.8956156783017115,-0.719498776473172,-2.986211546792679,2.600581889858976,0.4985745066688172,0.08876799046993256,1.2882932424545288,0.010161099955439568,0.36742082238197327,-0.5333434343338013,-0.14677640795707703,0.7476652264595032
97.391596151897,-1.6868777089219784,-2.9011146578535127,-0.7140840200285146,-2.9542884591295913,2.5596031603727125,0.4487821848108809,0.1034504771232605,1.2816277742385864,0.00226624496281147,0.40048539638519287,-0.5118533372879028,-0.1635899692773819,0.7421966791152954
97.55757061953116,-1.6937788920243488,-2.9066115525842946,-0.708661513606678,-2.9223662601129927,2.518625687330663,0.3989898445206357,0.11847826838493347,1.2750310897827148,-0.006213974207639694,0.43266624212265015,-0.4892526865005493,-0.1796603947877884,0.7356316447257996
97.7235447672702,-1.7006726609647593,-2.912106632745923,-0.7032317334482288,-2.8904450793777903,2.477649530835581,0.3491976001989265,0.13384953141212463,1.2685452699661255,-0.015260845422744751,0.4639028012752533,-0.4655896723270416,-0.19492176175117493,0.7280288338661194
97.8895186774142,-1.7075592423561796,-2.917600306012388,-0.6977949916424497,-2.858524814967883,2.4366740081443505,0.299405427155726,0.1495630443096161,1.262210726737976,-0.02485126443207264,0.49413758516311646,-0.44091561436653137,-0.20931249856948853,0.7194509506225586
98.05549307504589,-1.7144389010736063,-2.9230924713394413,-0.6923515040457708,-2.826605002734384,2.3956993130083446,0.24961310786621815,0.16561803221702576,1.2560666799545288,-0.03495742008090019,0.5233166813850403,-0.4152847230434418,-0.22277602553367615,0.7099641561508179
98.22146745475466,-1.7213121680807524,-2.9285840010441904,-0.6869014910176372,-2.794685351427406,2.354724458543933,0.19982079395358512,0.18201413750648499,1.2501498460769653,-0.045550934970378876,0.5513880848884583,-0.38875412940979004,-0.23525989055633545,0.6996386051177979
98.38744188207677,-1.7281801562197798,-2.9340746064279832,-0.6814459497414869,-2.7627645631185325,2.3137490556364613,0.15002846575694995,0.19875207543373108,1.2444953918457031,-0.05659715458750725,0.5783038139343262,-0.3613836467266083,-0.24671736359596252,0.6885470151901245
98.55341630697355,-1.7350415269519386,-2.939564573975753,-0.6759835944428695,-2.730841182834538,2.2727712706484553,0.10023613828791583,0.21582989394664764,1.239136815071106,-0.06805947422981262,0.6040202975273132,-0.333234578371048,-0.2571054995059967,0.6767650246620178
98.7193904357374,-1.7418960263250374,-2.9450539483779163,-0.6705143889897932,-2.6989123403312387,2.231788364427937,0.050443899658760116,0.23324720561504364,1.2341042757034302,-0.07989896833896637,0.6284971237182617,-0.3043701648712158,-0.26638662815093994,0.664370596408844
98.88536293997217,-1.7487436532974243,-2.950542688369751,-0.6650384664535522,-2.6669769287109375,2.1907999515533447,0.0006521483883261681,0.2510033845901489,1.2294265031814575,-0.092072494328022,0.6516969799995422,-0.274856835603714,-0.2745291590690613,0.6514434218406677
99.04969496699283,-1.766554430280252,-2.9012430802635523,-0.6645793616552519,-2.67356951087906,2.1617056158164307,-0.00015625839353788088,0.2815132439136505,1.2320836782455444,-0.028337454423308372,0.6681548357009888,-0.2678563892841339,-0.2740364968776703,0.6377506852149963
99.21403136502077,-1.7806064733217062,-2.851942160855169,-0.6621639105461427,-2.6788370999028235,2.1313189988525427,-0.0009594668653810125,0.3075689673423767,1.2330578565597534,0.03609443083405495,0.6861643195152283,-0.25950562953948975,-0.27126234769821167,0.6230987310409546
99.37836776304871,-1.7892900348549141,-2.802641241446785,-0.6569585743812726,-2.682211817463084,2.09907513288288,-0.0017562479410670928,0.3272972106933594,1.2334460020065308,0.10142076760530472,0.706303596496582,-0.24896271526813507,-0.2655254602432251,0.6071645617485046
99.54270416107666,-1.7925146900997226,-2.753340322038402,-0.6489575942665313,-2.6836542093715465,2.0648127823908697,-0.0025568656635513876,0.3405665159225464,1.2334848642349243,0.1676385998725891,0.7283684015274048,-0.23609988391399384,-0.2566838264465332,0.5897877812385559
99.7070405591046,-1.7902010942204805,-2.704039402630018,-0.6381749141387153,-2.6831264787308964,2.028329667021853,-0.003375149280027344,0.347307950258255,1.233303189277649,0.23474697768688202,0.7520925998687744,-0.22077414393424988,-0.24460364878177643,0.5707752108573914
99.87137695713254,-1.7819872535172432,-2.6547384832216347,-0.6244593559164835,-2.680490262775198,1.9893562343010873,-0.0042221583763704116,0.3471786379814148,1.2331008911132812,0.30282333493232727,0.7772594690322876,-0.2027047872543335,-0.22907835245132446,0.5498195886611938
100.03571335516048,-1.7669887482326,-2.605437563813251,-0.6072870795970887,-2.6753830367960756,1.9474282732447994,-0.005109306861248933,0.33931154012680054,1.2332786321640015,0.37213173508644104,0.8037863969802856,-0.18132543563842773,-0.20973001420497894,0.5263665914535522
100.20004975318842,-1.7439041795611108,-2.5561366444048677,-0.5858216972795077,-2.667258457974399,1.9019093969561451,-0.006049582058465668,0.3224174976348877,1.2342880964279175,0.443157821893692,0.8315816521644592,-0.15584047138690948,-0.1860700249671936,0.49956339597702026
100.36337687698544,-1.7116608347242044,-2.507742672050546,-0.5595133766932355,-2.6556408835950855,1.8529112598170405,-0.007039786422416844,0.29531076550483704,1.2364286184310913,0.5152688026428223,0.8598716855049133,-0.12582449615001678,-0.158094584941864,0.46882280707359314
100.52771327501338,-1.6725598102416863,-2.4634703802399254,-0.5300004633235836,-2.6412223915539763,1.803610340408657,-0.008015944190498527,0.2601032853126526,1.2392042875289917,0.5840956568717957,0.8860810399055481,-0.0933031514286995,-0.1281026154756546,0.4355967938899994
100.69204967304132,-1.628692348468768,-2.4227311119184445,-0.4980920936956542,-2.624606991273352,1.7543094210002734,-0.008974238744743731,0.21931228041648865,1.2414095401763916,0.6503515243530273,0.9094759821891785,-0.05933303385972977,-0.09721483290195465,0.3998527526855469
100.85638607106927,-1.5814190153798833,-2.384957230001452,-0.4642163493242001,-2.606131575383483,1.7050085015918897,-0.009915500792240817,0.1746905893087387,1.242152214050293,0.7148175835609436,0.9296931028366089,-0.024668242782354355,-0.06619813293218613,0.36149677634239197
101.0202636115792,-1.5322557532269023,-2.349805352370112,-0.4290187758445537,-2.5862591846925893,1.6560140586089187,-0.010836057813710118,0.12815862894058228,1.2406158447265625,0.7777998447418213,0.9464086294174194,0.009710175916552544,-0.03590723127126694,0.3208223283290863
101.18460000960714,-1.4829548338185186,-2.3174476297916873,-0.3936127965904919,-2.5657238113822567,1.6083098632794766,-0.011722741842077838,0.08177714049816132,1.236348032951355,0.8385685682296753,0.9593470096588135,0.04256848990917206,-0.007406899705529213,0.2789019048213959
101.34893640763508,-1.433653914410135,-2.2875929397905224,-0.3580250011836732,-2.544540500319524,1.5616990244445765,-0.012583348818507466,0.035955555737018585,1.229353427886963,0.89748615026474,0.968790590763092,0.07374154031276703,0.019137736409902573,0.23588286340236664
101.51327280566302,-1.3843529950017515,-2.259633508438272,-0.3222276533089235,-2.5227642389151153,1.5157970969092411,-0.013428859565905697,-0.00895349495112896,1.2193857431411743,0.9553065299987793,0.9750329256057739,0.10315150022506714,0.043697893619537354,0.19173124432563782
101.67760920369096,-1.335052075593368,-2.2331876145193568,-0.286201250837961,-2.5004257462192045,1.4703632894101455,-0.014266070868622834,-0.05259227752685547,1.206275224685669,1.0124719142913818,0.9783041477203369,0.13067980110645294,0.06619885563850403,0.14649677276611328
101.8419456017189,-1.2857511561849844,-2.2081585283022944,-0.2498946424566942,-2.477461171202385,1.4253006162688908,-0.015097520224717114,-0.09464911371469498,1.1900509595870972,1.0690793991088867,0.9788047671318054,0.1561872810125351,0.08651650696992874,0.10030712187290192
102.00628199974685,-1.2364502367766006,-2.1841568326170457,-0.21332384975767696,-2.4539469902139786,1.380466629991245,-0.015925483115473576,-0.13468541204929352,1.1704738140106201,1.125488519668579,0.9767294526100159,0.17953404784202576,0.10455573350191116,0.05324643477797508
102.17061839777479,-1.1871493173682173,-2.1609483997820926,-0.17648941630051024,-2.4299146561932865,1.3357709508597937,-0.01675134814691382,-0.17224358022212982,1.1474289894104004,1.1818407773971558,0.9722598195075989,0.20057573914527893,0.12020966410636902,0.0054516056552529335
102.33495479580273,-1.1378483979598335,-2.138368006424518,-0.1393811947580817,-2.4053696145205055,1.2911433325249753,-0.017576204646040657,-0.20684033632278442,1.120883584022522,1.238165020942688,-0.9655745625495911,-0.21917004883289337,-0.13337357342243195,0.04291516914963722
102.49929119383067,-1.08854747855145,-2.1162797872656496,-0.10198882557149554,-2.380308369250472,1.2465206272409624,-0.01840054724467455,-0.23796521127223969,1.0908693075180054,1.2944151163101196,-0.9568518996238708,-0.23517876863479614,-0.14395064115524292,0.09167083352804184
102.66362759185861,-1.0392465591430664,-2.094627079824745,-0.06430421093065328,-2.3546892578336216,1.2018474534882106,-0.01922186003462054,-0.2651246190071106,1.057547688484192,1.3504257202148438,-0.9462733864784241,-0.24847126007080078,-0.1518557071685791,0.14060097932815552
102.82796392589529,-0.989945658932065,-2.0733019772365666,-0.026382253889325052,-2.3285741419622203,1.1570876971317272,-0.02003717598386896,-0.2877946197986603,1.0210901498794556,1.4059840440750122,-0.9340300559997559,-0.25894036889076233,-0.15702380239963531,0.1894235908985138
102.99230018923235,-0.9406447799309441,-2.0522527131171344,0.01175667748456036,-2.3019643845772984,1.1122054322709884,-0.02084359388211472,-0.30548977851867676,0.9817988276481628,1.4608120918273926,-0.920321524143219,-0.26649221777915955,-0.1594037413597107,0.23786668479442596
103.1566365872603,-0.8913438605225605,-2.0314314245835057,0.05009427664784728,-2.2748584401634484,1.0671654788516738,-0.021638270456271903,-0.31775176525115967,0.9400535821914673,1.5145944356918335,-0.9053544998168945,-0.27104997634887695,-0.1589621901512146,0.2856505811214447
103.32097284347502,-0.8420429836581441,-2.0107969860498307,0.0886106739098526,-2.2472572640815387,1.0219413068045524,-0.022418480931792283,-0.3241685926914215,0.8963157534599304,1.5669747591018677,-0.8893423080444336,-0.2725580334663391,-0.15568327903747559,0.33248305320739746
103.48530918463403,-0.792742081310438,-1.9903335627756935,0.12727054003830215,-2.219188082232445,0.9765520056920234,-0.023182069574303493,-0.3244229853153229,0.8511441349983215,1.6175259351730347,-0.8725124597549438,-0.27100297808647156,-0.14956584572792053,0.37803351879119873
103.64964539458587,-0.7434412183248873,-1.9700437338328998,0.1660261650719389,-2.190698370087359,0.9310515122339992,-0.023927346905684106,-0.31831327080726624,0.8051875829696655,1.6657711267471313,-0.8551039099693298,-0.26641950011253357,-0.1406322717666626,0.42194849252700806
103.81398178200779,-0.6941403020983157,-1.9499402445059413,0.20482943392373665,-2.1618249733445505,0.885497387216372,-0.024651803212119364,-0.30575844645500183,0.7591659426689148,1.7112263441085815,-0.8373581767082214,-0.25887927412986755,-0.12893453240394592,0.4638843238353729
103.97831814933683,-0.644839391899604,-1.930026293127857,0.24362755712522752,-2.1326244407395842,0.8399522494175883,-0.02535389800217438,-0.2867930829524994,0.7138359546661377,1.7534157037734985,-0.8195173144340515,-0.2484951764345169,-0.11455804854631424,0.5035055875778198
104.14265433007095,-0.5955385376793672,-1.9102949461505363,0.282376510784214,-2.103160693340533,0.7944692977516666,-0.0260333271788221,-0.26156261563301086,0.6699680089950562,1.7918922901153564,-0.801815927028656,-0.23541103303432465,-0.09762050956487656,0.5405024290084839
104.30699057872732,-0.5462376630824546,-1.8907172042169265,0.32106031392759826,-2.073469414811577,0.7490760438771088,-0.026690679479579066,-0.23028895258903503,0.6283120512962341,1.8262662887573242,-0.7844695448875427,-0.21977472305297852,-0.07825735211372375,0.5746150016784668
104.47132701814614,-0.4969367312568093,-1.871215758093109,0.3597068281951144,-2.0435681643288652,0.7037611288448201,-0.02732943370864535,-0.1932021528482437,0.5895555019378662,1.856209397315979,-0.7676663994789124,-0.20171576738357544,-0.0566105917096138,0.6056352853775024
104.63566352318624,-0.4476357797447811,-1.8517054483849766,0.39835169618232746,-2.0134696866528934,0.6585062908096662,-0.02795349602081243,-0.15061074495315552,0.5543644428253174,1.8814021348953247,-0.7515786290168762,-0.18136921525001526,-0.0328342467546463,0.6333693265914917
104.7999999714933,-0.39833484525265916,-1.8321028415314837,0.4370298121657,-1.9831857817692375,0.6132937669859133,-0.028566637818568674,-0.10292275249958038,0.5233822464942932,1.9015254974365234,-0.7363631725311279,-0.15888206660747528,-0.00709651131182909,0.6576285362243652
104.96433636952125,-0.3490339258442754,-1.8123253225879874,0.475775788338055,-1.9527269363857327,0.5681062799578913,-0.029172532289899925,-0.05064525455236435,0.4972151815891266,1.916264533996582,-0.7221624255180359,-0.13441306352615356,0.020420841872692108,0.6782311201095581
105.12867269678888,-0.299733027663984,-1.7922888229978844,0.5146214498749284,-1.9221032844619834,0.5229271069907506,-0.029774644302143032,0.005617106333374977,0.4764188826084137,1.925313949584961,-0.7091026306152344,-0.10813294351100922,0.04952246695756912,0.6950022578239441
105.29300891028788,-0.250432163614286,-1.7719002351413657,0.5535853038879668,-1.8913239942380249,0.47774069537593966,-0.030375699943886288,0.06516814976930618,0.4614826440811157,1.9283828735351562,-0.6972943544387817,-0.08022546768188477,0.07999897748231888,0.7077743411064148
105.45734530829094,-0.20113124421336714,-1.7510590235345638,0.5926769174552382,-1.860397782695695,0.43253246080231605,-0.030977912100184916,0.12722617387771606,0.4528162479400635,1.9251993894577026,-0.6868299841880798,-0.05088664963841438,0.11162787675857544,0.7163897752761841
105.62168138691972,-0.1518304206247344,-1.7296602730116308,0.6319050795432892,-1.8293328407551965,0.3872877528893221,-0.031583459700954546,0.19093313813209534,0.45073628425598145,1.9155139923095703,-0.6777831315994263,-0.02032266929745674,0.14417479932308197,0.7207014560699463
105.78601806535967,-0.10252941709274725,-1.7075787936347864,0.6712827314740617,-1.7981336607742446,0.3419897901698464,-0.032194724747814235,0.25539326667785645,0.4554513096809387,1.8990992307662964,-0.6702044010162354,0.011258911341428757,0.17740117013454437,0.7205748558044434
105.9503546039297,-0.05322845552173772,-1.6846583940285071,0.7108283373318187,-1.7668035206800117,0.29661846562252275,-0.032814484693907464,0.319701224565506,0.4670566916465759,1.875739336013794,-0.6641190648078918,0.04365406930446625,0.2110670506954193,0.7158846855163574
106.1146908324552,-0.003927586964086424,-1.6608250406762661,0.7505596918362692,-1.7353490135008651,0.25115332798603146,-0.03344378568566842,0.3827582597732544,0.4855358600616455,1.8452688455581665,-0.6595415472984314,0.07661781460046768,0.2448916733264923,0.7065144777297974
106.27902719654735,0.045373322263556906,-1.6359971850543094,0.7905333620877986,-1.7037560855194285,0.20555582706146985,-0.03408157111627373,0.44347357749938965,0.510723888874054,1.807550311088562,-0.6564570665359497,0.10992360860109329,0.2785990238189697,0.6923606991767883
106.4433637461581,0.09467428714678398,-1.6100918037915561,0.8308164812815764,-1.6720061638300001,0.1597818132254953,-0.03472622557880175,0.5007392764091492,0.5423033833503723,1.7624843120574951,-0.6548259258270264,0.1433405578136444,0.31190428137779236,0.67332923412323
106.60770006175049,0.14397518182450045,-1.583014399279848,0.8714824123171391,-1.6400785272442113,0.11378340174349058,-0.03537608097000837,0.5534546971321106,0.57979816198349,1.710013747215271,-0.6545805931091309,0.17663203179836273,0.34451431035995483,0.6493344306945801
106.7720364120558,0.19327608691609022,-1.55465669455597,0.9126119755075017,-1.6079498885482661,0.06750776176750856,-0.03602937325788298,0.6005443334579468,0.6225690245628357,1.6501249074935913,-0.6556240916252136,0.20955635607242584,0.37612834572792053,0.6202987432479858
106.93637275127497,0.24257698868184263,-1.5248783541523758,0.9543003602747908,-1.575585757921405,0.020884735878852867,-0.03668463880291926,0.6410025358200073,0.6698184013366699,1.5828317403793335,-0.657825231552124,0.2418791502714157,0.4064420163631439,0.5861444473266602
107.10070929747941,0.29187795254317245,-1.493206013091799,0.9967813678557638,-1.5428510970215799,-0.026305832712173884,-0.037343163735972684,0.6743312478065491,0.7207202911376953,1.507773756980896,-0.6609797477722168,0.2735692858695984,0.4352421760559082,0.5466532111167908
107.26504540381809,0.34117878444477817,-1.4592963598670015,1.0402367914982837,-1.5096069202623625,-0.07428753864280213,-0.038007578061600565,0.699718713760376,0.7742364406585693,1.4247276782989502,-0.6648691892623901,0.3044790029525757,0.46221622824668884,0.501595139503479
107.42908513213634,0.3903907029402515,-1.42279522099641,1.0848011025993092,-1.4757578986157311,-0.12322399004504563,-0.03867959654122338,0.7163422703742981,0.8290414214134216,1.3336031436920166,-0.6692067980766296,0.3343852162361145,0.4869822859764099,0.450773686170578
107.59342107399166,0.4385548303593297,-1.3837428812528023,1.1299370425435833,-1.4417358602538684,-0.17252477260164495,-0.039350125149711625,0.7236679196357727,0.8827459812164307,1.235752820968628,-0.6735129356384277,0.3626960813999176,0.508838415145874,0.3948611319065094
107.75775704011421,0.4847433928067137,-1.34175454182985,1.1753288921505949,-1.4078261335411144,-0.22182556243841167,-0.04001368548848286,0.7222571969032288,0.933123767375946,1.1320854425430298,-0.6771544814109802,0.3891870975494385,0.5273772478103638,0.33446744084358215
107.92209315823231,0.5289995338816946,-1.2970243420120675,1.2209352290510556,-1.3740199283379417,-0.2711263978738411,-0.04067475283958707,0.7117560505867004,0.9784574508666992,1.023900032043457,-0.6797195076942444,0.41341957449913025,0.5423696041107178,0.2700015604496002
108.08570397085151,0.570550088117521,-1.2490577853244282,1.2665868630946158,-1.3404879352614323,-0.3202096416596001,-0.04133562869686922,0.6934248208999634,1.016873836517334,0.9121078252792358,-0.6804814338684082,0.43533778190612793,0.5537052750587463,0.20208044350147247
108.25004036887945,0.6078086932059072,-1.199756865916045,1.3105323956756518,-1.3084881109606326,-0.3672215727800532,-0.041976721674372254,0.6689679622650146,1.0459715127944946,0.8022950887680054,-0.6789833307266235,0.4540312886238098,0.5611594915390015,0.13392993807792664
108.41437710691214,0.6399470589205684,-1.1504558445062405,1.3516971353692921,-1.2787758403349585,-0.4110388198150526,-0.04258675928630377,0.6409224271774292,1.0652074813842773,0.6982522010803223,-0.6750384569168091,0.4693492352962494,0.5651625990867615,0.06801138818264008
108.57871296128441,0.6675442231728914,-1.1011550881945602,1.3903729877451811,-1.2511160701401705,-0.45198584871180997,-0.04316973646829827,0.6106905937194824,1.0755794048309326,0.6002368927001953,-0.6686471104621887,0.48170584440231323,0.5664358139038086,0.004580190870910883
108.743049165599,0.6918919842625968,-1.0518542269001836,1.4272309164054746,-1.2249698988259905,-0.49081369172386763,-0.04373209476173267,0.5782222151756287,1.0783107280731201,0.5079388618469238,0.6600173115730286,-0.49129366874694824,-0.5654858946800232,0.056863103061914444
108.90738507565415,0.7132257174529952,-1.002553453883639,1.462351900476674,-1.2002885059512325,-0.5275870173709446,-0.04427354825651178,0.5445058345794678,1.074245572090149,0.4215767979621887,0.6491835117340088,-0.4983843266963959,-0.5627681016921997,0.11604258418083191
109.07172128713206,0.7322114176702279,-0.9532525904402652,1.496061260827248,-1.1768176713885548,-0.5626588013552114,-0.044796512460227644,0.5096814036369324,1.0642852783203125,0.3410310447216034,0.6362924575805664,-0.5031207203865051,-0.5585910677909851,0.17313988506793976
109.23605796002781,0.7492898617832084,-0.9039515885715431,1.5285782739103075,-1.1543723100725372,-0.5962888573780359,-0.045301186340408243,0.4739871621131897,1.0491793155670166,0.2662366032600403,0.6214615106582642,-0.5056396722793579,-0.553191065788269,0.22824032604694366
109.40039397481513,0.7641693901996287,-0.8546507841353467,1.5596842346253048,-1.1331110293201323,-0.6282586683353234,-0.045778309340739926,0.43856608867645264,1.029664158821106,0.19732800126075745,0.6047257781028748,-0.5062589049339294,-0.5469350814819336,0.28083905577659607
109.56472996610435,0.7773009217000478,-0.8053499867485808,1.5896371736935397,-1.1127865116553504,-0.6589199527559175,-0.04622710282970775,0.4033397138118744,1.0063923597335815,0.1340567022562027,0.5862358808517456,-0.5050669312477112,-0.5399583578109741,0.33117949962615967
109.72906612000243,0.7882459189278458,-0.7560491405791592,1.618098420862591,-1.0936276201555575,-0.6879617199822905,-0.04663041414568054,0.36941641569137573,0.9801458120346069,0.07638157904148102,0.5660731792449951,-0.5024217963218689,-0.5326449275016785,0.37871208786964417
109.89340236233744,0.7973740882620782,-0.7067482678786567,1.645289844084077,-1.0754331187285435,-0.715668464929038,-0.046989793884561655,0.3366084694862366,0.9514922499656677,0.023961719125509262,0.5443978905677795,-0.4983969032764435,-0.5250973105430603,0.42367929220199585
110.05773876036538,0.804855751052003,-0.6574473484702734,1.671328056002179,-1.0581121293835116,-0.7421661991809284,-0.04730886461224257,0.30493468046188354,0.9209458231925964,-0.023488489910960197,0.5213384628295898,-0.49310144782066345,-0.5174449682235718,0.46616286039352417
110.22207337025398,0.8112906217575073,-0.6081469655036926,1.6966328620910645,-1.0413466691970825,-0.7678950428962708,-0.04760230332612991,0.2737904489040375,0.8887750506401062,-0.06622970104217529,0.4970099627971649,-0.4864310026168823,-0.5095999836921692,0.5066298246383667
110.28548083850373,0.8043496930277008,-0.6153576190463178,1.7138152100402595,-1.060368909672008,-0.7732067597835021,-0.03842464501561928,0.27395156025886536,0.8790450692176819,-0.06635286659002304,0.4976175129413605,-0.4889568090438843,-0.5078099966049194,0.5053977966308594
110.48012638115515,0.7974052518967861,-0.6225719175117391,1.7310063722479283,-1.0794007761985938,-0.7785211606519219,-0.02924234615217757,0.27396249771118164,0.8693132400512695,-0.06644557416439056,0.49820366501808167,-0.4915286600589752,-0.5059914588928223,0.5041481256484985
110.67477013566722,0.7904574135304939,-0.6297897452273203,1.7482059444087286,-1.0984419531547802,-0.7838381613365545,-0.020055555288593943,0.27382326126098633,0.859582245349884,-0.06650739908218384,0.4987674951553345,-0.4941462576389313,-0.5041441917419434,0.5028808116912842
110.86941597634186,0.7835059476008353,-0.6370113414714748,1.7654144967061693,-1.1174930717751703,-0.7891579381014419,-0.010863967873300953,0.27353435754776,0.8498542904853821,-0.06653790920972824,0.4993079900741577,-0.49680960178375244,-0.502268373966217,0.501595675945282
111.15656280120761,0.7767692071788284,-0.6448756641187081,1.7822070286971738,-1.1346914979336018,-0.7912693561663645,-0.0024844891588468726,0.2730892598628998,0.8413124084472656,-0.06560438871383667,0.49899792671203613,-0.5000622272491455,-0.5013163089752197,0.49962058663368225
111.48144828581297,0.7720135958357478,-0.6586335782482329,1.795156359018084,-1.1348495407178842,-0.7639074237755412,-0.0015755796789688708,0.2725971043109894,0.843544065952301,-0.05614133179187775,0.49101439118385315,-0.5082579255104065,-0.5090270042419434,0.4913961589336395
111.69152013522515,0.767207035170323,-0.6725388880228601,1.808244422207823,-1.135009276696202,-0.736252348860493,-0.0006569325820462229,0.2722577154636383,0.8457236886024475,-0.04666658118367195,0.48280903697013855,-0.5163928270339966,-0.51670241355896,0.4829619824886322
111.90126235765491,0.7630034920794083,-0.6811912266736239,1.8180171746883356,-1.1367330337471273,-0.7283445426891102,-8.946512433107179e-05,0.27214425802230835,0.843226432800293,-0.04131610319018364,0.47973906993865967,-0.5194414258003235,-0.5194833278656006,0.47975829243659973
112.24691571440357,0.7598057148141522,-0.6814998258958794,1.8224595435623294,-1.1408768441257264,-0.7514353491395952,-7.964221167115358e-05,0.27225130796432495,0.8335520029067993,-0.04237200319766998,0.4848829507827759,-0.5146457552909851,-0.5146840810775757,0.484900563955307
112.44155633967179,0.7566099556640646,-0.6818082303613652,1.8268991088601934,-1.1450180393482694,-0.7745115829970296,-6.98254982450764e-05,0.27245253324508667,0.8238782286643982,-0.04341604933142662,0.4899756610393524,-0.5098022818565369,-0.5098370313644409,0.48999154567718506
112.63620137940902,0.7534155319001442,-0.6821165059563578,1.8313368190326214,-1.1491575041228794,-0.7975781741742627,-6.0012886850066346e-05,0.27274787425994873,0.8142054080963135,-0.044448547065258026,0.4950179159641266,-0.5049106478691101,-0.5049414038658142,0.49503201246261597
112.99203157230738,0.750193854675985,-0.6824477045231508,1.8358722036958022,-1.1534088742785125,-0.8204289144199289,-1.2973089865553922e-05,0.273118257522583,0.804550051689148,-0.04548455402255058,0.49995437264442444,-0.5000399351119995,-0.5000467896461487,0.4999588429927826
113.34886451923899,0.7366324458147543,-0.6911715726422294,1.8765680850157462,-1.1989684223204722,-0.7675715878292094,0.013601109156674035,0.26683011651039124,0.8002232313156128,-0.051543209701776505,0.48434126377105713,-0.5197359323501587,-0.5130172967910767,0.4817688763141632
113.56353142666815,0.7215042644605147,-0.7009033239939035,1.9219656303060992,-1.249791541971877,-0.7086075649354922,0.028788049341478064,0.26044756174087524,0.7954598069190979,-0.05713096261024475,0.46599817276000977,-0.5405484437942505,-0.5273343920707703,0.4610547423362732
113.80772362320789,0.7042707646384789,-0.7119893978093906,1.9736809403200763,-1.3076874782353818,-0.6414377938803201,0.046088485186580055,0.25399261713027954,0.7900177240371704,-0.061939921230077744,0.44397133588790894,-0.5627124905586243,-0.543430507183075,0.4369523227214813
114.08963479932365,0.6843448651869066,-0.7248074553392747,2.0334757630831097,-1.374628530056216,-0.5637740507026802,0.06609177811475773,0.24760346114635468,0.783558189868927,-0.06536442041397095,0.41709527373313904,-0.5862104296684265,-0.5617299675941467,0.40847069025039673
114.40518285921007,0.6620021578972037,-0.739180212168085,2.1005230863761466,-1.4496888469133156,-0.4766904896791027,0.08852126591834045,0.24177110195159912,0.7758927941322327,-0.06639355421066284,0.3853060305118561,-0.6097386479377747,-0.5818116664886475,0.37583646178245544
114.71981759463985,0.6396825314088854,-0.7535381214342696,2.167501147429285,-1.5246716238267206,-0.38969688903274247,0.11092758327321986,0.23727628588676453,0.7675567865371704,-0.0643756166100502,0.3519750237464905,-0.6301588416099548,-0.6013650298118591,0.3425981104373932
115.23015791185985,0.625183223061774,-0.7617059111176921,2.20997096356403,-1.571968013487958,-0.32940975656474497,0.13693463366391567,0.2359340935945511,0.7627769708633423,-0.06189056858420372,0.3241322934627533,-0.6441236138343811,-0.6126132011413574,0.3236480951309204
115.68445735276089,0.630943629924388,-0.7526533888808934,2.187885951091882,-1.546094777609369,-0.33445592964268195,0.1839629015738489,0.24086830019950867,0.7703396081924438,-0.06551674008369446,0.3080035448074341,-0.6506089568138123,-0.6019302606582642,0.3457190692424774
115.87911509573803,0.6367522308089126,-0.7435251293801421,2.1656161659812105,-1.5200050751987155,-0.33954432115790695,0.23138462804115928,0.245721235871315,0.7780086398124695,-0.06903299689292908,0.291595995426178,-0.656697154045105,-0.5904048681259155,0.36761748790740967
116.07375041246758,0.6426076705819745,-0.7343232622176158,2.143166803722222,-1.4937049929242228,-0.3446737440002542,0.2791887496849339,0.2504879832267761,0.7857810854911804,-0.07243512570858002,0.2749232351779938,-0.6623721718788147,-0.5780335068702698,0.38930389285087585
116.26839513555512,0.648511381286524,-0.725045536927165,2.120532373958565,-1.4671880986733812,-0.3498454526534354,0.32738695777996063,0.2551654577255249,0.7936578989028931,-0.07572046667337418,0.25799137353897095,-0.6676210165023804,-0.5648080706596375,0.410748690366745
116.46303382367239,0.6544632838032065,-0.7156920778454434,2.0977131800285216,-1.4404547478158318,-0.3550593778081179,0.37597860639162395,0.25974956154823303,0.8016378283500671,-0.07888547331094742,0.24081163108348846,-0.6724292039871216,-0.5507246255874634,0.4319155812263489
116.6576724186574,0.6604639591251341,-0.7062619719374541,2.0747069944435785,-1.413502330783851,-0.36031602841998295,0.4249684387785799,0.26423680782318115,0.8097202777862549,-0.08192670345306396,0.22339433431625366,-0.6767829656600952,-0.5357794165611267,0.45276936888694763
116.85231160968885,0.6665135346057561,-0.6967550190663035,2.0515133289391754,-1.3863302755612736,-0.36561551605190507,0.47435749466116234,0.26862311363220215,0.8179042935371399,-0.08484102040529251,0.20575132966041565,-0.6806682348251343,-0.5199710130691528,0.47327283024787903
117.2438565014056,0.6726124802077554,-0.6871704806821396,2.028130381709996,-1.3589364712806502,-0.37095825239581753,0.5241496108397017,0.27290499210357666,0.8261890411376953,-0.08762459456920624,0.18789459764957428,-0.6840714812278748,-0.5032984614372253,0.49338871240615845
118.1506856420516,0.6978828282557342,-0.6732595521423154,1.9628456642410703,-1.2996508485605915,-0.5021516496376159,0.5335604871927732,0.26813453435897827,0.8250375390052795,-0.08700991421937943,0.23480211198329926,-0.668797492980957,-0.458952933549881,0.535667896270752
119.0320053165526,0.7313138972963367,-0.657259673761616,1.8794216428645678,-1.2262700659018002,-0.6858707055532599,0.5276696345537983,0.26763224601745605,0.8172281980514526,-0.08198974281549454,0.3056347370147705,-0.6386613249778748,-0.3987199366092682,0.582856297492981
119.92948508417918,0.7539905575153869,-0.646406781048416,1.8228342156254287,-1.1764950774639376,-0.8104893530067381,0.5236738047006674,0.27281254529953003,0.8110959529876709,-0.07657737284898758,0.3516175150871277,-0.6135059595108032,-0.3554682433605194,0.6112428903579712
120.30703156120373,0.7588779691470522,-0.635600941815936,1.8113542645265115,-1.1758628872705839,-0.8119041119531408,0.5237048589920986,0.2732204794883728,0.8161513805389404,-0.08386309444904327,0.3535536527633667,-0.6124047040939331,-0.3535342514514923,0.6123510599136353
120.50168164870931,0.7629897577373562,-0.6247347301519114,1.8018463091131547,-1.177447788994167,-0.8077595066502821,0.5239180665870283,0.2732149362564087,0.8216997385025024,-0.09185917675495148,0.3535553216934204,-0.6124705076217651,-0.3534982204437256,0.6123051047325134
120.80916383598236,0.7670939604388636,-0.6138885656939905,1.7923558950424194,-1.1790297667132776,-0.8036225477801722,0.5241308808326721,0.2731139063835144,0.8271940350532532,-0.09989829361438751,0.35355713963508606,-0.6125355958938599,-0.35346290469169617,0.6122593283653259
120.97385325013867,0.7677448974153426,-0.613657348275104,1.7911176715788928,-1.1780344433370542,-0.8029691286176099,0.5735377050795645,0.27314692735671997,0.8281164765357971,-0.09978268295526505,0.3383222222328186,-0.6210833787918091,-0.33823367953300476,0.6207990646362305
121.13854365770572,0.7683956409106281,-0.6134262712272842,1.789879788774262,-1.1770390977673895,-0.802315854294177,0.6229448273496808,0.2731788158416748,0.8290387988090515,-0.09966641664505005,0.32288068532943726,-0.6292523741722107,-0.32279813289642334,0.6289600729942322
121.30323406527278,0.769046260446964,-0.6131953031943054,1.7886421959044179,-1.1760440192051456,-0.8016625561282994,0.672351949619797,0.2732096314430237,0.8299611210823059,-0.09954945743083954,0.3072420060634613,-0.6370375752449036,-0.3071659803390503,0.6367374658584595
121.46792447283983,0.7696968019691861,-0.6129643958653098,1.7874047019182868,-1.175049036344597,-0.8010092883147968,0.7217590718899133,0.2732391357421875,0.8308836221694946,-0.09943168610334396,0.2914157509803772,-0.6444340944290161,-0.29134657979011536,0.6441262364387512
121.63261488040688,0.7703472421293863,-0.6127335379237271,1.7861673675205212,-1.174054035365507,-0.8003560508641273,0.7711661941600296,0.2732675075531006,0.8318058848381042,-0.09931342303752899,0.275411456823349,-0.6514376401901245,-0.27534958720207214,0.6511222124099731
121.79730528797393,0.770997680044637,-0.6125026558152782,1.7849300157485606,-1.1730590534305967,-0.7997028109963807,0.8205733164301459,0.27329468727111816,0.8327286839485168,-0.09919444471597672,0.2592390775680542,-0.6580437421798706,-0.25918474793434143,0.6577208042144775
121.96199569554098,0.7716481224594869,-0.6122718239159177,1.7836926812642717,-1.1720640820054653,-0.7990496241192977,0.8699804387002621,0.273320734500885,0.8336514234542847,-0.09907469898462296,0.24290841817855835,-0.6642484068870544,-0.2428620308637619,0.6639183759689331
122.12668610310803,0.7722985429964349,-0.6120409895864581,1.782455479309149,-1.1710691427219313,-0.7983964684950601,0.9193875609703783,0.273345410823822,0.8345744013786316,-0.09895437210798264,0.22642944753170013,-0.6700478792190552,-0.22639121115207672,0.6697106957435608
122.29137651067508,0.7729489526354395,-0.611810139722661,1.781218258433921,-1.1700741430511457,-0.7977433020382478,0.9687946832404947,0.2733688950538635,0.8354973793029785,-0.09883349388837814,0.20981216430664062,-0.6754385232925415,-0.2097824662923813,0.6750947833061218
122.45606691824213,0.7735993586332343,-0.611579339332768,1.7799809544402723,-1.1690790224117704,-0.7970901132443357,1.018201805510611,0.2733914256095886,0.8364207148551941,-0.09871166199445724,0.19306674599647522,-0.6804171800613403,-0.193045973777771,0.6800668239593506
122.62075732580918,0.7742497152568961,-0.6113485379030882,1.7787438704166805,-1.168084039824817,-0.7964369437434051,1.0676089277807272,0.2734125256538391,0.8373438715934753,-0.09858947992324829,0.17620331048965454,-0.6849806904792786,-0.17619171738624573,0.684624195098877
122.78544773337623,0.7749001098818469,-0.6111177782898712,1.7775067880623558,-1.1670889615117745,-0.7957837838658656,1.1170160500508435,0.2734323740005493,0.8382672667503357,-0.09846639633178711,0.15923233330249786,-0.6891263127326965,-0.15923021733760834,0.6887639164924622
122.95013814094328,0.7755504884733673,-0.6108870192744873,1.7762696230121138,-1.1660938505135183,-0.7951306035550584,1.1664231723209597,0.27345120906829834,0.8391909003257751,-0.098342664539814,0.14216399192810059,-0.6928515434265137,-0.142171710729599,0.6924834847450256
123.11482854851033,0.7762008496814528,-0.6106562312402689,1.7750324597269054,-1.165098748355129,-0.7944774181552425,1.215830294591076,0.27346891164779663,0.8401146531105042,-0.0982183888554573,0.12500888109207153,-0.6961540579795837,-0.1250266432762146,0.6957805156707764
123.27951895607738,0.7768511966639016,-0.6104253988807942,1.7737953583407828,-1.1641036754850806,-0.7938242380528009,1.2652374168611922,0.2734851837158203,0.8410384654998779,-0.09809347987174988,0.10777720808982849,-0.6990318298339844,-0.10780541598796844,0.6986532807350159
123.44420936364443,0.7775015797733772,-0.6101945912415574,1.7725583229124817,-1.1631084880164073,-0.7931710407440099,1.3146445391313084,0.27350038290023804,0.841962456703186,-0.09796779602766037,0.09047974646091461,-0.7014832496643066,-0.0905185416340828,0.7010998725891113
123.60889977121148,0.778151979300412,-0.609963757157072,1.7713212417134037,-1.1621133114451565,-0.7925178060230524,1.3640516614014246,0.2735142111778259,0.8428865671157837,-0.09784157574176788,0.07312686741352081,-0.703506588935852,-0.07317657768726349,0.7031188011169434
123.77359017877853,0.7788023860830923,-0.6097329064664183,1.770084137251261,-1.161118163004694,-0.7918645652903712,1.413458783671541,0.2735269069671631,0.8438108563423157,-0.09771470725536346,0.05572928488254547,-0.7051007747650146,-0.055790118873119354,0.7047088146209717
123.93828058634558,0.7794527899952232,-0.6095020465174017,1.7688470322266194,-1.1601230784589238,-0.7912113607958423,1.4628659059416573,0.2735384702682495,0.8447354435920715,-0.09758718311786652,0.03829765319824219,-0.7062647938728333,-0.03836977481842041,0.7058689594268799
124.10297099391263,0.7801032277345334,-0.6092711786782661,1.7676099257337772,-1.159127844570544,-0.7905581529097169,1.5122730282117736,0.2735487222671509,0.8456598520278931,-0.09745896607637405,0.020842421799898148,-0.7069978713989258,-0.02092614583671093,0.706598699092865
124.26766140147969,0.7807536505568052,-0.6090402770439597,1.766372797951473,-1.1581326124143774,-0.78990489719382,1.5616801504818898,0.2735578417778015,0.846584677696228,-0.09733014553785324,0.00337433279491961,-0.707299530506134,-0.0034698552917689085,0.7068973779678345
124.43235180904674,0.7814040397734013,-0.6088093251724713,1.7651356374489349,-1.1571374287135439,-0.789251567995833,1.611087272752006,0.2735658288002014,0.847509503364563,-0.09720069169998169,-0.014095974154770374,-0.707169771194458,0.013988291844725609,0.7067646980285645
124.59704221661379,0.7820545063416288,-0.6085783847817254,1.7638985513493928,-1.156142343133904,-0.7885982954534533,1.6604943950221225,0.27357250452041626,0.8484345078468323,-0.09707058221101761,-0.031557708978652954,-0.7066085934638977,0.031437844038009644,0.7062010765075684
124.76173262418084,0.7827049777487126,-0.6083474596130114,1.7626614361706938,-1.1551471902710067,-0.7879449973185062,1.7099015172922387,0.27357804775238037,0.8493596315383911,-0.09693986177444458,-0.04900034889578819,-0.7056162357330322,0.0488680936396122,0.7052066922187805
124.92642303174789,0.7833554481294246,-0.6081165512964963,1.7614242804549702,-1.1541519500257023,-0.7872916642713942,1.759308639562355,0.2735822796821594,0.8502849340438843,-0.09680845588445663,-0.0664132758975029,-0.7041932940483093,0.0662684366106987,0.7037822604179382
125.09111343931494,0.7840059342106539,-0.6078855408219052,1.7601870940699529,-1.153156714639976,-0.7866382830868069,1.8087157618324712,0.2735852003097534,0.851210355758667,-0.09667641669511795,-0.08378578722476959,-0.702340841293335,0.08362820744514465,0.701928436756134
125.25580384688199,0.7846564396281547,-0.6076545288507634,1.7589499493515508,-1.1521614407486755,-0.7859849422982609,1.8581228841025874,0.2735869884490967,0.8521358966827393,-0.09654378890991211,-0.10110724717378616,-0.7000597715377808,0.10093681514263153,0.6996465921401978
125.42049425444904,0.7853069645347612,-0.6074235183973911,1.7577128459869806,-1.1511661310544499,-0.7853316407867615,1.9075300063727036,0.2735876441001892,0.8530614972114563,-0.09641043841838837,-0.11836721748113632,-0.6973515152931213,0.11818385124206543,0.6969380974769592
125.58518466201609,0.7859575134304121,-0.6071925705155016,1.7564756943096238,-1.1501709746960702,-0.7846782292340552,1.95693712864282,0.27358710765838623,0.8539872765541077,-0.09627648442983627,-0.13555507361888885,-0.6942178606987,0.13535849750041962,0.6938042640686035
125.74987506958314,0.7866080434276557,-0.6069615831970465,1.755238579888696,-1.1491757283642032,-0.7840248069070007,2.006344250912936,0.27358531951904297,0.8549133539199829,-0.09614182263612747,-0.15266038477420807,-0.6906606554985046,0.1524505764245987,0.6902474164962769
125.91456547715019,0.7872585598835623,-0.606730561392388,1.7540014920465645,-1.1481804037322747,-0.7833713768803031,2.0557513731830523,0.27358222007751465,0.855839192867279,-0.09600651264190674,-0.16967268288135529,-0.6866819262504578,0.16944953799247742,0.6862695813179016
126.07925588471724,0.7879091113571466,-0.6064995282366298,1.7527643335889538,-1.1471850583443703,-0.7827179670962022,2.1051584954531686,0.2735779881477356,0.8567653894424438,-0.0958707183599472,-0.18658162653446198,-0.6822841763496399,0.18634502589702606,0.6818732023239136
126.24394629228429,0.7885596710074918,-0.6062685201432207,1.7515271098782208,-1.1461897660106022,-0.7820645059815743,2.154565617723285,0.27357256412506104,0.8576917052268982,-0.0957341194152832,-0.20337674021720886,-0.6774702668190002,0.20312660932540894,0.6770609021186829
126.40863669985134,0.7892102441545518,-0.6060375153755639,1.7502898562268474,-1.1451944807989314,-0.7814110110502586,2.203972739993401,0.27356594800949097,0.8586182594299316,-0.09559684991836548,-0.2200479656457901,-0.6722429990768433,0.2197842001914978,0.6718356013298035
126.5733271074184,0.7898608592671196,-0.6058064456458965,1.7490526634159393,-1.144199058486648,-0.7807575117460577,2.2533798622635173,0.2735580801963806,0.8595446944236755,-0.095458984375,-0.23658505082130432,-0.6666054129600525,0.23630774021148682,0.6662006378173828
126.73801751498544,0.7905114772883098,-0.605575414912291,1.7478153494009396,-1.1432036974864541,-0.7801040065426881,2.302786984533634,0.27354896068573,0.8604714870452881,-0.0953204482793808,-0.2529779076576233,-0.660561203956604,0.25268691778182983,0.6601592898368835
126.9027079225525,0.7911621043227103,-0.6053443665833288,1.7465780131146695,-1.1422083510576646,-0.7794504870628739,2.35219410680375,0.2735387682914734,0.8613983988761902,-0.09518133848905563,-0.26921647787094116,-0.6541138887405396,0.26891183853149414,0.6537153720855713
127.06739833011954,0.7918127472044304,-0.6051132558764735,1.745340717914124,-1.141212990407495,-0.7787969433910902,2.4016012290738664,0.2735273241996765,0.8623251914978027,-0.09504155069589615,-0.2852909564971924,-0.6472674012184143,0.2849726974964142,0.6468728184700012
127.2320887376866,0.7924634065288567,-0.6048821971223226,1.744103342597218,-1.1402175639998875,-0.7781433624499162,2.4510083513439826,0.27351468801498413,0.8632523417472839,-0.0949011817574501,-0.301191508769989,-0.6400260925292969,0.3008595407009125,0.6396357417106628
127.39677914525365,0.7931140830611197,-0.6046511283203746,1.7428659643334543,-1.1392221569920533,-0.7774897995537334,2.500415473614099,0.27350080013275146,0.8641795516014099,-0.09475996345281601,-0.3169083893299103,-0.6323941349983215,0.3165627121925354,0.63200843334198
127.5614695528207,0.7937647547448595,-0.604420062235708,1.7416285590748475,-1.1382267704862024,-0.7768362239056396,2.549822595884215,0.2734856605529785,0.8651068806648254,-0.09461825340986252,-0.33243197202682495,-0.6243764162063599,0.33207273483276367,0.623995840549469
127.72615996038775,0.794415394038902,-0.6041890204995221,1.7403910900471637,-1.1372313987735163,-0.7761825903946122,2.5992297181543313,0.2734694480895996,0.8660344481468201,-0.09447584301233292,-0.3477529287338257,-0.6159775853157043,0.3473800718784332,0.6156026124954224
127.8908503679548,0.7950661412007214,-0.6039579756732508,1.739153613181686,-1.1362360242952647,-0.7755289818464054,2.6486368404244476,0.2734520435333252,0.8669619560241699,-0.09433280676603317,-0.3628618121147156,-0.6072030067443848,0.36247530579566956,0.6068339943885803
128.05554077552185,0.7957169094877933,-0.6037269645457617,1.7379161467109425,-1.135240580597979,-0.7748753403462194,2.698043962694564,0.27343326807022095,0.8678895831108093,-0.09418895095586777,-0.37774935364723206,-0.5980578660964966,0.3773494362831116,0.5976952910423279
128.2202311830889,0.7963676527294598,-0.6034959386758026,1.7366786859208145,-1.1342450691971244,-0.7742217364633623,2.7474510849646805,0.2734133005142212,0.8688173890113831,-0.09404462575912476,-0.39240655303001404,-0.5885477066040039,0.39199334383010864,0.5881921052932739
128.38492159065598,0.7970184293953133,-0.6032649404456174,1.7354412059097952,-1.1332494739058019,-0.7735680891552189,2.7968582072347967,0.27339208126068115,0.8697452545166016,-0.09389948844909668,-0.4068244397640228,-0.5786784887313843,0.4063979983329773,0.5783300995826721
128.54961199822304,0.7976692741165377,-0.6030339855947551,1.7342036864987331,-1.1322538626264527,-0.7729144027534292,2.846265329504913,0.2733697295188904,0.8706733584403992,-0.09375371783971786,-0.42099425196647644,-0.5684561133384705,0.4205546975135803,0.5681155920028687
128.7143024057901,0.7983201399599541,-0.6028030160082541,1.732966104809148,-1.1312582690710493,-0.7722607349483555,2.895672451775029,0.27334606647491455,0.8716014623641968,-0.09360741078853607,-0.4349072277545929,-0.5578868389129639,0.4344547986984253,0.5575544834136963
128.87899281335717,0.7989710125389896,-0.6025720251277749,1.731728431579239,-1.1302625408444988,-0.7716070014356438,2.9450795740451454,0.27332133054733276,0.8725296854972839,-0.09346026927232742,-0.44855499267578125,-0.5469771027565002,0.4480896294116974,0.5466534495353699
129.04368322092424,0.7996219500709049,-0.6023410604357224,1.7304907271978898,-1.1292666786137364,-0.7709532820011455,2.9944866963152617,0.27329522371292114,0.8734581470489502,-0.09331244975328445,-0.46192923188209534,-0.5357335805892944,0.46145132184028625,0.5354189872741699
129.2083736284913,0.8002730463145065,-0.6021100298320369,1.72925296970447,-1.1282707033356671,-0.7702994197822347,3.043893818585378,0.27326780557632446,0.874386727809906,-0.09316414594650269,-0.4750216603279114,-0.5241631865501404,0.4745313227176666,0.5238580703735352
129.37306403605837,0.8009242129659018,-0.6018789494865127,1.7280151754268651,-1.1272742081458789,-0.7696455180587407,3.093300940855494,0.2732390761375427,0.8753154277801514,-0.09301494807004929,-0.4878244400024414,-0.5122725963592529,0.4873221218585968,0.5119777321815491
129.53775285416822,0.8015755414962769,-0.601647675037384,1.7267768383026123,-1.1262774467468262,-0.7689913511276245,3.142707586288452,0.27320921421051025,0.8762444257736206,-0.09286527335643768,-0.5003293752670288,-0.5000696182250977,0.49981534481048584,0.49978524446487427
129.64931441057297,0.7951857974782635,-0.6012441527574289,1.7272688418323638,-1.127610602038568,-0.7355228842061955,3.14314650665003,0.27880769968032837,0.8841307759284973,-0.09351139515638351,-0.5102847814559937,-0.4900422990322113,0.48971375823020935,0.5095570087432861
129.84328323561522,0.7889331390401588,-0.6008492803237712,1.7277504107623354,-1.128915167173236,-0.7027722191142887,3.1435762474587152,0.2847139537334442,0.8917979001998901,-0.0941368043422699,-0.5198220610618591,-0.4800373613834381,0.4796447157859802,0.5189315676689148
130.03740872774097,0.7828072850679476,-0.600462415937977,1.728222213431834,-1.1301932756116424,-0.6706857404057804,3.1439972730858092,0.2909098267555237,0.8992447853088379,-0.09474246203899384,-0.5289661884307861,-0.4700542390346527,0.4696069359779358,0.5279328227043152
130.23132135677906,0.7768116218128216,-0.6000837734510446,1.728683989037654,-1.1314442208406637,-0.6392811848529257,3.144409350796653,0.29736465215682983,0.9064556956291199,-0.09532835334539413,-0.5377210974693298,-0.46011343598365784,0.4596201181411743,0.5365639925003052
130.42532138112756,0.7709291163720918,-0.599712277188714,1.7291370494244778,-1.1326715566336607,-0.6084693361812337,3.144813651250647,0.3040708899497986,0.9134409427642822,-0.09589644521474838,-0.5461204648017883,-0.45020025968551636,0.4496690034866333,0.5448575615882874
130.61939989734265,0.7651532982712053,-0.5993475185228702,1.7295818929370554,-1.1338766330012873,-0.5782163028312702,3.1452106191589477,0.3110126256942749,0.9201992750167847,-0.09644728153944016,-0.5541813373565674,-0.44031617045402527,0.4397544860839844,0.5528296828269958
130.81331654969426,0.7594852548476709,-0.598989566121842,1.730018435830534,-1.1350592230796233,-0.5485277801447777,3.1456001797896147,0.3181661367416382,0.9267224073410034,-0.09698132425546646,-0.5619096755981445,-0.4304744005203247,0.4298892617225647,0.5604857802391052
131.2423923619835,0.7539080423183501,-0.5986373499395127,1.7304479830857626,-1.136222862047977,-0.51931501864464,3.145983497676924,0.32553163170814514,0.9330226182937622,-0.09750013798475266,-0.5693358778953552,-0.4206559956073761,0.4200541377067566,0.5678553581237793
131.62738603518153,0.7522944405609847,-0.6007396015366545,1.7375609822773754,-1.1410107193681713,-0.5357109518282,3.145761644313563,0.3224588930606842,0.9248736500740051,-0.09753289818763733,-0.5661980509757996,-0.42483997344970703,0.4242524802684784,0.564748227596283
131.82139649034286,0.7509072464561424,-0.6029834338831092,1.745060119008133,-1.1460083799327587,-0.5547276561628086,3.145505014632363,0.3188445568084717,0.9158716201782227,-0.09751985222101212,-0.5624129176139832,-0.4297988712787628,0.4292296767234802,0.5610048174858093
132.0154070945158,0.7495196179526811,-0.605227968883698,1.75256160408699,-1.1510076055103755,-0.5737503155617255,3.1452483045878026,0.31529906392097473,0.9068422913551331,-0.09748831391334534,-0.5585798621177673,-0.43472474813461304,0.43417635560035706,0.5572196245193481
132.20942034364487,0.748131384966185,-0.6074734816555888,1.760066356986055,-1.1560090088661512,-0.5927812616705584,3.144991482714416,0.3118225038051605,0.8977861404418945,-0.09743822365999222,-0.5546985268592834,-0.43961775302886963,0.4390925467014313,0.553392767906189
132.4034313389733,0.7467423833596493,-0.6097202376958164,1.7675752650258842,-1.161013181338411,-0.6118227446033246,3.144734518647003,0.3084150552749634,0.8887040019035339,-0.09736955165863037,-0.5507687926292419,-0.44447797536849976,0.443978488445282,0.5495235919952393
132.59744360090042,0.7453524546389853,-0.611968493373811,1.7750891850215658,-1.1660206939356763,-0.6308769371166735,3.1444773830642965,0.30507680773735046,0.8795962929725647,-0.09728217869997025,-0.546790361404419,-0.44930577278137207,0.4488341510295868,0.5456120371818542
132.7914548011198,0.7439614293858053,-0.6142185227294181,1.7826090328446782,-1.1710321570235716,-0.6499461617258022,3.1442200446240456,0.30180788040161133,0.8704637289047241,-0.09717607498168945,-0.542762815952301,-0.454101026058197,0.45365971326828003,0.5416581034660339
132.9854647347405,0.7425691301778581,-0.6164706127489978,1.7901357676354874,-1.1760482098033342,-0.6690328506689135,3.1439624705032907,0.29860857129096985,0.8613068461418152,-0.09705135226249695,-0.5386860966682434,-0.4588640034198761,0.4584554433822632,0.5376612544059753
133.1794761584773,0.7411753922353302,-0.6187250299693485,1.797670280189554,-1.1810694459291415,-0.6881392628721232,3.143704630217912,0.2954789102077484,0.8521261215209961,-0.09690786898136139,-0.534559965133667,-0.46359479427337646,0.4632212221622467,0.533621072769165
133.37348853216315,0.7397800414630372,-0.6209820559951891,1.8052135116611032,-1.1860964926157687,-0.7072677849636888,3.143446491560455,0.29241907596588135,0.8429221510887146,-0.09674552828073502,-0.5303838849067688,-0.46829351782798767,0.46795734763145447,0.5295374989509583
133.567498018749,0.7383829141381317,-0.6232419556536403,1.8127663471317637,-1.1911299397094484,-0.7264206613800369,3.143188024242338,0.289429247379303,0.8336957097053528,-0.09656413644552231,-0.526157557964325,-0.47296014428138733,0.4726637005805969,0.5254101157188416
133.76150782198454,0.7369838236960393,-0.625505030719072,1.820329795164971,-1.1961704593485736,-0.7456004496892381,3.142929193749279,0.2865097224712372,0.8244471549987793,-0.0963638573884964,-0.5218807458877563,-0.4775950014591217,0.4773404002189636,0.5212385654449463
133.95551851928974,0.7355825959059017,-0.6277715630156603,1.8279047976484009,-1.2012186792367134,-0.7648095383794717,3.142669967848724,0.28366050124168396,0.8151770830154419,-0.09614458680152893,-0.5175530314445496,-0.48219776153564453,0.4819875657558441,0.5170223712921143
134.1495311909988,0.7341790346325092,-0.630041869798594,1.8354924148841034,-1.2062753059925007,-0.7840506162203024,3.142410310255833,0.2808819115161896,0.8058859705924988,-0.09590592980384827,-0.5131737589836121,-0.4867688715457916,0.4866052269935608,0.5127612352371216
134.3435475321188,0.7327729469832164,-0.6323162630781072,1.8430936896449093,-1.211341034552545,-0.8033263275297783,3.142150185285637,0.27817392349243164,0.7965743541717529,-0.0956481471657753,-0.5087425708770752,-0.4913083016872406,0.4911935329437256,0.5084546208381653
134.5375623458698,0.7313641791188448,-0.6345949916941593,1.8507094535815798,-1.2164164191550688,-0.8226387812515297,3.141889564478025,0.2755369544029236,0.7872430086135864,-0.09537108987569809,-0.5042589902877808,-0.4958159029483795,0.4957522451877594,0.5041021108627319
134.8084726946486,0.7299705403966215,-0.6376313568420146,1.8583097605487338,-1.2212498470522464,-0.8407456451576786,3.13118069086888,0.2731321454048157,0.7784218788146973,-0.09447386860847473,-0.4974205493927002,-0.5027779936790466,0.4971684515476227,0.5026038885116577
135.60938150635073,0.7288329703962143,-0.6516508399213083,1.8654923755253723,-1.2224290966371194,-0.8407959750312779,2.9682206697183675,0.27304568886756897,0.777228057384491,-0.08484747260808945,-0.4550524055957794,-0.5441754460334778,0.4515082538127899,0.5412400364875793
136.15527065014348,0.7276897689364777,-0.6657397254538605,1.8727105475262869,-1.2236141840131383,-0.8408465540593346,2.8044539265805404,0.27285659313201904,0.7759407758712769,-0.07523474842309952,-0.4090064764022827,-0.5821638107299805,0.40262481570243835,0.5759271383285522
136.70388159335954,0.7265408674823206,-0.6798988580703735,1.8799647092819214,-1.2248051802264612,-0.8408973852740687,2.6398706436157227,0.27256399393081665,0.7745596170425415,-0.06563760340213776,-0.35954052209854126,-0.6163992285728455,0.3508460819721222,0.6063740849494934
